Sett_Date,Sett_Period,Scottish Wind Output,England/Wales Wind Output,Total
2018-04-01,1,614.578,1680.06,2294.638
2018-04-01,2,560.996,1625.204,2186.2
2018-04-01,3,514.734,1446.452,1961.186
2018-04-01,4,466.56,1273.264,1739.824
2018-04-01,5,387.37,1387.798,1775.168
2018-04-01,6,339.272,1518.742,1858.014
2018-04-01,7,296.536,1578.12,1874.656
2018-04-01,8,263.488,1577.462,1840.95
2018-04-01,9,264.544,1523.086,1787.63
2018-04-01,10,254.036,1528.076,1782.112
2018-04-01,11,251.468,1494.1,1745.568
2018-04-01,12,259.578,1551.354,1810.932
2018-04-01,13,285.622,1461.224,1746.846
2018-04-01,14,286.83,1229.188,1516.018
2018-04-01,15,265.56,1096.856,1362.416
2018-04-01,16,219.83,976.822,1196.652
2018-04-01,17,193.022,886.766,1079.788
2018-04-01,18,170.468,804.494,974.962
2018-04-01,19,137.01,639.612,776.622
2018-04-01,20,126.984,491.73,618.714
2018-04-01,21,112.596,429.998,542.594
2018-04-01,22,111.836,358.762,470.598
2018-04-01,23,117.904,348.592,466.496
2018-04-01,24,110.888,387.316,498.204
2018-04-01,25,96.448,385.798,482.246
2018-04-01,26,77.288,374.11,451.398
2018-04-01,27,73.55,359.492,433.042
2018-04-01,28,97.26,354.052,451.312
2018-04-01,29,98.338,339.604,437.942
2018-04-01,30,112.978,338.02,450.998
2018-04-01,31,117.582,358.534,476.116
2018-04-01,32,82.97,410.458,493.428
2018-04-01,33,103.66,429.632,533.292
2018-04-01,34,120.604,470.844,591.448
2018-04-01,35,123.22,600.264,723.484
2018-04-01,36,116.898,767.724,884.622
2018-04-01,37,121.176,941.962,1063.138
2018-04-01,38,155.378,1096.412,1251.79
2018-04-01,39,181.358,1234.692,1416.05
2018-04-01,40,233.532,1397.892,1631.424
2018-04-01,41,359.428,1584.674,1944.102
2018-04-01,42,418.13,1815.39,2233.52
2018-04-01,43,450.254,2015.902,2466.156
2018-04-01,44,443.194,2064.566,2507.76
2018-04-01,45,469.9,2173.108,2643.008
2018-04-01,46,503.634,2400.556,2904.19
2018-04-01,47,562.692,2737.106,3299.798
2018-04-01,48,590.788,2996.166,3586.954
2018-04-02,1,661.588,3123.268,3784.856
2018-04-02,2,713.106,3211.488,3924.594
2018-04-02,3,716.046,3344.83,4060.876
2018-04-02,4,719.666,3365,4084.666
2018-04-02,5,753.432,3510.906,4264.338
2018-04-02,6,833.704,3687.204,4520.908
2018-04-02,7,895.046,3928.694,4823.74
2018-04-02,8,1057.904,4107.174,5165.078
2018-04-02,9,1307.938,4222.064,5530.002
2018-04-02,10,1522.02,4382.306,5904.326
2018-04-02,11,1595.756,4525.482,6121.238
2018-04-02,12,1730.38,4953.508,6683.888
2018-04-02,13,1906.504,5196.038,7102.542
2018-04-02,14,2045.902,5394.644,7440.546
2018-04-02,15,2202.538,5614.286,7816.824
2018-04-02,16,2367.324,5665.28,8032.604
2018-04-02,17,2571.476,5624.468,8195.944
2018-04-02,18,2722.224,5533.482,8255.706
2018-04-02,19,2863.812,5620.036,8483.848
2018-04-02,20,3000.522,5778.618,8779.14
2018-04-02,21,3091.286,5753.872,8845.158
2018-04-02,22,3220.278,5606.954,8827.232
2018-04-02,23,3338.998,5483.104,8822.102
2018-04-02,24,3422.45,5259.374,8681.824
2018-04-02,25,3516.29,5526.35,9042.64
2018-04-02,26,3542.884,5595.584,9138.468
2018-04-02,27,3586.822,5619.978,9206.8
2018-04-02,28,3612.796,5429.75,9042.546
2018-04-02,29,3642.662,5272.234,8914.896
2018-04-02,30,3667.266,5211.426,8878.692
2018-04-02,31,3630.84,5192.082,8822.922
2018-04-02,32,3584.974,5171.378,8756.352
2018-04-02,33,3742.302,5267.044,9009.346
2018-04-02,34,3688.528,5152.314,8840.842
2018-04-02,35,3708.206,5259.064,8967.27
2018-04-02,36,3694.656,5344.654,9039.31
2018-04-02,37,3700.05,5204.452,8904.502
2018-04-02,38,3689.108,5106.468,8795.576
2018-04-02,39,3638.608,5061.032,8699.64
2018-04-02,40,3502.688,4996.606,8499.294
2018-04-02,41,3459.874,4743.918,8203.792
2018-04-02,42,3413.89,4579.76,7993.65
2018-04-02,43,3381.808,4490.874,7872.682
2018-04-02,44,3310.222,4420.054,7730.276
2018-04-02,45,3204.764,4484.702,7689.466
2018-04-02,46,3066.234,4441.658,7507.892
2018-04-02,47,2973.452,4517.38,7490.832
2018-04-02,48,2866.358,4549.98,7416.338
2018-04-03,1,2741.206,4670.05,7411.256
2018-04-03,2,2681.882,4807.49,7489.372
2018-04-03,3,2526.388,4738.338,7264.726
2018-04-03,4,2380.524,4766.558,7147.082
2018-04-03,5,2245.28,4593.842,6839.122
2018-04-03,6,2121.566,4468.266,6589.832
2018-04-03,7,2006.294,4324.494,6330.788
2018-04-03,8,1847.476,4406.16,6253.636
2018-04-03,9,1771.912,4403.628,6175.54
2018-04-03,10,1733.998,4420.33,6154.328
2018-04-03,11,1687.126,4405.784,6092.91
2018-04-03,12,1587.332,4421.376,6008.708
2018-04-03,13,1490.626,4445.74,5936.366
2018-04-03,14,1453.834,4411.242,5865.076
2018-04-03,15,1395.204,4381.282,5776.486
2018-04-03,16,1308.698,4305.968,5614.666
2018-04-03,17,1155.886,4245.656,5401.542
2018-04-03,18,1111.356,4333.808,5445.164
2018-04-03,19,1112.09,4499.018,5611.108
2018-04-03,20,1069.118,4480.784,5549.902
2018-04-03,21,1084.118,4708.374,5792.492
2018-04-03,22,1085.246,4658.308,5743.554
2018-04-03,23,1137.9,4497.29,5635.19
2018-04-03,24,1163.604,4694.178,5857.782
2018-04-03,25,1205.09,4709.43,5914.52
2018-04-03,26,1202.982,4969.374,6172.356
2018-04-03,27,1150.526,5189.66,6340.186
2018-04-03,28,1108.4,5265.714,6374.114
2018-04-03,29,1054.922,5295.812,6350.734
2018-04-03,30,1044.348,5378.894,6423.242
2018-04-03,31,1028.138,5365.718,6393.856
2018-04-03,32,1046.03,5306.606,6352.636
2018-04-03,33,1147.006,5236.06,6383.066
2018-04-03,34,1227.718,5074.66,6302.378
2018-04-03,35,1200.548,5038.806,6239.354
2018-04-03,36,1167.77,4950.434,6118.204
2018-04-03,37,1087.894,4779.588,5867.482
2018-04-03,38,1023.386,5045.076,6068.462
2018-04-03,39,904.002,5136.686,6040.688
2018-04-03,40,780.85,4979.872,5760.722
2018-04-03,41,777.614,4835.416,5613.03
2018-04-03,42,781.51,4472.73,5254.24
2018-04-03,43,727.938,4207.074,4935.012
2018-04-03,44,660.75,4225.81,4886.56
2018-04-03,45,627.736,4320.396,4948.132
2018-04-03,46,545.92,4253.766,4799.686
2018-04-03,47,502.584,4003.062,4505.646
2018-04-03,48,542.128,3766.014,4308.142
2018-04-04,1,557.074,3802.772,4359.846
2018-04-04,2,542.88,3732.012,4274.892
2018-04-04,3,545.66,3796.698,4342.358
2018-04-04,4,589.938,3888.874,4478.812
2018-04-04,5,601.994,3637.258,4239.252
2018-04-04,6,620.016,3512.494,4132.51
2018-04-04,7,639.458,3544.09,4183.548
2018-04-04,8,620.092,3885.938,4506.03
2018-04-04,9,604.428,4174.592,4779.02
2018-04-04,10,592.142,4054.124,4646.266
2018-04-04,11,640.44,4163.614,4804.054
2018-04-04,12,670.106,4110.66,4780.766
2018-04-04,13,676.564,3998.15,4674.714
2018-04-04,14,722.954,3610.29,4333.244
2018-04-04,15,734.566,3301.384,4035.95
2018-04-04,16,784.52,3523.628,4308.148
2018-04-04,17,864.564,3600.66,4465.224
2018-04-04,18,966.13,3505.654,4471.784
2018-04-04,19,1025.022,3431.816,4456.838
2018-04-04,20,1120.348,3164.464,4284.812
2018-04-04,21,1304.916,3231.296,4536.212
2018-04-04,22,1425.68,3150.792,4576.472
2018-04-04,23,1689.06,3195.284,4884.344
2018-04-04,24,2016.012,3232.55,5248.562
2018-04-04,25,2303.258,3086.314,5389.572
2018-04-04,26,2633.104,2940.302,5573.406
2018-04-04,27,2850.43,3079.428,5929.858
2018-04-04,28,3004.596,3612.43,6617.026
2018-04-04,29,3115.412,4119.622,7235.034
2018-04-04,30,3141.268,4558.616,7699.884
2018-04-04,31,3135.002,5094.118,8229.12
2018-04-04,32,3086.2,5691.114,8777.314
2018-04-04,33,2986.58,6083.696,9070.276
2018-04-04,34,2937.41,6257.534,9194.944
2018-04-04,35,2829.428,6039.11,8868.538
2018-04-04,36,2794.97,5981.28,8776.25
2018-04-04,37,2758.912,6080.368,8839.28
2018-04-04,38,2721.38,6019.404,8740.784
2018-04-04,39,2520.726,5883.172,8403.898
2018-04-04,40,2350.734,5690.494,8041.228
2018-04-04,41,2168.09,5369.848,7537.938
2018-04-04,42,2043.72,5161.608,7205.328
2018-04-04,43,2001.92,5320.386,7322.306
2018-04-04,44,1857.716,5595.19,7452.906
2018-04-04,45,1736.976,6076.654,7813.63
2018-04-04,46,1555.044,6277.708,7832.752
2018-04-04,47,1513.518,6290.93,7804.448
2018-04-04,48,1410.622,6161.902,7572.524
2018-04-05,1,1340.31,6194.576,7534.886
2018-04-05,2,1318.114,6213.872,7531.986
2018-04-05,3,1227.386,5864.302,7091.688
2018-04-05,4,1265.16,5700.71,6965.87
2018-04-05,5,1303.212,5618.526,6921.738
2018-04-05,6,1269.306,5454.378,6723.684
2018-04-05,7,1177.236,5195.64,6372.876
2018-04-05,8,1068.758,4743.944,5812.702
2018-04-05,9,1051.718,4442.03,5493.748
2018-04-05,10,1029.458,4217.668,5247.126
2018-04-05,11,1010.158,4065.576,5075.734
2018-04-05,12,1090.864,4104.914,5195.778
2018-04-05,13,1144,4056.868,5200.868
2018-04-05,14,1175.442,4016.964,5192.406
2018-04-05,15,1309.946,4062.014,5371.96
2018-04-05,16,1443.856,3902.4,5346.256
2018-04-05,17,1386.236,3584.44,4970.676
2018-04-05,18,1305.698,3489.798,4795.496
2018-04-05,19,1325.094,3166.432,4491.526
2018-04-05,20,1294.71,2733.7,4028.41
2018-04-05,21,1315.222,2229.886,3545.108
2018-04-05,22,1402.564,1839.47,3242.034
2018-04-05,23,1353.808,1470.046,2823.854
2018-04-05,24,1332.692,1053.214,2385.906
2018-04-05,25,1348.384,883.558,2231.942
2018-04-05,26,1374.906,745.294,2120.2
2018-04-05,27,1342.248,647.768,1990.016
2018-04-05,28,1315.766,516.052,1831.818
2018-04-05,29,1210.66,481.182,1691.842
2018-04-05,30,1209.752,529.12,1738.872
2018-04-05,31,1219.054,669.426,1888.48
2018-04-05,32,1132.944,767.486,1900.43
2018-04-05,33,1060.668,762.1,1822.768
2018-04-05,34,1002.302,832.174,1834.476
2018-04-05,35,887.036,994.422,1881.458
2018-04-05,36,812.842,1197.23,2010.072
2018-04-05,37,658.686,1269.252,1927.938
2018-04-05,38,558.898,1389.058,1947.956
2018-04-05,39,492.092,1627.594,2119.686
2018-04-05,40,513.006,1995.778,2508.784
2018-04-05,41,609.886,2258.54,2868.426
2018-04-05,42,547.188,2477.216,3024.404
2018-04-05,43,669.77,2626.084,3295.854
2018-04-05,44,745.462,2719.61,3465.072
2018-04-05,45,820.38,2945.896,3766.276
2018-04-05,46,883.592,3209.562,4093.154
2018-04-05,47,1031.324,3363.806,4395.13
2018-04-05,48,1172.278,3661.664,4833.942
2018-04-06,1,1353.358,3903.776,5257.134
2018-04-06,2,1486.522,4118.408,5604.93
2018-04-06,3,1472.352,4400.522,5872.874
2018-04-06,4,1496.838,4574.468,6071.306
2018-04-06,5,1595.74,4711.226,6306.966
2018-04-06,6,1718.77,4764.032,6482.802
2018-04-06,7,1765.346,4925.328,6690.674
2018-04-06,8,1817.192,5233.862,7051.054
2018-04-06,9,1972.81,5498.792,7471.602
2018-04-06,10,2260.864,5616.28,7877.144
2018-04-06,11,2407.444,5597.904,8005.348
2018-04-06,12,2473.162,5710.524,8183.686
2018-04-06,13,2522.604,5802.126,8324.73
2018-04-06,14,2643.95,5796.608,8440.558
2018-04-06,15,2683.432,5793.564,8476.996
2018-04-06,16,2896.864,5766.848,8663.712
2018-04-06,17,2879.998,5808.47,8688.468
2018-04-06,18,2734.236,5658.87,8393.106
2018-04-06,19,2787.262,5486.778,8274.04
2018-04-06,20,2801.158,5447.596,8248.754
2018-04-06,21,2716.762,5313.984,8030.746
2018-04-06,22,2728.188,5381.014,8109.202
2018-04-06,23,2761.448,5249.428,8010.876
2018-04-06,24,2843.684,5265.38,8109.064
2018-04-06,25,2978.348,5187.536,8165.884
2018-04-06,26,3074.882,5267.188,8342.07
2018-04-06,27,3183.726,5386.644,8570.37
2018-04-06,28,3234.214,5544.56,8778.774
2018-04-06,29,3359.386,5638.906,8998.292
2018-04-06,30,3480.254,5813.312,9293.566
2018-04-06,31,3410.222,5779.708,9189.93
2018-04-06,32,3377.322,5793.968,9171.29
2018-04-06,33,3371.012,5790.632,9161.644
2018-04-06,34,3181.41,5793.112,8974.522
2018-04-06,35,3294.848,5863.634,9158.482
2018-04-06,36,3336.63,5796.81,9133.44
2018-04-06,37,3350.424,5497.168,8847.592
2018-04-06,38,3446.402,5152.136,8598.538
2018-04-06,39,3567.168,4757.814,8324.982
2018-04-06,40,3485.616,4455.886,7941.502
2018-04-06,41,3525.156,4382.692,7907.848
2018-04-06,42,3579.362,4268.848,7848.21
2018-04-06,43,3613.802,4261.758,7875.56
2018-04-06,44,3147.994,4255.054,7403.048
2018-04-06,45,3079.122,4251.488,7330.61
2018-04-06,46,2894.998,4167.616,7062.614
2018-04-06,47,2448.4,3879.54,6327.94
2018-04-06,48,2410.962,3434.662,5845.624
2018-04-07,1,2347.202,3159.62,5506.822
2018-04-07,2,2261.118,2935.864,5196.982
2018-04-07,3,2245.736,2904.732,5150.468
2018-04-07,4,2266.928,2559.122,4826.05
2018-04-07,5,2398.766,2327.584,4726.35
2018-04-07,6,2506.152,2070.392,4576.544
2018-04-07,7,2776.464,1892.328,4668.792
2018-04-07,8,2888.808,1722.29,4611.098
2018-04-07,9,2629.02,1456.964,4085.984
2018-04-07,10,2383.92,1305.732,3689.652
2018-04-07,11,2318.38,1278.912,3597.292
2018-04-07,12,1959.384,1183.214,3142.598
2018-04-07,13,1525.736,1230.462,2756.198
2018-04-07,14,1459.264,1276.984,2736.248
2018-04-07,15,1267.202,1222.34,2489.542
2018-04-07,16,1121.946,1357.586,2479.532
2018-04-07,17,954.024,1342.116,2296.14
2018-04-07,18,849.27,1178.69,2027.96
2018-04-07,19,761.312,1157.952,1919.264
2018-04-07,20,750.238,1083.09,1833.328
2018-04-07,21,672.786,1171.474,1844.26
2018-04-07,22,515.872,1221.17,1737.042
2018-04-07,23,466.744,1429.626,1896.37
2018-04-07,24,380.364,1590.428,1970.792
2018-04-07,25,354.148,1531.258,1885.406
2018-04-07,26,291.042,1632.32,1923.362
2018-04-07,27,228.994,1555.602,1784.596
2018-04-07,28,195.528,1573.882,1769.41
2018-04-07,29,156.08,1675.738,1831.818
2018-04-07,30,146.564,1960.094,2106.658
2018-04-07,31,122.578,1945.064,2067.642
2018-04-07,32,104.782,2202.034,2306.816
2018-04-07,33,92.992,2277.712,2370.704
2018-04-07,34,78.036,2353.612,2431.648
2018-04-07,35,67.586,2294.788,2362.374
2018-04-07,36,79.358,2155.688,2235.046
2018-04-07,37,80.996,2108.882,2189.878
2018-04-07,38,90.892,2059.968,2150.86
2018-04-07,39,105.16,2041.702,2146.862
2018-04-07,40,106.408,2111.474,2217.882
2018-04-07,41,94.432,1920.128,2014.56
2018-04-07,42,97.42,1911.648,2009.068
2018-04-07,43,91.186,1923.404,2014.59
2018-04-07,44,98.628,1765.484,1864.112
2018-04-07,45,92.962,1531.052,1624.014
2018-04-07,46,90.636,1247.692,1338.328
2018-04-07,47,88.344,974.978,1063.322
2018-04-07,48,97.766,852.47,950.236
2018-04-08,1,123.07,592.634,715.704
2018-04-08,2,140.798,512.274,653.072
2018-04-08,3,150.768,396,546.768
2018-04-08,4,156.32,294.534,450.854
2018-04-08,5,167.79,213.984,381.774
2018-04-08,6,162.188,154.584,316.772
2018-04-08,7,120.514,122.448,242.962
2018-04-08,8,101.854,137.324,239.178
2018-04-08,9,122.612,133.296,255.908
2018-04-08,10,114.218,173.434,287.652
2018-04-08,11,133.322,233.68,367.002
2018-04-08,12,148.656,233.062,381.718
2018-04-08,13,137.02,237.492,374.512
2018-04-08,14,137.616,226.05,363.666
2018-04-08,15,139.528,175.784,315.312
2018-04-08,16,140.768,153.276,294.044
2018-04-08,17,131.114,144.62,275.734
2018-04-08,18,101.886,162.634,264.52
2018-04-08,19,78.53,152.196,230.726
2018-04-08,20,74.278,138.354,212.632
2018-04-08,21,73.7,134.08,207.78
2018-04-08,22,80.48,146.64,227.12
2018-04-08,23,83.036,132.468,215.504
2018-04-08,24,92.554,113.588,206.142
2018-04-08,25,100.74,128.36,229.1
2018-04-08,26,122.382,148.816,271.198
2018-04-08,27,132.188,183.688,315.876
2018-04-08,28,128.856,218.834,347.69
2018-04-08,29,128.24,222.352,350.592
2018-04-08,30,114.492,195.848,310.34
2018-04-08,31,125.364,189.86,315.224
2018-04-08,32,120.058,201.468,321.526
2018-04-08,33,96.274,175.504,271.778
2018-04-08,34,91.424,169.472,260.896
2018-04-08,35,100.032,141.6,241.632
2018-04-08,36,100.856,150.754,251.61
2018-04-08,37,89.638,102.336,191.974
2018-04-08,38,64.994,109.038,174.032
2018-04-08,39,61.06,103.97,165.03
2018-04-08,40,65.31,118.374,183.684
2018-04-08,41,66.148,155.844,221.992
2018-04-08,42,67.702,159.916,227.618
2018-04-08,43,71.386,222.056,293.442
2018-04-08,44,77.716,309.538,387.254
2018-04-08,45,101.856,342.404,444.26
2018-04-08,46,118.372,311.13,429.502
2018-04-08,47,113.98,367.994,481.974
2018-04-08,48,111.94,522.856,634.796
2018-04-09,1,116.552,554.574,671.126
2018-04-09,2,127.692,576.602,704.294
2018-04-09,3,145.172,442.48,587.652
2018-04-09,4,137.212,364.784,501.996
2018-04-09,5,114.886,377.978,492.864
2018-04-09,6,140.328,390.24,530.568
2018-04-09,7,152.31,280.326,432.636
2018-04-09,8,146.396,229.134,375.53
2018-04-09,9,128.96,220.812,349.772
2018-04-09,10,110.666,197.724,308.39
2018-04-09,11,100.722,247.334,348.056
2018-04-09,12,94.33,336.872,431.202
2018-04-09,13,100.032,397.748,497.78
2018-04-09,14,114.808,532.992,647.8
2018-04-09,15,125.294,556.578,681.872
2018-04-09,16,119.966,568.566,688.532
2018-04-09,17,149.762,462.964,612.726
2018-04-09,18,148.528,491.1,639.628
2018-04-09,19,158.888,497.656,656.544
2018-04-09,20,168.972,535.652,704.624
2018-04-09,21,173.91,551.644,725.554
2018-04-09,22,197.998,510.946,708.944
2018-04-09,23,207.706,521.17,728.876
2018-04-09,24,204.956,470.396,675.352
2018-04-09,25,218.892,417.746,636.638
2018-04-09,26,260.942,465.086,726.028
2018-04-09,27,263.696,520.824,784.52
2018-04-09,28,266.93,579.782,846.712
2018-04-09,29,306.084,619.32,925.404
2018-04-09,30,392.926,738.364,1131.29
2018-04-09,31,437.022,805.02,1242.042
2018-04-09,32,439.928,851.828,1291.756
2018-04-09,33,411.202,955.392,1366.594
2018-04-09,34,479.478,1096.478,1575.956
2018-04-09,35,559.118,1293.014,1852.132
2018-04-09,36,628.422,1453.134,2081.556
2018-04-09,37,645.632,1806.22,2451.852
2018-04-09,38,708.928,2441.634,3150.562
2018-04-09,39,765.394,2599.282,3364.676
2018-04-09,40,929.146,2523.858,3453.004
2018-04-09,41,1016.96,2466.578,3483.538
2018-04-09,42,1109.936,2444.274,3554.21
2018-04-09,43,1260.058,2726.452,3986.51
2018-04-09,44,1354.78,3134.02,4488.8
2018-04-09,45,1349.22,3234.312,4583.532
2018-04-09,46,1448.586,3454.948,4903.534
2018-04-09,47,1565.05,3780.604,5345.654
2018-04-09,48,1554.112,3900.744,5454.856
2018-04-10,1,1690.594,3988.16,5678.754
2018-04-10,2,1666.916,3938.32,5605.236
2018-04-10,3,1633.594,3977.49,5611.084
2018-04-10,4,1787.832,4154.82,5942.652
2018-04-10,5,1904.642,4238.764,6143.406
2018-04-10,6,1964.236,4220.684,6184.92
2018-04-10,7,2022.43,4167.4,6189.83
2018-04-10,8,2074.504,4157.826,6232.33
2018-04-10,9,2100.652,4165.664,6266.316
2018-04-10,10,2136.51,4145.11,6281.62
2018-04-10,11,2179.832,4192.2,6372.032
2018-04-10,12,2274.8,4149.696,6424.496
2018-04-10,13,2494.722,4018.558,6513.28
2018-04-10,14,2749.1,3899.642,6648.742
2018-04-10,15,2725.692,3729.31,6455.002
2018-04-10,16,2685.916,3583.574,6269.49
2018-04-10,17,2680.274,3485.364,6165.638
2018-04-10,18,2637.292,3196.146,5833.438
2018-04-10,19,2652.482,2992.696,5645.178
2018-04-10,20,2611.396,2717.846,5329.242
2018-04-10,21,2649.69,2349.544,4999.234
2018-04-10,22,2678.512,2045.168,4723.68
2018-04-10,23,2764.7,1823.512,4588.212
2018-04-10,24,2844.772,1884.246,4729.018
2018-04-10,25,2897.48,2066.706,4964.186
2018-04-10,26,2962.426,1866.694,4829.12
2018-04-10,27,3029.57,1776.598,4806.168
2018-04-10,28,3122.452,1791.79,4914.242
2018-04-10,29,3096.644,1835.418,4932.062
2018-04-10,30,3036.968,1757.546,4794.514
2018-04-10,31,3071.422,1676.868,4748.29
2018-04-10,32,3030.396,1756.634,4787.03
2018-04-10,33,2987.132,2015.036,5002.168
2018-04-10,34,2966.296,2203.152,5169.448
2018-04-10,35,2972.568,2466.422,5438.99
2018-04-10,36,2914.126,2365.652,5279.778
2018-04-10,37,2840.188,2260.646,5100.834
2018-04-10,38,2822.386,2379.132,5201.518
2018-04-10,39,2701.214,2527.124,5228.338
2018-04-10,40,2652.916,2709.502,5362.418
2018-04-10,41,2665.556,2675.058,5340.614
2018-04-10,42,2588.712,2567.968,5156.68
2018-04-10,43,2516.296,2406.228,4922.524
2018-04-10,44,2467.842,1974.384,4442.226
2018-04-10,45,2285.144,1526.768,3811.912
2018-04-10,46,2172.698,1390.104,3562.802
2018-04-10,47,2020.256,1313.676,3333.932
2018-04-10,48,1850.196,1324.316,3174.512
2018-04-11,1,1738.798,1366.324,3105.122
2018-04-11,2,1592.118,1371.9,2964.018
2018-04-11,3,1478.626,1438.32,2916.946
2018-04-11,4,1408.598,1785.502,3194.1
2018-04-11,5,1401.17,1928.894,3330.064
2018-04-11,6,1360.722,1670.134,3030.856
2018-04-11,7,1269.658,1408.512,2678.17
2018-04-11,8,1236.888,1184.486,2421.374
2018-04-11,9,1179.242,1195.494,2374.736
2018-04-11,10,1164.68,1354.902,2519.582
2018-04-11,11,1104.876,1379.8,2484.676
2018-04-11,12,1085.652,1713.268,2798.92
2018-04-11,13,1126.038,1929.594,3055.632
2018-04-11,14,1174.03,1822.32,2996.35
2018-04-11,15,1265.248,1501.902,2767.15
2018-04-11,16,1322.78,1183.264,2506.044
2018-04-11,17,1380.914,997.958,2378.872
2018-04-11,18,1441.52,940.332,2381.852
2018-04-11,19,1556.122,1276.44,2832.562
2018-04-11,20,1606.924,1582.332,3189.256
2018-04-11,21,1747.252,1928.092,3675.344
2018-04-11,22,1837.54,2303.442,4140.982
2018-04-11,23,1963.282,2340.418,4303.7
2018-04-11,24,2059.376,1970.39,4029.766
2018-04-11,25,1956.86,1783.22,3740.08
2018-04-11,26,1847.66,1672.368,3520.028
2018-04-11,27,1769.046,1716.266,3485.312
2018-04-11,28,1711.834,1679.296,3391.13
2018-04-11,29,1633.728,1672.168,3305.896
2018-04-11,30,1587.998,1548.382,3136.38
2018-04-11,31,1680.992,1400.298,3081.29
2018-04-11,32,1676.43,1471.598,3148.028
2018-04-11,33,1726.538,1580.704,3307.242
2018-04-11,34,1654.838,1493.976,3148.814
2018-04-11,35,1619.994,1467.664,3087.658
2018-04-11,36,1583.674,1467.72,3051.394
2018-04-11,37,1617.97,1488.584,3106.554
2018-04-11,38,1621.736,1474.012,3095.748
2018-04-11,39,1631.848,1423.042,3054.89
2018-04-11,40,1749.934,1303.722,3053.656
2018-04-11,41,1800.312,1314.87,3115.182
2018-04-11,42,1861.798,1367.948,3229.746
2018-04-11,43,1884.038,1488.646,3372.684
2018-04-11,44,1951.586,1587.486,3539.072
2018-04-11,45,1990.68,1537.44,3528.12
2018-04-11,46,2064.04,1431.51,3495.55
2018-04-11,47,2043.712,1300.45,3344.162
2018-04-11,48,2062.58,1273.29,3335.87
2018-04-12,1,2031.922,1256.04,3287.962
2018-04-12,2,2142.656,1351.63,3494.286
2018-04-12,3,2222.046,1369.606,3591.652
2018-04-12,4,2176.056,1459.134,3635.19
2018-04-12,5,2175.674,1533.238,3708.912
2018-04-12,6,2196.004,1702.18,3898.184
2018-04-12,7,2217.624,1926.402,4144.026
2018-04-12,8,2253.298,2122.732,4376.03
2018-04-12,9,2190.646,2151.37,4342.016
2018-04-12,10,2154.822,2122.424,4277.246
2018-04-12,11,2098.124,2041.846,4139.97
2018-04-12,12,2078.172,2094.042,4172.214
2018-04-12,13,2137.058,2124.716,4261.774
2018-04-12,14,2262.072,2316.256,4578.328
2018-04-12,15,2185.272,2413.444,4598.716
2018-04-12,16,2077.036,2310.134,4387.17
2018-04-12,17,2012.658,2223.976,4236.634
2018-04-12,18,1959.76,1981.746,3941.506
2018-04-12,19,1954.684,1816.63,3771.314
2018-04-12,20,2028.1,1786.426,3814.526
2018-04-12,21,2038.954,1816.738,3855.692
2018-04-12,22,2071.264,1700.914,3772.178
2018-04-12,23,2170.954,1645.394,3816.348
2018-04-12,24,2122.57,1600.924,3723.494
2018-04-12,25,2235.198,1762.882,3998.08
2018-04-12,26,2357.862,1829.758,4187.62
2018-04-12,27,2370.326,1871.032,4241.358
2018-04-12,28,2327.418,1969.77,4297.188
2018-04-12,29,2299.752,1968.758,4268.51
2018-04-12,30,2322.246,1862.844,4185.09
2018-04-12,31,2315.928,1826.858,4142.786
2018-04-12,32,2202.088,1786.716,3988.804
2018-04-12,33,2197.266,1818.756,4016.022
2018-04-12,34,2084.068,1937.888,4021.956
2018-04-12,35,2147.094,1925.67,4072.764
2018-04-12,36,2184.722,1890.022,4074.744
2018-04-12,37,2101.074,1770.424,3871.498
2018-04-12,38,2079.536,1756.764,3836.3
2018-04-12,39,2061.622,2085.994,4147.616
2018-04-12,40,1970.114,2254.156,4224.27
2018-04-12,41,1939.342,1905.368,3844.71
2018-04-12,42,1908.052,1435.496,3343.548
2018-04-12,43,1893.576,1382.096,3275.672
2018-04-12,44,1977.24,1263.292,3240.532
2018-04-12,45,1978.094,1133.792,3111.886
2018-04-12,46,2075.572,945.678,3021.25
2018-04-12,47,2000.874,921.762,2922.636
2018-04-12,48,1876.714,943.31,2820.024
2018-04-13,1,1775.372,769.028,2544.4
2018-04-13,2,1804.142,656.754,2460.896
2018-04-13,3,1725.19,570.444,2295.634
2018-04-13,4,1713.052,437.084,2150.136
2018-04-13,5,1648.946,317.826,1966.772
2018-04-13,6,1612.642,259.484,1872.126
2018-04-13,7,1528.956,215.434,1744.39
2018-04-13,8,1516.716,196.618,1713.334
2018-04-13,9,1448.028,193.034,1641.062
2018-04-13,10,1427.008,157.926,1584.934
2018-04-13,11,1417.522,124.39,1541.912
2018-04-13,12,1405.582,123.584,1529.166
2018-04-13,13,1421.706,102.366,1524.072
2018-04-13,14,1474.946,83.204,1558.15
2018-04-13,15,1422.73,83.79,1506.52
2018-04-13,16,1422.704,80.462,1503.166
2018-04-13,17,1504.702,106.89,1611.592
2018-04-13,18,1456.996,117.284,1574.28
2018-04-13,19,1433.188,114.47,1547.658
2018-04-13,20,1393.336,125.124,1518.46
2018-04-13,21,1339.742,137.138,1476.88
2018-04-13,22,1201.576,194.516,1396.092
2018-04-13,23,1037.19,239.976,1277.166
2018-04-13,24,935.802,249.024,1184.826
2018-04-13,25,800.872,304.15,1105.022
2018-04-13,26,718.886,274.876,993.762
2018-04-13,27,661.158,256.894,918.052
2018-04-13,28,648.086,261.3,909.386
2018-04-13,29,626.736,393.478,1020.214
2018-04-13,30,550.438,520.65,1071.088
2018-04-13,31,440.914,638.078,1078.992
2018-04-13,32,346.652,654.48,1001.132
2018-04-13,33,297.944,576.18,874.124
2018-04-13,34,267.422,492.136,759.558
2018-04-13,35,234.016,446.964,680.98
2018-04-13,36,260.616,379.686,640.302
2018-04-13,37,250.718,366.548,617.266
2018-04-13,38,234.048,381.546,615.594
2018-04-13,39,180.538,314.772,495.31
2018-04-13,40,150.232,286.474,436.706
2018-04-13,41,137.282,320.78,458.062
2018-04-13,42,148.86,331.454,480.314
2018-04-13,43,159.862,311.662,471.524
2018-04-13,44,158.01,485.076,643.086
2018-04-13,45,162.448,539.688,702.136
2018-04-13,46,181.714,426.91,608.624
2018-04-13,47,185.314,446.32,631.634
2018-04-13,48,202.668,466.63,669.298
2018-04-14,1,181.502,451.552,633.054
2018-04-14,2,190.482,429.594,620.076
2018-04-14,3,186.416,460.582,646.998
2018-04-14,4,178.608,467.414,646.022
2018-04-14,5,201.64,512.144,713.784
2018-04-14,6,240.264,526.504,766.768
2018-04-14,7,253.566,614.456,868.022
2018-04-14,8,229.596,689.394,918.99
2018-04-14,9,203.702,727.512,931.214
2018-04-14,10,237.172,648.152,885.324
2018-04-14,11,280.178,522.418,802.596
2018-04-14,12,296.716,490.358,787.074
2018-04-14,13,318.016,489.334,807.35
2018-04-14,14,371.936,479.9,851.836
2018-04-14,15,377.042,523.082,900.124
2018-04-14,16,414.166,566.194,980.36
2018-04-14,17,422.932,563.906,986.838
2018-04-14,18,399.382,480.508,879.89
2018-04-14,19,422.348,369.228,791.576
2018-04-14,20,477.664,360.002,837.666
2018-04-14,21,476.79,303.528,780.318
2018-04-14,22,520.718,352.402,873.12
2018-04-14,23,669.19,351.428,1020.618
2018-04-14,24,802.728,364.272,1167
2018-04-14,25,838.814,392.604,1231.418
2018-04-14,26,880.62,451.746,1332.366
2018-04-14,27,870.562,540.73,1411.292
2018-04-14,28,847.306,502.31,1349.616
2018-04-14,29,824.338,428.482,1252.82
2018-04-14,30,940.534,377.558,1318.092
2018-04-14,31,961.62,394.062,1355.682
2018-04-14,32,965.822,315.864,1281.686
2018-04-14,33,901.692,292.84,1194.532
2018-04-14,34,803.414,301.77,1105.184
2018-04-14,35,694.534,368.564,1063.098
2018-04-14,36,601.118,486.318,1087.436
2018-04-14,37,512.592,619.484,1132.076
2018-04-14,38,469.542,810.494,1280.036
2018-04-14,39,432.346,991.352,1423.698
2018-04-14,40,406.758,1214.132,1620.89
2018-04-14,41,378.448,1350.466,1728.914
2018-04-14,42,397.692,1462.39,1860.082
2018-04-14,43,467.098,1784.994,2252.092
2018-04-14,44,549.04,1942.188,2491.228
2018-04-14,45,647.382,1900.696,2548.078
2018-04-14,46,681.096,1956.606,2637.702
2018-04-14,47,750.204,1997.934,2748.138
2018-04-14,48,817.062,2005.04,2822.102
2018-04-15,1,856.522,1969.476,2825.998
2018-04-15,2,877.404,1993.678,2871.082
2018-04-15,3,869.436,2169.756,3039.192
2018-04-15,4,909.054,2283.54,3192.594
2018-04-15,5,958.958,2206.094,3165.052
2018-04-15,6,991.81,1983.452,2975.262
2018-04-15,7,1023.35,1584.796,2608.146
2018-04-15,8,965.214,1444.184,2409.398
2018-04-15,9,972.626,1450.734,2423.36
2018-04-15,10,904.788,1432.486,2337.274
2018-04-15,11,912.336,1597.11,2509.446
2018-04-15,12,990.892,1764.6,2755.492
2018-04-15,13,1109.812,1904.496,3014.308
2018-04-15,14,1201.66,2036.77,3238.43
2018-04-15,15,1323.796,2248.566,3572.362
2018-04-15,16,1370.554,2335.07,3705.624
2018-04-15,17,1332.284,2308.034,3640.318
2018-04-15,18,1429.338,2391.774,3821.112
2018-04-15,19,1578.658,2258.662,3837.32
2018-04-15,20,1781.772,2200.97,3982.742
2018-04-15,21,1820.672,2156.118,3976.79
2018-04-15,22,1856.094,2127.278,3983.372
2018-04-15,23,1984.322,2254.562,4238.884
2018-04-15,24,2101.212,2126.138,4227.35
2018-04-15,25,2159.604,2115.816,4275.42
2018-04-15,26,2240.43,2487.604,4728.034
2018-04-15,27,2320.488,2932.376,5252.864
2018-04-15,28,2354.004,3134.18,5488.184
2018-04-15,29,2356.412,3188.628,5545.04
2018-04-15,30,2362.064,3198.982,5561.046
2018-04-15,31,2282.38,3046.96,5329.34
2018-04-15,32,2267.87,2974.992,5242.862
2018-04-15,33,2306.88,2766.502,5073.382
2018-04-15,34,2571.906,2840.108,5412.014
2018-04-15,35,2260.352,2972.592,5232.944
2018-04-15,36,2307.942,3380.278,5688.22
2018-04-15,37,2336.774,3287.206,5623.98
2018-04-15,38,2365.194,3380.514,5745.708
2018-04-15,39,2237.368,3239.26,5476.628
2018-04-15,40,2275.41,3337.052,5612.462
2018-04-15,41,2294.172,3297.526,5591.698
2018-04-15,42,2193.384,3251.358,5444.742
2018-04-15,43,2156.196,3485.072,5641.268
2018-04-15,44,2042.342,3289.31,5331.652
2018-04-15,45,2063.238,2945.84,5009.078
2018-04-15,46,2001.766,3027.148,5028.914
2018-04-15,47,1828.826,3048.332,4877.158
2018-04-15,48,1781.67,2992.602,4774.272
2018-04-16,1,1720.812,3272.192,4993.004
2018-04-16,2,1633.43,3341.984,4975.414
2018-04-16,3,1625.516,3367.39,4992.906
2018-04-16,4,1684.574,3499.234,5183.808
2018-04-16,5,1589.906,3451.924,5041.83
2018-04-16,6,1602.27,3472.876,5075.146
2018-04-16,7,1608.016,3593.366,5201.382
2018-04-16,8,1549.836,3472.908,5022.744
2018-04-16,9,1606.142,3620.836,5226.978
2018-04-16,10,1705.418,3663.862,5369.28
2018-04-16,11,1697.468,3621.582,5319.05
2018-04-16,12,1667.07,3574.382,5241.452
2018-04-16,13,1628.43,3626.52,5254.95
2018-04-16,14,1561.942,3828.7,5390.642
2018-04-16,15,1470.494,3789.07,5259.564
2018-04-16,16,1515.164,3585.988,5101.152
2018-04-16,17,1506.358,3662.024,5168.382
2018-04-16,18,1577.03,3755.866,5332.896
2018-04-16,19,1535.486,3609.674,5145.16
2018-04-16,20,1441.902,3615.912,5057.814
2018-04-16,21,1506.46,3571.464,5077.924
2018-04-16,22,1597.44,3241.412,4838.852
2018-04-16,23,1685.546,2801.872,4487.418
2018-04-16,24,1999.676,2659.25,4658.926
2018-04-16,25,2299.136,2458.206,4757.342
2018-04-16,26,2621.51,2397.262,5018.772
2018-04-16,27,2797.128,2392.356,5189.484
2018-04-16,28,2847.66,2544.612,5392.272
2018-04-16,29,3061.696,2663.824,5725.52
2018-04-16,30,2993.632,2955.982,5949.614
2018-04-16,31,2915.7,3199.466,6115.166
2018-04-16,32,2884.058,3254.442,6138.5
2018-04-16,33,3059.902,3254.154,6314.056
2018-04-16,34,3212.766,3435.666,6648.432
2018-04-16,35,3338.554,3775.696,7114.25
2018-04-16,36,3425.96,4050.46,7476.42
2018-04-16,37,3393.946,3942.462,7336.408
2018-04-16,38,3401.46,3867.664,7269.124
2018-04-16,39,3359.85,4008.478,7368.328
2018-04-16,40,3175.804,4074.766,7250.57
2018-04-16,41,2969.504,4250.644,7220.148
2018-04-16,42,2883.856,4349.034,7232.89
2018-04-16,43,2889.058,4465.972,7355.03
2018-04-16,44,2695.76,4637.094,7332.854
2018-04-16,45,2517.4,4865.418,7382.818
2018-04-16,46,2313.216,4873.49,7186.706
2018-04-16,47,2133.536,4844.004,6977.54
2018-04-16,48,2216.224,4915.866,7132.09
2018-04-17,1,2356.664,4966.864,7323.528
2018-04-17,2,2579.536,4998.834,7578.37
2018-04-17,3,2730.006,5281.612,8011.618
2018-04-17,4,2562.87,5741.752,8304.622
2018-04-17,5,2378.77,6023.726,8402.496
2018-04-17,6,2382.286,6181.244,8563.53
2018-04-17,7,2387.232,6255.958,8643.19
2018-04-17,8,2376.098,6344.166,8720.264
2018-04-17,9,2341.044,6455.004,8796.048
2018-04-17,10,2290.856,6284.426,8575.282
2018-04-17,11,2328.608,6200.812,8529.42
2018-04-17,12,2489.122,6197.058,8686.18
2018-04-17,13,2560.586,6233.076,8793.662
2018-04-17,14,2683.602,6373.532,9057.134
2018-04-17,15,2799.374,6454.158,9253.532
2018-04-17,16,3057.16,6419.076,9476.236
2018-04-17,17,3126.596,6355.634,9482.23
2018-04-17,18,2939.06,6260.242,9199.302
2018-04-17,19,2975.394,6158.144,9133.538
2018-04-17,20,2986.052,6158.038,9144.09
2018-04-17,21,2997.782,6061.282,9059.064
2018-04-17,22,3043.372,6076.538,9119.91
2018-04-17,23,3133.792,5897.168,9030.96
2018-04-17,24,3182.416,5706.042,8888.458
2018-04-17,25,3272.014,5924.856,9196.87
2018-04-17,26,3196.946,6254.58,9451.526
2018-04-17,27,3124.06,6382.072,9506.132
2018-04-17,28,3148.224,6376.15,9524.374
2018-04-17,29,3059.708,6355.852,9415.56
2018-04-17,30,2963.75,6360.302,9324.052
2018-04-17,31,2898.694,6251.23,9149.924
2018-04-17,32,2830.986,6259.352,9090.338
2018-04-17,33,2838.266,6227.064,9065.33
2018-04-17,34,2858.352,6242.676,9101.028
2018-04-17,35,3039.66,6128.524,9168.184
2018-04-17,36,3048.352,5965.688,9014.04
2018-04-17,37,3097.904,6128.298,9226.202
2018-04-17,38,3122.918,6007.846,9130.764
2018-04-17,39,3149.37,5943.46,9092.83
2018-04-17,40,3322.616,5764.524,9087.14
2018-04-17,41,3555.484,5537.278,9092.762
2018-04-17,42,3535.306,5337.502,8872.808
2018-04-17,43,3375.8,5074.034,8449.834
2018-04-17,44,3370.754,4821.462,8192.216
2018-04-17,45,3104.804,4623.564,7728.368
2018-04-17,46,2766.028,4658.228,7424.256
2018-04-17,47,2463.29,4897.584,7360.874
2018-04-17,48,2315.652,4725.862,7041.514
2018-04-18,1,2232.32,4364.576,6596.896
2018-04-18,2,2185.854,4259.08,6444.934
2018-04-18,3,2147.486,4346.964,6494.45
2018-04-18,4,2071.798,4324.656,6396.454
2018-04-18,5,2018.496,4327.744,6346.24
2018-04-18,6,2121.472,4179.458,6300.93
2018-04-18,7,2475.894,4079.11,6555.004
2018-04-18,8,2353.278,4264.776,6618.054
2018-04-18,9,2229.49,4140.722,6370.212
2018-04-18,10,2242.332,3929.61,6171.942
2018-04-18,11,2259.14,3853.332,6112.472
2018-04-18,12,2400.938,3988.788,6389.726
2018-04-18,13,2436.866,3957.168,6394.034
2018-04-18,14,2458.502,3946.204,6404.706
2018-04-18,15,2281.708,4059.584,6341.292
2018-04-18,16,2163.232,3938.76,6101.992
2018-04-18,17,2388.886,3702.68,6091.566
2018-04-18,18,2586.468,3499.906,6086.374
2018-04-18,19,2656.21,3524.732,6180.942
2018-04-18,20,2786.63,3514.682,6301.312
2018-04-18,21,2946.824,3196.166,6142.99
2018-04-18,22,3053.826,2923.22,5977.046
2018-04-18,23,3108.652,2611.29,5719.942
2018-04-18,24,3185.664,2251.082,5436.746
2018-04-18,25,3207.172,1890.086,5097.258
2018-04-18,26,3283.322,1521.424,4804.746
2018-04-18,27,3346.514,1409.58,4756.094
2018-04-18,28,3323.522,1549.654,4873.176
2018-04-18,29,3239.72,1656.092,4895.812
2018-04-18,30,3173.284,1642.998,4816.282
2018-04-18,31,3181.78,1791.726,4973.506
2018-04-18,32,3326.758,2261.834,5588.592
2018-04-18,33,3297.61,2833.742,6131.352
2018-04-18,34,3025.55,3249.248,6274.798
2018-04-18,35,2779.008,3610.178,6389.186
2018-04-18,36,2585.83,3876.028,6461.858
2018-04-18,37,2590.216,4122.088,6712.304
2018-04-18,38,2788.908,4318.242,7107.15
2018-04-18,39,3014.092,4458.926,7473.018
2018-04-18,40,3114.772,4446.256,7561.028
2018-04-18,41,3094.44,4672.816,7767.256
2018-04-18,42,3201.132,5098.376,8299.508
2018-04-18,43,3281.034,5255.854,8536.888
2018-04-18,44,3403,5297.83,8700.83
2018-04-18,45,3533.412,5360.046,8893.458
2018-04-18,46,3213.962,5468.94,8682.902
2018-04-18,47,2947.56,5465.962,8413.522
2018-04-18,48,2747.508,5279.634,8027.142
2018-04-19,1,2569.01,5010.87,7579.88
2018-04-19,2,2771.498,4634.418,7405.916
2018-04-19,3,2614.512,4302.302,6916.814
2018-04-19,4,2561.608,4018.646,6580.254
2018-04-19,5,2579.462,3688.364,6267.826
2018-04-19,6,2296.524,3198.178,5494.702
2018-04-19,7,2387.84,2796.706,5184.546
2018-04-19,8,2309.878,2483.146,4793.024
2018-04-19,9,2267.108,2431.458,4698.566
2018-04-19,10,2207.942,2317.844,4525.786
2018-04-19,11,2140.854,2146.072,4286.926
2018-04-19,12,1989.886,2008.408,3998.294
2018-04-19,13,1851.104,1942.718,3793.822
2018-04-19,14,1764.738,1765.802,3530.54
2018-04-19,15,1692.242,1626.128,3318.37
2018-04-19,16,1630.508,1471.56,3102.068
2018-04-19,17,1575.772,1346.25,2922.022
2018-04-19,18,1567.95,1256.844,2824.794
2018-04-19,19,1549.79,1057.664,2607.454
2018-04-19,20,1434.016,850.844,2284.86
2018-04-19,21,1413.348,648.006,2061.354
2018-04-19,22,1438.738,525.382,1964.12
2018-04-19,23,1420.226,507.218,1927.444
2018-04-19,24,1432.56,494.734,1927.294
2018-04-19,25,1509.68,449.608,1959.288
2018-04-19,26,1580.612,427.946,2008.558
2018-04-19,27,1527.022,469.468,1996.49
2018-04-19,28,1517.902,461.544,1979.446
2018-04-19,29,1471.49,511.546,1983.036
2018-04-19,30,1470.308,548.842,2019.15
2018-04-19,31,1387.424,597.506,1984.93
2018-04-19,32,1344.092,606.06,1950.152
2018-04-19,33,1348.156,642.84,1990.996
2018-04-19,34,1251.784,715.986,1967.77
2018-04-19,35,1177.442,711.824,1889.266
2018-04-19,36,1063.586,684.582,1748.168
2018-04-19,37,986.988,640.964,1627.952
2018-04-19,38,859.924,623.744,1483.668
2018-04-19,39,777.464,583.77,1361.234
2018-04-19,40,717.76,538.01,1255.77
2018-04-19,41,636.54,472.292,1108.832
2018-04-19,42,581.672,451.17,1032.842
2018-04-19,43,577.21,450.844,1028.054
2018-04-19,44,546.764,442.09,988.854
2018-04-19,45,496.05,389.266,885.316
2018-04-19,46,465.402,400.344,865.746
2018-04-19,47,412.05,418.52,830.57
2018-04-19,48,403.372,404.628,808
2018-04-20,1,383.154,367.472,750.626
2018-04-20,2,338.7,369.656,708.356
2018-04-20,3,374.94,459.566,834.506
2018-04-20,4,397.546,614.744,1012.29
2018-04-20,5,383.134,692.772,1075.906
2018-04-20,6,371.228,636.93,1008.158
2018-04-20,7,389.014,559.736,948.75
2018-04-20,8,450.806,569.712,1020.518
2018-04-20,9,493.436,542.132,1035.568
2018-04-20,10,537.248,541.904,1079.152
2018-04-20,11,562.332,603.174,1165.506
2018-04-20,12,613.532,661.482,1275.014
2018-04-20,13,613.08,723.586,1336.666
2018-04-20,14,614.36,718.41,1332.77
2018-04-20,15,654.504,686.77,1341.274
2018-04-20,16,733.038,660.146,1393.184
2018-04-20,17,785.34,663.354,1448.694
2018-04-20,18,911.704,701.716,1613.42
2018-04-20,19,1143.904,732.856,1876.76
2018-04-20,20,1280.188,736.496,2016.684
2018-04-20,21,1454.644,785.37,2240.014
2018-04-20,22,1570.428,830.87,2401.298
2018-04-20,23,1661.106,827.21,2488.316
2018-04-20,24,1781.914,883.712,2665.626
2018-04-20,25,1921.488,756.024,2677.512
2018-04-20,26,1976.714,596.206,2572.92
2018-04-20,27,2077.394,612.616,2690.01
2018-04-20,28,2201.014,655.236,2856.25
2018-04-20,29,2213.24,689.128,2902.368
2018-04-20,30,2218.356,670.342,2888.698
2018-04-20,31,2233.866,679.17,2913.036
2018-04-20,32,2268.686,693.904,2962.59
2018-04-20,33,2277.366,761.878,3039.244
2018-04-20,34,2113.856,725.574,2839.43
2018-04-20,35,2048.836,850.754,2899.59
2018-04-20,36,1892.414,799.998,2692.412
2018-04-20,37,1787.368,847.454,2634.822
2018-04-20,38,1573.84,917.416,2491.256
2018-04-20,39,1323.014,893.644,2216.658
2018-04-20,40,990.646,843.064,1833.71
2018-04-20,41,816.188,803.676,1619.864
2018-04-20,42,717.61,772.166,1489.776
2018-04-20,43,633.09,701.802,1334.892
2018-04-20,44,552.616,617.494,1170.11
2018-04-20,45,528.162,574.544,1102.706
2018-04-20,46,480.704,572.46,1053.164
2018-04-20,47,448.916,515.782,964.698
2018-04-20,48,452.596,403.094,855.69
2018-04-21,1,456.802,328.9,785.702
2018-04-21,2,421.058,272.664,693.722
2018-04-21,3,392.23,248.128,640.358
2018-04-21,4,362.468,256.626,619.094
2018-04-21,5,286.378,247.714,534.092
2018-04-21,6,304.53,245.072,549.602
2018-04-21,7,268.7,248.71,517.41
2018-04-21,8,243.122,256.152,499.274
2018-04-21,9,268.108,262.52,530.628
2018-04-21,10,279.804,281.818,561.622
2018-04-21,11,261.286,310.666,571.952
2018-04-21,12,236.69,348.09,584.78
2018-04-21,13,279.07,374.736,653.806
2018-04-21,14,325.764,397.858,723.622
2018-04-21,15,372.696,416.536,789.232
2018-04-21,16,401.396,401.026,802.422
2018-04-21,17,352.852,426.248,779.1
2018-04-21,18,404.788,494.28,899.068
2018-04-21,19,445.958,516.592,962.55
2018-04-21,20,491.972,552.548,1044.52
2018-04-21,21,551.226,664.454,1215.68
2018-04-21,22,666.48,761.024,1427.504
2018-04-21,23,797.656,889.024,1686.68
2018-04-21,24,872.896,1014.888,1887.784
2018-04-21,25,1039.862,1123.798,2163.66
2018-04-21,26,1173.004,1172.576,2345.58
2018-04-21,27,1251.356,1238.994,2490.35
2018-04-21,28,1374.62,1274.858,2649.478
2018-04-21,29,1365.978,1341.616,2707.594
2018-04-21,30,1359.034,1386.822,2745.856
2018-04-21,31,1424.018,1460.652,2884.67
2018-04-21,32,1413.008,1513.588,2926.596
2018-04-21,33,1443.58,1611.304,3054.884
2018-04-21,34,1418.454,1688.874,3107.328
2018-04-21,35,1381.012,1827.49,3208.502
2018-04-21,36,1224.712,1957.012,3181.724
2018-04-21,37,1077.038,2124.456,3201.494
2018-04-21,38,925.07,2239.064,3164.134
2018-04-21,39,766.662,2245.846,3012.508
2018-04-21,40,799.594,2410.43,3210.024
2018-04-21,41,826.92,2512.43,3339.35
2018-04-21,42,910.518,2665.598,3576.116
2018-04-21,43,1106.264,2789.61,3895.874
2018-04-21,44,1268.062,3049.096,4317.158
2018-04-21,45,1353.186,3119.502,4472.688
2018-04-21,46,1452.162,3249.398,4701.56
2018-04-21,47,1504.35,3359.268,4863.618
2018-04-21,48,1595.546,3445.036,5040.582
2018-04-22,1,1522.122,3460.586,4982.708
2018-04-22,2,1494.202,3275.632,4769.834
2018-04-22,3,1589.15,3226.686,4815.836
2018-04-22,4,1520.982,3096.256,4617.238
2018-04-22,5,1404.604,3126.22,4530.824
2018-04-22,6,1312.878,2783.838,4096.716
2018-04-22,7,1291.322,2185.7,3477.022
2018-04-22,8,1276.456,1312.538,2588.994
2018-04-22,9,1227.832,1286.8,2514.632
2018-04-22,10,1155.946,1201.24,2357.186
2018-04-22,11,1179.884,1170.6,2350.484
2018-04-22,12,1179.906,1397.594,2577.5
2018-04-22,13,1172.844,1575.906,2748.75
2018-04-22,14,1189.46,1688.452,2877.912
2018-04-22,15,1153.142,2120.942,3274.084
2018-04-22,16,1160.194,2655.46,3815.654
2018-04-22,17,1175.336,2982.894,4158.23
2018-04-22,18,1264.576,2623.912,3888.488
2018-04-22,19,1115.296,2398.358,3513.654
2018-04-22,20,1261.452,2711.734,3973.186
2018-04-22,21,1508.564,3039.578,4548.142
2018-04-22,22,1695.648,3271.232,4966.88
2018-04-22,23,2035.226,3264.886,5300.112
2018-04-22,24,2187.84,3353.566,5541.406
2018-04-22,25,2175.59,3354.33,5529.92
2018-04-22,26,2197.512,3430.278,5627.79
2018-04-22,27,2216.652,3218.536,5435.188
2018-04-22,28,2152.604,3043.856,5196.46
2018-04-22,29,2138.382,2720.702,4859.084
2018-04-22,30,2068.478,2604.664,4673.142
2018-04-22,31,2086.55,2580.586,4667.136
2018-04-22,32,2120.208,2844.362,4964.57
2018-04-22,33,2090.198,3100.444,5190.642
2018-04-22,34,2072.182,3526.466,5598.648
2018-04-22,35,2102.744,3558.48,5661.224
2018-04-22,36,2304.902,3922.402,6227.304
2018-04-22,37,2260.4,3984.696,6245.096
2018-04-22,38,2073.624,4256.948,6330.572
2018-04-22,39,1968.958,4611.954,6580.912
2018-04-22,40,1892.668,4680.182,6572.85
2018-04-22,41,1875.428,4689.936,6565.364
2018-04-22,42,1975.416,4495.954,6471.37
2018-04-22,43,2047.852,4489.202,6537.054
2018-04-22,44,2104.74,4441.072,6545.812
2018-04-22,45,2440.65,4040.49,6481.14
2018-04-22,46,2206,3961.934,6167.934
2018-04-22,47,2334.104,4134.678,6468.782
2018-04-22,48,2279.294,4337.566,6616.86
2018-04-23,1,2089.806,4482.746,6572.552
2018-04-23,2,1825.806,4652.982,6478.788
2018-04-23,3,1856.978,4891.408,6748.386
2018-04-23,4,1890.628,4872.784,6763.412
2018-04-23,5,1867.39,4960.142,6827.532
2018-04-23,6,1865.164,5032.978,6898.142
2018-04-23,7,1801.246,5135.108,6936.354
2018-04-23,8,1739.926,5117.302,6857.228
2018-04-23,9,1671.906,4996.982,6668.888
2018-04-23,10,1749.374,4948.554,6697.928
2018-04-23,11,1898.118,4900.83,6798.948
2018-04-23,12,2195.36,4949.26,7144.62
2018-04-23,13,2186.718,4945.696,7132.414
2018-04-23,14,2266.008,5003.75,7269.758
2018-04-23,15,2488.546,4856.954,7345.5
2018-04-23,16,2896.848,4815.628,7712.476
2018-04-23,17,3018.966,4721.104,7740.07
2018-04-23,18,3025.564,4253.632,7279.196
2018-04-23,19,3158.716,4156.218,7314.934
2018-04-23,20,3090.276,3939.902,7030.178
2018-04-23,21,2935.596,4002.764,6938.36
2018-04-23,22,2998.464,4160.338,7158.802
2018-04-23,23,3095.294,4215.554,7310.848
2018-04-23,24,3121.814,4245.192,7367.006
2018-04-23,25,3057.472,4249.092,7306.564
2018-04-23,26,3152.732,4326.422,7479.154
2018-04-23,27,3156.59,4258.074,7414.664
2018-04-23,28,3209.454,4054.04,7263.494
2018-04-23,29,3236.574,3824.656,7061.23
2018-04-23,30,3098.482,3906.386,7004.868
2018-04-23,31,2869.046,4295.742,7164.788
2018-04-23,32,3046.088,4743.214,7789.302
2018-04-23,33,3094.958,4881.98,7976.938
2018-04-23,34,2940.552,5074.004,8014.556
2018-04-23,35,2718.602,5069.168,7787.77
2018-04-23,36,2729.478,5111.404,7840.882
2018-04-23,37,2708.004,5163.45,7871.454
2018-04-23,38,2684.448,5113.598,7798.046
2018-04-23,39,2731.14,5455.962,8187.102
2018-04-23,40,2910.334,5881.094,8791.428
2018-04-23,41,3037.578,6064.154,9101.732
2018-04-23,42,3247.798,6129.494,9377.292
2018-04-23,43,3270.162,6211.654,9481.816
2018-04-23,44,2954.512,6301.35,9255.862
2018-04-23,45,2944.4,6109.632,9054.032
2018-04-23,46,2596.298,5796.924,8393.222
2018-04-23,47,2403.884,5442.788,7846.672
2018-04-23,48,2247.296,5469.49,7716.786
2018-04-24,1,2251.068,5350.402,7601.47
2018-04-24,2,2184.09,5392.012,7576.102
2018-04-24,3,2263.66,5500.58,7764.24
2018-04-24,4,2158.678,5607.586,7766.264
2018-04-24,5,2006.584,5671.006,7677.59
2018-04-24,6,2043.51,5576.28,7619.79
2018-04-24,7,2003.06,5560.004,7563.064
2018-04-24,8,2009.142,5468.234,7477.376
2018-04-24,9,1945.722,5411.964,7357.686
2018-04-24,10,2165.134,5265.26,7430.394
2018-04-24,11,2177.464,5073.32,7250.784
2018-04-24,12,2301.002,4989.976,7290.978
2018-04-24,13,2471.958,4874.77,7346.728
2018-04-24,14,2647.366,4798.398,7445.764
2018-04-24,15,2471.618,4401.624,6873.242
2018-04-24,16,2826.128,4106.428,6932.556
2018-04-24,17,3164.06,4000.372,7164.432
2018-04-24,18,3167.984,3723.992,6891.976
2018-04-24,19,3099.466,3716.42,6815.886
2018-04-24,20,3067.952,3270.23,6338.182
2018-04-24,21,2951.264,2780.158,5731.422
2018-04-24,22,2805.672,2610.068,5415.74
2018-04-24,23,2809.586,2470.678,5280.264
2018-04-24,24,2939.528,2592.028,5531.556
2018-04-24,25,2815.53,2553.66,5369.19
2018-04-24,26,2716.548,2202.572,4919.12
2018-04-24,27,2441.854,2046.528,4488.382
2018-04-24,28,2304.162,2161.604,4465.766
2018-04-24,29,2155.88,2241.108,4396.988
2018-04-24,30,2023.574,2035.16,4058.734
2018-04-24,31,1914.708,2086.252,4000.96
2018-04-24,32,1859.476,2258.28,4117.756
2018-04-24,33,1619.566,2382.36,4001.926
2018-04-24,34,1536.112,2457.568,3993.68
2018-04-24,35,1371.69,2510.162,3881.852
2018-04-24,36,1221.988,2645.794,3867.782
2018-04-24,37,1043.242,2673.372,3716.614
2018-04-24,38,868.504,2709.93,3578.434
2018-04-24,39,700.098,2914.226,3614.324
2018-04-24,40,618.106,3188.436,3806.542
2018-04-24,41,604.582,3498.028,4102.61
2018-04-24,42,560.08,3849.382,4409.462
2018-04-24,43,537.57,3958.106,4495.676
2018-04-24,44,552.114,4003.21,4555.324
2018-04-24,45,592.724,3993.454,4586.178
2018-04-24,46,633.014,4162.67,4795.684
2018-04-24,47,731.258,4384.234,5115.492
2018-04-24,48,773.686,4524.908,5298.594
2018-04-25,1,806.552,4792.214,5598.766
2018-04-25,2,874.024,4566.38,5440.404
2018-04-25,3,933.184,4284.886,5218.07
2018-04-25,4,971.926,4237.132,5209.058
2018-04-25,5,1093.248,4328.69,5421.938
2018-04-25,6,1165.662,4258.382,5424.044
2018-04-25,7,1205.874,4070.69,5276.564
2018-04-25,8,1233.992,4112.614,5346.606
2018-04-25,9,1272.96,4008.264,5281.224
2018-04-25,10,1255.712,4129.958,5385.67
2018-04-25,11,1310.126,3814.066,5124.192
2018-04-25,12,1284.406,3552.34,4836.746
2018-04-25,13,1358.244,3283.15,4641.394
2018-04-25,14,1364.992,3362.412,4727.404
2018-04-25,15,1433.098,3696.43,5129.528
2018-04-25,16,1491.792,3728.566,5220.358
2018-04-25,17,1527.976,3638.262,5166.238
2018-04-25,18,1625.08,3597.528,5222.608
2018-04-25,19,1817.848,3567.914,5385.762
2018-04-25,20,1903.8,3596.3,5500.1
2018-04-25,21,2089.658,3596.344,5686.002
2018-04-25,22,2195.278,3705.156,5900.434
2018-04-25,23,2281.682,4242.052,6523.734
2018-04-25,24,2318.474,4332.422,6650.896
2018-04-25,25,2411.314,4182.736,6594.05
2018-04-25,26,2377.816,4085.538,6463.354
2018-04-25,27,2494.618,3779.572,6274.19
2018-04-25,28,2515.862,3821.06,6336.922
2018-04-25,29,2566.814,4470.158,7036.972
2018-04-25,30,2642.226,4966.256,7608.482
2018-04-25,31,2674.94,4942.604,7617.544
2018-04-25,32,2615.286,4915.928,7531.214
2018-04-25,33,2380.536,5199.892,7580.428
2018-04-25,34,2248.5,5164.208,7412.708
2018-04-25,35,2223.948,5283.254,7507.202
2018-04-25,36,2095.036,4804.714,6899.75
2018-04-25,37,2123.442,4569.622,6693.064
2018-04-25,38,1907.382,4404.628,6312.01
2018-04-25,39,1908.464,4401.634,6310.098
2018-04-25,40,1691.27,4297.23,5988.5
2018-04-25,41,1572.292,4601.044,6173.336
2018-04-25,42,1550.484,4377.452,5927.936
2018-04-25,43,1621.154,4574.254,6195.408
2018-04-25,44,1701.96,4709.578,6411.538
2018-04-25,45,1794.668,4363.524,6158.192
2018-04-25,46,1811.238,3940.746,5751.984
2018-04-25,47,2014.516,4527.646,6542.162
2018-04-25,48,2098.346,5371.292,7469.638
2018-04-26,1,2010.922,5650.862,7661.784
2018-04-26,2,1699.302,5894.75,7594.052
2018-04-26,3,1692.152,5968.316,7660.468
2018-04-26,4,1878.02,6026.028,7904.048
2018-04-26,5,1979.666,6125.398,8105.064
2018-04-26,6,2117.552,6107.9,8225.452
2018-04-26,7,2205.22,6036.482,8241.702
2018-04-26,8,2191.446,5991.452,8182.898
2018-04-26,9,2171.342,6066.882,8238.224
2018-04-26,10,2078.52,6050.712,8129.232
2018-04-26,11,2082.326,6140.428,8222.754
2018-04-26,12,1919.952,6154.628,8074.58
2018-04-26,13,1946.272,6066.142,8012.414
2018-04-26,14,2138.366,6004.618,8142.984
2018-04-26,15,2520.678,5913.884,8434.562
2018-04-26,16,3174.822,5872.708,9047.53
2018-04-26,17,3279.994,5917.62,9197.614
2018-04-26,18,3302.106,5926.912,9229.018
2018-04-26,19,3237.192,5856.528,9093.72
2018-04-26,20,3149.04,5725.372,8874.412
2018-04-26,21,3174.806,5532.58,8707.386
2018-04-26,22,3257.046,5626.04,8883.086
2018-04-26,23,3330.662,5676.804,9007.466
2018-04-26,24,3292.912,5592.776,8885.688
2018-04-26,25,3362.1,5535.624,8897.724
2018-04-26,26,3492.384,5418.224,8910.608
2018-04-26,27,3632.846,5262.706,8895.552
2018-04-26,28,3548.968,5166.058,8715.026
2018-04-26,29,3494.364,5201.018,8695.382
2018-04-26,30,3309.588,5039.264,8348.852
2018-04-26,31,3359.354,5246.93,8606.284
2018-04-26,32,3505.522,4752.506,8258.028
2018-04-26,33,3403.884,4633.628,8037.512
2018-04-26,34,3534.332,4455.5,7989.832
2018-04-26,35,3377.83,4200.39,7578.22
2018-04-26,36,3345.62,3590.234,6935.854
2018-04-26,37,3094.518,3418.984,6513.502
2018-04-26,38,2848.958,3636.66,6485.618
2018-04-26,39,2693.26,3628.624,6321.884
2018-04-26,40,2284.474,3167.262,5451.736
2018-04-26,41,1946.29,2676.236,4622.526
2018-04-26,42,1745.112,2434.622,4179.734
2018-04-26,43,1463.454,2268.956,3732.41
2018-04-26,44,1529.84,2118.402,3648.242
2018-04-26,45,1433.692,1848.486,3282.178
2018-04-26,46,1307.264,1446.558,2753.822
2018-04-26,47,1121.512,1257.428,2378.94
2018-04-26,48,1075.098,1067.284,2142.382
2018-04-27,1,981.864,825.956,1807.82
2018-04-27,2,864.346,595.15,1459.496
2018-04-27,3,802.536,473.39,1275.926
2018-04-27,4,714.438,426.266,1140.704
2018-04-27,5,634.918,358.498,993.416
2018-04-27,6,645.438,283.776,929.214
2018-04-27,7,605.666,317.69,923.356
2018-04-27,8,533.82,288.7,822.52
2018-04-27,9,499.452,237.044,736.496
2018-04-27,10,474.566,167.844,642.41
2018-04-27,11,444.696,154.332,599.028
2018-04-27,12,404.382,179.182,583.564
2018-04-27,13,394.556,216.178,610.734
2018-04-27,14,341.676,306.746,648.422
2018-04-27,15,274.766,354.52,629.286
2018-04-27,16,259.044,396.638,655.682
2018-04-27,17,248.584,377.126,625.71
2018-04-27,18,214.226,362.3,576.526
2018-04-27,19,191.718,391.498,583.216
2018-04-27,20,152.118,413.364,565.482
2018-04-27,21,123.61,481.322,604.932
2018-04-27,22,125.332,572.616,697.948
2018-04-27,23,131.616,633.192,764.808
2018-04-27,24,136.328,674.886,811.214
2018-04-27,25,137.788,849.57,987.358
2018-04-27,26,171.95,1006.774,1178.724
2018-04-27,27,182.63,1113.148,1295.778
2018-04-27,28,196.154,1258.238,1454.392
2018-04-27,29,254.198,1446.644,1700.842
2018-04-27,30,265.234,1591.702,1856.936
2018-04-27,31,326.746,1563.576,1890.322
2018-04-27,32,367.714,1606.754,1974.468
2018-04-27,33,428.048,1534.14,1962.188
2018-04-27,34,462.228,1395.724,1857.952
2018-04-27,35,485.57,1178.448,1664.018
2018-04-27,36,554.208,1190.182,1744.39
2018-04-27,37,542.064,1173.044,1715.108
2018-04-27,38,525.784,1177.216,1703
2018-04-27,39,526.472,1204.24,1730.712
2018-04-27,40,443.068,1214.824,1657.892
2018-04-27,41,396.214,1269.602,1665.816
2018-04-27,42,362.63,1270.794,1633.424
2018-04-27,43,308.286,1331.32,1639.606
2018-04-27,44,279.428,1347.222,1626.65
2018-04-27,45,232.174,1298.294,1530.468
2018-04-27,46,194.826,1248.302,1443.128
2018-04-27,47,175.02,1290.588,1465.608
2018-04-27,48,186.016,1296.956,1482.972
2018-04-28,1,176.026,1382.242,1558.268
2018-04-28,2,158.906,1415.962,1574.868
2018-04-28,3,150.778,1525.016,1675.794
2018-04-28,4,143.78,1585.15,1728.93
2018-04-28,5,129.348,1586.116,1715.464
2018-04-28,6,120.564,1591.082,1711.646
2018-04-28,7,116.954,1540.33,1657.284
2018-04-28,8,103.87,1494.096,1597.966
2018-04-28,9,93.894,1526.81,1620.704
2018-04-28,10,92.672,1502.48,1595.152
2018-04-28,11,83.716,1480.98,1564.696
2018-04-28,12,86.372,1446.202,1532.574
2018-04-28,13,110.828,1291.692,1402.52
2018-04-28,14,119.3,1202.56,1321.86
2018-04-28,15,102.472,1240.272,1342.744
2018-04-28,16,81.756,1213.276,1295.032
2018-04-28,17,94.164,1187.016,1281.18
2018-04-28,18,111.306,1271.566,1382.872
2018-04-28,19,111.368,1422.18,1533.548
2018-04-28,20,119.66,1390.674,1510.334
2018-04-28,21,134.74,1411.354,1546.094
2018-04-28,22,125.906,1498.042,1623.948
2018-04-28,23,141.81,1386.066,1527.876
2018-04-28,24,147.022,1306.888,1453.91
2018-04-28,25,162.528,1323.4,1485.928
2018-04-28,26,184.882,1218.458,1403.34
2018-04-28,27,194.026,1157.272,1351.298
2018-04-28,28,209.5,1183.87,1393.37
2018-04-28,29,238.544,1138.862,1377.406
2018-04-28,30,337.564,1102.368,1439.932
2018-04-28,31,361.398,1102.216,1463.614
2018-04-28,32,354.762,1077.35,1432.112
2018-04-28,33,363.248,1105.826,1469.074
2018-04-28,34,376.95,1135.362,1512.312
2018-04-28,35,367.32,1185.41,1552.73
2018-04-28,36,374.646,1288.488,1663.134
2018-04-28,37,418.756,1272.9,1691.656
2018-04-28,38,473.446,1397.878,1871.324
2018-04-28,39,440.816,1540.814,1981.63
2018-04-28,40,406.258,1739.036,2145.294
2018-04-28,41,352.536,1712.128,2064.664
2018-04-28,42,305.702,1717.51,2023.212
2018-04-28,43,315.044,1870.874,2185.918
2018-04-28,44,300.298,2045.37,2345.668
2018-04-28,45,273.572,1841.904,2115.476
2018-04-28,46,256.992,1711.834,1968.826
2018-04-28,47,263.494,1788.832,2052.326
2018-04-28,48,254.138,1709.718,1963.856
2018-04-29,1,256.226,1841.122,2097.348
2018-04-29,2,273.136,1973.31,2246.446
2018-04-29,3,271.574,1832.328,2103.902
2018-04-29,4,254.176,1839.04,2093.216
2018-04-29,5,233.164,1952.98,2186.144
2018-04-29,6,229.466,2061.456,2290.922
2018-04-29,7,251.126,2225.872,2476.998
2018-04-29,8,269.76,2314.046,2583.806
2018-04-29,9,277.342,2276.168,2553.51
2018-04-29,10,259.392,2304.144,2563.536
2018-04-29,11,234.56,2361.512,2596.072
2018-04-29,12,206.192,2412.828,2619.02
2018-04-29,13,195.408,2475.698,2671.106
2018-04-29,14,190.49,2665.394,2855.884
2018-04-29,15,143.818,2929.134,3072.952
2018-04-29,16,140.292,2996.232,3136.524
2018-04-29,17,158.33,2857.912,3016.242
2018-04-29,18,224.29,2799.262,3023.552
2018-04-29,19,224.51,2814.438,3038.948
2018-04-29,20,190.68,2897.006,3087.686
2018-04-29,21,153.072,3012.454,3165.526
2018-04-29,22,158.434,2973.416,3131.85
2018-04-29,23,172.408,2993.46,3165.868
2018-04-29,24,217.572,3192.758,3410.33
2018-04-29,25,217.136,3286.212,3503.348
2018-04-29,26,251.052,3277.518,3528.57
2018-04-29,27,269.12,3244.216,3513.336
2018-04-29,28,248.494,3309.842,3558.336
2018-04-29,29,229.056,3349.132,3578.188
2018-04-29,30,208.278,3397.84,3606.118
2018-04-29,31,216.336,3355.072,3571.408
2018-04-29,32,233.742,3317.85,3551.592
2018-04-29,33,245.76,3526.036,3771.796
2018-04-29,34,279.744,3725.144,4004.888
2018-04-29,35,261.238,3831.088,4092.326
2018-04-29,36,298.322,3968.99,4267.312
2018-04-29,37,295.42,4126.136,4421.556
2018-04-29,38,327.53,4235.726,4563.256
2018-04-29,39,329.744,4233.802,4563.546
2018-04-29,40,329.83,4357.082,4686.912
2018-04-29,41,326.448,4494.064,4820.512
2018-04-29,42,346.1,4517.818,4863.918
2018-04-29,43,383.95,4467.362,4851.312
2018-04-29,44,379.628,4402.092,4781.72
2018-04-29,45,399.082,4350.598,4749.68
2018-04-29,46,412.348,4265.27,4677.618
2018-04-29,47,402.038,4334.928,4736.966
2018-04-29,48,369.716,4273.032,4642.748
2018-04-30,1,362.568,4239.69,4602.258
2018-04-30,2,427.27,4338.482,4765.752
2018-04-30,3,425.95,4519.75,4945.7
2018-04-30,4,426.654,4715.622,5142.276
2018-04-30,5,459.372,4740.934,5200.306
2018-04-30,6,474.166,4801.162,5275.328
2018-04-30,7,507.328,4659.696,5167.024
2018-04-30,8,515.422,4708.272,5223.694
2018-04-30,9,495.668,4824.004,5319.672
2018-04-30,10,512.314,4751.95,5264.264
2018-04-30,11,500.328,4715.58,5215.908
2018-04-30,12,534.382,4851.764,5386.146
2018-04-30,13,520.658,4983.76,5504.418
2018-04-30,14,509.208,5124.774,5633.982
2018-04-30,15,481.396,5364.538,5845.934
2018-04-30,16,468.29,5366.468,5834.758
2018-04-30,17,504.044,5329.558,5833.602
2018-04-30,18,594.668,5303.446,5898.114
2018-04-30,19,708.532,5199.976,5908.508
2018-04-30,20,777.282,5176.18,5953.462
2018-04-30,21,786.392,5029.476,5815.868
2018-04-30,22,731.846,4824.638,5556.484
2018-04-30,23,703.972,4738.762,5442.734
2018-04-30,24,660.052,4832.486,5492.538
2018-04-30,25,632.136,4976.032,5608.168
2018-04-30,26,582.008,5007.874,5589.882
2018-04-30,27,551.318,5169.306,5720.624
2018-04-30,28,553.5,5156.914,5710.414
2018-04-30,29,575.7,5218.176,5793.876
2018-04-30,30,587.538,5283.82,5871.358
2018-04-30,31,594.148,5274.202,5868.35
2018-04-30,32,601.94,5209.018,5810.958
2018-04-30,33,580.468,5173.21,5753.678
2018-04-30,34,513.194,5208.228,5721.422
2018-04-30,35,424.9,5222.432,5647.332
2018-04-30,36,364.506,5118.258,5482.764
2018-04-30,37,326.438,4951.078,5277.516
2018-04-30,38,296.348,4823.698,5120.046
2018-04-30,39,274.106,4736.27,5010.376
2018-04-30,40,267.942,4625.742,4893.684
2018-04-30,41,268.812,4547.608,4816.42
2018-04-30,42,261.128,4390.936,4652.064
2018-04-30,43,244.704,4311.864,4556.568
2018-04-30,44,238.43,4211.198,4449.628
2018-04-30,45,210.414,4147.05,4357.464
2018-04-30,46,195.288,4160.39,4355.678
2018-04-30,47,173.622,4143.742,4317.364
2018-04-30,48,133.524,4197.272,4330.796
2018-05-01,1,121.194,4447.498,4568.692
2018-05-01,2,124.12,4472.19,4596.31
2018-05-01,3,163.876,4645.756,4809.632
2018-05-01,4,197.268,4757.624,4954.892
2018-05-01,5,253.366,4720.036,4973.402
2018-05-01,6,296.836,4459.128,4755.964
2018-05-01,7,362.002,4162.382,4524.384
2018-05-01,8,417.88,3898.4,4316.28
2018-05-01,9,495.934,3838.732,4334.666
2018-05-01,10,536.204,3882.642,4418.846
2018-05-01,11,564.176,3640.766,4204.942
2018-05-01,12,608.382,3325.498,3933.88
2018-05-01,13,625.258,3211.478,3836.736
2018-05-01,14,645.186,3289.896,3935.082
2018-05-01,15,629.028,3447,4076.028
2018-05-01,16,676.196,3334.948,4011.144
2018-05-01,17,887.88,3084.166,3972.046
2018-05-01,18,1188.646,2891.082,4079.728
2018-05-01,19,1594.354,2688.636,4282.99
2018-05-01,20,1969.168,2707.494,4676.662
2018-05-01,21,2451.916,2594.272,5046.188
2018-05-01,22,2930.768,2488.292,5419.06
2018-05-01,23,2865.198,2646.896,5512.094
2018-05-01,24,3046.034,2878.968,5925.002
2018-05-01,25,3498.162,3022.482,6520.644
2018-05-01,26,3392.54,3604.992,6997.532
2018-05-01,27,2945.504,3836.132,6781.636
2018-05-01,28,2995.676,4095.874,7091.55
2018-05-01,29,3021.406,4140.882,7162.288
2018-05-01,30,3061.624,4131.522,7193.146
2018-05-01,31,3029.046,4379.414,7408.46
2018-05-01,32,2925.576,4670.552,7596.128
2018-05-01,33,2824.508,5301.874,8126.382
2018-05-01,34,2801.214,5110.758,7911.972
2018-05-01,35,3006.192,5057.538,8063.73
2018-05-01,36,3047.986,5360.748,8408.734
2018-05-01,37,2965.862,5515.326,8481.188
2018-05-01,38,2843.308,5668.372,8511.68
2018-05-01,39,2741.962,5750.84,8492.802
2018-05-01,40,2867.806,5974.492,8842.298
2018-05-01,41,2946.436,6024.424,8970.86
2018-05-01,42,2964.154,6071.75,9035.904
2018-05-01,43,2940.13,6130.274,9070.404
2018-05-01,44,2875.84,6114.606,8990.446
2018-05-01,45,2956.092,6049.992,9006.084
2018-05-01,46,2891.546,6038.09,8929.636
2018-05-01,47,2616.556,5989.81,8606.366
2018-05-01,48,2321.178,6058.344,8379.522
2018-05-02,1,2252.5,6214.246,8466.746
2018-05-02,2,2144.128,6405.286,8549.414
2018-05-02,3,2058.61,6487.918,8546.528
2018-05-02,4,2166.996,6545.152,8712.148
2018-05-02,5,2334.46,6554.58,8889.04
2018-05-02,6,2321.496,6559.762,8881.258
2018-05-02,7,2197.984,6614.448,8812.432
2018-05-02,8,2078.396,6490.578,8568.974
2018-05-02,9,1791.886,6240.374,8032.26
2018-05-02,10,1619.1,5773.334,7392.434
2018-05-02,11,1517.912,5257.486,6775.398
2018-05-02,12,1550.624,5274.836,6825.46
2018-05-02,13,1686.844,5392.118,7078.962
2018-05-02,14,1901.892,5604.632,7506.524
2018-05-02,15,1889.822,5630.93,7520.752
2018-05-02,16,1887.022,5369.416,7256.438
2018-05-02,17,2158.08,5295.4,7453.48
2018-05-02,18,2383.06,5261.118,7644.178
2018-05-02,19,2480.686,5255.6,7736.286
2018-05-02,20,2544.43,5688.602,8233.032
2018-05-02,21,2647.082,5759.996,8407.078
2018-05-02,22,2671.8,5502.034,8173.834
2018-05-02,23,2673.39,5493.868,8167.258
2018-05-02,24,2676.802,5636.26,8313.062
2018-05-02,25,2643.576,5529.49,8173.066
2018-05-02,26,2573.174,5373.04,7946.214
2018-05-02,27,2506.73,5263.516,7770.246
2018-05-02,28,2376.576,5178.602,7555.178
2018-05-02,29,2324.882,4898.734,7223.616
2018-05-02,30,2586.196,5043.986,7630.182
2018-05-02,31,2512.03,4918.496,7430.526
2018-05-02,32,2594.32,4709.388,7303.708
2018-05-02,33,2631.458,4470.532,7101.99
2018-05-02,34,2955.402,4314.988,7270.39
2018-05-02,35,2908.82,4499.274,7408.094
2018-05-02,36,3076.62,4264.228,7340.848
2018-05-02,37,3124.038,3465.896,6589.934
2018-05-02,38,2986.884,3202.814,6189.698
2018-05-02,39,2771.616,2826.702,5598.318
2018-05-02,40,2519.596,2739.576,5259.172
2018-05-02,41,2300.682,2665.69,4966.372
2018-05-02,42,2057.778,2586.698,4644.476
2018-05-02,43,1852.586,2407.3,4259.886
2018-05-02,44,1841.864,2437.744,4279.608
2018-05-02,45,1967.236,2596.624,4563.86
2018-05-02,46,1960.772,2943.128,4903.9
2018-05-02,47,2010.676,3044.036,5054.712
2018-05-02,48,1824.37,2838.65,4663.02
2018-05-03,1,1742.392,2732.14,4474.532
2018-05-03,2,1748.132,2591.866,4339.998
2018-05-03,3,1775.432,2636.938,4412.37
2018-05-03,4,1754.232,2658.688,4412.92
2018-05-03,5,1826.106,2544.496,4370.602
2018-05-03,6,1791.538,2354.09,4145.628
2018-05-03,7,1661.1,2223.846,3884.946
2018-05-03,8,1532.882,2202.098,3734.98
2018-05-03,9,1417.656,1958.304,3375.96
2018-05-03,10,1424.736,1641.888,3066.624
2018-05-03,11,1404.966,1292.634,2697.6
2018-05-03,12,1350.452,1045.114,2395.566
2018-05-03,13,1395.064,932.804,2327.868
2018-05-03,14,1399.804,793.854,2193.658
2018-05-03,15,1368.444,789.524,2157.968
2018-05-03,16,1422.764,828.024,2250.788
2018-05-03,17,1560.818,872.4,2433.218
2018-05-03,18,1736.958,893.864,2630.822
2018-05-03,19,1825.116,867.282,2692.398
2018-05-03,20,1970.728,875.048,2845.776
2018-05-03,21,1948.962,862.526,2811.488
2018-05-03,22,2058.132,801.636,2859.768
2018-05-03,23,2131.332,789.718,2921.05
2018-05-03,24,2267.86,816.574,3084.434
2018-05-03,25,2434.814,1000.628,3435.442
2018-05-03,26,2607.874,1236.894,3844.768
2018-05-03,27,2625.674,1293.608,3919.282
2018-05-03,28,2631.852,1463.884,4095.736
2018-05-03,29,2859.8,1661.724,4521.524
2018-05-03,30,2833.31,2027.458,4860.768
2018-05-03,31,2868.014,1824.71,4692.724
2018-05-03,32,2927.796,1511.48,4439.276
2018-05-03,33,2997.65,1584.23,4581.88
2018-05-03,34,2894.166,1664.364,4558.53
2018-05-03,35,2732.488,1909.72,4642.208
2018-05-03,36,2883.794,2130.832,5014.626
2018-05-03,37,3004.32,2196.982,5201.302
2018-05-03,38,2880.568,2165.932,5046.5
2018-05-03,39,2760.206,2173.042,4933.248
2018-05-03,40,2582.358,2382.858,4965.216
2018-05-03,41,2420.256,2594.112,5014.368
2018-05-03,42,2171.524,2672.236,4843.76
2018-05-03,43,1885.048,2688.466,4573.514
2018-05-03,44,1722.078,2748.68,4470.758
2018-05-03,45,1634.38,2542.176,4176.556
2018-05-03,46,1384.084,2221.506,3605.59
2018-05-03,47,1327.162,2148.318,3475.48
2018-05-03,48,1537.918,2206.386,3744.304
2018-05-04,1,1499.972,2218.122,3718.094
2018-05-04,2,1540.286,2194.07,3734.356
2018-05-04,3,1389.238,2095.198,3484.436
2018-05-04,4,1356.002,2066.702,3422.704
2018-05-04,5,1324.998,2080.664,3405.662
2018-05-04,6,1407.61,2042.024,3449.634
2018-05-04,7,1467.896,1666.804,3134.7
2018-05-04,8,1494.178,1337.462,2831.64
2018-05-04,9,1497.372,1207.698,2705.07
2018-05-04,10,1568.276,1121.154,2689.43
2018-05-04,11,1529.252,984.754,2514.006
2018-05-04,12,1580.526,857.284,2437.81
2018-05-04,13,1716.07,799.98,2516.05
2018-05-04,14,1855.578,701.862,2557.44
2018-05-04,15,1839.046,687.46,2526.506
2018-05-04,16,1713.13,677.104,2390.234
2018-05-04,17,1651.462,668.984,2320.446
2018-05-04,18,1596.304,616.222,2212.526
2018-05-04,19,1611.71,583.776,2195.486
2018-05-04,20,1537.606,534.45,2072.056
2018-05-04,21,1502.074,457.856,1959.93
2018-05-04,22,1419.288,385.838,1805.126
2018-05-04,23,1325.97,331.322,1657.292
2018-05-04,24,1402.788,311.65,1714.438
2018-05-04,25,1492.222,331.556,1823.778
2018-05-04,26,1524.782,355.198,1879.98
2018-05-04,27,1580.184,373.554,1953.738
2018-05-04,28,1594.07,351.188,1945.258
2018-05-04,29,1572.99,343.098,1916.088
2018-05-04,30,1557.11,344.58,1901.69
2018-05-04,31,1702.17,337.41,2039.58
2018-05-04,32,1752.608,383.266,2135.874
2018-05-04,33,1838.506,451.83,2290.336
2018-05-04,34,1911.398,500.066,2411.464
2018-05-04,35,1740.568,597.06,2337.628
2018-05-04,36,1565.044,672.644,2237.688
2018-05-04,37,1498.11,722.392,2220.502
2018-05-04,38,1421.326,695.104,2116.43
2018-05-04,39,1317.674,663.776,1981.45
2018-05-04,40,1166.158,686.982,1853.14
2018-05-04,41,1140.432,665.302,1805.734
2018-05-04,42,1175.966,651.746,1827.712
2018-05-04,43,1154.56,679.99,1834.55
2018-05-04,44,1155.538,635.86,1791.398
2018-05-04,45,1196.492,633.622,1830.114
2018-05-04,46,1162.894,666.596,1829.49
2018-05-04,47,1097.794,710.384,1808.178
2018-05-04,48,1022.076,719.234,1741.31
2018-05-05,1,1045.824,702.594,1748.418
2018-05-05,2,992.224,583.018,1575.242
2018-05-05,3,990.922,587.678,1578.6
2018-05-05,4,1127.106,646.798,1773.904
2018-05-05,5,1242.18,697.2,1939.38
2018-05-05,6,1371.192,734.95,2106.142
2018-05-05,7,1422.614,764.232,2186.846
2018-05-05,8,1526.954,661.584,2188.538
2018-05-05,9,1792.218,641.544,2433.762
2018-05-05,10,1899.63,679.938,2579.568
2018-05-05,11,2003.934,625.42,2629.354
2018-05-05,12,1897.148,582.378,2479.526
2018-05-05,13,1883.502,536.95,2420.452
2018-05-05,14,1939.92,563.772,2503.692
2018-05-05,15,1914.102,542.706,2456.808
2018-05-05,16,1997.184,511.968,2509.152
2018-05-05,17,2065.718,503.352,2569.07
2018-05-05,18,2113.676,517.24,2630.916
2018-05-05,19,2089.576,500.836,2590.412
2018-05-05,20,2196.498,475.94,2672.438
2018-05-05,21,2213.706,428.544,2642.25
2018-05-05,22,2142.712,393.612,2536.324
2018-05-05,23,2116.688,378.616,2495.304
2018-05-05,24,2140.896,385.334,2526.23
2018-05-05,25,2208.426,432.292,2640.718
2018-05-05,26,2307.834,477.782,2785.616
2018-05-05,27,2340.564,525.918,2866.482
2018-05-05,28,2332.124,576.574,2908.698
2018-05-05,29,2454.36,642.356,3096.716
2018-05-05,30,2458.096,747.334,3205.43
2018-05-05,31,2323.338,852.13,3175.468
2018-05-05,32,2139.766,883.564,3023.33
2018-05-05,33,2183.436,974.954,3158.39
2018-05-05,34,2128.248,1105.41,3233.658
2018-05-05,35,1979.316,1138.444,3117.76
2018-05-05,36,1906.8,1205.458,3112.258
2018-05-05,37,1777.092,1294,3071.092
2018-05-05,38,1634.556,1196.152,2830.708
2018-05-05,39,1611.06,1127.812,2738.872
2018-05-05,40,1634.702,1118.514,2753.216
2018-05-05,41,1654.88,1121.218,2776.098
2018-05-05,42,1604.728,1117.192,2721.92
2018-05-05,43,1554.418,1052.306,2606.724
2018-05-05,44,1476.502,1028.19,2504.692
2018-05-05,45,1435.982,964.346,2400.328
2018-05-05,46,1311.128,964.334,2275.462
2018-05-05,47,1146.568,978.582,2125.15
2018-05-05,48,1032.258,937.408,1969.666
2018-05-06,1,944.12,843.642,1787.762
2018-05-06,2,838.206,743.554,1581.76
2018-05-06,3,777.784,653.17,1430.954
2018-05-06,4,679.202,594.812,1274.014
2018-05-06,5,582.14,452.136,1034.276
2018-05-06,6,440.038,355.362,795.4
2018-05-06,7,363.054,300.896,663.95
2018-05-06,8,340.186,239.684,579.87
2018-05-06,9,317.824,197.826,515.65
2018-05-06,10,302.258,178.566,480.824
2018-05-06,11,276.724,179.696,456.42
2018-05-06,12,293.954,204.74,498.694
2018-05-06,13,326.798,215.644,542.442
2018-05-06,14,295.594,202.016,497.61
2018-05-06,15,294.92,194.536,489.456
2018-05-06,16,333.004,201.054,534.058
2018-05-06,17,368.632,216.198,584.83
2018-05-06,18,426.106,196.196,622.302
2018-05-06,19,482.28,174.74,657.02
2018-05-06,20,466.3,174.096,640.396
2018-05-06,21,522.214,167.584,689.798
2018-05-06,22,628.922,202.238,831.16
2018-05-06,23,721.472,223.144,944.616
2018-05-06,24,843.98,251.522,1095.502
2018-05-06,25,979.24,280.604,1259.844
2018-05-06,26,1111.714,295.284,1406.998
2018-05-06,27,1347.556,326.928,1674.484
2018-05-06,28,1689.866,353.616,2043.482
2018-05-06,29,1912.08,426.008,2338.088
2018-05-06,30,1988.83,471.884,2460.714
2018-05-06,31,2215.168,537.648,2752.816
2018-05-06,32,2192.38,571.414,2763.794
2018-05-06,33,2144.174,626.252,2770.426
2018-05-06,34,2188.082,661.644,2849.726
2018-05-06,35,2149.516,700.48,2849.996
2018-05-06,36,2081.386,714.62,2796.006
2018-05-06,37,2052.962,640.638,2693.6
2018-05-06,38,1770.824,611.924,2382.748
2018-05-06,39,1691.672,530.006,2221.678
2018-05-06,40,1625.014,471.006,2096.02
2018-05-06,41,1521.322,467.56,1988.882
2018-05-06,42,1507.738,433.122,1940.86
2018-05-06,43,1405.65,400.804,1806.454
2018-05-06,44,1339.838,356.194,1696.032
2018-05-06,45,1230.536,322.888,1553.424
2018-05-06,46,1096.852,275.566,1372.418
2018-05-06,47,968.842,274.54,1243.382
2018-05-06,48,875.922,247.432,1123.354
2018-05-07,1,620.946,198.738,819.684
2018-05-07,2,484.814,184.8,669.614
2018-05-07,3,364.178,189.04,553.218
2018-05-07,4,288.8,184.438,473.238
2018-05-07,5,168.27,156.818,325.088
2018-05-07,6,129.96,150.336,280.296
2018-05-07,7,125.57,164.826,290.396
2018-05-07,8,115.294,130.666,245.96
2018-05-07,9,128.264,116.766,245.03
2018-05-07,10,137.786,114.444,252.23
2018-05-07,11,187.742,142.306,330.048
2018-05-07,12,286.016,167.1,453.116
2018-05-07,13,367.564,177.4,544.964
2018-05-07,14,409.4,172.22,581.62
2018-05-07,15,472.834,158.204,631.038
2018-05-07,16,540.18,161.088,701.268
2018-05-07,17,641.736,180.75,822.486
2018-05-07,18,695.676,195.68,891.356
2018-05-07,19,724.55,183.732,908.282
2018-05-07,20,877.76,163.386,1041.146
2018-05-07,21,1004.69,151.022,1155.712
2018-05-07,22,1104.898,145.444,1250.342
2018-05-07,23,1140.256,127.718,1267.974
2018-05-07,24,1317.086,91.788,1408.874
2018-05-07,25,1482.332,110.702,1593.034
2018-05-07,26,1609.526,123.384,1732.91
2018-05-07,27,1714.18,158.142,1872.322
2018-05-07,28,1814.442,205.896,2020.338
2018-05-07,29,1809.692,241.398,2051.09
2018-05-07,30,1781.678,319.124,2100.802
2018-05-07,31,1618.724,339.592,1958.316
2018-05-07,32,1573.848,321.236,1895.084
2018-05-07,33,1491.436,282.058,1773.494
2018-05-07,34,1465.646,264.202,1729.848
2018-05-07,35,1345.202,327.14,1672.342
2018-05-07,36,1104.038,393.268,1497.306
2018-05-07,37,928.294,461.076,1389.37
2018-05-07,38,874.864,490.11,1364.974
2018-05-07,39,831.58,491.122,1322.702
2018-05-07,40,776.25,483.65,1259.9
2018-05-07,41,703.13,518.876,1222.006
2018-05-07,42,724.284,533.652,1257.936
2018-05-07,43,814.88,517.864,1332.744
2018-05-07,44,913.578,515.57,1429.148
2018-05-07,45,930.848,488.37,1419.218
2018-05-07,46,986.708,468.788,1455.496
2018-05-07,47,1010.848,464.478,1475.326
2018-05-07,48,1008.566,516.37,1524.936
2018-05-08,1,1023.9,469.762,1493.662
2018-05-08,2,1050.85,448.61,1499.46
2018-05-08,3,1041.628,511.384,1553.012
2018-05-08,4,1013.614,589.298,1602.912
2018-05-08,5,1058.574,606.764,1665.338
2018-05-08,6,1137.55,603.102,1740.652
2018-05-08,7,1196.098,628.88,1824.978
2018-05-08,8,1295.776,631.656,1927.432
2018-05-08,9,1317.832,654.168,1972
2018-05-08,10,1279.084,705.2,1984.284
2018-05-08,11,1214.666,998.356,2213.022
2018-05-08,12,1165.024,1358.142,2523.166
2018-05-08,13,1175.534,1672.922,2848.456
2018-05-08,14,1171.56,1656.72,2828.28
2018-05-08,15,1201.71,1538.862,2740.572
2018-05-08,16,1306.176,1514.924,2821.1
2018-05-08,17,1379.07,1300.912,2679.982
2018-05-08,18,1282.722,1032.846,2315.568
2018-05-08,19,1363.044,801.608,2164.652
2018-05-08,20,1503.338,757.956,2261.294
2018-05-08,21,1463.214,754.794,2218.008
2018-05-08,22,1503.298,614.294,2117.592
2018-05-08,23,1597.884,546.316,2144.2
2018-05-08,24,1627.604,487.2,2114.804
2018-05-08,25,1518.206,506.272,2024.478
2018-05-08,26,1423.87,450.58,1874.45
2018-05-08,27,1295.85,563.454,1859.304
2018-05-08,28,1190.626,764.302,1954.928
2018-05-08,29,1162.736,1045.984,2208.72
2018-05-08,30,1091.722,1206.416,2298.138
2018-05-08,31,1129.854,1412.376,2542.23
2018-05-08,32,1226.34,1739.92,2966.26
2018-05-08,33,1292.314,2132.158,3424.472
2018-05-08,34,1297.06,1899.466,3196.526
2018-05-08,35,1090.168,1455.692,2545.86
2018-05-08,36,937.376,1186.854,2124.23
2018-05-08,37,934.666,1162.338,2097.004
2018-05-08,38,914.812,1333.538,2248.35
2018-05-08,39,996.192,1435.718,2431.91
2018-05-08,40,914.362,1563.67,2478.032
2018-05-08,41,907.482,1848.332,2755.814
2018-05-08,42,824.954,2058.14,2883.094
2018-05-08,43,676.584,2321.01,2997.594
2018-05-08,44,582.368,2165.064,2747.432
2018-05-08,45,573.608,1864.83,2438.438
2018-05-08,46,524.244,1860.45,2384.694
2018-05-08,47,524.448,1895.35,2419.798
2018-05-08,48,576.792,1784.884,2361.676
2018-05-09,1,604.838,1647.76,2252.598
2018-05-09,2,563.408,1398.772,1962.18
2018-05-09,3,519.494,1132.644,1652.138
2018-05-09,4,553.73,1110.048,1663.778
2018-05-09,5,532.54,919.402,1451.942
2018-05-09,6,557.444,747.46,1304.904
2018-05-09,7,647.096,692.418,1339.514
2018-05-09,8,740.114,725.738,1465.852
2018-05-09,9,809.98,848.488,1658.468
2018-05-09,10,931.092,734.42,1665.512
2018-05-09,11,947.244,574.822,1522.066
2018-05-09,12,1001.922,401.69,1403.612
2018-05-09,13,1120.814,403.05,1523.864
2018-05-09,14,1284.728,552.744,1837.472
2018-05-09,15,1501.794,707.154,2208.948
2018-05-09,16,1805.814,727.76,2533.574
2018-05-09,17,1958.022,735.81,2693.832
2018-05-09,18,2293.07,698.854,2991.924
2018-05-09,19,2505.7,723.804,3229.504
2018-05-09,20,2509.172,807.174,3316.346
2018-05-09,21,2664.504,997.148,3661.652
2018-05-09,22,2757.802,1130.28,3888.082
2018-05-09,23,2916.522,1154.412,4070.934
2018-05-09,24,3203.11,1148.082,4351.192
2018-05-09,25,3279.206,1325.234,4604.44
2018-05-09,26,3362.872,1411.53,4774.402
2018-05-09,27,3293.316,1597.97,4891.286
2018-05-09,28,3315.568,1653.392,4968.96
2018-05-09,29,3353.47,1516.338,4869.808
2018-05-09,30,3337.87,1694.688,5032.558
2018-05-09,31,3444.116,1747.93,5192.046
2018-05-09,32,3469.198,1969.91,5439.108
2018-05-09,33,3419.24,2057.448,5476.688
2018-05-09,34,3266.352,2059.46,5325.812
2018-05-09,35,3270.202,2029.112,5299.314
2018-05-09,36,3285.024,2053.108,5338.132
2018-05-09,37,3170.238,2118.998,5289.236
2018-05-09,38,2813.532,2250.09,5063.622
2018-05-09,39,2344.39,2209.078,4553.468
2018-05-09,40,2174.22,1860.034,4034.254
2018-05-09,41,2024.88,1677.122,3702.002
2018-05-09,42,1720.79,1672.556,3393.346
2018-05-09,43,1455.308,1519.64,2974.948
2018-05-09,44,1370.414,1566.858,2937.272
2018-05-09,45,1279.362,1408.324,2687.686
2018-05-09,46,1227.022,1411.368,2638.39
2018-05-09,47,1126.836,1614.648,2741.484
2018-05-09,48,1094.31,1861.934,2956.244
2018-05-10,1,1104.218,2070.484,3174.702
2018-05-10,2,1134.892,2241.462,3376.354
2018-05-10,3,1138.774,2519.758,3658.532
2018-05-10,4,1126.812,2497.566,3624.378
2018-05-10,5,1031.604,2464.072,3495.676
2018-05-10,6,1049.41,2376.552,3425.962
2018-05-10,7,1150.236,2264.186,3414.422
2018-05-10,8,1159.682,2324.19,3483.872
2018-05-10,9,1227.258,2359.624,3586.882
2018-05-10,10,1214.516,2593.376,3807.892
2018-05-10,11,1153.908,2918.624,4072.532
2018-05-10,12,1219.508,2952.082,4171.59
2018-05-10,13,1179.854,2799.614,3979.468
2018-05-10,14,1194.472,2842.138,4036.61
2018-05-10,15,1236.396,2631.828,3868.224
2018-05-10,16,1325.606,2430.294,3755.9
2018-05-10,17,1595.678,2227.684,3823.362
2018-05-10,18,1597.83,2202.142,3799.972
2018-05-10,19,1767.662,2447.726,4215.388
2018-05-10,20,1885.506,2442.5,4328.006
2018-05-10,21,1924.786,2354.806,4279.592
2018-05-10,22,1964.176,2330.778,4294.954
2018-05-10,23,2003.586,2306.752,4310.338
2018-05-10,24,2042.982,2282.722,4325.704
2018-05-10,25,2129.598,2224.92,4354.518
2018-05-10,26,2193.326,2069.864,4263.19
2018-05-10,27,2179.406,1855.688,4035.094
2018-05-10,28,2147.498,1799.194,3946.692
2018-05-10,29,2119.484,1609.266,3728.75
2018-05-10,30,2030.372,1378.282,3408.654
2018-05-10,31,1877.678,1232.718,3110.396
2018-05-10,32,1687.29,1029.848,2717.138
2018-05-10,33,1507.798,897.084,2404.882
2018-05-10,34,1385.492,790.812,2176.304
2018-05-10,35,1390.71,781.328,2172.038
2018-05-10,36,1315.792,706.42,2022.212
2018-05-10,37,1162.694,610.596,1773.29
2018-05-10,38,1133.462,605.85,1739.312
2018-05-10,39,1062.432,572.494,1634.926
2018-05-10,40,999.868,542.264,1542.132
2018-05-10,41,1040.934,533.542,1574.476
2018-05-10,42,1039.262,546.962,1586.224
2018-05-10,43,1062.596,550.086,1612.682
2018-05-10,44,1052.294,635.01,1687.304
2018-05-10,45,1071.714,736.98,1808.694
2018-05-10,46,1075.276,906.72,1981.996
2018-05-10,47,1075.916,1110.962,2186.878
2018-05-10,48,1154.288,1366.166,2520.454
2018-05-11,1,1323.042,1481.52,2804.562
2018-05-11,2,1575.126,1553.454,3128.58
2018-05-11,3,1780.05,1661.752,3441.802
2018-05-11,4,1904.11,1785.624,3689.734
2018-05-11,5,1922.446,1981.792,3904.238
2018-05-11,6,2025.412,2049.15,4074.562
2018-05-11,7,2030.692,2268.536,4299.228
2018-05-11,8,2070.488,2471.008,4541.496
2018-05-11,9,2219.872,2525.798,4745.67
2018-05-11,10,2362.656,2654.756,5017.412
2018-05-11,11,2479.342,2759.432,5238.774
2018-05-11,12,2604.434,2899.588,5504.022
2018-05-11,13,2750.842,2995.066,5745.908
2018-05-11,14,2883.784,3081.682,5965.466
2018-05-11,15,3037.198,3255.9,6293.098
2018-05-11,16,3024.61,3472.668,6497.278
2018-05-11,17,2985.89,3867.31,6853.2
2018-05-11,18,3149.318,3945.224,7094.542
2018-05-11,19,3133.644,3826.916,6960.56
2018-05-11,20,3306.876,3619.462,6926.338
2018-05-11,21,3270.28,3546.862,6817.142
2018-05-11,22,3479.944,3578.734,7058.678
2018-05-11,23,3539.838,3618.48,7158.318
2018-05-11,24,3476.53,3670.848,7147.378
2018-05-11,25,3432.226,3735.712,7167.938
2018-05-11,26,3597.138,3824.9,7422.038
2018-05-11,27,3595.072,3870.386,7465.458
2018-05-11,28,3634.414,3948.522,7582.936
2018-05-11,29,3804.588,3965.908,7770.496
2018-05-11,30,3839.982,4062.836,7902.818
2018-05-11,31,3753.492,4275.754,8029.246
2018-05-11,32,3749.826,4481.552,8231.378
2018-05-11,33,3788.326,4425.262,8213.588
2018-05-11,34,3763.392,4255.892,8019.284
2018-05-11,35,3711.642,4037.854,7749.496
2018-05-11,36,3339.08,3737.004,7076.084
2018-05-11,37,3125.898,3151.454,6277.352
2018-05-11,38,2985.39,3177.506,6162.896
2018-05-11,39,2639.344,3108.668,5748.012
2018-05-11,40,2213.478,2740.404,4953.882
2018-05-11,41,1993.99,2648.758,4642.748
2018-05-11,42,1735.282,2745.434,4480.716
2018-05-11,43,1546.912,2887.838,4434.75
2018-05-11,44,1443.36,2704.574,4147.934
2018-05-11,45,1198.892,2641.87,3840.762
2018-05-11,46,958.934,2404.496,3363.43
2018-05-11,47,853.19,2275.476,3128.666
2018-05-11,48,816.39,2216.516,3032.906
2018-05-12,1,682.336,2416.586,3098.922
2018-05-12,2,639.81,2685.952,3325.762
2018-05-12,3,698.876,2899.412,3598.288
2018-05-12,4,529.046,2900.642,3429.688
2018-05-12,5,423.124,2766.902,3190.026
2018-05-12,6,400.092,2682.504,3082.596
2018-05-12,7,403.614,2193.716,2597.33
2018-05-12,8,384.68,1731.032,2115.712
2018-05-12,9,324.14,1475.866,1800.006
2018-05-12,10,281.188,1089.66,1370.848
2018-05-12,11,249.346,732.714,982.06
2018-05-12,12,214.6,635.65,850.25
2018-05-12,13,187.224,535.454,722.678
2018-05-12,14,173.51,446.85,620.36
2018-05-12,15,160.726,377.922,538.648
2018-05-12,16,121.754,291.776,413.53
2018-05-12,17,58.994,164.406,223.4
2018-05-12,18,61.006,109.216,170.222
2018-05-12,19,64.394,84.182,148.576
2018-05-12,20,64,85.086,149.086
2018-05-12,21,66.428,86.552,152.98
2018-05-12,22,72.894,89.036,161.93
2018-05-12,23,85.114,83.95,169.064
2018-05-12,24,81.434,91.68,173.114
2018-05-12,25,75.536,134.712,210.248
2018-05-12,26,79.968,99.352,179.32
2018-05-12,27,124.044,91.136,215.18
2018-05-12,28,148.3,88.188,236.488
2018-05-12,29,158.196,93,251.196
2018-05-12,30,158.358,101.686,260.044
2018-05-12,31,189.428,97.878,287.306
2018-05-12,32,201.606,107.356,308.962
2018-05-12,33,246.612,153.658,400.27
2018-05-12,34,257.314,227.24,484.554
2018-05-12,35,281.826,341.344,623.17
2018-05-12,36,288.922,449.116,738.038
2018-05-12,37,295.926,567.336,863.262
2018-05-12,38,265.31,774.468,1039.778
2018-05-12,39,238.368,857.414,1095.782
2018-05-12,40,236.084,894.7,1130.784
2018-05-12,41,228.924,1042.488,1271.412
2018-05-12,42,270.138,1097.144,1367.282
2018-05-12,43,283.012,965.872,1248.884
2018-05-12,44,260.098,998.618,1258.716
2018-05-12,45,187.854,1016.248,1204.102
2018-05-12,46,161.644,803.104,964.748
2018-05-12,47,154.186,759.96,914.146
2018-05-12,48,167.956,743.934,911.89
2018-05-13,1,155.398,716.438,871.836
2018-05-13,2,129.372,808.208,937.58
2018-05-13,3,143.712,934.744,1078.456
2018-05-13,4,134.78,1219.692,1354.472
2018-05-13,5,147.11,1314.484,1461.594
2018-05-13,6,167.844,1133.882,1301.726
2018-05-13,7,151.092,1002.356,1153.448
2018-05-13,8,160.774,946.312,1107.086
2018-05-13,9,168.87,848.48,1017.35
2018-05-13,10,165.466,851.292,1016.758
2018-05-13,11,148.492,941.382,1089.874
2018-05-13,12,117.834,1102.242,1220.076
2018-05-13,13,85.718,942.744,1028.462
2018-05-13,14,72.668,897.768,970.436
2018-05-13,15,55.04,898.796,953.836
2018-05-13,16,49.124,893.36,942.484
2018-05-13,17,52.318,824.018,876.336
2018-05-13,18,54.074,778.034,832.108
2018-05-13,19,58.552,642.858,701.41
2018-05-13,20,67.054,529.292,596.346
2018-05-13,21,63.742,450.644,514.386
2018-05-13,22,61.816,426.69,488.506
2018-05-13,23,102.434,390.084,492.518
2018-05-13,24,150.66,333,483.66
2018-05-13,25,203.724,249.328,453.052
2018-05-13,26,240.48,269.696,510.176
2018-05-13,27,266.136,327.614,593.75
2018-05-13,28,281.916,348.698,630.614
2018-05-13,29,326.468,367.698,694.166
2018-05-13,30,424.774,421.502,846.276
2018-05-13,31,531.532,430.072,961.604
2018-05-13,32,662.546,443.754,1106.3
2018-05-13,33,819.832,431.78,1251.612
2018-05-13,34,894.298,409.352,1303.65
2018-05-13,35,974.084,400.028,1374.112
2018-05-13,36,1007.32,395.91,1403.23
2018-05-13,37,946.498,396.984,1343.482
2018-05-13,38,897.456,403.132,1300.588
2018-05-13,39,771.492,410.626,1182.118
2018-05-13,40,675.732,397.57,1073.302
2018-05-13,41,616.494,421.244,1037.738
2018-05-13,42,566.454,435.794,1002.248
2018-05-13,43,548.106,429.736,977.842
2018-05-13,44,503.158,400.708,903.866
2018-05-13,45,428.924,399.71,828.634
2018-05-13,46,379.728,426.456,806.184
2018-05-13,47,325.074,399.192,724.266
2018-05-13,48,267.904,480.53,748.434
2018-05-14,1,242.606,555.342,797.948
2018-05-14,2,240.404,643.382,883.786
2018-05-14,3,233.432,818.758,1052.19
2018-05-14,4,221.016,1062.744,1283.76
2018-05-14,5,211.978,1379.164,1591.142
2018-05-14,6,209.24,1746.656,1955.896
2018-05-14,7,195.456,2131.364,2326.82
2018-05-14,8,192.852,2400.862,2593.714
2018-05-14,9,202.49,2739.658,2942.148
2018-05-14,10,200.206,2975.8,3176.006
2018-05-14,11,214.838,3076.474,3291.312
2018-05-14,12,246.808,3219.452,3466.26
2018-05-14,13,239.89,3385.852,3625.742
2018-05-14,14,216.956,3391.008,3607.964
2018-05-14,15,185.67,3330.238,3515.908
2018-05-14,16,175.568,3434.3,3609.868
2018-05-14,17,164.882,3469.266,3634.148
2018-05-14,18,183.164,3475.1,3658.264
2018-05-14,19,217.604,3546.538,3764.142
2018-05-14,20,258.234,3551.54,3809.774
2018-05-14,21,294.664,3521.156,3815.82
2018-05-14,22,325.224,3417.368,3742.592
2018-05-14,23,357.528,3352.828,3710.356
2018-05-14,24,341.87,3417.86,3759.73
2018-05-14,25,356.406,3451.302,3807.708
2018-05-14,26,350.834,3386.324,3737.158
2018-05-14,27,353.284,3301.396,3654.68
2018-05-14,28,352.126,3170.336,3522.462
2018-05-14,29,352.572,3158.068,3510.64
2018-05-14,30,356.54,3251.354,3607.894
2018-05-14,31,373.542,3266.038,3639.58
2018-05-14,32,392.204,3267.694,3659.898
2018-05-14,33,430.012,3223.388,3653.4
2018-05-14,34,444.578,3307.024,3751.602
2018-05-14,35,465.206,3395.498,3860.704
2018-05-14,36,479.354,3552.534,4031.888
2018-05-14,37,418.618,3622.826,4041.444
2018-05-14,38,370.656,3671.184,4041.84
2018-05-14,39,321.432,3588.314,3909.746
2018-05-14,40,291.698,3439.432,3731.13
2018-05-14,41,289.976,3280.762,3570.738
2018-05-14,42,259.238,3011.778,3271.016
2018-05-14,43,216.07,2803.86,3019.93
2018-05-14,44,211.28,2671.09,2882.37
2018-05-14,45,198.294,2614.522,2812.816
2018-05-14,46,180.03,2574.096,2754.126
2018-05-14,47,169.172,2394.748,2563.92
2018-05-14,48,147.812,2333.22,2481.032
2018-05-15,1,129.896,2318.54,2448.436
2018-05-15,2,113.02,2319.806,2432.826
2018-05-15,3,115.888,2240.118,2356.006
2018-05-15,4,107.62,2151.408,2259.028
2018-05-15,5,115.824,2105.914,2221.738
2018-05-15,6,156.318,2035.972,2192.29
2018-05-15,7,226.304,2050.85,2277.154
2018-05-15,8,240.246,1978.928,2219.174
2018-05-15,9,237.33,1995.788,2233.118
2018-05-15,10,225.902,2032.192,2258.094
2018-05-15,11,214.398,1970.716,2185.114
2018-05-15,12,200.646,1968.864,2169.51
2018-05-15,13,189.948,1994.038,2183.986
2018-05-15,14,199.69,1981.284,2180.974
2018-05-15,15,190.2,1972.054,2162.254
2018-05-15,16,207.826,1928.306,2136.132
2018-05-15,17,237.968,1834.9,2072.868
2018-05-15,18,272.014,1722.232,1994.246
2018-05-15,19,355.202,1621.944,1977.146
2018-05-15,20,409.376,1474.81,1884.186
2018-05-15,21,465.598,1445.202,1910.8
2018-05-15,22,571.312,1418.502,1989.814
2018-05-15,23,614.828,1315.952,1930.78
2018-05-15,24,716.85,1252.584,1969.434
2018-05-15,25,834.622,1174.19,2008.812
2018-05-15,26,902.594,1190.446,2093.04
2018-05-15,27,959.352,1239.644,2198.996
2018-05-15,28,999.946,1289.506,2289.452
2018-05-15,29,1044.676,1230.54,2275.216
2018-05-15,30,1132.21,1194.29,2326.5
2018-05-15,31,1202.508,1202.732,2405.24
2018-05-15,32,1361.444,1190.624,2552.068
2018-05-15,33,1567.5,1192.698,2760.198
2018-05-15,34,1765.318,1162.294,2927.612
2018-05-15,35,1935.336,1158.44,3093.776
2018-05-15,36,2044.21,1194.066,3238.276
2018-05-15,37,2212.702,1491.072,3703.774
2018-05-15,38,2289.442,1968.386,4257.828
2018-05-15,39,2366.174,2447.412,4813.586
2018-05-15,40,2212.206,2858.702,5070.908
2018-05-15,41,2113,3105.564,5218.564
2018-05-15,42,2194.826,3356.998,5551.824
2018-05-15,43,2172.732,3514.808,5687.54
2018-05-15,44,2199.786,3598.288,5798.074
2018-05-15,45,2205.178,3707.23,5912.408
2018-05-15,46,2117.004,3767.61,5884.614
2018-05-15,47,1971.61,3789.27,5760.88
2018-05-15,48,1871.9,3808.274,5680.174
2018-05-16,1,1737.366,3929.912,5667.278
2018-05-16,2,1692.204,3859.138,5551.342
2018-05-16,3,1669.292,3732.83,5402.122
2018-05-16,4,1665.428,3856.342,5521.77
2018-05-16,5,1546.886,3971.666,5518.552
2018-05-16,6,1402.968,4184.184,5587.152
2018-05-16,7,1268.952,4528.116,5797.068
2018-05-16,8,1120.8,4651.474,5772.274
2018-05-16,9,1046.478,4656.218,5702.696
2018-05-16,10,974.124,4804.522,5778.646
2018-05-16,11,954.066,4876.652,5830.718
2018-05-16,12,873.244,4839.22,5712.464
2018-05-16,13,794.336,4725.462,5519.798
2018-05-16,14,738.164,4713.22,5451.384
2018-05-16,15,703.144,4788.21,5491.354
2018-05-16,16,696.808,4741.594,5438.402
2018-05-16,17,701.096,4601.502,5302.598
2018-05-16,18,687.694,4516.4,5204.094
2018-05-16,19,642.83,4443.704,5086.534
2018-05-16,20,569.114,4363.936,4933.05
2018-05-16,21,481.054,4280.032,4761.086
2018-05-16,22,399.388,4197.224,4596.612
2018-05-16,23,347.006,4107.856,4454.862
2018-05-16,24,328.584,3981.416,4310
2018-05-16,25,331.866,3911.516,4243.382
2018-05-16,26,328.93,3867.302,4196.232
2018-05-16,27,341.722,3888.17,4229.892
2018-05-16,28,358.73,3875.37,4234.1
2018-05-16,29,394.178,3908.278,4302.456
2018-05-16,30,397.484,3917.04,4314.524
2018-05-16,31,418.814,3893.9,4312.714
2018-05-16,32,389.368,3855.836,4245.204
2018-05-16,33,360.424,3855.666,4216.09
2018-05-16,34,348.01,3936.934,4284.944
2018-05-16,35,396.278,3932.8,4329.078
2018-05-16,36,403.218,3948.906,4352.124
2018-05-16,37,399.296,4022.666,4421.962
2018-05-16,38,347.994,4027.572,4375.566
2018-05-16,39,316.52,4101.466,4417.986
2018-05-16,40,280.728,4083.708,4364.436
2018-05-16,41,288.272,4035.828,4324.1
2018-05-16,42,275.906,4101.792,4377.698
2018-05-16,43,243.056,4126.572,4369.628
2018-05-16,44,209.622,4130.428,4340.05
2018-05-16,45,213.04,3961.21,4174.25
2018-05-16,46,212.952,3790.258,4003.21
2018-05-16,47,172.16,3650.044,3822.204
2018-05-16,48,150.23,3635.418,3785.648
2018-05-17,1,134.02,3627.974,3761.994
2018-05-17,2,131.338,3578.992,3710.33
2018-05-17,3,137.732,3503.668,3641.4
2018-05-17,4,154.296,3399.75,3554.046
2018-05-17,5,174.244,3286.858,3461.102
2018-05-17,6,179.506,3198.786,3378.292
2018-05-17,7,175.48,3127.03,3302.51
2018-05-17,8,161.13,3068.746,3229.876
2018-05-17,9,156.066,3099.826,3255.892
2018-05-17,10,141.38,3100.558,3241.938
2018-05-17,11,142.136,3126.836,3268.972
2018-05-17,12,134.346,3148.378,3282.724
2018-05-17,13,114.228,3049.054,3163.282
2018-05-17,14,103.17,2941.826,3044.996
2018-05-17,15,82.844,2887.21,2970.054
2018-05-17,16,63.304,2846.628,2909.932
2018-05-17,17,49.794,2760.872,2810.666
2018-05-17,18,49.512,2646.626,2696.138
2018-05-17,19,40.432,2475.162,2515.594
2018-05-17,20,41.974,2383.694,2425.668
2018-05-17,21,41.422,2328.864,2370.286
2018-05-17,22,39.78,2273.44,2313.22
2018-05-17,23,39.198,2203.75,2242.948
2018-05-17,24,42.426,2035.424,2077.85
2018-05-17,25,45.996,1969.75,2015.746
2018-05-17,26,48.74,1826.894,1875.634
2018-05-17,27,57.666,1769.918,1827.584
2018-05-17,28,72.308,1773.566,1845.874
2018-05-17,29,82.892,1824.442,1907.334
2018-05-17,30,104.542,1883.862,1988.404
2018-05-17,31,124.128,1958.406,2082.534
2018-05-17,32,109.406,2023.73,2133.136
2018-05-17,33,118.506,2129.338,2247.844
2018-05-17,34,131.296,2154.674,2285.97
2018-05-17,35,137.012,2148.692,2285.704
2018-05-17,36,134.846,2163.588,2298.434
2018-05-17,37,151.432,2217.906,2369.338
2018-05-17,38,160.18,2131.552,2291.732
2018-05-17,39,177.258,2012.544,2189.802
2018-05-17,40,206.874,1949.332,2156.206
2018-05-17,41,244.988,1819.922,2064.91
2018-05-17,42,247.714,1684.162,1931.876
2018-05-17,43,242.036,1566.918,1808.954
2018-05-17,44,269.148,1450.92,1720.068
2018-05-17,45,287.236,1378.018,1665.254
2018-05-17,46,251.148,1335.488,1586.636
2018-05-17,47,193.216,1322.304,1515.52
2018-05-17,48,182.226,1258.044,1440.27
2018-05-18,1,150.126,1216.134,1366.26
2018-05-18,2,137.334,1233.218,1370.552
2018-05-18,3,127.974,1186.718,1314.692
2018-05-18,4,139.664,1134.808,1274.472
2018-05-18,5,165.438,1107.666,1273.104
2018-05-18,6,203.94,1076.518,1280.458
2018-05-18,7,201.41,1053.506,1254.916
2018-05-18,8,232.22,1013.644,1245.864
2018-05-18,9,253.096,936.866,1189.962
2018-05-18,10,277.29,844.086,1121.376
2018-05-18,11,292.386,780.568,1072.954
2018-05-18,12,294.29,792.818,1087.108
2018-05-18,13,285.788,767.914,1053.702
2018-05-18,14,284.998,599.512,884.51
2018-05-18,15,286.02,509.646,795.666
2018-05-18,16,279.772,459.09,738.862
2018-05-18,17,315.626,444.674,760.3
2018-05-18,18,331.884,410.618,742.502
2018-05-18,19,332.288,358.286,690.574
2018-05-18,20,318.852,333.68,652.532
2018-05-18,21,305.73,304.776,610.506
2018-05-18,22,269.68,281.248,550.928
2018-05-18,23,263.73,249.262,512.992
2018-05-18,24,252.514,239.598,492.112
2018-05-18,25,262.674,207.084,469.758
2018-05-18,26,270.68,198.31,468.99
2018-05-18,27,280.01,185.058,465.068
2018-05-18,28,316.9,193.034,509.934
2018-05-18,29,353.18,192.692,545.872
2018-05-18,30,374.636,190.526,565.162
2018-05-18,31,369.436,188.712,558.148
2018-05-18,32,376.674,178.434,555.108
2018-05-18,33,387.218,167.948,555.166
2018-05-18,34,408.972,171.444,580.416
2018-05-18,35,422.392,165.892,588.284
2018-05-18,36,383.068,153.06,536.128
2018-05-18,37,347.022,145.5,492.522
2018-05-18,38,295.62,142.508,438.128
2018-05-18,39,275.158,143.624,418.782
2018-05-18,40,261.58,144.966,406.546
2018-05-18,41,239.256,145.052,384.308
2018-05-18,42,199.756,144.942,344.698
2018-05-18,43,183.808,137.38,321.188
2018-05-18,44,192.454,135.172,327.626
2018-05-18,45,188.398,132.846,321.244
2018-05-18,46,183.186,131.99,315.176
2018-05-18,47,180.742,132.046,312.788
2018-05-18,48,178.24,132.84,311.08
2018-05-19,1,189.292,133.632,322.924
2018-05-19,2,185.782,132.212,317.994
2018-05-19,3,187.476,132.278,319.754
2018-05-19,4,201.312,131.884,333.196
2018-05-19,5,205.388,131.872,337.26
2018-05-19,6,189.682,132.302,321.984
2018-05-19,7,209.054,135.72,344.774
2018-05-19,8,218.952,133.378,352.33
2018-05-19,9,223.258,139.532,362.79
2018-05-19,10,243.972,150.95,394.922
2018-05-19,11,254.296,146.962,401.258
2018-05-19,12,294.1,143.98,438.08
2018-05-19,13,296.934,138.948,435.882
2018-05-19,14,342.968,134.208,477.176
2018-05-19,15,371.9,132.474,504.374
2018-05-19,16,425.966,133.91,559.876
2018-05-19,17,519.692,132.786,652.478
2018-05-19,18,723.404,133.238,856.642
2018-05-19,19,923.936,139.478,1063.414
2018-05-19,20,1083.426,150.106,1233.532
2018-05-19,21,1177.158,152.852,1330.01
2018-05-19,22,1281.016,159.034,1440.05
2018-05-19,23,1403.422,165.338,1568.76
2018-05-19,24,1528.212,176.246,1704.458
2018-05-19,25,1749.312,209.628,1958.94
2018-05-19,26,1935.446,256.806,2192.252
2018-05-19,27,2136.894,246.806,2383.7
2018-05-19,28,2323.84,257.38,2581.22
2018-05-19,29,2595.084,313.58,2908.664
2018-05-19,30,2806.314,311.504,3117.818
2018-05-19,31,3001.17,294.302,3295.472
2018-05-19,32,3060.378,276.162,3336.54
2018-05-19,33,2977.108,301.786,3278.894
2018-05-19,34,2833.992,328.596,3162.588
2018-05-19,35,2726.904,372.152,3099.056
2018-05-19,36,2689.614,395.394,3085.008
2018-05-19,37,2626.018,425.422,3051.44
2018-05-19,38,2544.954,446.84,2991.794
2018-05-19,39,2412.576,490.772,2903.348
2018-05-19,40,2524.76,515.886,3040.646
2018-05-19,41,2557.762,556.336,3114.098
2018-05-19,42,2621.21,650.14,3271.35
2018-05-19,43,2653.45,703.094,3356.544
2018-05-19,44,2668.32,705.084,3373.404
2018-05-19,45,2740.502,745.462,3485.964
2018-05-19,46,2810.74,794.128,3604.868
2018-05-19,47,2820.288,818.79,3639.078
2018-05-19,48,2820.754,823.898,3644.652
2018-05-20,1,2899.16,874.416,3773.576
2018-05-20,2,2903.818,881.43,3785.248
2018-05-20,3,2797.726,913.54,3711.266
2018-05-20,4,2829.554,918.906,3748.46
2018-05-20,5,2762.214,901.092,3663.306
2018-05-20,6,2749.014,932.344,3681.358
2018-05-20,7,2581.2,897.054,3478.254
2018-05-20,8,2411.428,801.45,3212.878
2018-05-20,9,2480.364,728.676,3209.04
2018-05-20,10,2723.03,629.778,3352.808
2018-05-20,11,2726.432,559.85,3286.282
2018-05-20,12,2693.182,576.734,3269.916
2018-05-20,13,2759.372,619.924,3379.296
2018-05-20,14,2889.328,659.314,3548.642
2018-05-20,15,2852.978,672.804,3525.782
2018-05-20,16,2713.504,708.79,3422.294
2018-05-20,17,2722.344,727.694,3450.038
2018-05-20,18,2858.302,733.906,3592.208
2018-05-20,19,2968.422,733.104,3701.526
2018-05-20,20,2981.964,680.352,3662.316
2018-05-20,21,2918.022,602.228,3520.25
2018-05-20,22,2820.072,586.514,3406.586
2018-05-20,23,2795.276,596.818,3392.094
2018-05-20,24,2822.58,555.328,3377.908
2018-05-20,25,2817.406,512.278,3329.684
2018-05-20,26,2496.806,517.732,3014.538
2018-05-20,27,2497.944,516.672,3014.616
2018-05-20,28,2581.15,480.076,3061.226
2018-05-20,29,2488.714,492.52,2981.234
2018-05-20,30,2557.37,509.218,3066.588
2018-05-20,31,2922.176,534.148,3456.324
2018-05-20,32,3050.85,647.226,3698.076
2018-05-20,33,3027.786,630.43,3658.216
2018-05-20,34,2806.262,680.272,3486.534
2018-05-20,35,2567.202,687.882,3255.084
2018-05-20,36,2341.256,721.06,3062.316
2018-05-20,37,2093.822,748.052,2841.874
2018-05-20,38,1899.132,752.84,2651.972
2018-05-20,39,1754.078,736.654,2490.732
2018-05-20,40,1611.84,773.24,2385.08
2018-05-20,41,1352.056,790.1,2142.156
2018-05-20,42,1242.234,867.344,2109.578
2018-05-20,43,1178.26,875.7,2053.96
2018-05-20,44,1162.882,748.854,1911.736
2018-05-20,45,1146.398,666.264,1812.662
2018-05-20,46,1077.878,587.796,1665.674
2018-05-20,47,903.468,532.694,1436.162
2018-05-20,48,873.51,525.086,1398.596
2018-05-21,1,843.89,524.938,1368.828
2018-05-21,2,860.588,550.934,1411.522
2018-05-21,3,894.858,529.484,1424.342
2018-05-21,4,875.676,502.544,1378.22
2018-05-21,5,852.75,487.694,1340.444
2018-05-21,6,924.954,429.622,1354.576
2018-05-21,7,924.524,414.294,1338.818
2018-05-21,8,948.308,403.812,1352.12
2018-05-21,9,971.142,370.656,1341.798
2018-05-21,10,950.686,388.306,1338.992
2018-05-21,11,906.036,398.086,1304.122
2018-05-21,12,936.81,458.396,1395.206
2018-05-21,13,830.354,438.976,1269.33
2018-05-21,14,761.408,426.556,1187.964
2018-05-21,15,749.668,388.408,1138.076
2018-05-21,16,699.228,377.758,1076.986
2018-05-21,17,652.552,350.084,1002.636
2018-05-21,18,618.044,324.952,942.996
2018-05-21,19,654.414,305.706,960.12
2018-05-21,20,689.97,326.142,1016.112
2018-05-21,21,668.324,360.11,1028.434
2018-05-21,22,642.79,378.426,1021.216
2018-05-21,23,689.762,451.702,1141.464
2018-05-21,24,703.182,457.796,1160.978
2018-05-21,25,666.306,440.04,1106.346
2018-05-21,26,623.86,464.492,1088.352
2018-05-21,27,628.976,446.742,1075.718
2018-05-21,28,599.448,463.85,1063.298
2018-05-21,29,602.806,542.454,1145.26
2018-05-21,30,669.78,620.414,1290.194
2018-05-21,31,677.38,763.592,1440.972
2018-05-21,32,708.338,1030.964,1739.302
2018-05-21,33,757.666,1420.632,2178.298
2018-05-21,34,718.804,1710.972,2429.776
2018-05-21,35,781.52,2023.85,2805.37
2018-05-21,36,858.934,2067.702,2926.636
2018-05-21,37,961.366,2167.762,3129.128
2018-05-21,38,1011.542,2187.822,3199.364
2018-05-21,39,1019.96,2124.646,3144.606
2018-05-21,40,1037.588,2107.55,3145.138
2018-05-21,41,1024.816,2127.874,3152.69
2018-05-21,42,1069.028,2093.114,3162.142
2018-05-21,43,1047.448,2050.104,3097.552
2018-05-21,44,1143.946,2206.902,3350.848
2018-05-21,45,1187.272,2200.91,3388.182
2018-05-21,46,1180.858,2161.652,3342.51
2018-05-21,47,1174.294,1995.39,3169.684
2018-05-21,48,1230.456,1902.904,3133.36
2018-05-22,1,1330.936,1905.734,3236.67
2018-05-22,2,1376.102,2010.238,3386.34
2018-05-22,3,1495.826,2029.202,3525.028
2018-05-22,4,1705.084,2127.808,3832.892
2018-05-22,5,1766.348,2195.1,3961.448
2018-05-22,6,1780.718,2272.778,4053.496
2018-05-22,7,1885.2,2300.5,4185.7
2018-05-22,8,2033.862,2314.118,4347.98
2018-05-22,9,2067.72,2216.226,4283.946
2018-05-22,10,2119.378,2081.232,4200.61
2018-05-22,11,2141.964,2005.93,4147.894
2018-05-22,12,2147.864,1931.166,4079.03
2018-05-22,13,2044.392,1954.788,3999.18
2018-05-22,14,2010.722,1938.168,3948.89
2018-05-22,15,2046.36,1898.618,3944.978
2018-05-22,16,2137.356,1723.47,3860.826
2018-05-22,17,2154.128,1788.768,3942.896
2018-05-22,18,1987.876,2027.622,4015.498
2018-05-22,19,1837.506,2114.15,3951.656
2018-05-22,20,1760.798,2144.208,3905.006
2018-05-22,21,1689.45,2066.098,3755.548
2018-05-22,22,1632.392,2045.262,3677.654
2018-05-22,23,1591.368,2114.348,3705.716
2018-05-22,24,1550.096,2180.028,3730.124
2018-05-22,25,1529.68,2177.79,3707.47
2018-05-22,26,1443.792,2244.07,3687.862
2018-05-22,27,1320.184,2360.054,3680.238
2018-05-22,28,1184.064,2570.948,3755.012
2018-05-22,29,1053.48,2782.706,3836.186
2018-05-22,30,989.496,3013.85,4003.346
2018-05-22,31,944.046,3151.384,4095.43
2018-05-22,32,893.476,3269.64,4163.116
2018-05-22,33,908,3396.844,4304.844
2018-05-22,34,913.32,3475.476,4388.796
2018-05-22,35,888.112,3592.16,4480.272
2018-05-22,36,891.196,3720.708,4611.904
2018-05-22,37,903.182,3768.176,4671.358
2018-05-22,38,905.022,3743.896,4648.918
2018-05-22,39,865.294,3721.994,4587.288
2018-05-22,40,779.788,3573.574,4353.362
2018-05-22,41,738.852,3299.11,4037.962
2018-05-22,42,691.594,3258.444,3950.038
2018-05-22,43,713.692,3536.896,4250.588
2018-05-22,44,691.69,3524.94,4216.63
2018-05-22,45,609.756,3416.054,4025.81
2018-05-22,46,489.64,3456.796,3946.436
2018-05-22,47,421.672,3639.008,4060.68
2018-05-22,48,398.818,3790.354,4189.172
2018-05-23,1,378.344,3776.308,4154.652
2018-05-23,2,358.674,3725.842,4084.516
2018-05-23,3,324.008,3701.032,4025.04
2018-05-23,4,302.616,3576.814,3879.43
2018-05-23,5,267.61,3483.314,3750.924
2018-05-23,6,244.766,3370.078,3614.844
2018-05-23,7,212.876,3308.77,3521.646
2018-05-23,8,203.83,3268.766,3472.596
2018-05-23,9,204.712,3210.77,3415.482
2018-05-23,10,208.19,3114.538,3322.728
2018-05-23,11,219.918,3113.018,3332.936
2018-05-23,12,219.266,3149.942,3369.208
2018-05-23,13,217.12,3254.258,3471.378
2018-05-23,14,199.148,3179.698,3378.846
2018-05-23,15,193.66,3183.792,3377.452
2018-05-23,16,196.342,3157.304,3353.646
2018-05-23,17,181.124,3039.224,3220.348
2018-05-23,18,184.792,2773.888,2958.68
2018-05-23,19,174.996,2749.58,2924.576
2018-05-23,20,165.144,2650.938,2816.082
2018-05-23,21,165.034,2435.132,2600.166
2018-05-23,22,155.376,2248.062,2403.438
2018-05-23,23,141.264,2201.216,2342.48
2018-05-23,24,130.38,2267.47,2397.85
2018-05-23,25,127.03,2351.178,2478.208
2018-05-23,26,139.532,2409.342,2548.874
2018-05-23,27,158.42,2400.326,2558.746
2018-05-23,28,176.458,2451.522,2627.98
2018-05-23,29,201.504,2518.374,2719.878
2018-05-23,30,232.526,2651.822,2884.348
2018-05-23,31,258.348,2857.61,3115.958
2018-05-23,32,273.314,2924.506,3197.82
2018-05-23,33,294.572,3020.128,3314.7
2018-05-23,34,320.034,3072.824,3392.858
2018-05-23,35,346.94,3127.158,3474.098
2018-05-23,36,354.814,3191.302,3546.116
2018-05-23,37,366.39,3130.034,3496.424
2018-05-23,38,367.862,3125.864,3493.726
2018-05-23,39,362.122,3130.654,3492.776
2018-05-23,40,349.498,3065.894,3415.392
2018-05-23,41,343.702,2969.314,3313.016
2018-05-23,42,354.524,2978.16,3332.684
2018-05-23,43,385.44,3201.812,3587.252
2018-05-23,44,384.202,3371.602,3755.804
2018-05-23,45,391.766,3506.486,3898.252
2018-05-23,46,402.226,3428.98,3831.206
2018-05-23,47,411.272,3171.844,3583.116
2018-05-23,48,383.09,2961.252,3344.342
2018-05-24,1,365.002,2860.494,3225.496
2018-05-24,2,344.924,2846.48,3191.404
2018-05-24,3,333.026,2751.498,3084.524
2018-05-24,4,323.024,2719.168,3042.192
2018-05-24,5,308.268,2642.386,2950.654
2018-05-24,6,299.998,2539.334,2839.332
2018-05-24,7,284.902,2444.682,2729.584
2018-05-24,8,295.566,2325.742,2621.308
2018-05-24,9,317.044,2292.192,2609.236
2018-05-24,10,327.406,2134.892,2462.298
2018-05-24,11,317.758,2061.38,2379.138
2018-05-24,12,314.186,2027.03,2341.216
2018-05-24,13,311.818,2030.216,2342.034
2018-05-24,14,326.768,1980.99,2307.758
2018-05-24,15,293.324,1893.244,2186.568
2018-05-24,16,276.13,1872.446,2148.576
2018-05-24,17,269.77,1970.892,2240.662
2018-05-24,18,268.628,2046.124,2314.752
2018-05-24,19,276.928,1955.578,2232.506
2018-05-24,20,300.574,1730.584,2031.158
2018-05-24,21,292.402,1489.08,1781.482
2018-05-24,22,279.246,1360.922,1640.168
2018-05-24,23,285.126,1299.56,1584.686
2018-05-24,24,306.31,1341.42,1647.73
2018-05-24,25,322.164,1335.832,1657.996
2018-05-24,26,336.426,1283.936,1620.362
2018-05-24,27,352.764,1250.346,1603.11
2018-05-24,28,367.838,1328.62,1696.458
2018-05-24,29,403.972,1408.454,1812.426
2018-05-24,30,432.218,1303.274,1735.492
2018-05-24,31,440.866,1332.87,1773.736
2018-05-24,32,430.864,1454.44,1885.304
2018-05-24,33,410.11,1607.214,2017.324
2018-05-24,34,394.816,1746.736,2141.552
2018-05-24,35,377.856,1578.902,1956.758
2018-05-24,36,371.716,1564.608,1936.324
2018-05-24,37,421.024,1636.646,2057.67
2018-05-24,38,426.688,1636.632,2063.32
2018-05-24,39,389.94,1546.382,1936.322
2018-05-24,40,334.688,1483.448,1818.136
2018-05-24,41,331.59,1431.238,1762.828
2018-05-24,42,314.118,1529.934,1844.052
2018-05-24,43,338.928,1836.518,2175.446
2018-05-24,44,337.34,1886.45,2223.79
2018-05-24,45,312.786,1728.016,2040.802
2018-05-24,46,269.152,1710.328,1979.48
2018-05-24,47,248.26,1752.84,2001.1
2018-05-24,48,235.156,1696.18,1931.336
2018-05-25,1,211.004,1673.384,1884.388
2018-05-25,2,205.06,1532.034,1737.094
2018-05-25,3,180.12,1424.672,1604.792
2018-05-25,4,201.048,1352.774,1553.822
2018-05-25,5,228.594,1242.256,1470.85
2018-05-25,6,263.308,1267.3,1530.608
2018-05-25,7,298.49,1079.546,1378.036
2018-05-25,8,362.822,1082.124,1444.946
2018-05-25,9,435.512,1205.462,1640.974
2018-05-25,10,496.294,1406.524,1902.818
2018-05-25,11,545.784,1455.788,2001.572
2018-05-25,12,606.278,1521.206,2127.484
2018-05-25,13,613.624,1582.864,2196.488
2018-05-25,14,658.694,1563.224,2221.918
2018-05-25,15,671.858,1248.214,1920.072
2018-05-25,16,704.808,902.57,1607.378
2018-05-25,17,732.186,888.296,1620.482
2018-05-25,18,727.446,1012.282,1739.728
2018-05-25,19,723.814,897.696,1621.51
2018-05-25,20,781.612,871.936,1653.548
2018-05-25,21,877.592,953.466,1831.058
2018-05-25,22,1023.626,1118.002,2141.628
2018-05-25,23,1137.836,1176.698,2314.534
2018-05-25,24,1290.402,1236.182,2526.584
2018-05-25,25,1476.722,1262.09,2738.812
2018-05-25,26,1623.494,1495.742,3119.236
2018-05-25,27,1776.86,1405.594,3182.454
2018-05-25,28,1887.304,1212.06,3099.364
2018-05-25,29,1796.454,1265.998,3062.452
2018-05-25,30,1905.032,1188.788,3093.82
2018-05-25,31,1982.266,1355.906,3338.172
2018-05-25,32,1893.694,1436.19,3329.884
2018-05-25,33,1881.12,1512.658,3393.778
2018-05-25,34,1931.238,1547.502,3478.74
2018-05-25,35,1712.706,1739.824,3452.53
2018-05-25,36,1749.306,1600.374,3349.68
2018-05-25,37,1924.284,1609.512,3533.796
2018-05-25,38,1632.852,1785.512,3418.364
2018-05-25,39,1500.312,1708.478,3208.79
2018-05-25,40,1525.616,1545.028,3070.644
2018-05-25,41,1514.678,1352.936,2867.614
2018-05-25,42,1478.212,1480.95,2959.162
2018-05-25,43,1400.854,1794.56,3195.414
2018-05-25,44,1253.402,1826.488,3079.89
2018-05-25,45,1149.594,1579.834,2729.428
2018-05-25,46,1154.246,1329.348,2483.594
2018-05-25,47,1237.078,1221.612,2458.69
2018-05-25,48,1059.804,1259.278,2319.082
2018-05-26,1,1017.054,1244.982,2262.036
2018-05-26,2,832.302,1243.338,2075.64
2018-05-26,3,632.598,1366.338,1998.936
2018-05-26,4,536.39,1413.374,1949.764
2018-05-26,5,499.62,1313.184,1812.804
2018-05-26,6,471.416,1274.628,1746.044
2018-05-26,7,514.646,1226.174,1740.82
2018-05-26,8,725.04,1204.664,1929.704
2018-05-26,9,884.466,1407.514,2291.98
2018-05-26,10,870.348,1523.812,2394.16
2018-05-26,11,834.224,1596.83,2431.054
2018-05-26,12,858.466,1754.942,2613.408
2018-05-26,13,899.98,1923.78,2823.76
2018-05-26,14,828.454,1899.516,2727.97
2018-05-26,15,651.934,1971.746,2623.68
2018-05-26,16,722.772,2142.514,2865.286
2018-05-26,17,850.248,2374.572,3224.82
2018-05-26,18,731.27,2495.736,3227.006
2018-05-26,19,847.59,2487.53,3335.12
2018-05-26,20,885.524,2555.334,3440.858
2018-05-26,21,842.214,2687.626,3529.84
2018-05-26,22,962.438,2873.824,3836.262
2018-05-26,23,969.06,3075.118,4044.178
2018-05-26,24,929.224,3317.256,4246.48
2018-05-26,25,1032.306,3469.504,4501.81
2018-05-26,26,1079.994,3608.464,4688.458
2018-05-26,27,1076.524,3709.28,4785.804
2018-05-26,28,1123.71,3868.48,4992.19
2018-05-26,29,1249.248,3899.154,5148.402
2018-05-26,30,1239.8,4162.214,5402.014
2018-05-26,31,1286.964,4297.932,5584.896
2018-05-26,32,1281.266,4585.1,5866.366
2018-05-26,33,1413.644,4696.24,6109.884
2018-05-26,34,1949.508,4889.542,6839.05
2018-05-26,35,1941.742,5007.188,6948.93
2018-05-26,36,1879.974,5154.58,7034.554
2018-05-26,37,1798.83,5221.08,7019.91
2018-05-26,38,1672.886,5151.42,6824.306
2018-05-26,39,1774.27,5174.776,6949.046
2018-05-26,40,1739.018,4898.374,6637.392
2018-05-26,41,1765.93,4585.198,6351.128
2018-05-26,42,1850.058,4615.552,6465.61
2018-05-26,43,1882.166,4510.708,6392.874
2018-05-26,44,1870.792,4544.212,6415.004
2018-05-26,45,1912.316,4627.538,6539.854
2018-05-26,46,1962.412,4730.722,6693.134
2018-05-26,47,1933.836,4549.822,6483.658
2018-05-26,48,1837.216,4426.31,6263.526
2018-05-27,1,1676.848,4541.844,6218.692
2018-05-27,2,1417.194,4768.008,6185.202
2018-05-27,3,1228.346,5100.784,6329.13
2018-05-27,4,1198.924,5022.08,6221.004
2018-05-27,5,1334.604,4900.93,6235.534
2018-05-27,6,1472.04,4661.886,6133.926
2018-05-27,7,1675.572,4843.966,6519.538
2018-05-27,8,1578.35,5211.73,6790.08
2018-05-27,9,1750.616,5290.632,7041.248
2018-05-27,10,1883.602,5370.88,7254.482
2018-05-27,11,1926.928,5315.046,7241.974
2018-05-27,12,1962.998,5182.05,7145.048
2018-05-27,13,1876.91,5368.246,7245.156
2018-05-27,14,1802.122,5455.73,7257.852
2018-05-27,15,1673.22,5339.474,7012.694
2018-05-27,16,1554.94,5346.9,6901.84
2018-05-27,17,1557.792,5209.518,6767.31
2018-05-27,18,1560.84,4938.15,6498.99
2018-05-27,19,1544.948,4875.048,6419.996
2018-05-27,20,1529.178,4769.508,6298.686
2018-05-27,21,1623.654,4673.728,6297.382
2018-05-27,22,1685.27,4461.098,6146.368
2018-05-27,23,1675.686,4233.182,5908.868
2018-05-27,24,1775.27,4189.16,5964.43
2018-05-27,25,1925.342,4130.212,6055.554
2018-05-27,26,2015.07,4136.378,6151.448
2018-05-27,27,2128.772,4167.846,6296.618
2018-05-27,28,2178.52,4227.704,6406.224
2018-05-27,29,2247.228,4107.59,6354.818
2018-05-27,30,2219.31,4030.042,6249.352
2018-05-27,31,2191.526,4063.716,6255.242
2018-05-27,32,2118.504,4071.35,6189.854
2018-05-27,33,1929.23,3867.68,5796.91
2018-05-27,34,2012.71,3771.322,5784.032
2018-05-27,35,1910.638,3768.474,5679.112
2018-05-27,36,1755.154,4065.546,5820.7
2018-05-27,37,1555.636,4066.936,5622.572
2018-05-27,38,1427.614,3802.626,5230.24
2018-05-27,39,1398.314,3512.272,4910.586
2018-05-27,40,1421.306,3301.444,4722.75
2018-05-27,41,1431.754,2809.354,4241.108
2018-05-27,42,1380.708,2206.14,3586.848
2018-05-27,43,1377.906,2145.586,3523.492
2018-05-27,44,1392.058,1985.792,3377.85
2018-05-27,45,1317.852,2105.338,3423.19
2018-05-27,46,1181.362,2165.35,3346.712
2018-05-27,47,1152.264,2099.716,3251.98
2018-05-27,48,1060.002,1864.77,2924.772
2018-05-28,1,970.11,1572.472,2542.582
2018-05-28,2,871.582,1401.514,2273.096
2018-05-28,3,774.778,1304.844,2079.622
2018-05-28,4,685.66,1156.86,1842.52
2018-05-28,5,636.268,1108.048,1744.316
2018-05-28,6,580.814,1000.244,1581.058
2018-05-28,7,518.448,901.938,1420.386
2018-05-28,8,531.692,921.866,1453.558
2018-05-28,9,536.558,869.358,1405.916
2018-05-28,10,561.36,797.51,1358.87
2018-05-28,11,546.316,761.716,1308.032
2018-05-28,12,497.098,723.406,1220.504
2018-05-28,13,452.512,684.436,1136.948
2018-05-28,14,414.562,673.33,1087.892
2018-05-28,15,360.858,525.938,886.796
2018-05-28,16,299.556,459.76,759.316
2018-05-28,17,255.298,473.664,728.962
2018-05-28,18,215.084,513.618,728.702
2018-05-28,19,166.378,565.408,731.786
2018-05-28,20,173.592,579.942,753.534
2018-05-28,21,173.886,606.756,780.642
2018-05-28,22,160.376,621.636,782.012
2018-05-28,23,151.912,636.74,788.652
2018-05-28,24,155.592,613.408,769
2018-05-28,25,146.966,596.468,743.434
2018-05-28,26,144.084,501.992,646.076
2018-05-28,27,139.492,520.544,660.036
2018-05-28,28,175.342,574.082,749.424
2018-05-28,29,203.418,554.89,758.308
2018-05-28,30,239.54,554.696,794.236
2018-05-28,31,256.928,634.512,891.44
2018-05-28,32,271.178,678.754,949.932
2018-05-28,33,277.698,785.286,1062.984
2018-05-28,34,266.888,985.644,1252.532
2018-05-28,35,281.09,1143.134,1424.224
2018-05-28,36,289.684,1361.884,1651.568
2018-05-28,37,264.11,1593.28,1857.39
2018-05-28,38,269.54,1867.34,2136.88
2018-05-28,39,249.174,2022.824,2271.998
2018-05-28,40,233.66,2071.266,2304.926
2018-05-28,41,233.028,2211.246,2444.274
2018-05-28,42,248.712,2486.878,2735.59
2018-05-28,43,281.362,2432.59,2713.952
2018-05-28,44,302.168,2610.35,2912.518
2018-05-28,45,309.622,2853.726,3163.348
2018-05-28,46,276.018,2866.06,3142.078
2018-05-28,47,243.122,2835.16,3078.282
2018-05-28,48,185.394,2911.62,3097.014
2018-05-29,1,162.65,2919.354,3082.004
2018-05-29,2,164.878,2700.14,2865.018
2018-05-29,3,174.638,2554.014,2728.652
2018-05-29,4,185.966,2429.922,2615.888
2018-05-29,5,194.802,2740.302,2935.104
2018-05-29,6,207.562,2865.562,3073.124
2018-05-29,7,225.096,2575.464,2800.56
2018-05-29,8,263.13,2409.856,2672.986
2018-05-29,9,284.918,2485.762,2770.68
2018-05-29,10,297.838,2425.222,2723.06
2018-05-29,11,308.996,2507.026,2816.022
2018-05-29,12,332.296,2497.038,2829.334
2018-05-29,13,345.54,2579.62,2925.16
2018-05-29,14,327.608,3008.818,3336.426
2018-05-29,15,316.562,3281.79,3598.352
2018-05-29,16,333.066,3535.096,3868.162
2018-05-29,17,323.512,3710.816,4034.328
2018-05-29,18,328.47,3637.564,3966.034
2018-05-29,19,383.902,3599.468,3983.37
2018-05-29,20,491.358,3546.146,4037.504
2018-05-29,21,539.306,3304.852,3844.158
2018-05-29,22,563.214,3093.48,3656.694
2018-05-29,23,595.818,3197.578,3793.396
2018-05-29,24,642.532,3257.36,3899.892
2018-05-29,25,774.592,3373.242,4147.834
2018-05-29,26,814.588,3460.44,4275.028
2018-05-29,27,935.416,3381.768,4317.184
2018-05-29,28,1055.936,3231.252,4287.188
2018-05-29,29,1115.682,3067.702,4183.384
2018-05-29,30,1242.484,3197.626,4440.11
2018-05-29,31,1326.866,3579.852,4906.718
2018-05-29,32,1385.362,3872.39,5257.752
2018-05-29,33,1497.83,4061.284,5559.114
2018-05-29,34,1596.752,4223.792,5820.544
2018-05-29,35,1563.868,4369.518,5933.386
2018-05-29,36,1513.454,4435.41,5948.864
2018-05-29,37,1352.898,4749.14,6102.038
2018-05-29,38,1308.09,4830.372,6138.462
2018-05-29,39,1224.364,4699.766,5924.13
2018-05-29,40,1296.118,4781.388,6077.506
2018-05-29,41,1311.546,4858.368,6169.914
2018-05-29,42,1331.674,4561.472,5893.146
2018-05-29,43,1333.126,4266.492,5599.618
2018-05-29,44,1280.274,3959.168,5239.442
2018-05-29,45,1175.88,3630.056,4805.936
2018-05-29,46,1047.244,3314.8,4362.044
2018-05-29,47,992.686,2898.226,3890.912
2018-05-29,48,955.874,2468.028,3423.902
2018-05-30,1,836.118,2139.084,2975.202
2018-05-30,2,877.264,1950.214,2827.478
2018-05-30,3,865.94,1990.448,2856.388
2018-05-30,4,871.354,1837.234,2708.588
2018-05-30,5,827.478,1517.564,2345.042
2018-05-30,6,752.358,1317.61,2069.968
2018-05-30,7,765.652,1290.45,2056.102
2018-05-30,8,828.642,1366.718,2195.36
2018-05-30,9,872.264,1391.892,2264.156
2018-05-30,10,810.044,1389.812,2199.856
2018-05-30,11,741.078,1438.82,2179.898
2018-05-30,12,717.638,1418.146,2135.784
2018-05-30,13,633.62,1327.698,1961.318
2018-05-30,14,609.016,1062.854,1671.87
2018-05-30,15,538.786,895.914,1434.7
2018-05-30,16,516.15,754.494,1270.644
2018-05-30,17,565.47,766.814,1332.284
2018-05-30,18,533.282,723.896,1257.178
2018-05-30,19,609.866,666.794,1276.66
2018-05-30,20,655.044,570.568,1225.612
2018-05-30,21,706.12,472.348,1178.468
2018-05-30,22,710.988,408.842,1119.83
2018-05-30,23,815,327.986,1142.986
2018-05-30,24,881.894,277.068,1158.962
2018-05-30,25,928.212,264.788,1193
2018-05-30,26,958.252,240.712,1198.964
2018-05-30,27,927.748,229.756,1157.504
2018-05-30,28,878.072,233.738,1111.81
2018-05-30,29,868.342,256.61,1124.952
2018-05-30,30,894.202,286.85,1181.052
2018-05-30,31,902.284,311.184,1213.468
2018-05-30,32,860.698,350.962,1211.66
2018-05-30,33,791.214,338.514,1129.728
2018-05-30,34,797.464,295.994,1093.458
2018-05-30,35,731.06,232.842,963.902
2018-05-30,36,660.018,176.41,836.428
2018-05-30,37,564.662,149.448,714.11
2018-05-30,38,536.328,164.348,700.676
2018-05-30,39,476.722,160.084,636.806
2018-05-30,40,415.832,145.266,561.098
2018-05-30,41,433.122,173.628,606.75
2018-05-30,42,466.228,182.918,649.146
2018-05-30,43,552.764,247.666,800.43
2018-05-30,44,552.728,194.8,747.528
2018-05-30,45,561.592,168.238,729.83
2018-05-30,46,534.35,202.45,736.8
2018-05-30,47,477.758,241.07,718.828
2018-05-30,48,464.192,271.376,735.568
2018-05-31,1,411.71,322.878,734.588
2018-05-31,2,374.892,379.222,754.114
2018-05-31,3,324.882,402.94,727.822
2018-05-31,4,272.196,310.15,582.346
2018-05-31,5,283.532,293.702,577.234
2018-05-31,6,292.446,212.318,504.764
2018-05-31,7,253.394,112.054,365.448
2018-05-31,8,236.298,110.654,346.952
2018-05-31,9,218.82,204.444,423.264
2018-05-31,10,212.32,256.904,469.224
2018-05-31,11,216.86,228.596,445.456
2018-05-31,12,212.738,306.186,518.924
2018-05-31,13,194.986,383.222,578.208
2018-05-31,14,197.34,415.5,612.84
2018-05-31,15,205.834,476.318,682.152
2018-05-31,16,192.074,550.306,742.38
2018-05-31,17,185.732,646.516,832.248
2018-05-31,18,209.002,685.218,894.22
2018-05-31,19,220.44,785.136,1005.576
2018-05-31,20,179.118,660.194,839.312
2018-05-31,21,159.808,608.452,768.26
2018-05-31,22,152.128,555.462,707.59
2018-05-31,23,145.988,543.448,689.436
2018-05-31,24,135.366,631.882,767.248
2018-05-31,25,118.492,705.348,823.84
2018-05-31,26,126.68,604.476,731.156
2018-05-31,27,126.478,553.326,679.804
2018-05-31,28,128.542,444.874,573.416
2018-05-31,29,136.89,379.886,516.776
2018-05-31,30,134.528,395.45,529.978
2018-05-31,31,129.722,374.282,504.004
2018-05-31,32,101.66,346.528,448.188
2018-05-31,33,107.278,326.406,433.684
2018-05-31,34,118.346,331.552,449.898
2018-05-31,35,136.828,345.336,482.164
2018-05-31,36,123.556,427.004,550.56
2018-05-31,37,119.884,431.25,551.134
2018-05-31,38,115.892,327.616,443.508
2018-05-31,39,113.034,299.162,412.196
2018-05-31,40,115.908,265.318,381.226
2018-05-31,41,86.286,287.74,374.026
2018-05-31,42,80.388,255.754,336.142
2018-05-31,43,87.398,214.502,301.9
2018-05-31,44,84.022,191.784,275.806
2018-05-31,45,88.714,159.56,248.274
2018-05-31,46,99.236,136.336,235.572
2018-05-31,47,91.154,148.496,239.65
2018-05-31,48,83.602,151.206,234.808
2018-06-01,1,76.548,149.26,225.808
2018-06-01,2,69.032,160.1,229.132
2018-06-01,3,74.762,201.45,276.212
2018-06-01,4,80.886,244.736,325.622
2018-06-01,5,65.522,253.622,319.144
2018-06-01,6,52.944,223.492,276.436
2018-06-01,7,50.852,207.626,258.478
2018-06-01,8,51.474,191.398,242.872
2018-06-01,9,52.8,171.878,224.678
2018-06-01,10,56.544,185.786,242.33
2018-06-01,11,51.046,188.194,239.24
2018-06-01,12,50.332,141.034,191.366
2018-06-01,13,49.866,115.254,165.12
2018-06-01,14,50.306,119.802,170.108
2018-06-01,15,43.568,81.534,125.102
2018-06-01,16,35.262,45.01,80.272
2018-06-01,17,39.994,43.166,83.16
2018-06-01,18,38.63,34.69,73.32
2018-06-01,19,32.964,36.522,69.486
2018-06-01,20,30.868,55.36,86.228
2018-06-01,21,33.348,57.614,90.962
2018-06-01,22,33.408,50.748,84.156
2018-06-01,23,36.476,65.398,101.874
2018-06-01,24,40.864,74.526,115.39
2018-06-01,25,50.954,91.406,142.36
2018-06-01,26,63.14,74.494,137.634
2018-06-01,27,96.056,70.004,166.06
2018-06-01,28,123.244,95.714,218.958
2018-06-01,29,137.638,111.91,249.548
2018-06-01,30,153.586,136.708,290.294
2018-06-01,31,176.114,164.54,340.654
2018-06-01,32,170.77,213.904,384.674
2018-06-01,33,197.5,280.954,478.454
2018-06-01,34,196.428,355.99,552.418
2018-06-01,35,171.622,410.902,582.524
2018-06-01,36,153.756,442.784,596.54
2018-06-01,37,120.908,445.692,566.6
2018-06-01,38,121.06,388.728,509.788
2018-06-01,39,92.318,433.1,525.418
2018-06-01,40,66.558,462.674,529.232
2018-06-01,41,55.176,458.956,514.132
2018-06-01,42,57.772,478.734,536.506
2018-06-01,43,57.794,507.538,565.332
2018-06-01,44,42.976,516.42,559.396
2018-06-01,45,32.79,521.392,554.182
2018-06-01,46,33.744,544.354,578.098
2018-06-01,47,32.826,566.604,599.43
2018-06-01,48,33.318,622.64,655.958
2018-06-02,1,33.89,629.788,663.678
2018-06-02,2,31.25,671.396,702.646
2018-06-02,3,34.814,711.602,746.416
2018-06-02,4,36.494,694.574,731.068
2018-06-02,5,35.474,646.582,682.056
2018-06-02,6,34.44,604.502,638.942
2018-06-02,7,36.328,499.996,536.324
2018-06-02,8,37.578,480.682,518.26
2018-06-02,9,33.502,432.478,465.98
2018-06-02,10,28.188,404.886,433.074
2018-06-02,11,27.162,436.29,463.452
2018-06-02,12,26.624,375.234,401.858
2018-06-02,13,27.044,452.86,479.904
2018-06-02,14,28.108,481.574,509.682
2018-06-02,15,26.662,573.564,600.226
2018-06-02,16,25.94,626.798,652.738
2018-06-02,17,26.1,519.36,545.46
2018-06-02,18,26.132,394.318,420.45
2018-06-02,19,26.868,373.592,400.46
2018-06-02,20,26.43,391.204,417.634
2018-06-02,21,26.858,456.128,482.986
2018-06-02,22,27.69,576.52,604.21
2018-06-02,23,31.458,624.696,656.154
2018-06-02,24,34.014,598.224,632.238
2018-06-02,25,38.472,527.45,565.922
2018-06-02,26,51.208,467.374,518.582
2018-06-02,27,71.412,507.078,578.49
2018-06-02,28,82.346,466.038,548.384
2018-06-02,29,83.594,464.294,547.888
2018-06-02,30,78.042,449.54,527.582
2018-06-02,31,65.958,450.646,516.604
2018-06-02,32,89.348,505.1,594.448
2018-06-02,33,82.79,525.432,608.222
2018-06-02,34,87.026,533.952,620.978
2018-06-02,35,79.624,529.622,609.246
2018-06-02,36,63.878,541.27,605.148
2018-06-02,37,43.746,622.774,666.52
2018-06-02,38,39.818,557.716,597.534
2018-06-02,39,40.924,532.39,573.314
2018-06-02,40,29.226,461.868,491.094
2018-06-02,41,27.176,389.28,416.456
2018-06-02,42,29.024,352.408,381.432
2018-06-02,43,41.802,378.478,420.28
2018-06-02,44,53.208,335.69,388.898
2018-06-02,45,58.01,273.97,331.98
2018-06-02,46,51.418,208.054,259.472
2018-06-02,47,47.306,168.038,215.344
2018-06-02,48,43.304,157.218,200.522
2018-06-03,1,34.552,160.28,194.832
2018-06-03,2,37.96,182.784,220.744
2018-06-03,3,34.908,170.888,205.796
2018-06-03,4,33.448,123.47,156.918
2018-06-03,5,32.564,135.372,167.936
2018-06-03,6,34.902,156.706,191.608
2018-06-03,7,37.19,208.226,245.416
2018-06-03,8,39.07,226.02,265.09
2018-06-03,9,39.552,201.568,241.12
2018-06-03,10,39.88,161.358,201.238
2018-06-03,11,41.234,134.272,175.506
2018-06-03,12,38.272,97.572,135.844
2018-06-03,13,39.422,81.81,121.232
2018-06-03,14,37.624,60.024,97.648
2018-06-03,15,34.666,51.092,85.758
2018-06-03,16,33.558,27.066,60.624
2018-06-03,17,33.404,24.806,58.21
2018-06-03,18,32.414,26.106,58.52
2018-06-03,19,32.064,20.618,52.682
2018-06-03,20,33.598,14.496,48.094
2018-06-03,21,35.52,12.634,48.154
2018-06-03,22,37.796,12.736,50.532
2018-06-03,23,40.392,12.504,52.896
2018-06-03,24,39.428,12.406,51.834
2018-06-03,25,40.162,15.824,55.986
2018-06-03,26,46.138,24.08,70.218
2018-06-03,27,52.722,33.584,86.306
2018-06-03,28,59.324,49.624,108.948
2018-06-03,29,71.596,54.518,126.114
2018-06-03,30,84.948,70.57,155.518
2018-06-03,31,89.67,87.35,177.02
2018-06-03,32,91.096,127.546,218.642
2018-06-03,33,94.276,193.2,287.476
2018-06-03,34,92.232,294.892,387.124
2018-06-03,35,87.652,335.486,423.138
2018-06-03,36,93.17,325.308,418.478
2018-06-03,37,97.318,287.854,385.172
2018-06-03,38,84.71,265.728,350.438
2018-06-03,39,86.296,272.366,358.662
2018-06-03,40,81.008,289.484,370.492
2018-06-03,41,75.582,282.45,358.032
2018-06-03,42,75.294,365.414,440.708
2018-06-03,43,79.446,348.5,427.946
2018-06-03,44,69.836,295.52,365.356
2018-06-03,45,62.504,254.57,317.074
2018-06-03,46,68.628,234.914,303.542
2018-06-03,47,60.07,273.584,333.654
2018-06-03,48,56.54,322.068,378.608
2018-06-04,1,54.284,332.472,386.756
2018-06-04,2,55.118,365.592,420.71
2018-06-04,3,59.704,421.348,481.052
2018-06-04,4,58.422,461.978,520.4
2018-06-04,5,58.632,498.522,557.154
2018-06-04,6,61.508,568.31,629.818
2018-06-04,7,57.52,551.87,609.39
2018-06-04,8,55.044,522.268,577.312
2018-06-04,9,54.26,593.362,647.622
2018-06-04,10,56.82,704.626,761.446
2018-06-04,11,63.444,738.554,801.998
2018-06-04,12,63.87,736.136,800.006
2018-06-04,13,61.758,634.102,695.86
2018-06-04,14,56.632,475.546,532.178
2018-06-04,15,56.058,473.102,529.16
2018-06-04,16,59.192,501.72,560.912
2018-06-04,17,59.048,597.806,656.854
2018-06-04,18,58.87,717.48,776.35
2018-06-04,19,62.244,810.632,872.876
2018-06-04,20,69.32,878.054,947.374
2018-06-04,21,70.458,799.786,870.244
2018-06-04,22,78.58,876.862,955.442
2018-06-04,23,87.936,878.496,966.432
2018-06-04,24,90.858,874.152,965.01
2018-06-04,25,89.254,811.868,901.122
2018-06-04,26,93.934,742.936,836.87
2018-06-04,27,97.066,803.024,900.09
2018-06-04,28,101.428,819.45,920.878
2018-06-04,29,131.002,802.896,933.898
2018-06-04,30,133.412,875.194,1008.606
2018-06-04,31,130.068,982.93,1112.998
2018-06-04,32,147.462,1177.12,1324.582
2018-06-04,33,168.938,1257.82,1426.758
2018-06-04,34,201.248,1324.104,1525.352
2018-06-04,35,232.568,1420.1,1652.668
2018-06-04,36,264.862,1632.068,1896.93
2018-06-04,37,288.566,1754.074,2042.64
2018-06-04,38,307.804,1858.376,2166.18
2018-06-04,39,352.404,2063.08,2415.484
2018-06-04,40,400.252,2236.344,2636.596
2018-06-04,41,403.622,2273.428,2677.05
2018-06-04,42,405.086,2317.176,2722.262
2018-06-04,43,429.406,2435.468,2864.874
2018-06-04,44,436.85,2646.518,3083.368
2018-06-04,45,426.444,2571.142,2997.586
2018-06-04,46,456.664,2298.93,2755.594
2018-06-04,47,498.216,2062.986,2561.202
2018-06-04,48,540.012,2094.134,2634.146
2018-06-05,1,517.946,2144.682,2662.628
2018-06-05,2,462.998,2197.93,2660.928
2018-06-05,3,451.284,2175.172,2626.456
2018-06-05,4,410.88,2245.124,2656.004
2018-06-05,5,370.534,2407.676,2778.21
2018-06-05,6,351.01,2485.152,2836.162
2018-06-05,7,348.428,2563.084,2911.512
2018-06-05,8,363.262,2590.262,2953.524
2018-06-05,9,352.98,2558.41,2911.39
2018-06-05,10,331.228,2429.492,2760.72
2018-06-05,11,321.902,2242.362,2564.264
2018-06-05,12,318.9,2103.73,2422.63
2018-06-05,13,336.412,1920.318,2256.73
2018-06-05,14,376.506,1872.92,2249.426
2018-06-05,15,375.602,1833.33,2208.932
2018-06-05,16,352.752,1933.278,2286.03
2018-06-05,17,354.058,1822.638,2176.696
2018-06-05,18,340.414,1634.098,1974.512
2018-06-05,19,335.862,1527.942,1863.804
2018-06-05,20,334.048,1479.868,1813.916
2018-06-05,21,341.014,1443.28,1784.294
2018-06-05,22,354.722,1379.452,1734.174
2018-06-05,23,337.374,1430.96,1768.334
2018-06-05,24,315.608,1445.28,1760.888
2018-06-05,25,331.87,1445.424,1777.294
2018-06-05,26,372.084,1389.124,1761.208
2018-06-05,27,378.646,1340.12,1718.766
2018-06-05,28,385.152,1262.802,1647.954
2018-06-05,29,408.374,1298.022,1706.396
2018-06-05,30,438.34,1415.126,1853.466
2018-06-05,31,440.096,1461.03,1901.126
2018-06-05,32,465.65,1498.404,1964.054
2018-06-05,33,488.988,1529.242,2018.23
2018-06-05,34,489.808,1490.714,1980.522
2018-06-05,35,480.518,1535.986,2016.504
2018-06-05,36,470.5,1554.368,2024.868
2018-06-05,37,457.838,1561.944,2019.782
2018-06-05,38,422.442,1598.114,2020.556
2018-06-05,39,389.466,1693.478,2082.944
2018-06-05,40,356.226,1734.58,2090.806
2018-06-05,41,343.38,1714.69,2058.07
2018-06-05,42,343.744,1678.916,2022.66
2018-06-05,43,367.442,1768.408,2135.85
2018-06-05,44,383.428,1744.32,2127.748
2018-06-05,45,397.236,1593.718,1990.954
2018-06-05,46,417.966,1453.288,1871.254
2018-06-05,47,454.072,1400.452,1854.524
2018-06-05,48,444.95,1426.148,1871.098
2018-06-06,1,448.102,1442.832,1890.934
2018-06-06,2,409.072,1409.016,1818.088
2018-06-06,3,378.328,1384.3,1762.628
2018-06-06,4,357.778,1219.62,1577.398
2018-06-06,5,346.95,1028.762,1375.712
2018-06-06,6,312.462,1069.914,1382.376
2018-06-06,7,305.736,1074.978,1380.714
2018-06-06,8,275.43,1044.75,1320.18
2018-06-06,9,230.61,982.232,1212.842
2018-06-06,10,206.46,960.334,1166.794
2018-06-06,11,157.25,1006.226,1163.476
2018-06-06,12,130.178,999.786,1129.964
2018-06-06,13,140.486,980.25,1120.736
2018-06-06,14,149.818,939.21,1089.028
2018-06-06,15,120.174,923.186,1043.36
2018-06-06,16,101.35,925.508,1026.858
2018-06-06,17,89.91,910.24,1000.15
2018-06-06,18,84.412,800.242,884.654
2018-06-06,19,73.146,739.538,812.684
2018-06-06,20,53.888,705.978,759.866
2018-06-06,21,40.518,663.928,704.446
2018-06-06,22,34.658,636.32,670.978
2018-06-06,23,31.72,600.22,631.94
2018-06-06,24,38.08,596.626,634.706
2018-06-06,25,46.944,622.936,669.88
2018-06-06,26,62.36,642.344,704.704
2018-06-06,27,79.206,587.894,667.1
2018-06-06,28,100.282,612.81,713.092
2018-06-06,29,102.804,729.548,832.352
2018-06-06,30,120.706,864.436,985.142
2018-06-06,31,122.284,928.776,1051.06
2018-06-06,32,113.68,1035.85,1149.53
2018-06-06,33,113.87,1101.57,1215.44
2018-06-06,34,120.674,1156.428,1277.102
2018-06-06,35,131.756,1204.636,1336.392
2018-06-06,36,145.666,1243.096,1388.762
2018-06-06,37,143.878,1207.042,1350.92
2018-06-06,38,146.084,1193.792,1339.876
2018-06-06,39,137.262,1251.956,1389.218
2018-06-06,40,133.72,1310.874,1444.594
2018-06-06,41,124.87,1380.214,1505.084
2018-06-06,42,104.93,1268.126,1373.056
2018-06-06,43,103.52,1229.446,1332.966
2018-06-06,44,116.364,1334.404,1450.768
2018-06-06,45,113.976,1449.714,1563.69
2018-06-06,46,112.234,1329.022,1441.256
2018-06-06,47,90.876,1196.504,1287.38
2018-06-06,48,85.696,1246.434,1332.13
2018-06-07,1,81.716,1287.266,1368.982
2018-06-07,2,73.7,1322.366,1396.066
2018-06-07,3,71.05,1250.454,1321.504
2018-06-07,4,79.334,1095.63,1174.964
2018-06-07,5,85.416,905.788,991.204
2018-06-07,6,85.39,887.944,973.334
2018-06-07,7,83.838,895.376,979.214
2018-06-07,8,81.83,799.7,881.53
2018-06-07,9,73.076,782.63,855.706
2018-06-07,10,69.03,734.226,803.256
2018-06-07,11,77.646,789.548,867.194
2018-06-07,12,86.336,834.336,920.672
2018-06-07,13,74.784,783.736,858.52
2018-06-07,14,74.064,723.57,797.634
2018-06-07,15,53.346,645.46,698.806
2018-06-07,16,40.29,661.932,702.222
2018-06-07,17,38.47,820.554,859.024
2018-06-07,18,38.798,927.504,966.302
2018-06-07,19,35.414,952.536,987.95
2018-06-07,20,34.81,832.884,867.694
2018-06-07,21,38.722,703.04,741.762
2018-06-07,22,39.592,649.988,689.58
2018-06-07,23,50.782,699.088,749.87
2018-06-07,24,61.42,655.826,717.246
2018-06-07,25,89.866,632.888,722.754
2018-06-07,26,132.662,649.336,781.998
2018-06-07,27,180.066,622.374,802.44
2018-06-07,28,214.09,591.1,805.19
2018-06-07,29,246.82,645.622,892.442
2018-06-07,30,295.99,712.032,1008.022
2018-06-07,31,348.158,783.168,1131.326
2018-06-07,32,363.246,843.466,1206.712
2018-06-07,33,357.65,833.82,1191.47
2018-06-07,34,367.94,820.91,1188.85
2018-06-07,35,347.036,820.826,1167.862
2018-06-07,36,308.872,832.646,1141.518
2018-06-07,37,276.988,780.156,1057.144
2018-06-07,38,269.462,794.88,1064.342
2018-06-07,39,253.57,867.99,1121.56
2018-06-07,40,233.034,839.512,1072.546
2018-06-07,41,206.862,845.538,1052.4
2018-06-07,42,223.094,873.866,1096.96
2018-06-07,43,231.38,957.15,1188.53
2018-06-07,44,244.492,917.292,1161.784
2018-06-07,45,220.668,815.482,1036.15
2018-06-07,46,195.154,748.43,943.584
2018-06-07,47,201.466,579.67,781.136
2018-06-07,48,210.312,522.37,732.682
2018-06-08,1,219.828,500.89,720.718
2018-06-08,2,207.742,544.044,751.786
2018-06-08,3,198.27,588.998,787.268
2018-06-08,4,193.004,669.14,862.144
2018-06-08,5,182.72,766.984,949.704
2018-06-08,6,163.262,905.466,1068.728
2018-06-08,7,171.47,1013.942,1185.412
2018-06-08,8,167.106,1048.272,1215.378
2018-06-08,9,153.716,1037.23,1190.946
2018-06-08,10,154.364,1146.14,1300.504
2018-06-08,11,134.074,1107.556,1241.63
2018-06-08,12,106.554,1158.94,1265.494
2018-06-08,13,101.464,1062.476,1163.94
2018-06-08,14,100.582,940.898,1041.48
2018-06-08,15,78.91,928.13,1007.04
2018-06-08,16,62.964,858.784,921.748
2018-06-08,17,56.612,766.562,823.174
2018-06-08,18,50.432,664.626,715.058
2018-06-08,19,43.502,575.922,619.424
2018-06-08,20,44.918,523.248,568.166
2018-06-08,21,46.414,496.85,543.264
2018-06-08,22,50.57,492.07,542.64
2018-06-08,23,55.718,460.892,516.61
2018-06-08,24,56.1,424.574,480.674
2018-06-08,25,52.004,358.692,410.696
2018-06-08,26,52.48,328.706,381.186
2018-06-08,27,58.52,368.486,427.006
2018-06-08,28,65.662,383.332,448.994
2018-06-08,29,73.748,372.788,446.536
2018-06-08,30,75.748,431.838,507.586
2018-06-08,31,84.142,481.296,565.438
2018-06-08,32,93.428,497.994,591.422
2018-06-08,33,94.304,499.132,593.436
2018-06-08,34,108.606,528.13,636.736
2018-06-08,35,117.018,606.416,723.434
2018-06-08,36,117.44,658.932,776.372
2018-06-08,37,121.566,749.074,870.64
2018-06-08,38,124.602,744.918,869.52
2018-06-08,39,100.114,807.83,907.944
2018-06-08,40,95.26,833.744,929.004
2018-06-08,41,87.892,780.75,868.642
2018-06-08,42,72.716,752.428,825.144
2018-06-08,43,75.978,766.286,842.264
2018-06-08,44,86.95,692.966,779.916
2018-06-08,45,83.902,649.642,733.544
2018-06-08,46,70.18,635.228,705.408
2018-06-08,47,60.248,655.016,715.264
2018-06-08,48,51.284,701.16,752.444
2018-06-09,1,38.908,715.46,754.368
2018-06-09,2,31.568,655.994,687.562
2018-06-09,3,29.398,606.338,635.736
2018-06-09,4,31.694,549.318,581.012
2018-06-09,5,34.274,467.682,501.956
2018-06-09,6,34.994,465.854,500.848
2018-06-09,7,33.034,477.772,510.806
2018-06-09,8,30.512,474.924,505.436
2018-06-09,9,39.106,481.536,520.642
2018-06-09,10,31.308,499.878,531.186
2018-06-09,11,27.518,478.92,506.438
2018-06-09,12,29.86,477.914,507.774
2018-06-09,13,35.032,519.26,554.292
2018-06-09,14,25.984,466.066,492.05
2018-06-09,15,19.138,424.904,444.042
2018-06-09,16,11.462,390.604,402.066
2018-06-09,17,7.638,349.56,357.198
2018-06-09,18,8.162,351.484,359.646
2018-06-09,19,7.936,328.026,335.962
2018-06-09,20,11.324,347.176,358.5
2018-06-09,21,15.508,373.878,389.386
2018-06-09,22,20.424,411.936,432.36
2018-06-09,23,22.456,434.616,457.072
2018-06-09,24,23.288,454.604,477.892
2018-06-09,25,29.568,449.884,479.452
2018-06-09,26,45.708,439.672,485.38
2018-06-09,27,60.6,407.044,467.644
2018-06-09,28,73.062,421.198,494.26
2018-06-09,29,99.74,409.518,509.258
2018-06-09,30,122.246,420.372,542.618
2018-06-09,31,152.6,426.208,578.808
2018-06-09,32,144.626,506.77,651.396
2018-06-09,33,133.924,526.556,660.48
2018-06-09,34,135.92,541.638,677.558
2018-06-09,35,93.058,603.28,696.338
2018-06-09,36,78.924,641.912,720.836
2018-06-09,37,42.466,600.678,643.144
2018-06-09,38,33.648,613.918,647.566
2018-06-09,39,49.128,636.334,685.462
2018-06-09,40,50.166,632.642,682.808
2018-06-09,41,34.772,592.388,627.16
2018-06-09,42,32.986,572.508,605.494
2018-06-09,43,42.058,652.718,694.776
2018-06-09,44,47.978,639.246,687.224
2018-06-09,45,48.256,562.038,610.294
2018-06-09,46,45.27,480.72,525.99
2018-06-09,47,40.93,418.69,459.62
2018-06-09,48,41.156,381.682,422.838
2018-06-10,1,41.256,407.104,448.36
2018-06-10,2,35.672,411.874,447.546
2018-06-10,3,30.492,483.748,514.24
2018-06-10,4,20.208,566.936,587.144
2018-06-10,5,13.612,468.406,482.018
2018-06-10,6,15.024,435.968,450.992
2018-06-10,7,16.242,435.528,451.77
2018-06-10,8,28.18,396.722,424.902
2018-06-10,9,31.592,378.826,410.418
2018-06-10,10,22.664,400.63,423.294
2018-06-10,11,28.236,448.996,477.232
2018-06-10,12,33.274,492.418,525.692
2018-06-10,13,32.828,469.23,502.058
2018-06-10,14,29.298,460.676,489.974
2018-06-10,15,28.646,350.408,379.054
2018-06-10,16,27.046,264.18,291.226
2018-06-10,17,17.52,235.742,253.262
2018-06-10,18,17.654,267.826,285.48
2018-06-10,19,30.522,279.346,309.868
2018-06-10,20,36.696,313.796,350.492
2018-06-10,21,38.854,348.03,386.884
2018-06-10,22,44.146,322.196,366.342
2018-06-10,23,62.494,282.034,344.528
2018-06-10,24,96.148,303.38,399.528
2018-06-10,25,109.504,385.776,495.28
2018-06-10,26,116.882,406.23,523.112
2018-06-10,27,151.91,459.638,611.548
2018-06-10,28,164.698,427.796,592.494
2018-06-10,29,190.776,397.258,588.034
2018-06-10,30,229.034,416.87,645.904
2018-06-10,31,271.384,495.266,766.65
2018-06-10,32,284.426,570.296,854.722
2018-06-10,33,310.898,643.04,953.938
2018-06-10,34,331.02,763.424,1094.444
2018-06-10,35,347.904,819.282,1167.186
2018-06-10,36,401.338,938.378,1339.716
2018-06-10,37,381.212,1008.85,1390.062
2018-06-10,38,372.184,1068.244,1440.428
2018-06-10,39,328.42,1057.65,1386.07
2018-06-10,40,297.668,1073.804,1371.472
2018-06-10,41,256.31,1078.26,1334.57
2018-06-10,42,204.396,1071.692,1276.088
2018-06-10,43,219.502,1121.18,1340.682
2018-06-10,44,220.878,1214.892,1435.77
2018-06-10,45,237.376,1200.298,1437.674
2018-06-10,46,261.524,1012.634,1274.158
2018-06-10,47,258.368,902.078,1160.446
2018-06-10,48,227.358,958.138,1185.496
2018-06-11,1,220.578,1012.492,1233.07
2018-06-11,2,154.208,1061.89,1216.098
2018-06-11,3,129.68,1030.446,1160.126
2018-06-11,4,119.01,985.498,1104.508
2018-06-11,5,89.55,979.424,1068.974
2018-06-11,6,94.464,1042.124,1136.588
2018-06-11,7,77.36,1199.942,1277.302
2018-06-11,8,85.432,1331.78,1417.212
2018-06-11,9,98.74,1474.794,1573.534
2018-06-11,10,107.386,1536.672,1644.058
2018-06-11,11,117.306,1610.674,1727.98
2018-06-11,12,127.692,1543.526,1671.218
2018-06-11,13,146.21,1501.992,1648.202
2018-06-11,14,151.066,1451.622,1602.688
2018-06-11,15,146.544,1361.716,1508.26
2018-06-11,16,153.986,1216.908,1370.894
2018-06-11,17,160.694,1159.284,1319.978
2018-06-11,18,174.428,1223.208,1397.636
2018-06-11,19,185.776,1250.01,1435.786
2018-06-11,20,192.518,1317.482,1510
2018-06-11,21,211.044,1310.43,1521.474
2018-06-11,22,231.856,1203.872,1435.728
2018-06-11,23,218.424,1047.388,1265.812
2018-06-11,24,213.496,1054.168,1267.664
2018-06-11,25,221.742,1021.032,1242.774
2018-06-11,26,250.816,1024.942,1275.758
2018-06-11,27,279.086,1115.868,1394.954
2018-06-11,28,270.818,1218.772,1489.59
2018-06-11,29,285.04,1242.518,1527.558
2018-06-11,30,293.068,1346.052,1639.12
2018-06-11,31,308.29,1550,1858.29
2018-06-11,32,322.582,1780.214,2102.796
2018-06-11,33,378.41,1908.822,2287.232
2018-06-11,34,418.096,1940.092,2358.188
2018-06-11,35,425.676,2096.154,2521.83
2018-06-11,36,404.744,2326.612,2731.356
2018-06-11,37,390.452,2405.912,2796.364
2018-06-11,38,414.356,2505.842,2920.198
2018-06-11,39,387.522,2587.268,2974.79
2018-06-11,40,340.464,2636.494,2976.958
2018-06-11,41,318.31,2739.754,3058.064
2018-06-11,42,274.436,2782.23,3056.666
2018-06-11,43,225.062,2800.506,3025.568
2018-06-11,44,210.124,2655.062,2865.186
2018-06-11,45,195.736,2297.524,2493.26
2018-06-11,46,171.606,1796.652,1968.258
2018-06-11,47,149.726,1462.554,1612.28
2018-06-11,48,137.136,1385.846,1522.982
2018-06-12,1,104.346,1377.362,1481.708
2018-06-12,2,88.678,1281.292,1369.97
2018-06-12,3,78.948,1311.31,1390.258
2018-06-12,4,65.29,1252.122,1317.412
2018-06-12,5,78.61,1158.906,1237.516
2018-06-12,6,113.65,1131.856,1245.506
2018-06-12,7,116.99,1095.908,1212.898
2018-06-12,8,100.742,1030.148,1130.89
2018-06-12,9,116.878,1028.864,1145.742
2018-06-12,10,113.078,1207.502,1320.58
2018-06-12,11,108.03,1295.26,1403.29
2018-06-12,12,108.014,1289.558,1397.572
2018-06-12,13,107.506,1276.138,1383.644
2018-06-12,14,85.74,1189.42,1275.16
2018-06-12,15,81.248,1072.72,1153.968
2018-06-12,16,82.13,1065.814,1147.944
2018-06-12,17,80.392,1129.212,1209.604
2018-06-12,18,90.21,1021.544,1111.754
2018-06-12,19,111.178,912.926,1024.104
2018-06-12,20,151.572,957.472,1109.044
2018-06-12,21,189.948,1023.262,1213.21
2018-06-12,22,216.046,1078.71,1294.756
2018-06-12,23,261.734,1061.182,1322.916
2018-06-12,24,294.378,1147.984,1442.362
2018-06-12,25,329.598,1052.728,1382.326
2018-06-12,26,352.278,1036.53,1388.808
2018-06-12,27,379.202,1121.102,1500.304
2018-06-12,28,359.956,1042.602,1402.558
2018-06-12,29,312.93,1256.02,1568.95
2018-06-12,30,359.964,1297.696,1657.66
2018-06-12,31,430.054,1257.076,1687.13
2018-06-12,32,454.626,1182.666,1637.292
2018-06-12,33,516.692,1213.1,1729.792
2018-06-12,34,527.874,1453.56,1981.434
2018-06-12,35,536.768,1575.022,2111.79
2018-06-12,36,551.394,1476.802,2028.196
2018-06-12,37,569.162,1705.554,2274.716
2018-06-12,38,617.934,1849.014,2466.948
2018-06-12,39,648.164,1840.872,2489.036
2018-06-12,40,621.856,1723.084,2344.94
2018-06-12,41,560.296,1790.034,2350.33
2018-06-12,42,479.044,1858.648,2337.692
2018-06-12,43,411.194,1831.108,2242.302
2018-06-12,44,377.85,1654.43,2032.28
2018-06-12,45,325.426,1573.388,1898.814
2018-06-12,46,307.522,1420.486,1728.008
2018-06-12,47,286.714,1153.186,1439.9
2018-06-12,48,258.014,1035.47,1293.484
2018-06-13,1,264.318,923.222,1187.54
2018-06-13,2,275.5,787.15,1062.65
2018-06-13,3,266.45,635.044,901.494
2018-06-13,4,239.844,590.392,830.236
2018-06-13,5,211.076,498.212,709.288
2018-06-13,6,158.992,417.496,576.488
2018-06-13,7,122.852,425.4,548.252
2018-06-13,8,115.112,348.21,463.322
2018-06-13,9,114.154,288.248,402.402
2018-06-13,10,126.326,290.21,416.536
2018-06-13,11,159.098,275.888,434.986
2018-06-13,12,148.926,275.678,424.604
2018-06-13,13,127.242,319.062,446.304
2018-06-13,14,155.194,380.73,535.924
2018-06-13,15,211.33,416.48,627.81
2018-06-13,16,324.34,423.12,747.46
2018-06-13,17,460.92,380.728,841.648
2018-06-13,18,680.944,363.05,1043.994
2018-06-13,19,926.87,369.052,1295.922
2018-06-13,20,1149.522,429.594,1579.116
2018-06-13,21,1185.97,480.916,1666.886
2018-06-13,22,1338.01,541.484,1879.494
2018-06-13,23,1445.82,610.018,2055.838
2018-06-13,24,1634.652,640.608,2275.26
2018-06-13,25,1810.22,640.658,2450.878
2018-06-13,26,2018.654,668.16,2686.814
2018-06-13,27,2130.184,818.572,2948.756
2018-06-13,28,2150.54,1070.71,3221.25
2018-06-13,29,2184.25,1249.036,3433.286
2018-06-13,30,1995.694,1667.918,3663.612
2018-06-13,31,1791.632,1999.516,3791.148
2018-06-13,32,1881.304,2441.338,4322.642
2018-06-13,33,1762.52,2893.28,4655.8
2018-06-13,34,1810.584,3309.14,5119.724
2018-06-13,35,2560.568,3579.748,6140.316
2018-06-13,36,2988.436,3828.082,6816.518
2018-06-13,37,3152.862,4074.252,7227.114
2018-06-13,38,3059.84,4439.59,7499.43
2018-06-13,39,2702.894,4603.596,7306.49
2018-06-13,40,2522.706,4806.854,7329.56
2018-06-13,41,2538.524,4888.888,7427.412
2018-06-13,42,2521.194,5063.426,7584.62
2018-06-13,43,2539.438,5265.192,7804.63
2018-06-13,44,2274.764,5406.802,7681.566
2018-06-13,45,2237.138,5475.674,7712.812
2018-06-13,46,2112.89,5467.52,7580.41
2018-06-13,47,1964.756,5415.434,7380.19
2018-06-13,48,1983.77,5462.364,7446.134
2018-06-14,1,1994.874,5489.594,7484.468
2018-06-14,2,1984.088,5837.878,7821.966
2018-06-14,3,1853.688,5886.462,7740.15
2018-06-14,4,1654.132,5914.956,7569.088
2018-06-14,5,1552.942,6023.524,7576.466
2018-06-14,6,1567.73,6092.348,7660.078
2018-06-14,7,1565.83,6276.682,7842.512
2018-06-14,8,1665.228,6346.882,8012.11
2018-06-14,9,1710.29,6336.486,8046.776
2018-06-14,10,1707.022,6334.756,8041.778
2018-06-14,11,1646.632,6172.704,7819.336
2018-06-14,12,1736.4,6265.4,8001.8
2018-06-14,13,1860.754,6246.11,8106.864
2018-06-14,14,2081.12,6303.096,8384.216
2018-06-14,15,2333.156,6363.154,8696.31
2018-06-14,16,2566.628,6452.408,9019.036
2018-06-14,17,2697.088,6483.344,9180.432
2018-06-14,18,2870.698,6601.586,9472.284
2018-06-14,19,2824.522,6720.778,9545.3
2018-06-14,20,2854.172,6760.25,9614.422
2018-06-14,21,2928.114,6720.516,9648.63
2018-06-14,22,2930.244,6693.782,9624.026
2018-06-14,23,2957.492,6747.082,9704.574
2018-06-14,24,2992.896,6682.226,9675.122
2018-06-14,25,2928.944,6565.806,9494.75
2018-06-14,26,2943.408,6468.224,9411.632
2018-06-14,27,3036.636,6357.548,9394.184
2018-06-14,28,2964.572,6144.13,9108.702
2018-06-14,29,2931.862,5935.322,8867.184
2018-06-14,30,2853.126,5752.076,8605.202
2018-06-14,31,2867.194,5410.198,8277.392
2018-06-14,32,2979.512,5236.308,8215.82
2018-06-14,33,2939.606,5015.636,7955.242
2018-06-14,34,2983.864,4599.998,7583.862
2018-06-14,35,3193.714,4072.484,7266.198
2018-06-14,36,3162.618,3942.482,7105.1
2018-06-14,37,3077.58,3828.868,6906.448
2018-06-14,38,3080.892,3697.314,6778.206
2018-06-14,39,3121.33,3464.248,6585.578
2018-06-14,40,3035.548,2902.85,5938.398
2018-06-14,41,2791.592,2507.058,5298.65
2018-06-14,42,2544.562,2113.21,4657.772
2018-06-14,43,2404.148,2112.2,4516.348
2018-06-14,44,2328.578,2251.22,4579.798
2018-06-14,45,2257.656,2300.316,4557.972
2018-06-14,46,2257.742,2200.674,4458.416
2018-06-14,47,2364.442,2044.672,4409.114
2018-06-14,48,2538.258,1919,4457.258
2018-06-15,1,2459.71,1808.578,4268.288
2018-06-15,2,2526.38,1861.444,4387.824
2018-06-15,3,2583.356,2087.658,4671.014
2018-06-15,4,2626.266,2335.112,4961.378
2018-06-15,5,2595.82,2298.71,4894.53
2018-06-15,6,2534.3,2353.01,4887.31
2018-06-15,7,2427.174,2430.842,4858.016
2018-06-15,8,2289.298,2449.824,4739.122
2018-06-15,9,2259.092,2438.832,4697.924
2018-06-15,10,2153.57,2342.61,4496.18
2018-06-15,11,2067.314,2027.82,4095.134
2018-06-15,12,1938.144,1849.794,3787.938
2018-06-15,13,1799.41,1617.78,3417.19
2018-06-15,14,1762.934,1418.018,3180.952
2018-06-15,15,1685.766,1401.292,3087.058
2018-06-15,16,1763.976,1323.908,3087.884
2018-06-15,17,1678.818,1273.708,2952.526
2018-06-15,18,1659.864,1261.062,2920.926
2018-06-15,19,1681.668,1333.404,3015.072
2018-06-15,20,1751.178,1394.92,3146.098
2018-06-15,21,1904.284,1288.052,3192.336
2018-06-15,22,1970.49,1245.922,3216.412
2018-06-15,23,1948.114,1149.102,3097.216
2018-06-15,24,1899.114,1075.848,2974.962
2018-06-15,25,1949.078,1043.27,2992.348
2018-06-15,26,1872.218,1099.148,2971.366
2018-06-15,27,1979.354,1267.712,3247.066
2018-06-15,28,2046.892,1410.188,3457.08
2018-06-15,29,2117.106,1269.572,3386.678
2018-06-15,30,2059.904,1262.206,3322.11
2018-06-15,31,1952.384,1213.782,3166.166
2018-06-15,32,1913.716,1170.626,3084.342
2018-06-15,33,1823.634,1389.512,3213.146
2018-06-15,34,1626.166,1450.272,3076.438
2018-06-15,35,1358.858,1440.322,2799.18
2018-06-15,36,1155.78,1526.66,2682.44
2018-06-15,37,1060.174,1499.272,2559.446
2018-06-15,38,886.244,1558.29,2444.534
2018-06-15,39,762.844,1544.49,2307.334
2018-06-15,40,660.438,1593.04,2253.478
2018-06-15,41,582.402,1541.652,2124.054
2018-06-15,42,547.372,1683.278,2230.65
2018-06-15,43,588.986,1723.394,2312.38
2018-06-15,44,632.178,1644.182,2276.36
2018-06-15,45,672.352,1709.256,2381.608
2018-06-15,46,714.338,1651.856,2366.194
2018-06-15,47,774.27,1540.756,2315.026
2018-06-15,48,772.914,1392.432,2165.346
2018-06-16,1,773.942,1313.618,2087.56
2018-06-16,2,745.916,1300.18,2046.096
2018-06-16,3,719.128,1327.656,2046.784
2018-06-16,4,709.428,1271.316,1980.744
2018-06-16,5,718.548,1289.006,2007.554
2018-06-16,6,743.45,1369.002,2112.452
2018-06-16,7,737.868,1442.174,2180.042
2018-06-16,8,882.604,1400.768,2283.372
2018-06-16,9,987.594,1417.576,2405.17
2018-06-16,10,1114.64,1514.016,2628.656
2018-06-16,11,1262.06,1641.336,2903.396
2018-06-16,12,1331.546,1502.056,2833.602
2018-06-16,13,1474.208,1394.718,2868.926
2018-06-16,14,1650.686,1462.606,3113.292
2018-06-16,15,1794.932,1792.586,3587.518
2018-06-16,16,1821.062,1864.214,3685.276
2018-06-16,17,1988.852,1860.116,3848.968
2018-06-16,18,1748.414,1909.276,3657.69
2018-06-16,19,1357.992,1962.31,3320.302
2018-06-16,20,1435.972,2030.096,3466.068
2018-06-16,21,1423.178,2202.712,3625.89
2018-06-16,22,1441.954,2259.468,3701.422
2018-06-16,23,1550.596,2403.626,3954.222
2018-06-16,24,1523.678,2538.066,4061.744
2018-06-16,25,1705.208,2297.346,4002.554
2018-06-16,26,1640.35,2356.488,3996.838
2018-06-16,27,1728.772,2451.338,4180.11
2018-06-16,28,1580.486,2778.808,4359.294
2018-06-16,29,1494.092,2782.286,4276.378
2018-06-16,30,1410.494,2884.602,4295.096
2018-06-16,31,1411.122,3067.676,4478.798
2018-06-16,32,1171.752,3369.328,4541.08
2018-06-16,33,1032.32,3663.752,4696.072
2018-06-16,34,1061.266,3930.902,4992.168
2018-06-16,35,1061.822,4397.536,5459.358
2018-06-16,36,1035.228,4670.584,5705.812
2018-06-16,37,1117.72,4824.27,5941.99
2018-06-16,38,1037.126,5115.584,6152.71
2018-06-16,39,905.978,5025.354,5931.332
2018-06-16,40,891.954,4817.976,5709.93
2018-06-16,41,951.766,4590.698,5542.464
2018-06-16,42,863.938,4631.454,5495.392
2018-06-16,43,857.18,4509.26,5366.44
2018-06-16,44,924.584,4155.826,5080.41
2018-06-16,45,827.864,3814.944,4642.808
2018-06-16,46,766.848,3501.97,4268.818
2018-06-16,47,824.794,3524.746,4349.54
2018-06-16,48,819.85,3743.1,4562.95
2018-06-17,1,812.828,4028.226,4841.054
2018-06-17,2,657.82,4127.834,4785.654
2018-06-17,3,632.854,3970.38,4603.234
2018-06-17,4,663.026,3891.912,4554.938
2018-06-17,5,650.498,3965.302,4615.8
2018-06-17,6,558.682,3903.052,4461.734
2018-06-17,7,519.924,3684.504,4204.428
2018-06-17,8,487.56,3356.534,3844.094
2018-06-17,9,447.332,3397.604,3844.936
2018-06-17,10,446.22,3426.406,3872.626
2018-06-17,11,451.432,3333.314,3784.746
2018-06-17,12,409.246,3209.91,3619.156
2018-06-17,13,378.252,3130.78,3509.032
2018-06-17,14,351.146,3054.398,3405.544
2018-06-17,15,414.834,2988.676,3403.51
2018-06-17,16,390.43,2922.946,3313.376
2018-06-17,17,389.446,2851.132,3240.578
2018-06-17,18,429.706,2571.244,3000.95
2018-06-17,19,458.13,2473.262,2931.392
2018-06-17,20,526.344,2369.55,2895.894
2018-06-17,21,657.828,2347.162,3004.99
2018-06-17,22,738.412,2220.046,2958.458
2018-06-17,23,868.284,2022.512,2890.796
2018-06-17,24,1036.726,1955.194,2991.92
2018-06-17,25,1217.082,1861.674,3078.756
2018-06-17,26,1420.318,1821.206,3241.524
2018-06-17,27,1554.682,1836.49,3391.172
2018-06-17,28,1693.018,1997.626,3690.644
2018-06-17,29,1922.496,1821.424,3743.92
2018-06-17,30,1989.322,1695.848,3685.17
2018-06-17,31,2001.584,1868.754,3870.338
2018-06-17,32,2029.388,2356.328,4385.716
2018-06-17,33,1952.91,2805.23,4758.14
2018-06-17,34,1817.842,3179.946,4997.788
2018-06-17,35,1817.002,3085.018,4902.02
2018-06-17,36,1743.78,3301.202,5044.982
2018-06-17,37,1766.852,3285.526,5052.378
2018-06-17,38,1745.518,3641.552,5387.07
2018-06-17,39,1771.292,4195.146,5966.438
2018-06-17,40,1716.228,4256.184,5972.412
2018-06-17,41,1667.906,4370.728,6038.634
2018-06-17,42,1719.918,4143.406,5863.324
2018-06-17,43,1726.424,4059.192,5785.616
2018-06-17,44,1754.102,3948.65,5702.752
2018-06-17,45,1778.398,4171.466,5949.864
2018-06-17,46,1436.086,4199.538,5635.624
2018-06-17,47,1398.918,4172.546,5571.464
2018-06-17,48,1454.186,4117.15,5571.336
2018-06-18,1,1147.244,4448.682,5595.926
2018-06-18,2,1034.138,4603.192,5637.33
2018-06-18,3,956.276,4479.754,5436.03
2018-06-18,4,930.046,4298.622,5228.668
2018-06-18,5,890.556,4308.894,5199.45
2018-06-18,6,865.274,4426.654,5291.928
2018-06-18,7,857.01,4270.824,5127.834
2018-06-18,8,820.054,4303.852,5123.906
2018-06-18,9,998.818,4177.906,5176.724
2018-06-18,10,986.012,4068.772,5054.784
2018-06-18,11,988.842,3943.728,4932.57
2018-06-18,12,996.734,3871.206,4867.94
2018-06-18,13,1009.328,3948.086,4957.414
2018-06-18,14,1084.332,3917.48,5001.812
2018-06-18,15,1179.494,4189.974,5369.468
2018-06-18,16,1489.268,4289.612,5778.88
2018-06-18,17,1852.256,4100.72,5952.976
2018-06-18,18,2252.522,3917.944,6170.466
2018-06-18,19,2112.46,3862.12,5974.58
2018-06-18,20,2024.274,3758.684,5782.958
2018-06-18,21,1909.96,3618.916,5528.876
2018-06-18,22,1997.182,3393.016,5390.198
2018-06-18,23,2088.302,3395.968,5484.27
2018-06-18,24,2104.604,3340.57,5445.174
2018-06-18,25,2116.266,3342.782,5459.048
2018-06-18,26,2229.486,3319.35,5548.836
2018-06-18,27,2110.004,3345.268,5455.272
2018-06-18,28,1899.132,3625.074,5524.206
2018-06-18,29,1703.562,3797.184,5500.746
2018-06-18,30,1652.652,3985.626,5638.278
2018-06-18,31,1721.572,3820.346,5541.918
2018-06-18,32,1986.692,3831.012,5817.704
2018-06-18,33,2517.332,3835.524,6352.856
2018-06-18,34,2788.692,3992.066,6780.758
2018-06-18,35,2834.546,4214.658,7049.204
2018-06-18,36,2707.31,4341.206,7048.516
2018-06-18,37,2777.436,4886.82,7664.256
2018-06-18,38,2532.806,5243.16,7775.966
2018-06-18,39,2351.478,5250.692,7602.17
2018-06-18,40,2139.552,4951.6,7091.152
2018-06-18,41,2232.472,5027.228,7259.7
2018-06-18,42,2259.092,4806.584,7065.676
2018-06-18,43,2383.386,4944.782,7328.168
2018-06-18,44,2364.38,5003.504,7367.884
2018-06-18,45,2512.09,4722.886,7234.976
2018-06-18,46,2741.65,4528.38,7270.03
2018-06-18,47,2635.478,4357.892,6993.37
2018-06-18,48,2438.176,4499.212,6937.388
2018-06-19,1,2297.326,4825.678,7123.004
2018-06-19,2,2236.082,4787.326,7023.408
2018-06-19,3,2126.04,4654.896,6780.936
2018-06-19,4,2100.93,4662.808,6763.738
2018-06-19,5,2112.288,4564.06,6676.348
2018-06-19,6,1974.51,4341.768,6316.278
2018-06-19,7,1871.564,3759.17,5630.734
2018-06-19,8,2064.008,3098.198,5162.206
2018-06-19,9,2338.298,2401.188,4739.486
2018-06-19,10,2440.73,1999.112,4439.842
2018-06-19,11,2427.45,1822.198,4249.648
2018-06-19,12,2349.298,1688.562,4037.86
2018-06-19,13,2363.008,1544.7,3907.708
2018-06-19,14,2183.572,1281.64,3465.212
2018-06-19,15,2123.49,1082.444,3205.934
2018-06-19,16,2039.568,924.518,2964.086
2018-06-19,17,2076.118,834.36,2910.478
2018-06-19,18,2006.804,716.658,2723.462
2018-06-19,19,1861.986,632.784,2494.77
2018-06-19,20,1825.932,642.148,2468.08
2018-06-19,21,1786.69,657.262,2443.952
2018-06-19,22,1765.634,670.214,2435.848
2018-06-19,23,1767.204,632.72,2399.924
2018-06-19,24,1683.572,370.552,2054.124
2018-06-19,25,1716.642,409.762,2126.404
2018-06-19,26,1665.064,517.874,2182.938
2018-06-19,27,1515.546,548.888,2064.434
2018-06-19,28,1425.146,654.084,2079.23
2018-06-19,29,1318.604,823.918,2142.522
2018-06-19,30,1178.18,1042.808,2220.988
2018-06-19,31,1036.278,1134.112,2170.39
2018-06-19,32,903.586,1166.242,2069.828
2018-06-19,33,792.712,1143.81,1936.522
2018-06-19,34,683.914,1166.238,1850.152
2018-06-19,35,620.812,1264.206,1885.018
2018-06-19,36,470.942,1589.834,2060.776
2018-06-19,37,425.462,2133.748,2559.21
2018-06-19,38,457.91,2707.18,3165.09
2018-06-19,39,477.012,3251.332,3728.344
2018-06-19,40,513.086,3778.552,4291.638
2018-06-19,41,573.606,4139.438,4713.044
2018-06-19,42,658.978,4556.198,5215.176
2018-06-19,43,775.616,4761.584,5537.2
2018-06-19,44,766.902,4773.888,5540.79
2018-06-19,45,818.098,4837.812,5655.91
2018-06-19,46,804.104,4904.346,5708.45
2018-06-19,47,906.684,4990.514,5897.198
2018-06-19,48,1101.846,5040.832,6142.678
2018-06-20,1,1187.918,5045.77,6233.688
2018-06-20,2,1175.868,4892.312,6068.18
2018-06-20,3,1168.924,4746.694,5915.618
2018-06-20,4,1379.628,4685.716,6065.344
2018-06-20,5,1445.044,4743.312,6188.356
2018-06-20,6,1438.478,4801.788,6240.266
2018-06-20,7,1371.788,4792.632,6164.42
2018-06-20,8,1230.518,4811.62,6042.138
2018-06-20,9,1173.32,4847.838,6021.158
2018-06-20,10,994.74,4993.526,5988.266
2018-06-20,11,932.172,5065.364,5997.536
2018-06-20,12,1552.106,5103.134,6655.24
2018-06-20,13,1806.386,5055.52,6861.906
2018-06-20,14,1663.308,5177.64,6840.948
2018-06-20,15,1540.592,5306.684,6847.276
2018-06-20,16,1611.776,5366.316,6978.092
2018-06-20,17,1565.728,5366.04,6931.768
2018-06-20,18,1425.91,5327.426,6753.336
2018-06-20,19,1425.468,5198.094,6623.562
2018-06-20,20,1464.636,5107.146,6571.782
2018-06-20,21,1686.204,5019.74,6705.944
2018-06-20,22,1761.978,4989.866,6751.844
2018-06-20,23,1646.508,5215.032,6861.54
2018-06-20,24,1593.62,4965.152,6558.772
2018-06-20,25,1657.77,4915.368,6573.138
2018-06-20,26,1689.792,4867.626,6557.418
2018-06-20,27,1698.516,4746.22,6444.736
2018-06-20,28,1684.516,4781.048,6465.564
2018-06-20,29,1735.31,4753.252,6488.562
2018-06-20,30,1995.614,4642.116,6637.73
2018-06-20,31,1993.314,4571.648,6564.962
2018-06-20,32,1540.198,4418.54,5958.738
2018-06-20,33,1415.474,4136.864,5552.338
2018-06-20,34,1483.904,3798.318,5282.222
2018-06-20,35,1472.962,3362.296,4835.258
2018-06-20,36,1555.844,3095.162,4651.006
2018-06-20,37,1560.556,2779.292,4339.848
2018-06-20,38,1632.032,2433.432,4065.464
2018-06-20,39,1694.33,2303.714,3998.044
2018-06-20,40,1615.384,2233.866,3849.25
2018-06-20,41,1775.196,2028.386,3803.582
2018-06-20,42,2154.764,1912.168,4066.932
2018-06-20,43,2262.402,1780.098,4042.5
2018-06-20,44,2226.136,1707.406,3933.542
2018-06-20,45,2273.902,1671.812,3945.714
2018-06-20,46,1795.986,1769.594,3565.58
2018-06-20,47,1262.762,2070.082,3332.844
2018-06-20,48,1041.83,2385.034,3426.864
2018-06-21,1,856.326,2931.686,3788.012
2018-06-21,2,800.138,3623.418,4423.556
2018-06-21,3,769.812,4463.52,5233.332
2018-06-21,4,787.244,5115.904,5903.148
2018-06-21,5,778.856,5552.1,6330.956
2018-06-21,6,822.544,5690.028,6512.572
2018-06-21,7,931.508,5946.548,6878.056
2018-06-21,8,1201.604,6084.502,7286.106
2018-06-21,9,1197.566,6097.956,7295.522
2018-06-21,10,1189.048,6146.07,7335.118
2018-06-21,11,1170.966,6208.874,7379.84
2018-06-21,12,1102.556,6215.068,7317.624
2018-06-21,13,1167.732,6038.846,7206.578
2018-06-21,14,1449.08,6046.378,7495.458
2018-06-21,15,1603.254,6053.822,7657.076
2018-06-21,16,1595.926,6006.506,7602.432
2018-06-21,17,1683.11,5930.302,7613.412
2018-06-21,18,1931.084,5841.612,7772.696
2018-06-21,19,1988.876,5810.738,7799.614
2018-06-21,20,1971.652,5526.208,7497.86
2018-06-21,21,2058.552,5307.682,7366.234
2018-06-21,22,2239.784,5056.354,7296.138
2018-06-21,23,2244.772,4898.91,7143.682
2018-06-21,24,2271.026,4686.044,6957.07
2018-06-21,25,2277.58,4583.504,6861.084
2018-06-21,26,2238.538,4485.106,6723.644
2018-06-21,27,2389.764,4347.572,6737.336
2018-06-21,28,2239.816,4584.87,6824.686
2018-06-21,29,2230.128,4548.42,6778.548
2018-06-21,30,2143.204,4346.524,6489.728
2018-06-21,31,2133.752,4049.012,6182.764
2018-06-21,32,2188.602,3861.85,6050.452
2018-06-21,33,2222.358,3684.9,5907.258
2018-06-21,34,2282.38,3484.488,5766.868
2018-06-21,35,2268.8,3218.076,5486.876
2018-06-21,36,2203.56,3104.798,5308.358
2018-06-21,37,2211.106,3147.78,5358.886
2018-06-21,38,2112.362,3261.544,5373.906
2018-06-21,39,2021.342,3277.494,5298.836
2018-06-21,40,1949.132,3118.132,5067.264
2018-06-21,41,1960.938,2941.426,4902.364
2018-06-21,42,1995.808,2817.088,4812.896
2018-06-21,43,2084.12,2787.302,4871.422
2018-06-21,44,2015.754,2769.458,4785.212
2018-06-21,45,2047.132,2712.55,4759.682
2018-06-21,46,2242.518,2657.872,4900.39
2018-06-21,47,1959.678,2696.136,4655.814
2018-06-21,48,1744.42,2738.258,4482.678
2018-06-22,1,1372.74,2936.706,4309.446
2018-06-22,2,1160.062,3032.752,4192.814
2018-06-22,3,1148.358,3212.758,4361.116
2018-06-22,4,1004.86,3269.544,4274.404
2018-06-22,5,1173.112,3185.628,4358.74
2018-06-22,6,1223.506,3005.55,4229.056
2018-06-22,7,1430.776,3176.442,4607.218
2018-06-22,8,1238.008,3231.584,4469.592
2018-06-22,9,1272.268,3402.53,4674.798
2018-06-22,10,1278.266,3510.244,4788.51
2018-06-22,11,1093.368,3484.494,4577.862
2018-06-22,12,963.874,3447.632,4411.506
2018-06-22,13,872.258,3292.122,4164.38
2018-06-22,14,893.4,3127.7,4021.1
2018-06-22,15,885.248,3037.09,3922.338
2018-06-22,16,845.296,2965.106,3810.402
2018-06-22,17,1299.854,2874.328,4174.182
2018-06-22,18,1026.204,2619.23,3645.434
2018-06-22,19,949.558,2324.57,3274.128
2018-06-22,20,926.93,2122.724,3049.654
2018-06-22,21,1002.534,2067.332,3069.866
2018-06-22,22,1093.544,2095.486,3189.03
2018-06-22,23,1193.206,1992.744,3185.95
2018-06-22,24,1277.558,1984.102,3261.66
2018-06-22,25,1294.52,1866.174,3160.694
2018-06-22,26,1298.868,1825.656,3124.524
2018-06-22,27,1296.814,1891.234,3188.048
2018-06-22,28,1300.466,2073.442,3373.908
2018-06-22,29,1357.518,2170.682,3528.2
2018-06-22,30,1515.576,2028.596,3544.172
2018-06-22,31,1563.044,1915.164,3478.208
2018-06-22,32,1524.768,1715.724,3240.492
2018-06-22,33,1536.128,1659.924,3196.052
2018-06-22,34,1676.388,1526.834,3203.222
2018-06-22,35,1742.904,1352.778,3095.682
2018-06-22,36,1747.662,1279.084,3026.746
2018-06-22,37,1832.59,1290.138,3122.728
2018-06-22,38,1723.33,1189.53,2912.86
2018-06-22,39,1542.25,1002.254,2544.504
2018-06-22,40,1484.098,876.086,2360.184
2018-06-22,41,1482.734,727.884,2210.618
2018-06-22,42,1414.798,542.66,1957.458
2018-06-22,43,1348.124,426.726,1774.85
2018-06-22,44,1381.262,333.486,1714.748
2018-06-22,45,1356.504,307.232,1663.736
2018-06-22,46,1375.556,327.812,1703.368
2018-06-22,47,1415.618,423.904,1839.522
2018-06-22,48,1439.61,566.384,2005.994
2018-06-23,1,1357.744,645.57,2003.314
2018-06-23,2,1414.83,615.096,2029.926
2018-06-23,3,1317.776,619.132,1936.908
2018-06-23,4,1241.192,648.756,1889.948
2018-06-23,5,1237.93,652.908,1890.838
2018-06-23,6,1225.394,598.014,1823.408
2018-06-23,7,1228.468,528.01,1756.478
2018-06-23,8,1356.968,425.532,1782.5
2018-06-23,9,1378.238,446.42,1824.658
2018-06-23,10,1288.222,514.588,1802.81
2018-06-23,11,1345.578,524.53,1870.108
2018-06-23,12,1252.66,583.864,1836.524
2018-06-23,13,1214.03,587.114,1801.144
2018-06-23,14,1151.012,582.754,1733.766
2018-06-23,15,1192.142,616.568,1808.71
2018-06-23,16,1267.046,671.31,1938.356
2018-06-23,17,1444.658,657.034,2101.692
2018-06-23,18,1632.976,613.692,2246.668
2018-06-23,19,1617.434,566.026,2183.46
2018-06-23,20,1615.052,554.81,2169.862
2018-06-23,21,1600.904,516.558,2117.462
2018-06-23,22,1603.626,541.388,2145.014
2018-06-23,23,1546.368,590.52,2136.888
2018-06-23,24,1476.06,531.228,2007.288
2018-06-23,25,1488.854,517.038,2005.892
2018-06-23,26,1446.266,537.852,1984.118
2018-06-23,27,1464.408,473.388,1937.796
2018-06-23,28,1492.28,469.684,1961.964
2018-06-23,29,1439.778,467.306,1907.084
2018-06-23,30,1429.344,458.174,1887.518
2018-06-23,31,1372.218,411.63,1783.848
2018-06-23,32,1349.14,372.98,1722.12
2018-06-23,33,1262.812,328.998,1591.81
2018-06-23,34,1240.722,289.268,1529.99
2018-06-23,35,1207.488,371.042,1578.53
2018-06-23,36,1168.51,395.364,1563.874
2018-06-23,37,1087.396,364.98,1452.376
2018-06-23,38,889.934,395.636,1285.57
2018-06-23,39,916.154,428.532,1344.686
2018-06-23,40,853.194,418.148,1271.342
2018-06-23,41,786.746,340.39,1127.136
2018-06-23,42,674.428,299.926,974.354
2018-06-23,43,591.508,255.662,847.17
2018-06-23,44,590.704,247.28,837.984
2018-06-23,45,612.634,183.918,796.552
2018-06-23,46,562.418,141.348,703.766
2018-06-23,47,490.166,138.102,628.268
2018-06-23,48,408.262,113.158,521.42
2018-06-24,1,400.318,114.7,515.018
2018-06-24,2,363.2,117.756,480.956
2018-06-24,3,362.268,90.244,452.512
2018-06-24,4,388.598,63.506,452.104
2018-06-24,5,399.828,42.64,442.468
2018-06-24,6,407.298,38.368,445.666
2018-06-24,7,416.998,38.896,455.894
2018-06-24,8,468.096,39.726,507.822
2018-06-24,9,480.526,49.164,529.69
2018-06-24,10,491.886,60.378,552.264
2018-06-24,11,491.198,66.976,558.174
2018-06-24,12,492.196,75.834,568.03
2018-06-24,13,454.91,88.6,543.51
2018-06-24,14,444.746,97.766,542.512
2018-06-24,15,431.374,93.252,524.626
2018-06-24,16,403.578,120.12,523.698
2018-06-24,17,390.96,157.368,548.328
2018-06-24,18,384.414,161.784,546.198
2018-06-24,19,395.306,158.196,553.502
2018-06-24,20,440.85,129.936,570.786
2018-06-24,21,495.144,99.458,594.602
2018-06-24,22,515.342,84.32,599.662
2018-06-24,23,546.894,65.804,612.698
2018-06-24,24,580.27,55.636,635.906
2018-06-24,25,605.988,53.6,659.588
2018-06-24,26,604.73,64.914,669.644
2018-06-24,27,601.636,79.31,680.946
2018-06-24,28,619.138,95.726,714.864
2018-06-24,29,618.092,105.586,723.678
2018-06-24,30,593.302,98.202,691.504
2018-06-24,31,581.946,104.988,686.934
2018-06-24,32,575.738,107.17,682.908
2018-06-24,33,579.428,104.994,684.422
2018-06-24,34,579.552,101.872,681.424
2018-06-24,35,578.268,91.336,669.604
2018-06-24,36,538.456,94.382,632.838
2018-06-24,37,523.002,99.062,622.064
2018-06-24,38,507.692,86.128,593.82
2018-06-24,39,464.12,82.606,546.726
2018-06-24,40,405.306,92.266,497.572
2018-06-24,41,361.364,96.108,457.472
2018-06-24,42,330.84,107.328,438.168
2018-06-24,43,326.294,132.508,458.802
2018-06-24,44,325.776,153.386,479.162
2018-06-24,45,347.224,170.98,518.204
2018-06-24,46,352.568,180.328,532.896
2018-06-24,47,354.252,182.808,537.06
2018-06-24,48,395.126,211.154,606.28
2018-06-25,1,394.304,247.034,641.338
2018-06-25,2,438.59,272.242,710.832
2018-06-25,3,446.444,315.48,761.924
2018-06-25,4,462.846,302.386,765.232
2018-06-25,5,471.302,287.786,759.088
2018-06-25,6,477.124,277.73,754.854
2018-06-25,7,479.208,268.852,748.06
2018-06-25,8,486.05,273.194,759.244
2018-06-25,9,481.612,282.128,763.74
2018-06-25,10,478.282,271.486,749.768
2018-06-25,11,451.792,263.036,714.828
2018-06-25,12,465.13,240.75,705.88
2018-06-25,13,465.402,218.972,684.374
2018-06-25,14,408.744,177.02,585.764
2018-06-25,15,376.584,138.76,515.344
2018-06-25,16,357.218,124.808,482.026
2018-06-25,17,351.314,95.724,447.038
2018-06-25,18,345.898,94.232,440.13
2018-06-25,19,292.96,110.188,403.148
2018-06-25,20,293.622,148.734,442.356
2018-06-25,21,298.66,164.324,462.984
2018-06-25,22,322.21,188.626,510.836
2018-06-25,23,332.836,208.952,541.788
2018-06-25,24,337.366,214.714,552.08
2018-06-25,25,333.59,206.082,539.672
2018-06-25,26,326.16,198.992,525.152
2018-06-25,27,293.022,183.7,476.722
2018-06-25,28,273.416,174.126,447.542
2018-06-25,29,285.686,188.556,474.242
2018-06-25,30,294.62,181.044,475.664
2018-06-25,31,260.476,154.708,415.184
2018-06-25,32,242.548,138.052,380.6
2018-06-25,33,241.562,102.728,344.29
2018-06-25,34,216.28,80.106,296.386
2018-06-25,35,210.216,77.964,288.18
2018-06-25,36,200.288,78.55,278.838
2018-06-25,37,196.526,87.676,284.202
2018-06-25,38,177.076,99.228,276.304
2018-06-25,39,182.74,99.696,282.436
2018-06-25,40,151.246,108.696,259.942
2018-06-25,41,120.254,150.772,271.026
2018-06-25,42,110.086,199.954,310.04
2018-06-25,43,106.906,237.768,344.674
2018-06-25,44,95.56,254.982,350.542
2018-06-25,45,90.248,229.236,319.484
2018-06-25,46,83.688,163.184,246.872
2018-06-25,47,78.544,155.764,234.308
2018-06-25,48,72.116,155.598,227.714
2018-06-26,1,72.624,130.538,203.162
2018-06-26,2,75.056,94.968,170.024
2018-06-26,3,75.414,73.634,149.048
2018-06-26,4,75.142,79.714,154.856
2018-06-26,5,76.354,102.084,178.438
2018-06-26,6,77.544,117.894,195.438
2018-06-26,7,81.518,135.932,217.45
2018-06-26,8,88.66,169.77,258.43
2018-06-26,9,92.356,200.606,292.962
2018-06-26,10,90.792,215.114,305.906
2018-06-26,11,84.956,205.73,290.686
2018-06-26,12,92.288,210.388,302.676
2018-06-26,13,81.174,252.326,333.5
2018-06-26,14,79.26,283.74,363
2018-06-26,15,78.392,301.66,380.052
2018-06-26,16,93.014,303.368,396.382
2018-06-26,17,93.562,253.198,346.76
2018-06-26,18,93.354,178.034,271.388
2018-06-26,19,88.706,116.698,205.404
2018-06-26,20,93.654,92.414,186.068
2018-06-26,21,90.3,76.192,166.492
2018-06-26,22,82.726,69.952,152.678
2018-06-26,23,71.676,80.988,152.664
2018-06-26,24,66.858,102.256,169.114
2018-06-26,25,64.452,145.144,209.596
2018-06-26,26,61.404,177.54,238.944
2018-06-26,27,57.016,183.716,240.732
2018-06-26,28,54.306,189.292,243.598
2018-06-26,29,54.208,193.916,248.124
2018-06-26,30,54.45,244.662,299.112
2018-06-26,31,57.158,331.928,389.086
2018-06-26,32,70.086,415.32,485.406
2018-06-26,33,80.41,508.044,588.454
2018-06-26,34,72.15,506.712,578.862
2018-06-26,35,78.084,519.168,597.252
2018-06-26,36,79.042,547.138,626.18
2018-06-26,37,84.43,595.152,679.582
2018-06-26,38,70.668,746.926,817.594
2018-06-26,39,74.256,886.086,960.342
2018-06-26,40,113.492,936.792,1050.284
2018-06-26,41,121.226,926.558,1047.784
2018-06-26,42,139.778,906.072,1045.85
2018-06-26,43,146.134,862.042,1008.176
2018-06-26,44,142.2,899.16,1041.36
2018-06-26,45,135.182,943.846,1079.028
2018-06-26,46,119.562,940.798,1060.36
2018-06-26,47,121.452,976.574,1098.026
2018-06-26,48,107.34,1157.72,1265.06
2018-06-27,1,94.908,1345.69,1440.598
2018-06-27,2,93.612,1296.058,1389.67
2018-06-27,3,96.52,1216.998,1313.518
2018-06-27,4,96.556,1186.666,1283.222
2018-06-27,5,92.954,1126.406,1219.36
2018-06-27,6,92.746,1034.076,1126.822
2018-06-27,7,93.758,971.892,1065.65
2018-06-27,8,98.508,905.354,1003.862
2018-06-27,9,92.936,867.878,960.814
2018-06-27,10,102.57,908.326,1010.896
2018-06-27,11,112.504,902.712,1015.216
2018-06-27,12,110.486,946.932,1057.418
2018-06-27,13,99.944,1019.79,1119.734
2018-06-27,14,100.276,1062.876,1163.152
2018-06-27,15,92.608,1101.92,1194.528
2018-06-27,16,68.49,1034.176,1102.666
2018-06-27,17,55.13,1028.64,1083.77
2018-06-27,18,54.132,989.866,1043.998
2018-06-27,19,51.662,935.206,986.868
2018-06-27,20,55.692,932.84,988.532
2018-06-27,21,58.662,946.082,1004.744
2018-06-27,22,64.294,845.64,909.934
2018-06-27,23,66.93,762.902,829.832
2018-06-27,24,70.776,708.346,779.122
2018-06-27,25,69.876,714.734,784.61
2018-06-27,26,81.528,705.05,786.578
2018-06-27,27,89.7,701.044,790.744
2018-06-27,28,90.604,684.736,775.34
2018-06-27,29,92.41,715.546,807.956
2018-06-27,30,82.624,741.158,823.782
2018-06-27,31,76.056,763.134,839.19
2018-06-27,32,78.586,803.12,881.706
2018-06-27,33,81.46,877.002,958.462
2018-06-27,34,74.44,952.576,1027.016
2018-06-27,35,73.48,1064.778,1138.258
2018-06-27,36,77.244,1160.958,1238.202
2018-06-27,37,81.824,1239.048,1320.872
2018-06-27,38,89.17,1385.888,1475.058
2018-06-27,39,91.684,1607.354,1699.038
2018-06-27,40,93.276,1808.174,1901.45
2018-06-27,41,97.414,1994.71,2092.124
2018-06-27,42,100.644,2311.168,2411.812
2018-06-27,43,104.626,2545.33,2649.956
2018-06-27,44,124.932,2677.13,2802.062
2018-06-27,45,115.248,2664.382,2779.63
2018-06-27,46,101.366,2408.828,2510.194
2018-06-27,47,115.556,2386.204,2501.76
2018-06-27,48,129.062,2384.084,2513.146
2018-06-28,1,125.644,2228.536,2354.18
2018-06-28,2,104.3,2031.744,2136.044
2018-06-28,3,91.828,1868.688,1960.516
2018-06-28,4,89.248,1733.744,1822.992
2018-06-28,5,76.918,1524.448,1601.366
2018-06-28,6,72.186,1350.274,1422.46
2018-06-28,7,64.764,1264.792,1329.556
2018-06-28,8,63.964,1110.736,1174.7
2018-06-28,9,66.266,1038.302,1104.568
2018-06-28,10,63.342,1008.56,1071.902
2018-06-28,11,64.35,996.982,1061.332
2018-06-28,12,60.042,983.828,1043.87
2018-06-28,13,53.698,964.516,1018.214
2018-06-28,14,50.15,940.702,990.852
2018-06-28,15,50.252,903.72,953.972
2018-06-28,16,54.294,946.364,1000.658
2018-06-28,17,50.836,963.65,1014.486
2018-06-28,18,45.304,974.516,1019.82
2018-06-28,19,42.238,1023.318,1065.556
2018-06-28,20,41.658,981.85,1023.508
2018-06-28,21,50.174,965.856,1016.03
2018-06-28,22,56.736,936.09,992.826
2018-06-28,23,56.552,905.192,961.744
2018-06-28,24,69.56,894.132,963.692
2018-06-28,25,78.584,912.668,991.252
2018-06-28,26,86.23,953.002,1039.232
2018-06-28,27,110.736,986.48,1097.216
2018-06-28,28,154.494,1025.926,1180.42
2018-06-28,29,161.43,1122.02,1283.45
2018-06-28,30,168.116,1199.808,1367.924
2018-06-28,31,174.702,1365.612,1540.314
2018-06-28,32,195.624,1451.156,1646.78
2018-06-28,33,201.282,1537.386,1738.668
2018-06-28,34,222.522,1586.49,1809.012
2018-06-28,35,251.366,1649.808,1901.174
2018-06-28,36,243.306,1677.15,1920.456
2018-06-28,37,222.86,1829.404,2052.264
2018-06-28,38,234.574,1900.274,2134.848
2018-06-28,39,246.956,1971.356,2218.312
2018-06-28,40,277.87,2042.01,2319.88
2018-06-28,41,306.836,2074.318,2381.154
2018-06-28,42,291.66,2139.72,2431.38
2018-06-28,43,263.242,2216.172,2479.414
2018-06-28,44,262.236,2231.796,2494.032
2018-06-28,45,234.484,2191.378,2425.862
2018-06-28,46,212.988,2188.68,2401.668
2018-06-28,47,208.822,2155.264,2364.086
2018-06-28,48,199.202,2091.322,2290.524
2018-06-29,1,165.408,2128.552,2293.96
2018-06-29,2,150.964,2085.18,2236.144
2018-06-29,3,138.994,1974.032,2113.026
2018-06-29,4,132.978,1920.212,2053.19
2018-06-29,5,138.088,1982.086,2120.174
2018-06-29,6,133.892,2059.02,2192.912
2018-06-29,7,165.818,2071.454,2237.272
2018-06-29,8,186.076,2013,2199.076
2018-06-29,9,190.574,1977.038,2167.612
2018-06-29,10,191.92,1839.344,2031.264
2018-06-29,11,200.564,1765.864,1966.428
2018-06-29,12,208.488,1794.03,2002.518
2018-06-29,13,193.844,1776.736,1970.58
2018-06-29,14,162.25,1715.194,1877.444
2018-06-29,15,147.428,1668.546,1815.974
2018-06-29,16,129.98,1658.49,1788.47
2018-06-29,17,112.73,1664.692,1777.422
2018-06-29,18,105.144,1564.848,1669.992
2018-06-29,19,98.642,1568.748,1667.39
2018-06-29,20,104.818,1525.388,1630.206
2018-06-29,21,110.946,1520.882,1631.828
2018-06-29,22,127.886,1357.41,1485.296
2018-06-29,23,137.88,1134.462,1272.342
2018-06-29,24,148.448,971.72,1120.168
2018-06-29,25,148.198,945.8,1093.998
2018-06-29,26,169.4,1012.672,1182.072
2018-06-29,27,195.854,1214.278,1410.132
2018-06-29,28,215.326,1390.394,1605.72
2018-06-29,29,236.878,1596.468,1833.346
2018-06-29,30,244.846,1783.336,2028.182
2018-06-29,31,270.28,1780.958,2051.238
2018-06-29,32,288.314,1894.924,2183.238
2018-06-29,33,270.268,2035.93,2306.198
2018-06-29,34,276.384,2130.22,2406.604
2018-06-29,35,278.766,2197.47,2476.236
2018-06-29,36,276.258,2210.758,2487.016
2018-06-29,37,291.582,2373.9,2665.482
2018-06-29,38,306.992,2443.962,2750.954
2018-06-29,39,312.62,2549.904,2862.524
2018-06-29,40,309.58,2614.964,2924.544
2018-06-29,41,318.76,2731.792,3050.552
2018-06-29,42,326.334,2903.652,3229.986
2018-06-29,43,346.078,2960.448,3306.526
2018-06-29,44,350.092,3154.528,3504.62
2018-06-29,45,399.102,3309.048,3708.15
2018-06-29,46,468.222,3297.58,3765.802
2018-06-29,47,477.078,3279.126,3756.204
2018-06-29,48,435.262,3477.292,3912.554
2018-06-30,1,452.43,3497.098,3949.528
2018-06-30,2,470.12,3307.62,3777.74
2018-06-30,3,471.458,2948.816,3420.274
2018-06-30,4,454.954,2588.216,3043.17
2018-06-30,5,451.854,2292.324,2744.178
2018-06-30,6,454.452,2103.514,2557.966
2018-06-30,7,452.6,1914.198,2366.798
2018-06-30,8,470.892,1806.912,2277.804
2018-06-30,9,496.084,1811.052,2307.136
2018-06-30,10,506.204,1725.048,2231.252
2018-06-30,11,513.314,1686.394,2199.708
2018-06-30,12,495.228,1612.792,2108.02
2018-06-30,13,462.548,1508.37,1970.918
2018-06-30,14,440.564,1515.076,1955.64
2018-06-30,15,405.104,1605.168,2010.272
2018-06-30,16,356.458,1644.52,2000.978
2018-06-30,17,308.404,1505.82,1814.224
2018-06-30,18,279.322,1406.834,1686.156
2018-06-30,19,260.702,1366.204,1626.906
2018-06-30,20,271.034,1294.456,1565.49
2018-06-30,21,272.674,1175.016,1447.69
2018-06-30,22,263.536,1064.702,1328.238
2018-06-30,23,271.104,1047.114,1318.218
2018-06-30,24,287.788,1105.344,1393.132
2018-06-30,25,324.942,1144.834,1469.776
2018-06-30,26,346.948,1253.668,1600.616
2018-06-30,27,370.5,1359.604,1730.104
2018-06-30,28,387.61,1396.238,1783.848
2018-06-30,29,406.602,1430.942,1837.544
2018-06-30,30,435.882,1501.06,1936.942
2018-06-30,31,452.288,1602.378,2054.666
2018-06-30,32,475.02,1702.412,2177.432
2018-06-30,33,511.326,1891.652,2402.978
2018-06-30,34,542.566,1932.908,2475.474
2018-06-30,35,596.096,1994.72,2590.816
2018-06-30,36,646,2020.436,2666.436
2018-06-30,37,682.922,2264.798,2947.72
2018-06-30,38,695.444,2404.082,3099.526
2018-06-30,39,707.09,2573.404,3280.494
2018-06-30,40,675.916,2880.68,3556.596
2018-06-30,41,687.07,3325.654,4012.724
2018-06-30,42,676.898,3683.094,4359.992
2018-06-30,43,650.18,3929.432,4579.612
2018-06-30,44,637.402,3896.052,4533.454
2018-06-30,45,626.65,3744.382,4371.032
2018-06-30,46,642.608,3661.968,4304.576
2018-06-30,47,628.322,3455.516,4083.838
2018-06-30,48,628.384,3388.432,4016.816
2018-07-01,1,640.84,3413.074,4053.914
2018-07-01,2,627.832,3371.196,3999.028
2018-07-01,3,582.206,3385.012,3967.218
2018-07-01,4,541.746,3360.832,3902.578
2018-07-01,5,508.34,3491.894,4000.234
2018-07-01,6,533.318,3540.06,4073.378
2018-07-01,7,548.07,3443.276,3991.346
2018-07-01,8,539.206,3358.63,3897.836
2018-07-01,9,567.624,3168.42,3736.044
2018-07-01,10,575.098,3122.476,3697.574
2018-07-01,11,619.85,3006.708,3626.558
2018-07-01,12,551.154,2848.372,3399.526
2018-07-01,13,494.53,2712.568,3207.098
2018-07-01,14,483.234,2588.358,3071.592
2018-07-01,15,423.046,2491.064,2914.11
2018-07-01,16,413.898,2333.676,2747.574
2018-07-01,17,400.18,2160.672,2560.852
2018-07-01,18,389.376,2023.888,2413.264
2018-07-01,19,363.46,1918.29,2281.75
2018-07-01,20,324.608,2066.238,2390.846
2018-07-01,21,311.938,2127.844,2439.782
2018-07-01,22,276.952,2048.606,2325.558
2018-07-01,23,267.804,2186.608,2454.412
2018-07-01,24,266.152,2308.36,2574.512
2018-07-01,25,290.336,2536.058,2826.394
2018-07-01,26,368.492,2550.132,2918.624
2018-07-01,27,449.966,2526.804,2976.77
2018-07-01,28,506.49,2669.026,3175.516
2018-07-01,29,551.246,2874.364,3425.61
2018-07-01,30,533.488,3043.304,3576.792
2018-07-01,31,574.814,3250.81,3825.624
2018-07-01,32,630.782,3479.42,4110.202
2018-07-01,33,693.378,3559.124,4252.502
2018-07-01,34,705.874,3550.014,4255.888
2018-07-01,35,753.124,3539.488,4292.612
2018-07-01,36,847.4,3715.528,4562.928
2018-07-01,37,876.684,3750.586,4627.27
2018-07-01,38,883.31,3669.24,4552.55
2018-07-01,39,881.334,3708.482,4589.816
2018-07-01,40,897.208,3786.258,4683.466
2018-07-01,41,919.212,4020.066,4939.278
2018-07-01,42,825.82,4003.718,4829.538
2018-07-01,43,759.262,3724.262,4483.524
2018-07-01,44,699.64,3556.634,4256.274
2018-07-01,45,623.112,3404.612,4027.724
2018-07-01,46,564.438,3240.26,3804.698
2018-07-01,47,534.576,3131.972,3666.548
2018-07-01,48,532.866,3028.418,3561.284
2018-07-02,1,482.38,2927.814,3410.194
2018-07-02,2,460.422,2829.992,3290.414
2018-07-02,3,459.378,2626.48,3085.858
2018-07-02,4,478.784,2562.192,3040.976
2018-07-02,5,523.228,2469.388,2992.616
2018-07-02,6,552.644,2367.926,2920.57
2018-07-02,7,507.714,2196.588,2704.302
2018-07-02,8,581.982,1884.608,2466.59
2018-07-02,9,713.112,1603.458,2316.57
2018-07-02,10,776.478,1483.926,2260.404
2018-07-02,11,815.588,1574.322,2389.91
2018-07-02,12,848.658,1606.868,2455.526
2018-07-02,13,827.462,1500.92,2328.382
2018-07-02,14,816.266,1495.988,2312.254
2018-07-02,15,748.252,1525.858,2274.11
2018-07-02,16,713.724,1531.954,2245.678
2018-07-02,17,681.158,1523.73,2204.888
2018-07-02,18,607.584,1516.22,2123.804
2018-07-02,19,541.348,1528.38,2069.728
2018-07-02,20,499.632,1553.186,2052.818
2018-07-02,21,443.914,1588.044,2031.958
2018-07-02,22,384.004,1509.144,1893.148
2018-07-02,23,368.346,1480.686,1849.032
2018-07-02,24,353.816,1433.794,1787.61
2018-07-02,25,344.886,1480.086,1824.972
2018-07-02,26,337.866,1633.78,1971.646
2018-07-02,27,319.862,1737.024,2056.886
2018-07-02,28,313.882,1928.836,2242.718
2018-07-02,29,313.684,2326.912,2640.596
2018-07-02,30,302.364,2707.276,3009.64
2018-07-02,31,304.742,2970.994,3275.736
2018-07-02,32,297.75,3128.828,3426.578
2018-07-02,33,295.11,3180.338,3475.448
2018-07-02,34,304.726,3192.318,3497.044
2018-07-02,35,313.158,3189.976,3503.134
2018-07-02,36,305.684,3227.638,3533.322
2018-07-02,37,306.528,3383.86,3690.388
2018-07-02,38,306.754,3626.89,3933.644
2018-07-02,39,291.536,3768.932,4060.468
2018-07-02,40,266.734,3904.772,4171.506
2018-07-02,41,252.128,4093.476,4345.604
2018-07-02,42,223.952,4111.32,4335.272
2018-07-02,43,224.816,4124.61,4349.426
2018-07-02,44,244.252,4405.24,4649.492
2018-07-02,45,265.488,4513.018,4778.506
2018-07-02,46,246.146,4453.488,4699.634
2018-07-02,47,227.802,4253.294,4481.096
2018-07-02,48,213.406,4194.97,4408.376
2018-07-03,1,210.114,4142.152,4352.266
2018-07-03,2,192.304,4082.672,4274.976
2018-07-03,3,200.352,4006.762,4207.114
2018-07-03,4,195.61,3863.148,4058.758
2018-07-03,5,169.612,3869.762,4039.374
2018-07-03,6,166.242,4000.302,4166.544
2018-07-03,7,143.77,3962.694,4106.464
2018-07-03,8,123.336,3776.42,3899.756
2018-07-03,9,112.64,3700.69,3813.33
2018-07-03,10,95.682,3602.886,3698.568
2018-07-03,11,85.864,3457.548,3543.412
2018-07-03,12,81.132,3202.764,3283.896
2018-07-03,13,71.854,2973.656,3045.51
2018-07-03,14,72.884,2886.57,2959.454
2018-07-03,15,66.224,2897.358,2963.582
2018-07-03,16,54.806,2831.974,2886.78
2018-07-03,17,46.592,2617.59,2664.182
2018-07-03,18,35.876,2489.83,2525.706
2018-07-03,19,33.222,2382.808,2416.03
2018-07-03,20,36.768,2323.922,2360.69
2018-07-03,21,51.068,2193.872,2244.94
2018-07-03,22,53.252,2070.584,2123.836
2018-07-03,23,50.304,1988.026,2038.33
2018-07-03,24,53.934,1975.374,2029.308
2018-07-03,25,65.352,2051.2,2116.552
2018-07-03,26,87.868,2100.162,2188.03
2018-07-03,27,107.94,1978.9,2086.84
2018-07-03,28,116.892,1842.942,1959.834
2018-07-03,29,129.536,1832.83,1962.366
2018-07-03,30,138.346,1975.274,2113.62
2018-07-03,31,156.026,2039.912,2195.938
2018-07-03,32,173.486,2128.304,2301.79
2018-07-03,33,178.052,2088.578,2266.63
2018-07-03,34,185.378,2000.314,2185.692
2018-07-03,35,206.376,1880.844,2087.22
2018-07-03,36,209.668,1875.59,2085.258
2018-07-03,37,219.04,1888.472,2107.512
2018-07-03,38,235.212,1848.762,2083.974
2018-07-03,39,249.13,1861.172,2110.302
2018-07-03,40,249.416,1789.894,2039.31
2018-07-03,41,238.75,1694.344,1933.094
2018-07-03,42,220.474,1684.368,1904.842
2018-07-03,43,218.422,1729.656,1948.078
2018-07-03,44,222.28,1752.934,1975.214
2018-07-03,45,227.652,1732.9,1960.552
2018-07-03,46,243.596,1640.898,1884.494
2018-07-03,47,288.258,1733.484,2021.742
2018-07-03,48,311.358,1864.712,2176.07
2018-07-04,1,283.776,1911.952,2195.728
2018-07-04,2,284.006,1828.926,2112.932
2018-07-04,3,303.328,1756.014,2059.342
2018-07-04,4,277.094,1593.958,1871.052
2018-07-04,5,260.532,1346.206,1606.738
2018-07-04,6,261.812,1209.06,1470.872
2018-07-04,7,255.024,1195.928,1450.952
2018-07-04,8,248.25,1197.338,1445.588
2018-07-04,9,214.148,1141.854,1356.002
2018-07-04,10,179.906,1128.94,1308.846
2018-07-04,11,140.386,1153.862,1294.248
2018-07-04,12,111.418,1163.05,1274.468
2018-07-04,13,100.906,1086.262,1187.168
2018-07-04,14,91.216,936.9,1028.116
2018-07-04,15,77.548,835.398,912.946
2018-07-04,16,60.77,817.186,877.956
2018-07-04,17,57.208,748.7,805.908
2018-07-04,18,71.254,630.916,702.17
2018-07-04,19,70.132,524.07,594.202
2018-07-04,20,72.158,460.246,532.404
2018-07-04,21,92.502,367.17,459.672
2018-07-04,22,118.04,286.792,404.832
2018-07-04,23,127.97,220.826,348.796
2018-07-04,24,147.234,175.53,322.764
2018-07-04,25,155.774,147.316,303.09
2018-07-04,26,170.572,111.516,282.088
2018-07-04,27,178.378,94.566,272.944
2018-07-04,28,197.486,105.866,303.352
2018-07-04,29,213.488,106.37,319.858
2018-07-04,30,215.584,93.832,309.416
2018-07-04,31,237.876,124.926,362.802
2018-07-04,32,248.202,147.75,395.952
2018-07-04,33,270.432,157.266,427.698
2018-07-04,34,256.664,170.86,427.524
2018-07-04,35,257.504,144.504,402.008
2018-07-04,36,250.142,140.13,390.272
2018-07-04,37,212.042,156.564,368.606
2018-07-04,38,185.83,145.622,331.452
2018-07-04,39,153.704,145.184,298.888
2018-07-04,40,168.89,133.486,302.376
2018-07-04,41,159.936,118.852,278.788
2018-07-04,42,154.23,110.012,264.242
2018-07-04,43,196.864,108.458,305.322
2018-07-04,44,248.25,67.57,315.82
2018-07-04,45,296.58,61.792,358.372
2018-07-04,46,344.83,59.816,404.646
2018-07-04,47,426.63,57.574,484.204
2018-07-04,48,453.398,70.354,523.752
2018-07-05,1,492.826,78.842,571.668
2018-07-05,2,502.98,75.432,578.412
2018-07-05,3,614.69,85.906,700.596
2018-07-05,4,746.44,75.61,822.05
2018-07-05,5,825.3,70.334,895.634
2018-07-05,6,844.208,63.986,908.194
2018-07-05,7,935.684,65.028,1000.712
2018-07-05,8,1024.256,83.044,1107.3
2018-07-05,9,1049.008,61.252,1110.26
2018-07-05,10,1117.906,66.482,1184.388
2018-07-05,11,1027.822,118.308,1146.13
2018-07-05,12,977.452,161.56,1139.012
2018-07-05,13,939.958,269.25,1209.208
2018-07-05,14,1009.6,357.254,1366.854
2018-07-05,15,1054.71,296.458,1351.168
2018-07-05,16,1083.418,186.432,1269.85
2018-07-05,17,976.524,195.984,1172.508
2018-07-05,18,818.186,237.16,1055.346
2018-07-05,19,871.116,198.058,1069.174
2018-07-05,20,863.368,235.952,1099.32
2018-07-05,21,876.286,270.774,1147.06
2018-07-05,22,794.192,275.53,1069.722
2018-07-05,23,623.552,310.422,933.974
2018-07-05,24,550.462,524.69,1075.152
2018-07-05,25,537.24,636.574,1173.814
2018-07-05,26,567.41,630.316,1197.726
2018-07-05,27,595.41,636.956,1232.366
2018-07-05,28,616.632,833.184,1449.816
2018-07-05,29,642.668,972.378,1615.046
2018-07-05,30,678.44,1000.13,1678.57
2018-07-05,31,674.948,1085.916,1760.864
2018-07-05,32,631.37,1271.026,1902.396
2018-07-05,33,667.644,1275.47,1943.114
2018-07-05,34,676.346,1292.326,1968.672
2018-07-05,35,635.016,1253.048,1888.064
2018-07-05,36,639.592,1181.544,1821.136
2018-07-05,37,613.926,1082.636,1696.562
2018-07-05,38,588.958,1020.424,1609.382
2018-07-05,39,565.604,1000.808,1566.412
2018-07-05,40,530.372,1004.166,1534.538
2018-07-05,41,471.14,978.372,1449.512
2018-07-05,42,415.844,809.426,1225.27
2018-07-05,43,390.488,693.454,1083.942
2018-07-05,44,352.344,625.502,977.846
2018-07-05,45,297.26,470.362,767.622
2018-07-05,46,246.28,427.504,673.784
2018-07-05,47,196.118,409.274,605.392
2018-07-05,48,165.674,319.794,485.468
2018-07-06,1,134.614,274.234,408.848
2018-07-06,2,118.29,233.42,351.71
2018-07-06,3,104.798,219.89,324.688
2018-07-06,4,104.102,154.944,259.046
2018-07-06,5,88.518,129.126,217.644
2018-07-06,6,71.98,137.564,209.544
2018-07-06,7,63.736,127.554,191.29
2018-07-06,8,52.806,106.34,159.146
2018-07-06,9,61.684,102.036,163.72
2018-07-06,10,75.214,91.25,166.464
2018-07-06,11,83.634,93.75,177.384
2018-07-06,12,119.986,64.758,184.744
2018-07-06,13,132.346,51.614,183.96
2018-07-06,14,129.664,53.418,183.082
2018-07-06,15,110.238,60.736,170.974
2018-07-06,16,121.768,54.43,176.198
2018-07-06,17,158.78,59.976,218.756
2018-07-06,18,180.318,62.874,243.192
2018-07-06,19,193.682,72.396,266.078
2018-07-06,20,208.694,80.01,288.704
2018-07-06,21,238.38,76.35,314.73
2018-07-06,22,269.302,70.462,339.764
2018-07-06,23,313.678,73.16,386.838
2018-07-06,24,313.904,70.526,384.43
2018-07-06,25,321.14,60.452,381.592
2018-07-06,26,299.114,61.834,360.948
2018-07-06,27,277.668,72.79,350.458
2018-07-06,28,299.368,69.054,368.422
2018-07-06,29,337.886,91.76,429.646
2018-07-06,30,353.618,119.024,472.642
2018-07-06,31,349.66,128.694,478.354
2018-07-06,32,368.598,156.628,525.226
2018-07-06,33,382.182,189.636,571.818
2018-07-06,34,406.188,265.334,671.522
2018-07-06,35,417.612,324.25,741.862
2018-07-06,36,425.79,317.216,743.006
2018-07-06,37,464.756,291.4,756.156
2018-07-06,38,421.71,293.462,715.172
2018-07-06,39,386.198,348.426,734.624
2018-07-06,40,347.69,474.322,822.012
2018-07-06,41,294.424,532.774,827.198
2018-07-06,42,245.552,501.394,746.946
2018-07-06,43,222.978,498.458,721.436
2018-07-06,44,221.36,468.434,689.794
2018-07-06,45,216.574,424.144,640.718
2018-07-06,46,193.238,398.126,591.364
2018-07-06,47,179.55,364.672,544.222
2018-07-06,48,155.638,284.584,440.222
2018-07-07,1,140.032,262.97,403.002
2018-07-07,2,138.206,231.85,370.056
2018-07-07,3,132.884,220.084,352.968
2018-07-07,4,138.572,163.862,302.434
2018-07-07,5,134.474,128.804,263.278
2018-07-07,6,136.274,97.63,233.904
2018-07-07,7,133.582,68.374,201.956
2018-07-07,8,165.492,54.66,220.152
2018-07-07,9,219.834,41.444,261.278
2018-07-07,10,219.94,43.056,262.996
2018-07-07,11,192.36,44.748,237.108
2018-07-07,12,173.924,39.686,213.61
2018-07-07,13,145.69,43.116,188.806
2018-07-07,14,131.808,55.076,186.884
2018-07-07,15,105.644,76.228,181.872
2018-07-07,16,68.058,110.04,178.098
2018-07-07,17,63.984,154.792,218.776
2018-07-07,18,72.438,243.176,315.614
2018-07-07,19,77.798,268.502,346.3
2018-07-07,20,79.434,255.552,334.986
2018-07-07,21,93.83,226.368,320.198
2018-07-07,22,90.706,231.624,322.33
2018-07-07,23,100.27,266.862,367.132
2018-07-07,24,130.376,308.272,438.648
2018-07-07,25,159.376,374.218,533.594
2018-07-07,26,200.43,501.082,701.512
2018-07-07,27,296.86,507.57,804.43
2018-07-07,28,334.474,489.742,824.216
2018-07-07,29,380.412,451.462,831.874
2018-07-07,30,425.744,464.378,890.122
2018-07-07,31,476.064,479.194,955.258
2018-07-07,32,487.094,536.832,1023.926
2018-07-07,33,516.57,554.434,1071.004
2018-07-07,34,563.76,551.756,1115.516
2018-07-07,35,514.248,554.796,1069.044
2018-07-07,36,501.842,601.374,1103.216
2018-07-07,37,467.674,663.5,1131.174
2018-07-07,38,466.292,709.368,1175.66
2018-07-07,39,469.486,764.428,1233.914
2018-07-07,40,461.252,810.07,1271.322
2018-07-07,41,436.02,798.488,1234.508
2018-07-07,42,387.38,780.814,1168.194
2018-07-07,43,354.304,780.052,1134.356
2018-07-07,44,345.076,716.63,1061.706
2018-07-07,45,376.066,699.72,1075.786
2018-07-07,46,378.788,743.946,1122.734
2018-07-07,47,444.574,723.802,1168.376
2018-07-07,48,407.632,661.982,1069.614
2018-07-08,1,390.948,546.456,937.404
2018-07-08,2,407.64,426.966,834.606
2018-07-08,3,406.492,291.98,698.472
2018-07-08,4,431.742,210.096,641.838
2018-07-08,5,469.55,176.316,645.866
2018-07-08,6,465.32,139.136,604.456
2018-07-08,7,451.016,119.75,570.766
2018-07-08,8,462.452,125.122,587.574
2018-07-08,9,467.566,138.546,606.112
2018-07-08,10,440.134,131.652,571.786
2018-07-08,11,481.61,115.498,597.108
2018-07-08,12,544.032,96.542,640.574
2018-07-08,13,557.562,82.036,639.598
2018-07-08,14,554.316,77.062,631.378
2018-07-08,15,592.09,74.084,666.174
2018-07-08,16,642.08,79.896,721.976
2018-07-08,17,694.986,97.98,792.966
2018-07-08,18,764.384,109.068,873.452
2018-07-08,19,823.582,103.082,926.664
2018-07-08,20,937.256,97.268,1034.524
2018-07-08,21,950.608,97.93,1048.538
2018-07-08,22,929.846,83.504,1013.35
2018-07-08,23,994.848,76.75,1071.598
2018-07-08,24,969.926,90.558,1060.484
2018-07-08,25,933.108,102.964,1036.072
2018-07-08,26,959.83,113.076,1072.906
2018-07-08,27,1021.722,139.882,1161.604
2018-07-08,28,1054.748,173.862,1228.61
2018-07-08,29,1100.526,225.226,1325.752
2018-07-08,30,1051.69,300.764,1352.454
2018-07-08,31,1054.516,397.074,1451.59
2018-07-08,32,1075.144,430.652,1505.796
2018-07-08,33,1073.11,423.356,1496.466
2018-07-08,34,1023.466,379.354,1402.82
2018-07-08,35,1011.556,344.266,1355.822
2018-07-08,36,919.882,329.532,1249.414
2018-07-08,37,884.596,295.996,1180.592
2018-07-08,38,777.864,210.236,988.1
2018-07-08,39,699.886,172.102,871.988
2018-07-08,40,605.552,231.922,837.474
2018-07-08,41,483.346,306.968,790.314
2018-07-08,42,410.322,396.988,807.31
2018-07-08,43,351.712,415.304,767.016
2018-07-08,44,325.338,435.322,760.66
2018-07-08,45,289.318,481.634,770.952
2018-07-08,46,267.158,521.446,788.604
2018-07-08,47,257.424,527.602,785.026
2018-07-08,48,217.906,499.854,717.76
2018-07-09,1,196.05,604.33,800.38
2018-07-09,2,161.268,649.224,810.492
2018-07-09,3,163.208,538.166,701.374
2018-07-09,4,165.002,457.536,622.538
2018-07-09,5,160.018,503.744,663.762
2018-07-09,6,141.272,519.998,661.27
2018-07-09,7,154.844,519.056,673.9
2018-07-09,8,187.084,549.944,737.028
2018-07-09,9,188.636,576.872,765.508
2018-07-09,10,179.604,612.938,792.542
2018-07-09,11,189.402,669.244,858.646
2018-07-09,12,205.234,717.854,923.088
2018-07-09,13,208.778,805.3,1014.078
2018-07-09,14,200.022,786.2,986.222
2018-07-09,15,198.706,554.172,752.878
2018-07-09,16,176.194,489.654,665.848
2018-07-09,17,176.468,422.212,598.68
2018-07-09,18,186.062,322.416,508.478
2018-07-09,19,226.112,277.432,503.544
2018-07-09,20,310.534,273.314,583.848
2018-07-09,21,340.49,346.062,686.552
2018-07-09,22,313.122,370.896,684.018
2018-07-09,23,328.474,427.274,755.748
2018-07-09,24,331.898,567.7,899.598
2018-07-09,25,282.068,680.722,962.79
2018-07-09,26,266.504,830.142,1096.646
2018-07-09,27,246.512,1080.81,1327.322
2018-07-09,28,272.296,1108.16,1380.456
2018-07-09,29,311.55,1051.96,1363.51
2018-07-09,30,349.026,1022.462,1371.488
2018-07-09,31,395.016,912.81,1307.826
2018-07-09,32,441.346,982.1,1423.446
2018-07-09,33,460.936,1171.132,1632.068
2018-07-09,34,481.028,1370.698,1851.726
2018-07-09,35,528.648,1489.95,2018.598
2018-07-09,36,538.128,1683.568,2221.696
2018-07-09,37,574.364,1781.044,2355.408
2018-07-09,38,628.028,1988.946,2616.974
2018-07-09,39,654.368,2147.768,2802.136
2018-07-09,40,595.442,1842.65,2438.092
2018-07-09,41,498.554,1743.846,2242.4
2018-07-09,42,428.114,1709.584,2137.698
2018-07-09,43,403.238,1602.428,2005.666
2018-07-09,44,415.946,1487.512,1903.458
2018-07-09,45,379.076,1294.746,1673.822
2018-07-09,46,290.798,1393.228,1684.026
2018-07-09,47,232.376,1586.334,1818.71
2018-07-09,48,190.022,1809.288,1999.31
2018-07-10,1,142.938,1843.208,1986.146
2018-07-10,2,134.162,1724.856,1859.018
2018-07-10,3,111.244,1610.366,1721.61
2018-07-10,4,92.08,1596.034,1688.114
2018-07-10,5,76.29,1701.972,1778.262
2018-07-10,6,73.862,1846.088,1919.95
2018-07-10,7,67.066,2060.738,2127.804
2018-07-10,8,53.482,1911.776,1965.258
2018-07-10,9,43.846,2053.856,2097.702
2018-07-10,10,36.024,2233.104,2269.128
2018-07-10,11,34.542,2100.994,2135.536
2018-07-10,12,35.648,2089.012,2124.66
2018-07-10,13,33.932,2113.644,2147.576
2018-07-10,14,30.806,2299.72,2330.526
2018-07-10,15,30.122,2527.022,2557.144
2018-07-10,16,27.442,2427.452,2454.894
2018-07-10,17,25.788,2394.68,2420.468
2018-07-10,18,24.516,2219.182,2243.698
2018-07-10,19,25.096,2179.56,2204.656
2018-07-10,20,24.272,2067.438,2091.71
2018-07-10,21,23.466,1975.692,1999.158
2018-07-10,22,23.044,1881.552,1904.596
2018-07-10,23,22.63,1968.366,1990.996
2018-07-10,24,16.324,2001.19,2017.514
2018-07-10,25,19.884,2049.884,2069.768
2018-07-10,26,19.734,1990.502,2010.236
2018-07-10,27,19.144,1999.654,2018.798
2018-07-10,28,19.474,2101.722,2121.196
2018-07-10,29,18.046,2216.778,2234.824
2018-07-10,30,17.978,2357.854,2375.832
2018-07-10,31,20.538,2364.728,2385.266
2018-07-10,32,20.444,2422.316,2442.76
2018-07-10,33,20.028,2561.672,2581.7
2018-07-10,34,17.176,2582.362,2599.538
2018-07-10,35,15.322,2539.932,2555.254
2018-07-10,36,16.03,2524.554,2540.584
2018-07-10,37,6.138,2485.58,2491.718
2018-07-10,38,5.376,2507.484,2512.86
2018-07-10,39,8.838,2363.852,2372.69
2018-07-10,40,9.272,2253.01,2262.282
2018-07-10,41,13.168,2460.002,2473.17
2018-07-10,42,21.856,2456.124,2477.98
2018-07-10,43,22.166,2433.226,2455.392
2018-07-10,44,26.734,2291.63,2318.364
2018-07-10,45,32.888,2130.442,2163.33
2018-07-10,46,36.006,2095.228,2131.234
2018-07-10,47,25.76,2123.01,2148.77
2018-07-10,48,25.76,2247.852,2273.612
2018-07-11,1,22.822,2201.394,2224.216
2018-07-11,2,20.692,2095.734,2116.426
2018-07-11,3,18.46,2055.522,2073.982
2018-07-11,4,14.748,2032.526,2047.274
2018-07-11,5,14.018,1934.486,1948.504
2018-07-11,6,13.982,1817.59,1831.572
2018-07-11,7,13.63,1684.406,1698.036
2018-07-11,8,15.324,1660.9,1676.224
2018-07-11,9,18.95,1616.858,1635.808
2018-07-11,10,20.824,1566.122,1586.946
2018-07-11,11,21.594,1510.536,1532.13
2018-07-11,12,21.6,1421.008,1442.608
2018-07-11,13,19.712,1338.19,1357.902
2018-07-11,14,19.78,1281.184,1300.964
2018-07-11,15,22.446,1151.782,1174.228
2018-07-11,16,24.38,1086.576,1110.956
2018-07-11,17,22.714,1006.092,1028.806
2018-07-11,18,25.224,945.358,970.582
2018-07-11,19,24.122,922.598,946.72
2018-07-11,20,23.728,900.25,923.978
2018-07-11,21,26.552,851.286,877.838
2018-07-11,22,31.438,810.134,841.572
2018-07-11,23,35.994,760.146,796.14
2018-07-11,24,44.536,750.034,794.57
2018-07-11,25,49.954,715.006,764.96
2018-07-11,26,55.142,674.588,729.73
2018-07-11,27,59.636,568.124,627.76
2018-07-11,28,65.426,552.538,617.964
2018-07-11,29,65.918,585.214,651.132
2018-07-11,30,86.398,592.578,678.976
2018-07-11,31,117.878,605.026,722.904
2018-07-11,32,121.226,759.546,880.772
2018-07-11,33,132.278,796.016,928.294
2018-07-11,34,141.44,778.658,920.098
2018-07-11,35,156.078,795.358,951.436
2018-07-11,36,157.81,766.222,924.032
2018-07-11,37,184.402,765.488,949.89
2018-07-11,38,169.882,787.436,957.318
2018-07-11,39,165.386,821.002,986.388
2018-07-11,40,170.592,953.972,1124.564
2018-07-11,41,169.43,1051.432,1220.862
2018-07-11,42,152.52,1121.978,1274.498
2018-07-11,43,163.898,1044.074,1207.972
2018-07-11,44,168.922,937.08,1106.002
2018-07-11,45,164.62,871.78,1036.4
2018-07-11,46,176.59,816.308,992.898
2018-07-11,47,188.916,784.764,973.68
2018-07-11,48,175.802,751.042,926.844
2018-07-12,1,157.186,713.034,870.22
2018-07-12,2,156.89,689.486,846.376
2018-07-12,3,147.506,594.024,741.53
2018-07-12,4,136.958,538.7,675.658
2018-07-12,5,128.106,485.762,613.868
2018-07-12,6,130.326,448.166,578.492
2018-07-12,7,133.728,449.248,582.976
2018-07-12,8,126.82,436.114,562.934
2018-07-12,9,116.292,433.276,549.568
2018-07-12,10,110.322,456.018,566.34
2018-07-12,11,102.67,442.532,545.202
2018-07-12,12,84.296,437.636,521.932
2018-07-12,13,66.228,428.146,494.374
2018-07-12,14,63.688,407.402,471.09
2018-07-12,15,56.944,423.89,480.834
2018-07-12,16,54.302,475.808,530.11
2018-07-12,17,51.254,452.392,503.646
2018-07-12,18,48.2,396.924,445.124
2018-07-12,19,49.172,356.56,405.732
2018-07-12,20,54.116,318.146,372.262
2018-07-12,21,50.088,296.306,346.394
2018-07-12,22,49.996,281.342,331.338
2018-07-12,23,55.084,239.22,294.304
2018-07-12,24,73.028,188.338,261.366
2018-07-12,25,75.75,158.502,234.252
2018-07-12,26,79.856,162.994,242.85
2018-07-12,27,78.168,153.706,231.874
2018-07-12,28,92.466,154.964,247.43
2018-07-12,29,91.792,143.784,235.576
2018-07-12,30,114.884,123.36,238.244
2018-07-12,31,107.822,133.578,241.4
2018-07-12,32,102.154,135.268,237.422
2018-07-12,33,100.776,140.206,240.982
2018-07-12,34,89.646,146.326,235.972
2018-07-12,35,91.528,165.468,256.996
2018-07-12,36,105.174,200.268,305.442
2018-07-12,37,116.146,284.908,401.054
2018-07-12,38,113.274,311.736,425.01
2018-07-12,39,88.406,287.622,376.028
2018-07-12,40,70.514,293.556,364.07
2018-07-12,41,83.376,297.218,380.594
2018-07-12,42,98.094,311.68,409.774
2018-07-12,43,99.228,364.392,463.62
2018-07-12,44,109.772,393.708,503.48
2018-07-12,45,109.332,379.376,488.708
2018-07-12,46,117.298,386.92,504.218
2018-07-12,47,108.378,396.228,504.606
2018-07-12,48,98.556,396.772,495.328
2018-07-13,1,90.092,334.758,424.85
2018-07-13,2,89.588,276.66,366.248
2018-07-13,3,80.208,215.128,295.336
2018-07-13,4,63.458,168.362,231.82
2018-07-13,5,56.862,130.944,187.806
2018-07-13,6,42.97,107.946,150.916
2018-07-13,7,44.944,64.092,109.036
2018-07-13,8,36.782,42.732,79.514
2018-07-13,9,30.178,40.832,71.01
2018-07-13,10,28.92,52.914,81.834
2018-07-13,11,33.35,62.864,96.214
2018-07-13,12,26.312,86.076,112.388
2018-07-13,13,18.55,99.558,118.108
2018-07-13,14,18.806,117.566,136.372
2018-07-13,15,19.622,122.57,142.192
2018-07-13,16,19.96,126.794,146.754
2018-07-13,17,25.7,112.602,138.302
2018-07-13,18,25.144,87.582,112.726
2018-07-13,19,28.038,76.926,104.964
2018-07-13,20,37.302,77.602,114.904
2018-07-13,21,44.468,50.966,95.434
2018-07-13,22,50.688,48.886,99.574
2018-07-13,23,82.284,49.346,131.63
2018-07-13,24,113.85,44.08,157.93
2018-07-13,25,135.422,37.896,173.318
2018-07-13,26,126.722,50.14,176.862
2018-07-13,27,135.048,65.076,200.124
2018-07-13,28,162.846,69.51,232.356
2018-07-13,29,174.15,58.67,232.82
2018-07-13,30,202.08,80.332,282.412
2018-07-13,31,229.682,68.236,297.918
2018-07-13,32,250.162,73.768,323.93
2018-07-13,33,246.818,64.372,311.19
2018-07-13,34,225.132,86.948,312.08
2018-07-13,35,238.106,107.346,345.452
2018-07-13,36,243.622,125.742,369.364
2018-07-13,37,230.052,160.942,390.994
2018-07-13,38,216.428,181.916,398.344
2018-07-13,39,216.404,226.77,443.174
2018-07-13,40,196.152,233.142,429.294
2018-07-13,41,189,256.416,445.416
2018-07-13,42,201.094,276.314,477.408
2018-07-13,43,201.938,314.072,516.01
2018-07-13,44,189.9,345.624,535.524
2018-07-13,45,200.284,337.684,537.968
2018-07-13,46,203.392,305.862,509.254
2018-07-13,47,202.806,262.778,465.584
2018-07-13,48,203.028,251.904,454.932
2018-07-14,1,206.348,232.396,438.744
2018-07-14,2,225.522,258.608,484.13
2018-07-14,3,235.218,259.512,494.73
2018-07-14,4,245.476,276.542,522.018
2018-07-14,5,270.808,304.31,575.118
2018-07-14,6,305.938,302.044,607.982
2018-07-14,7,341.952,323.67,665.622
2018-07-14,8,403.652,339.052,742.704
2018-07-14,9,416.362,297.232,713.594
2018-07-14,10,464.234,257.686,721.92
2018-07-14,11,487.788,214.07,701.858
2018-07-14,12,514.86,192.19,707.05
2018-07-14,13,503.162,167.164,670.326
2018-07-14,14,530.384,149.404,679.788
2018-07-14,15,573.596,171.76,745.356
2018-07-14,16,661.358,164.36,825.718
2018-07-14,17,722.128,160.97,883.098
2018-07-14,18,844.762,163.688,1008.45
2018-07-14,19,1038.906,141.598,1180.504
2018-07-14,20,1203.022,127.57,1330.592
2018-07-14,21,1299.176,139.082,1438.258
2018-07-14,22,1419.18,201.184,1620.364
2018-07-14,23,1462.988,250.892,1713.88
2018-07-14,24,1506.104,295.352,1801.456
2018-07-14,25,1592.922,327.834,1920.756
2018-07-14,26,1659.304,383.954,2043.258
2018-07-14,27,1727.982,424.112,2152.094
2018-07-14,28,1813.84,467.494,2281.334
2018-07-14,29,1845.446,517.344,2362.79
2018-07-14,30,1877.048,527.128,2404.176
2018-07-14,31,1929.214,575.7,2504.914
2018-07-14,32,1961.842,603.462,2565.304
2018-07-14,33,1902.902,656.782,2559.684
2018-07-14,34,1932.652,741.864,2674.516
2018-07-14,35,1961.514,788.586,2750.1
2018-07-14,36,1898.598,823.02,2721.618
2018-07-14,37,1734.116,914.584,2648.7
2018-07-14,38,1644.762,1026.106,2670.868
2018-07-14,39,1469.43,1119.486,2588.916
2018-07-14,40,1372.428,1257.09,2629.518
2018-07-14,41,1352.604,1379.124,2731.728
2018-07-14,42,1279.206,1527.012,2806.218
2018-07-14,43,1297.906,1570.116,2868.022
2018-07-14,44,1262.9,1547.898,2810.798
2018-07-14,45,1218.616,1498.014,2716.63
2018-07-14,46,1184.918,1523.246,2708.164
2018-07-14,47,1156.014,1563.736,2719.75
2018-07-14,48,1086.27,1611.118,2697.388
2018-07-15,1,1025.586,1739.854,2765.44
2018-07-15,2,965.922,1820.728,2786.65
2018-07-15,3,930.746,1804.64,2735.386
2018-07-15,4,932.044,1824.796,2756.84
2018-07-15,5,925.602,1706.266,2631.868
2018-07-15,6,888.81,1454.51,2343.32
2018-07-15,7,864.916,1358.354,2223.27
2018-07-15,8,807.302,1381.232,2188.534
2018-07-15,9,750.048,1287.82,2037.868
2018-07-15,10,763.146,1254.714,2017.86
2018-07-15,11,744.592,1214.948,1959.54
2018-07-15,12,754.95,1210.248,1965.198
2018-07-15,13,705.408,1102.724,1808.132
2018-07-15,14,672.658,982.258,1654.916
2018-07-15,15,671.108,954.896,1626.004
2018-07-15,16,713.618,852.448,1566.066
2018-07-15,17,732.588,800.034,1532.622
2018-07-15,18,732.816,771.034,1503.85
2018-07-15,19,756.534,760.354,1516.888
2018-07-15,20,774.416,785.12,1559.536
2018-07-15,21,774.968,697.854,1472.822
2018-07-15,22,745.554,579.56,1325.114
2018-07-15,23,726.324,528.654,1254.978
2018-07-15,24,755.926,570.98,1326.906
2018-07-15,25,837.434,559.608,1397.042
2018-07-15,26,929.656,537.758,1467.414
2018-07-15,27,1029.39,650.746,1680.136
2018-07-15,28,1038.274,707.846,1746.12
2018-07-15,29,1063.752,681.582,1745.334
2018-07-15,30,1062.038,682.542,1744.58
2018-07-15,31,1025.272,858.45,1883.722
2018-07-15,32,996.69,1096.306,2092.996
2018-07-15,33,945.07,1288.916,2233.986
2018-07-15,34,968.16,1499.32,2467.48
2018-07-15,35,1007.804,1707.35,2715.154
2018-07-15,36,990.236,1885.914,2876.15
2018-07-15,37,927.666,2012.164,2939.83
2018-07-15,38,1005.948,2144.862,3150.81
2018-07-15,39,989.526,2223,3212.526
2018-07-15,40,924.89,2227.682,3152.572
2018-07-15,41,910.612,2062.012,2972.624
2018-07-15,42,923.332,2076.088,2999.42
2018-07-15,43,901.894,2010.232,2912.126
2018-07-15,44,888.562,1820.926,2709.488
2018-07-15,45,868.066,1763.684,2631.75
2018-07-15,46,839.29,1651.658,2490.948
2018-07-15,47,871.886,1545.064,2416.95
2018-07-15,48,848.11,1502.282,2350.392
2018-07-16,1,870.078,1460.94,2331.018
2018-07-16,2,844.964,1565.626,2410.59
2018-07-16,3,778.738,1566.47,2345.208
2018-07-16,4,773.338,1483.036,2256.374
2018-07-16,5,760.098,1487.316,2247.414
2018-07-16,6,760.392,1320.832,2081.224
2018-07-16,7,772.178,1203.07,1975.248
2018-07-16,8,758.23,936.6,1694.83
2018-07-16,9,795.926,628.566,1424.492
2018-07-16,10,785.628,405.836,1191.464
2018-07-16,11,706.96,284.396,991.356
2018-07-16,12,625.416,212.414,837.83
2018-07-16,13,531.19,155.126,686.316
2018-07-16,14,464.844,115.164,580.008
2018-07-16,15,438.91,96.276,535.186
2018-07-16,16,420.106,131.296,551.402
2018-07-16,17,394.646,145.6,540.246
2018-07-16,18,401.476,116.004,517.48
2018-07-16,19,347.678,80.494,428.172
2018-07-16,20,290.452,52.912,343.364
2018-07-16,21,279.68,44.786,324.466
2018-07-16,22,320.02,47.916,367.936
2018-07-16,23,368.972,59.364,428.336
2018-07-16,24,411.578,62.912,474.49
2018-07-16,25,466.98,66.244,533.224
2018-07-16,26,512.644,102.562,615.206
2018-07-16,27,495.56,121.78,617.34
2018-07-16,28,489.774,173.412,663.186
2018-07-16,29,564.616,252.92,817.536
2018-07-16,30,510.434,320.44,830.874
2018-07-16,31,509.254,363.22,872.474
2018-07-16,32,499.686,421.128,920.814
2018-07-16,33,494.46,558.46,1052.92
2018-07-16,34,461.36,626.866,1088.226
2018-07-16,35,433.37,720.506,1153.876
2018-07-16,36,422.548,845.71,1268.258
2018-07-16,37,381.41,929.086,1310.496
2018-07-16,38,353.194,992.89,1346.084
2018-07-16,39,327.424,931.33,1258.754
2018-07-16,40,309.65,1008.34,1317.99
2018-07-16,41,267.13,1050.43,1317.56
2018-07-16,42,222.2,1119.224,1341.424
2018-07-16,43,191.612,1195.132,1386.744
2018-07-16,44,175.678,1377.158,1552.836
2018-07-16,45,146.43,1556.762,1703.192
2018-07-16,46,119.516,1547.528,1667.044
2018-07-16,47,129.518,1567.206,1696.724
2018-07-16,48,126.672,1535.286,1661.958
2018-07-17,1,100.844,1380.544,1481.388
2018-07-17,2,119.964,1268.868,1388.832
2018-07-17,3,90.604,1123.756,1214.36
2018-07-17,4,90.864,1177.048,1267.912
2018-07-17,5,111.616,1286.944,1398.56
2018-07-17,6,124.362,1397.004,1521.366
2018-07-17,7,116.798,1361.442,1478.24
2018-07-17,8,107.516,1480.354,1587.87
2018-07-17,9,95.036,1455.508,1550.544
2018-07-17,10,100.646,1402.23,1502.876
2018-07-17,11,106.182,1644.122,1750.304
2018-07-17,12,92.898,1953.324,2046.222
2018-07-17,13,81.234,1887.102,1968.336
2018-07-17,14,83.494,1827.79,1911.284
2018-07-17,15,91.472,1591.438,1682.91
2018-07-17,16,96.258,1334.388,1430.646
2018-07-17,17,114.828,1152.308,1267.136
2018-07-17,18,129.768,1186.63,1316.398
2018-07-17,19,138.166,1271.746,1409.912
2018-07-17,20,152.574,1215.704,1368.278
2018-07-17,21,153.59,1073.13,1226.72
2018-07-17,22,184.762,921.752,1106.514
2018-07-17,23,215.948,770.36,986.308
2018-07-17,24,247.122,618.982,866.104
2018-07-17,25,282.21,524.42,806.63
2018-07-17,26,359.69,557.648,917.338
2018-07-17,27,336.376,598.842,935.218
2018-07-17,28,317.002,703.336,1020.338
2018-07-17,29,345.53,702.478,1048.008
2018-07-17,30,432.148,666.37,1098.518
2018-07-17,31,495.654,744.908,1240.562
2018-07-17,32,512.09,826.278,1338.368
2018-07-17,33,486.654,865.262,1351.916
2018-07-17,34,525.21,916.322,1441.532
2018-07-17,35,538.534,916.028,1454.562
2018-07-17,36,549.986,1042.738,1592.724
2018-07-17,37,513.722,1021.648,1535.37
2018-07-17,38,473.14,972.298,1445.438
2018-07-17,39,425.46,942.58,1368.04
2018-07-17,40,400.288,871.064,1271.352
2018-07-17,41,330.366,788.154,1118.52
2018-07-17,42,265.474,712.288,977.762
2018-07-17,43,238.522,732.924,971.446
2018-07-17,44,232.432,702.606,935.038
2018-07-17,45,232.206,721.894,954.1
2018-07-17,46,215.152,721.212,936.364
2018-07-17,47,173.914,744.84,918.754
2018-07-17,48,162.43,729.218,891.648
2018-07-18,1,177.054,678.006,855.06
2018-07-18,2,192.702,647.352,840.054
2018-07-18,3,176.53,609.212,785.742
2018-07-18,4,153.418,535.808,689.226
2018-07-18,5,135.658,463.26,598.918
2018-07-18,6,139.96,393.46,533.42
2018-07-18,7,141.888,409.006,550.894
2018-07-18,8,143.334,389.648,532.982
2018-07-18,9,132.396,376.156,508.552
2018-07-18,10,155.974,357.59,513.564
2018-07-18,11,163.442,358.452,521.894
2018-07-18,12,159.132,353.274,512.406
2018-07-18,13,135.73,329.534,465.264
2018-07-18,14,114.054,290.498,404.552
2018-07-18,15,108.454,262.708,371.162
2018-07-18,16,113.698,238.008,351.706
2018-07-18,17,100.768,226.946,327.714
2018-07-18,18,84.336,217.326,301.662
2018-07-18,19,67.568,191.536,259.104
2018-07-18,20,64.122,141.97,206.092
2018-07-18,21,60.036,127.228,187.264
2018-07-18,22,63.106,125.346,188.452
2018-07-18,23,74.616,113.214,187.83
2018-07-18,24,95.686,70.212,165.898
2018-07-18,25,102.252,47.75,150.002
2018-07-18,26,103.176,55.212,158.388
2018-07-18,27,113.258,66.306,179.564
2018-07-18,28,121.744,93.408,215.152
2018-07-18,29,120.334,141.08,261.414
2018-07-18,30,157.272,193.054,350.326
2018-07-18,31,134.226,201.226,335.452
2018-07-18,32,118.73,217.638,336.368
2018-07-18,33,116.864,264.774,381.638
2018-07-18,34,94.13,278.25,372.38
2018-07-18,35,81.258,262.918,344.176
2018-07-18,36,76.186,295.14,371.326
2018-07-18,37,68.666,308.1,376.766
2018-07-18,38,61.114,365.436,426.55
2018-07-18,39,52.848,391.712,444.56
2018-07-18,40,48.69,405.002,453.692
2018-07-18,41,42.394,415.658,458.052
2018-07-18,42,42.452,389.548,432
2018-07-18,43,47.812,342.896,390.708
2018-07-18,44,49.87,294.576,344.446
2018-07-18,45,56.12,276.174,332.294
2018-07-18,46,52.28,259.63,311.91
2018-07-18,47,49.57,266.52,316.09
2018-07-18,48,55.402,250.722,306.124
2018-07-19,1,55.812,262.146,317.958
2018-07-19,2,56.428,301.23,357.658
2018-07-19,3,52.848,332.142,384.99
2018-07-19,4,57.65,287.376,345.026
2018-07-19,5,60.29,274.452,334.742
2018-07-19,6,65.494,290.122,355.616
2018-07-19,7,74.138,305.118,379.256
2018-07-19,8,88.838,287.238,376.076
2018-07-19,9,84.274,231.18,315.454
2018-07-19,10,96.434,200.46,296.894
2018-07-19,11,95.094,191.086,286.18
2018-07-19,12,98.298,192.056,290.354
2018-07-19,13,98.262,187.69,285.952
2018-07-19,14,94.906,215.746,310.652
2018-07-19,15,98.036,225.578,323.614
2018-07-19,16,85.75,221.432,307.182
2018-07-19,17,80.72,203.018,283.738
2018-07-19,18,88.904,208.678,297.582
2018-07-19,19,117.37,200.498,317.868
2018-07-19,20,180.046,182.076,362.122
2018-07-19,21,213.9,179.06,392.96
2018-07-19,22,277.12,181.954,459.074
2018-07-19,23,327.374,191.634,519.008
2018-07-19,24,382.912,248.014,630.926
2018-07-19,25,413.198,299.966,713.164
2018-07-19,26,462.51,406.944,869.454
2018-07-19,27,480.634,498.12,978.754
2018-07-19,28,487.802,531.402,1019.204
2018-07-19,29,528.066,636.396,1164.462
2018-07-19,30,575.048,756.44,1331.488
2018-07-19,31,610.542,926.856,1537.398
2018-07-19,32,660.968,1017.236,1678.204
2018-07-19,33,701.466,1067.046,1768.512
2018-07-19,34,721.892,1102.412,1824.304
2018-07-19,35,677.952,1191.998,1869.95
2018-07-19,36,671.25,1247.562,1918.812
2018-07-19,37,653.9,1254.974,1908.874
2018-07-19,38,649.288,1250.572,1899.86
2018-07-19,39,627.57,1215.568,1843.138
2018-07-19,40,612.606,1218.936,1831.542
2018-07-19,41,585.908,1256.374,1842.282
2018-07-19,42,527.002,1242.23,1769.232
2018-07-19,43,517.742,1160.422,1678.164
2018-07-19,44,485.968,1053.308,1539.276
2018-07-19,45,480.222,946.22,1426.442
2018-07-19,46,504.488,894.138,1398.626
2018-07-19,47,507.636,825.522,1333.158
2018-07-19,48,497.742,765.748,1263.49
2018-07-20,1,471.002,756.29,1227.292
2018-07-20,2,438.91,744.286,1183.196
2018-07-20,3,517.288,758.426,1275.714
2018-07-20,4,540.35,685.2,1225.55
2018-07-20,5,482.21,575.616,1057.826
2018-07-20,6,437.286,483.442,920.728
2018-07-20,7,433.63,443.65,877.28
2018-07-20,8,380.37,385.2,765.57
2018-07-20,9,395.928,324.234,720.162
2018-07-20,10,428.572,295.864,724.436
2018-07-20,11,429.984,275.66,705.644
2018-07-20,12,430.188,288.97,719.158
2018-07-20,13,417.118,291.06,708.178
2018-07-20,14,385.596,298.398,683.994
2018-07-20,15,425.024,337.712,762.736
2018-07-20,16,542.844,368.518,911.362
2018-07-20,17,629.022,352.29,981.312
2018-07-20,18,672.564,253.83,926.394
2018-07-20,19,688.108,148.474,836.582
2018-07-20,20,662.148,146.294,808.442
2018-07-20,21,608.57,168.668,777.238
2018-07-20,22,571.404,205.46,776.864
2018-07-20,23,536.422,259.022,795.444
2018-07-20,24,468.93,333.126,802.056
2018-07-20,25,377.994,391.46,769.454
2018-07-20,26,362.552,506.512,869.064
2018-07-20,27,350.572,562.282,912.854
2018-07-20,28,308.324,664.422,972.746
2018-07-20,29,279.98,640.444,920.424
2018-07-20,30,250.796,762.798,1013.594
2018-07-20,31,223.956,852.572,1076.528
2018-07-20,32,189.206,937.164,1126.37
2018-07-20,33,192.946,989.33,1182.276
2018-07-20,34,211.27,938.312,1149.582
2018-07-20,35,191.008,939.344,1130.352
2018-07-20,36,164.196,917.754,1081.95
2018-07-20,37,112.408,832.292,944.7
2018-07-20,38,136.51,770.462,906.972
2018-07-20,39,129.298,695.19,824.488
2018-07-20,40,102.892,679.79,782.682
2018-07-20,41,110.11,724.32,834.43
2018-07-20,42,111.816,605.918,717.734
2018-07-20,43,88.67,536.738,625.408
2018-07-20,44,64.836,570.174,635.01
2018-07-20,45,73.928,492.544,566.472
2018-07-20,46,86.598,413.312,499.91
2018-07-20,47,102.376,356.77,459.146
2018-07-20,48,107.648,236.26,343.908
2018-07-21,1,106.29,177.988,284.278
2018-07-21,2,101.334,103.448,204.782
2018-07-21,3,106.098,54.564,160.662
2018-07-21,4,111.05,38.872,149.922
2018-07-21,5,81.268,41.222,122.49
2018-07-21,6,98.968,48.38,147.348
2018-07-21,7,108.576,66.776,175.352
2018-07-21,8,104.65,81.702,186.352
2018-07-21,9,104.604,150.484,255.088
2018-07-21,10,97.59,140.194,237.784
2018-07-21,11,100.036,109.618,209.654
2018-07-21,12,106.802,142.966,249.768
2018-07-21,13,98.95,240.578,339.528
2018-07-21,14,101.97,282.792,384.762
2018-07-21,15,90.958,227.358,318.316
2018-07-21,16,76.13,202.076,278.206
2018-07-21,17,66.906,148.866,215.772
2018-07-21,18,78.74,109.698,188.438
2018-07-21,19,107.954,93.696,201.65
2018-07-21,20,128.298,63.1,191.398
2018-07-21,21,193.698,47.912,241.61
2018-07-21,22,261.26,40.626,301.886
2018-07-21,23,311.76,52.134,363.894
2018-07-21,24,321.472,96.986,418.458
2018-07-21,25,375.448,62.404,437.852
2018-07-21,26,411.344,91.95,503.294
2018-07-21,27,448.404,120.85,569.254
2018-07-21,28,462.344,163.114,625.458
2018-07-21,29,508.968,227.084,736.052
2018-07-21,30,546.112,190.2,736.312
2018-07-21,31,590.578,177.412,767.99
2018-07-21,32,640.78,218.596,859.376
2018-07-21,33,750.636,178.412,929.048
2018-07-21,34,759.834,173.362,933.196
2018-07-21,35,783.904,203.204,987.108
2018-07-21,36,749.592,248.696,998.288
2018-07-21,37,703.826,208.646,912.472
2018-07-21,38,688.852,220.444,909.296
2018-07-21,39,651.7,221.874,873.574
2018-07-21,40,642.18,208.34,850.52
2018-07-21,41,674.504,209.944,884.448
2018-07-21,42,691.562,207.864,899.426
2018-07-21,43,743.402,217.826,961.228
2018-07-21,44,693.254,228.778,922.032
2018-07-21,45,710.658,267.828,978.486
2018-07-21,46,810.304,274.134,1084.438
2018-07-21,47,891.858,274.052,1165.91
2018-07-21,48,1023.718,289.158,1312.876
2018-07-22,1,1040.95,252.652,1293.602
2018-07-22,2,1074.664,319.028,1393.692
2018-07-22,3,1060.006,333.772,1393.778
2018-07-22,4,1071.816,416.53,1488.346
2018-07-22,5,1086.954,450.18,1537.134
2018-07-22,6,1147.082,518.27,1665.352
2018-07-22,7,1195.264,609.388,1804.652
2018-07-22,8,1201.654,610.096,1811.75
2018-07-22,9,1185.316,590.846,1776.162
2018-07-22,10,1121.648,559.92,1681.568
2018-07-22,11,1065.85,616.222,1682.072
2018-07-22,12,1140.808,688.544,1829.352
2018-07-22,13,1128.802,705.414,1834.216
2018-07-22,14,1218.62,651.61,1870.23
2018-07-22,15,1262.306,523.858,1786.164
2018-07-22,16,1299.66,459.962,1759.622
2018-07-22,17,1352.518,432.892,1785.41
2018-07-22,18,1381.732,402.73,1784.462
2018-07-22,19,1330.774,337.016,1667.79
2018-07-22,20,1310.674,298.908,1609.582
2018-07-22,21,1320.254,270.282,1590.536
2018-07-22,22,1347.262,231.688,1578.95
2018-07-22,23,1346.516,214.152,1560.668
2018-07-22,24,1426.716,194.586,1621.302
2018-07-22,25,1481.892,191.91,1673.802
2018-07-22,26,1581.088,225.636,1806.724
2018-07-22,27,1577.402,293.542,1870.944
2018-07-22,28,1485.162,334.668,1819.83
2018-07-22,29,1470.146,430.896,1901.042
2018-07-22,30,1366.71,571.09,1937.8
2018-07-22,31,1396.412,607.434,2003.846
2018-07-22,32,1327.546,593.99,1921.536
2018-07-22,33,1311.082,543.146,1854.228
2018-07-22,34,1235.678,575.95,1811.628
2018-07-22,35,1135.796,638.408,1774.204
2018-07-22,36,1029.948,644.398,1674.346
2018-07-22,37,974.088,705.364,1679.452
2018-07-22,38,881.968,712.884,1594.852
2018-07-22,39,817.692,615.454,1433.146
2018-07-22,40,769.212,575.796,1345.008
2018-07-22,41,708.554,578.62,1287.174
2018-07-22,42,610.286,572.722,1183.008
2018-07-22,43,563.098,566.98,1130.078
2018-07-22,44,571.43,580.326,1151.756
2018-07-22,45,608.162,624.974,1233.136
2018-07-22,46,638.904,637.06,1275.964
2018-07-22,47,644.526,669.79,1314.316
2018-07-22,48,646.922,703.268,1350.19
2018-07-23,1,645.35,673.84,1319.19
2018-07-23,2,669.28,660.53,1329.81
2018-07-23,3,603.304,610.482,1213.786
2018-07-23,4,578.474,551.99,1130.464
2018-07-23,5,564.248,554.69,1118.938
2018-07-23,6,528.74,551.892,1080.632
2018-07-23,7,593.84,671.548,1265.388
2018-07-23,8,616.728,712.278,1329.006
2018-07-23,9,624.624,703.52,1328.144
2018-07-23,10,697.292,706.632,1403.924
2018-07-23,11,747.014,768.308,1515.322
2018-07-23,12,748.268,676.758,1425.026
2018-07-23,13,757.734,582.928,1340.662
2018-07-23,14,788.888,600.596,1389.484
2018-07-23,15,881.93,506.28,1388.21
2018-07-23,16,960.21,435.216,1395.426
2018-07-23,17,1036.15,404.294,1440.444
2018-07-23,18,1213.932,343.574,1557.506
2018-07-23,19,1475.162,310.898,1786.06
2018-07-23,20,1684.646,222.268,1906.914
2018-07-23,21,1778.014,255.59,2033.604
2018-07-23,22,1755.876,173.758,1929.634
2018-07-23,23,1649.07,127.08,1776.15
2018-07-23,24,1608.658,144.43,1753.088
2018-07-23,25,1543.766,236.43,1780.196
2018-07-23,26,1431.506,312.448,1743.954
2018-07-23,27,1435.518,488.366,1923.884
2018-07-23,28,1396.996,609.606,2006.602
2018-07-23,29,1336.522,729.982,2066.504
2018-07-23,30,1328.164,909.652,2237.816
2018-07-23,31,1296.346,1127.586,2423.932
2018-07-23,32,1234.072,1369.682,2603.754
2018-07-23,33,1170.394,1654.734,2825.128
2018-07-23,34,1155.16,1916.114,3071.274
2018-07-23,35,1165.558,2134.202,3299.76
2018-07-23,36,1157.334,2340.968,3498.302
2018-07-23,37,1147.894,2472.488,3620.382
2018-07-23,38,1045.254,2607.512,3652.766
2018-07-23,39,999.156,2680.088,3679.244
2018-07-23,40,920.38,2684.874,3605.254
2018-07-23,41,852.992,2702.718,3555.71
2018-07-23,42,764.648,2647.788,3412.436
2018-07-23,43,628.636,2719.186,3347.822
2018-07-23,44,536.592,2658.174,3194.766
2018-07-23,45,464.674,2364.066,2828.74
2018-07-23,46,339.7,2184.556,2524.256
2018-07-23,47,257.366,2202.284,2459.65
2018-07-23,48,267.812,2346.002,2613.814
2018-07-24,1,312.498,2475.356,2787.854
2018-07-24,2,304.052,2396.942,2700.994
2018-07-24,3,303.408,2097.176,2400.584
2018-07-24,4,268.872,1787.634,2056.506
2018-07-24,5,272.954,1543.686,1816.64
2018-07-24,6,276.582,1398.294,1674.876
2018-07-24,7,254.002,1153.988,1407.99
2018-07-24,8,289.462,868.732,1158.194
2018-07-24,9,264.304,782.774,1047.078
2018-07-24,10,230.754,682.604,913.358
2018-07-24,11,219.266,678.58,897.846
2018-07-24,12,216.808,616.61,833.418
2018-07-24,13,205.19,605.674,810.864
2018-07-24,14,198.626,620.184,818.81
2018-07-24,15,206.814,565.128,771.942
2018-07-24,16,174.34,498.562,672.902
2018-07-24,17,180.998,465.824,646.822
2018-07-24,18,230.61,366.384,596.994
2018-07-24,19,281.55,265.498,547.048
2018-07-24,20,289.804,200.196,490
2018-07-24,21,312.06,173.226,485.286
2018-07-24,22,320.998,180.402,501.4
2018-07-24,23,335.228,195.182,530.41
2018-07-24,24,331.018,225.336,556.354
2018-07-24,25,310.714,256.456,567.17
2018-07-24,26,317.004,225.336,542.34
2018-07-24,27,298.378,197.606,495.984
2018-07-24,28,328.016,254.166,582.182
2018-07-24,29,436.146,325.266,761.412
2018-07-24,30,555.668,356.302,911.97
2018-07-24,31,631.02,365.204,996.224
2018-07-24,32,601.3,428.892,1030.192
2018-07-24,33,621.466,474.982,1096.448
2018-07-24,34,612.596,514.344,1126.94
2018-07-24,35,585.232,526.926,1112.158
2018-07-24,36,611.486,545.828,1157.314
2018-07-24,37,647.31,569.734,1217.044
2018-07-24,38,639.202,640.172,1279.374
2018-07-24,39,601.458,671.854,1273.312
2018-07-24,40,521.372,710.376,1231.748
2018-07-24,41,464.964,674.362,1139.326
2018-07-24,42,405.868,563.75,969.618
2018-07-24,43,381.52,476.974,858.494
2018-07-24,44,327.844,503.108,830.952
2018-07-24,45,361.572,696.37,1057.942
2018-07-24,46,377.458,709.284,1086.742
2018-07-24,47,344.918,640.802,985.72
2018-07-24,48,313.634,605.298,918.932
2018-07-25,1,303.45,539.85,843.3
2018-07-25,2,334.726,443.37,778.096
2018-07-25,3,371.302,332.934,704.236
2018-07-25,4,369.464,259.292,628.756
2018-07-25,5,377.06,226.702,603.762
2018-07-25,6,365.148,204.274,569.422
2018-07-25,7,374.788,186.298,561.086
2018-07-25,8,386.684,191.19,577.874
2018-07-25,9,410.81,218.354,629.164
2018-07-25,10,434.212,274.74,708.952
2018-07-25,11,437.344,326.156,763.5
2018-07-25,12,502.55,357.562,860.112
2018-07-25,13,514.078,369.664,883.742
2018-07-25,14,577.978,344.43,922.408
2018-07-25,15,584.76,293.81,878.57
2018-07-25,16,565.45,284.728,850.178
2018-07-25,17,541.48,278.578,820.058
2018-07-25,18,569.572,247.612,817.184
2018-07-25,19,580.008,198.044,778.052
2018-07-25,20,643.55,191.062,834.612
2018-07-25,21,738.596,186.41,925.006
2018-07-25,22,829.404,195.448,1024.852
2018-07-25,23,971.664,189.334,1160.998
2018-07-25,24,1044.854,178.294,1223.148
2018-07-25,25,981.106,159.366,1140.472
2018-07-25,26,998.856,158.652,1157.508
2018-07-25,27,990.038,147.922,1137.96
2018-07-25,28,1003.664,111.698,1115.362
2018-07-25,29,991.44,119.112,1110.552
2018-07-25,30,1016.352,140.718,1157.07
2018-07-25,31,1042.12,162.664,1204.784
2018-07-25,32,996.204,183.544,1179.748
2018-07-25,33,977.06,182.034,1159.094
2018-07-25,34,964.532,191.352,1155.884
2018-07-25,35,907.026,206.652,1113.678
2018-07-25,36,869.732,228.388,1098.12
2018-07-25,37,783.426,246.03,1029.456
2018-07-25,38,727.868,270.27,998.138
2018-07-25,39,659.782,288.764,948.546
2018-07-25,40,568.466,301.32,869.786
2018-07-25,41,515.446,341.002,856.448
2018-07-25,42,482.876,376.238,859.114
2018-07-25,43,483.14,395.294,878.434
2018-07-25,44,548.318,390.99,939.308
2018-07-25,45,561.588,358.45,920.038
2018-07-25,46,615.612,329.59,945.202
2018-07-25,47,705.006,333.604,1038.61
2018-07-25,48,851.008,390.598,1241.606
2018-07-26,1,920.48,384.222,1304.702
2018-07-26,2,986.042,400.08,1386.122
2018-07-26,3,1013.072,352.852,1365.924
2018-07-26,4,1085.028,311.012,1396.04
2018-07-26,5,1130.096,365.78,1495.876
2018-07-26,6,1175.03,329.692,1504.722
2018-07-26,7,1139.508,357.812,1497.32
2018-07-26,8,1203.872,380.488,1584.36
2018-07-26,9,1258.406,372.126,1630.532
2018-07-26,10,1300.586,423.638,1724.224
2018-07-26,11,1278.034,518.214,1796.248
2018-07-26,12,1267.9,566.302,1834.202
2018-07-26,13,1312.664,588.296,1900.96
2018-07-26,14,1243.106,635.246,1878.352
2018-07-26,15,1207.718,722.1,1929.818
2018-07-26,16,1210.45,749.006,1959.456
2018-07-26,17,1237.598,732.404,1970.002
2018-07-26,18,1369.534,780.854,2150.388
2018-07-26,19,1495.744,700.824,2196.568
2018-07-26,20,1535.456,698.188,2233.644
2018-07-26,21,1693.542,713.018,2406.56
2018-07-26,22,1838.848,731.878,2570.726
2018-07-26,23,1904.41,760.338,2664.748
2018-07-26,24,1916.25,724.096,2640.346
2018-07-26,25,1938.244,662.934,2601.178
2018-07-26,26,2035.884,792.062,2827.946
2018-07-26,27,2177.702,904.174,3081.876
2018-07-26,28,2167.766,1054.302,3222.068
2018-07-26,29,2138.928,1235.524,3374.452
2018-07-26,30,2181.6,1333.884,3515.484
2018-07-26,31,2161.886,1432.174,3594.06
2018-07-26,32,2117.814,1496.954,3614.768
2018-07-26,33,2115.096,1537.472,3652.568
2018-07-26,34,2088.554,1546.298,3634.852
2018-07-26,35,2065.25,1658.69,3723.94
2018-07-26,36,1931.37,1643.634,3575.004
2018-07-26,37,1850.294,1698.232,3548.526
2018-07-26,38,1698.604,1726.22,3424.824
2018-07-26,39,1522.238,1700.982,3223.22
2018-07-26,40,1272.19,1578.488,2850.678
2018-07-26,41,1157.008,1504.822,2661.83
2018-07-26,42,964.764,1495.902,2460.666
2018-07-26,43,981.14,1451.68,2432.82
2018-07-26,44,1000.754,1444.724,2445.478
2018-07-26,45,1007.58,1388.548,2396.128
2018-07-26,46,1052.388,1593.002,2645.39
2018-07-26,47,1093.018,1507.3,2600.318
2018-07-26,48,1030.914,1305.8,2336.714
2018-07-27,1,1016.366,1100.356,2116.722
2018-07-27,2,1013.822,1044.076,2057.898
2018-07-27,3,1024.238,919.464,1943.702
2018-07-27,4,983.896,832.964,1816.86
2018-07-27,5,989.776,880.352,1870.128
2018-07-27,6,1078.974,793.356,1872.33
2018-07-27,7,1065.33,619.838,1685.168
2018-07-27,8,1119.476,495.032,1614.508
2018-07-27,9,1201.078,523.888,1724.966
2018-07-27,10,1255.216,690.064,1945.28
2018-07-27,11,1265.774,674.766,1940.54
2018-07-27,12,1214.354,664.264,1878.618
2018-07-27,13,1090.292,653.984,1744.276
2018-07-27,14,1258.852,658.176,1917.028
2018-07-27,15,1199.798,662.758,1862.556
2018-07-27,16,1093.434,829.874,1923.308
2018-07-27,17,1122.392,932.64,2055.032
2018-07-27,18,1276.306,973.082,2249.388
2018-07-27,19,1335.564,1097.61,2433.174
2018-07-27,20,1370.84,1067.8,2438.64
2018-07-27,21,1486.384,1166.818,2653.202
2018-07-27,22,1630.304,1092.906,2723.21
2018-07-27,23,1784.924,892.972,2677.896
2018-07-27,24,1844.26,758.124,2602.384
2018-07-27,25,1906.664,574.052,2480.716
2018-07-27,26,1833.648,397.45,2231.098
2018-07-27,27,1889.122,336.07,2225.192
2018-07-27,28,1995.826,291.8,2287.626
2018-07-27,29,2015.248,345.604,2360.852
2018-07-27,30,1909.358,443.896,2353.254
2018-07-27,31,1905.83,674.662,2580.492
2018-07-27,32,1743.54,979.864,2723.404
2018-07-27,33,1648.078,907.198,2555.276
2018-07-27,34,1659.288,846.464,2505.752
2018-07-27,35,1427.14,801.108,2228.248
2018-07-27,36,1105.506,611.088,1716.594
2018-07-27,37,898.74,664.492,1563.232
2018-07-27,38,693.338,1066.804,1760.142
2018-07-27,39,600.408,1772.26,2372.668
2018-07-27,40,620.758,1812.874,2433.632
2018-07-27,41,663.544,1369.538,2033.082
2018-07-27,42,634.136,1665.188,2299.324
2018-07-27,43,702.744,1288.51,1991.254
2018-07-27,44,821.366,1058.33,1879.696
2018-07-27,45,975.514,1627.25,2602.764
2018-07-27,46,1051.64,1738.314,2789.954
2018-07-27,47,960.786,1576.844,2537.63
2018-07-27,48,1066.628,1422.272,2488.9
2018-07-28,1,1072.662,2023.986,3096.648
2018-07-28,2,1034.954,2452.436,3487.39
2018-07-28,3,1080.466,2508.712,3589.178
2018-07-28,4,1119.086,2421.702,3540.788
2018-07-28,5,1162.176,2554.51,3716.686
2018-07-28,6,1127.196,2592.968,3720.164
2018-07-28,7,1138.99,2642.974,3781.964
2018-07-28,8,1151.356,2824.404,3975.76
2018-07-28,9,1056.224,3140.68,4196.904
2018-07-28,10,982.632,3335.294,4317.926
2018-07-28,11,915.974,3353.85,4269.824
2018-07-28,12,858.534,3501.008,4359.542
2018-07-28,13,842.266,3702.222,4544.488
2018-07-28,14,946.758,3938.572,4885.33
2018-07-28,15,1125.924,3989.818,5115.742
2018-07-28,16,1116.454,4433.29,5549.744
2018-07-28,17,1182.104,4646.264,5828.368
2018-07-28,18,1132.658,4963.734,6096.392
2018-07-28,19,1190.024,5277.262,6467.286
2018-07-28,20,1545.802,5530.19,7075.992
2018-07-28,21,1658.442,5847.146,7505.588
2018-07-28,22,1432.346,5702.19,7134.536
2018-07-28,23,1278.514,5614.258,6892.772
2018-07-28,24,1481.396,5711.032,7192.428
2018-07-28,25,1455.464,5193.236,6648.7
2018-07-28,26,1319.208,4890.01,6209.218
2018-07-28,27,1215.848,5562.342,6778.19
2018-07-28,28,1260.208,5459.46,6719.668
2018-07-28,29,1266.04,5237.44,6503.48
2018-07-28,30,1311.47,5132.258,6443.728
2018-07-28,31,1323.508,5263.416,6586.924
2018-07-28,32,1296.982,5147.622,6444.604
2018-07-28,33,1249.832,4898.304,6148.136
2018-07-28,34,1251.642,4869.72,6121.362
2018-07-28,35,1222.792,4772.166,5994.958
2018-07-28,36,1208.53,4720.842,5929.372
2018-07-28,37,1184.912,5031.322,6216.234
2018-07-28,38,1183.304,4695.544,5878.848
2018-07-28,39,1181.956,4429.922,5611.878
2018-07-28,40,1010.258,4411.528,5421.786
2018-07-28,41,916.272,4677.94,5594.212
2018-07-28,42,930.18,4805.862,5736.042
2018-07-28,43,912.318,4748.802,5661.12
2018-07-28,44,904.182,4601.232,5505.414
2018-07-28,45,889.668,4532.868,5422.536
2018-07-28,46,846.648,4388.982,5235.63
2018-07-28,47,844.622,4102.748,4947.37
2018-07-28,48,849.56,3878.124,4727.684
2018-07-29,1,824.016,3844.586,4668.602
2018-07-29,2,811.078,3832.824,4643.902
2018-07-29,3,778.652,3945.08,4723.732
2018-07-29,4,756.322,3922.924,4679.246
2018-07-29,5,754.978,4004.554,4759.532
2018-07-29,6,701.984,4041.482,4743.466
2018-07-29,7,648.836,3923.184,4572.02
2018-07-29,8,606.906,4042.094,4649
2018-07-29,9,694.558,4254.39,4948.948
2018-07-29,10,879.438,4651.556,5530.994
2018-07-29,11,851.32,4572.136,5423.456
2018-07-29,12,859.262,4575.308,5434.57
2018-07-29,13,938.844,4938.468,5877.312
2018-07-29,14,989.514,5121.374,6110.888
2018-07-29,15,980.332,4988.202,5968.534
2018-07-29,16,958.828,4949.9,5908.728
2018-07-29,17,834.142,5318.422,6152.564
2018-07-29,18,801.214,5422.506,6223.72
2018-07-29,19,758.756,5552.326,6311.082
2018-07-29,20,762.086,5710.614,6472.7
2018-07-29,21,1089.07,5642.344,6731.414
2018-07-29,22,1413.298,6159.354,7572.652
2018-07-29,23,1517.646,6284.91,7802.556
2018-07-29,24,1588.824,6321.332,7910.156
2018-07-29,25,1864.926,6234.558,8099.484
2018-07-29,26,1700.432,6283.874,7984.306
2018-07-29,27,1772.254,6376.22,8148.474
2018-07-29,28,1507.764,6328.044,7835.808
2018-07-29,29,1271.486,6671.26,7942.746
2018-07-29,30,1223.098,6786.326,8009.424
2018-07-29,31,1149.058,6750.68,7899.738
2018-07-29,32,1070.536,6453.82,7524.356
2018-07-29,33,1059.796,6075.826,7135.622
2018-07-29,34,1023.99,5404.052,6428.042
2018-07-29,35,947.714,4944.534,5892.248
2018-07-29,36,1018.098,4709.592,5727.69
2018-07-29,37,1159.822,4767.172,5926.994
2018-07-29,38,1056.752,4693.148,5749.9
2018-07-29,39,1014.486,4636.59,5651.076
2018-07-29,40,901.598,4547.43,5449.028
2018-07-29,41,944.29,4577.014,5521.304
2018-07-29,42,900.49,4585.624,5486.114
2018-07-29,43,906.792,4652.89,5559.682
2018-07-29,44,934.328,4727.032,5661.36
2018-07-29,45,945.56,4677.248,5622.808
2018-07-29,46,953.538,4874.226,5827.764
2018-07-29,47,922.356,5176.448,6098.804
2018-07-29,48,818.174,5521.538,6339.712
2018-07-30,1,766.696,5461.402,6228.098
2018-07-30,2,719.82,5375.438,6095.258
2018-07-30,3,646.896,5131.932,5778.828
2018-07-30,4,793.194,5170.468,5963.662
2018-07-30,5,905.368,4959.57,5864.938
2018-07-30,6,937.582,4795.19,5732.772
2018-07-30,7,957.08,4307.778,5264.858
2018-07-30,8,1004.352,3696.91,4701.262
2018-07-30,9,966.106,2895.06,3861.166
2018-07-30,10,1024.004,2641.438,3665.442
2018-07-30,11,1127.576,2965.486,4093.062
2018-07-30,12,1196.79,2869.28,4066.07
2018-07-30,13,1376.564,2677.69,4054.254
2018-07-30,14,1447.798,2643.052,4090.85
2018-07-30,15,1613.854,2584.478,4198.332
2018-07-30,16,1851.49,2691.312,4542.802
2018-07-30,17,1917.006,2634.706,4551.712
2018-07-30,18,2134.25,2588.712,4722.962
2018-07-30,19,2296.558,2455.256,4751.814
2018-07-30,20,2366.236,2345.368,4711.604
2018-07-30,21,2478.414,2586.478,5064.892
2018-07-30,22,2438.012,2413.138,4851.15
2018-07-30,23,2494.158,2478.038,4972.196
2018-07-30,24,2443.914,2413.38,4857.294
2018-07-30,25,2453.544,2295.982,4749.526
2018-07-30,26,2325.016,2073.418,4398.434
2018-07-30,27,2337.796,1866.148,4203.944
2018-07-30,28,2179.12,1681.436,3860.556
2018-07-30,29,2113.602,1798.072,3911.674
2018-07-30,30,1974.982,2040.22,4015.202
2018-07-30,31,1624.796,2356.558,3981.354
2018-07-30,32,1362.05,2349.904,3711.954
2018-07-30,33,1143.564,2156.35,3299.914
2018-07-30,34,966.526,2107.23,3073.756
2018-07-30,35,892.154,2224.122,3116.276
2018-07-30,36,676.582,2211.55,2888.132
2018-07-30,37,650.352,2315.386,2965.738
2018-07-30,38,627.368,2380.57,3007.938
2018-07-30,39,571.622,2593.938,3165.56
2018-07-30,40,528.888,2719.408,3248.296
2018-07-30,41,508.824,3115.964,3624.788
2018-07-30,42,565.906,3791.148,4357.054
2018-07-30,43,586.67,3796.008,4382.678
2018-07-30,44,540.908,3664.702,4205.61
2018-07-30,45,561.824,3523.3,4085.124
2018-07-30,46,586.43,3417.916,4004.346
2018-07-30,47,619.938,3206.478,3826.416
2018-07-30,48,632.516,3160.914,3793.43
2018-07-31,1,568.174,2987.93,3556.104
2018-07-31,2,532.264,2865.906,3398.17
2018-07-31,3,597.964,2765.662,3363.626
2018-07-31,4,709.452,2559.854,3269.306
2018-07-31,5,645.32,2327.48,2972.8
2018-07-31,6,727.938,2165.872,2893.81
2018-07-31,7,715.11,2091.432,2806.542
2018-07-31,8,708.43,2098.192,2806.622
2018-07-31,9,717.592,1829.974,2547.566
2018-07-31,10,754.25,1600.908,2355.158
2018-07-31,11,715.998,1821.536,2537.534
2018-07-31,12,761.646,1938.438,2700.084
2018-07-31,13,812.066,1678.244,2490.31
2018-07-31,14,931.8,1670.504,2602.304
2018-07-31,15,1054.942,1599.964,2654.906
2018-07-31,16,1306.69,1773.536,3080.226
2018-07-31,17,1619.782,2236.19,3855.972
2018-07-31,18,1859.988,2163.128,4023.116
2018-07-31,19,2099.64,1975.89,4075.53
2018-07-31,20,2057.952,2275.642,4333.594
2018-07-31,21,1896.126,2545.19,4441.316
2018-07-31,22,2028.688,2499.06,4527.748
2018-07-31,23,2124.338,2223.292,4347.63
2018-07-31,24,2214.684,2257.11,4471.794
2018-07-31,25,2329.324,2259.392,4588.716
2018-07-31,26,2022.056,2336.212,4358.268
2018-07-31,27,1531.594,2652.082,4183.676
2018-07-31,28,1392.804,2708.476,4101.28
2018-07-31,29,1354.48,2675.502,4029.982
2018-07-31,30,1354.764,2731.836,4086.6
2018-07-31,31,1339.308,2765.774,4105.082
2018-07-31,32,1356.636,2833.228,4189.864
2018-07-31,33,1371.06,3072.542,4443.602
2018-07-31,34,1429.998,3260.612,4690.61
2018-07-31,35,1569.968,3127.156,4697.124
2018-07-31,36,1373.562,3294.012,4667.574
2018-07-31,37,1220.138,3259.326,4479.464
2018-07-31,38,1118.484,3178.388,4296.872
2018-07-31,39,1073.144,2904.922,3978.066
2018-07-31,40,1060.18,2770.17,3830.35
2018-07-31,41,1020.276,2732.508,3752.784
2018-07-31,42,1000.594,2809.62,3810.214
2018-07-31,43,987.908,2740.586,3728.494
2018-07-31,44,985.35,2594.314,3579.664
2018-07-31,45,957.682,2567.508,3525.19
2018-07-31,46,776.416,2584.794,3361.21
2018-07-31,47,611.442,2519.196,3130.638
2018-07-31,48,656.57,2230.876,2887.446
2018-08-01,1,625.056,1809.136,2434.192
2018-08-01,2,570.906,1765.968,2336.874
2018-08-01,3,536.316,2006.584,2542.9
2018-08-01,4,545.24,2081.802,2627.042
2018-08-01,5,492.122,2022.132,2514.254
2018-08-01,6,450.934,2074.256,2525.19
2018-08-01,7,410.266,1913.522,2323.788
2018-08-01,8,405.606,1908.232,2313.838
2018-08-01,9,484.396,2020.634,2505.03
2018-08-01,10,516.948,1897.664,2414.612
2018-08-01,11,472.114,1770.782,2242.896
2018-08-01,12,478.146,1605.658,2083.804
2018-08-01,13,449.446,1650.882,2100.328
2018-08-01,14,469.72,1773.596,2243.316
2018-08-01,15,595.806,1653.982,2249.788
2018-08-01,16,917.744,1372.822,2290.566
2018-08-01,17,1379.426,1293.562,2672.988
2018-08-01,18,1558.602,1140.996,2699.598
2018-08-01,19,1647.044,1167.32,2814.364
2018-08-01,20,1805.014,1078.496,2883.51
2018-08-01,21,1777.024,1132.602,2909.626
2018-08-01,22,1588.896,1147.578,2736.474
2018-08-01,23,1671.642,1173.626,2845.268
2018-08-01,24,1759.776,1161.168,2920.944
2018-08-01,25,1816.522,1014.48,2831.002
2018-08-01,26,1815.412,917.508,2732.92
2018-08-01,27,1827.204,1054.528,2881.732
2018-08-01,28,1863.258,977.338,2840.596
2018-08-01,29,1889.738,896.064,2785.802
2018-08-01,30,1997.462,983.112,2980.574
2018-08-01,31,2008.048,986.418,2994.466
2018-08-01,32,2002.762,792.144,2794.906
2018-08-01,33,2100.866,825.876,2926.742
2018-08-01,34,2043.43,868.108,2911.538
2018-08-01,35,1972.68,1026.464,2999.144
2018-08-01,36,2153.174,1312.19,3465.364
2018-08-01,37,2262.316,1609.346,3871.662
2018-08-01,38,2273.042,2043.692,4316.734
2018-08-01,39,2402.404,2448.084,4850.488
2018-08-01,40,2288.698,2666.138,4954.836
2018-08-01,41,1982.498,3024.894,5007.392
2018-08-01,42,1775.31,2859.3,4634.61
2018-08-01,43,1709.632,2748.742,4458.374
2018-08-01,44,1616.136,2729.932,4346.068
2018-08-01,45,1583.004,2497.274,4080.278
2018-08-01,46,1522.528,2413.102,3935.63
2018-08-01,47,1294.606,2120.478,3415.084
2018-08-01,48,1144.368,2128.942,3273.31
2018-08-02,1,877.416,2060.95,2938.366
2018-08-02,2,800.86,1893.916,2694.776
2018-08-02,3,790.068,1792.59,2582.658
2018-08-02,4,740.036,1770.85,2510.886
2018-08-02,5,712.102,1791.514,2503.616
2018-08-02,6,732.438,1898.726,2631.164
2018-08-02,7,790.332,1872.53,2662.862
2018-08-02,8,938.962,2006.572,2945.534
2018-08-02,9,888.138,1875.66,2763.798
2018-08-02,10,839.284,1740.82,2580.104
2018-08-02,11,821.632,1692.804,2514.436
2018-08-02,12,774.32,1677.438,2451.758
2018-08-02,13,725.8,1695.968,2421.768
2018-08-02,14,665.088,1755.824,2420.912
2018-08-02,15,646.596,1881.466,2528.062
2018-08-02,16,601.44,1750.988,2352.428
2018-08-02,17,562.564,1690.892,2253.456
2018-08-02,18,540.258,1707.796,2248.054
2018-08-02,19,550.074,1350.686,1900.76
2018-08-02,20,565.392,1403.418,1968.81
2018-08-02,21,582.848,1362.258,1945.106
2018-08-02,22,609.962,1327.112,1937.074
2018-08-02,23,631.418,1357.732,1989.15
2018-08-02,24,604.782,1279.982,1884.764
2018-08-02,25,599.776,1136.416,1736.192
2018-08-02,26,693.152,969.844,1662.996
2018-08-02,27,746.408,920.738,1667.146
2018-08-02,28,770.152,888.488,1658.64
2018-08-02,29,823.372,926.39,1749.762
2018-08-02,30,863.06,860.096,1723.156
2018-08-02,31,915.902,814.634,1730.536
2018-08-02,32,904.682,791.942,1696.624
2018-08-02,33,895.174,813.49,1708.664
2018-08-02,34,869.486,806.714,1676.2
2018-08-02,35,887.032,972.378,1859.41
2018-08-02,36,902.168,1045.044,1947.212
2018-08-02,37,793.164,1131.388,1924.552
2018-08-02,38,755.11,1231.6,1986.71
2018-08-02,39,677.028,1255.652,1932.68
2018-08-02,40,657.79,1275.09,1932.88
2018-08-02,41,637.316,1288.018,1925.334
2018-08-02,42,598.512,1330.492,1929.004
2018-08-02,43,602.29,1306.418,1908.708
2018-08-02,44,542.816,1151.654,1694.47
2018-08-02,45,513.628,1257.182,1770.81
2018-08-02,46,507.548,1301.348,1808.896
2018-08-02,47,467.902,1242.374,1710.276
2018-08-02,48,486.054,1322.4,1808.454
2018-08-03,1,494.93,1489.768,1984.698
2018-08-03,2,446.95,1698.936,2145.886
2018-08-03,3,423.228,1469.088,1892.316
2018-08-03,4,370.728,1313.54,1684.268
2018-08-03,5,349.082,1245.322,1594.404
2018-08-03,6,393.976,1172.626,1566.602
2018-08-03,7,386.55,1222.808,1609.358
2018-08-03,8,395.362,1219.916,1615.278
2018-08-03,9,416.446,1210.486,1626.932
2018-08-03,10,426.288,1129.196,1555.484
2018-08-03,11,425.57,1038.358,1463.928
2018-08-03,12,458.924,967.982,1426.906
2018-08-03,13,459.454,916.334,1375.788
2018-08-03,14,463.628,841.214,1304.842
2018-08-03,15,496.28,661.514,1157.794
2018-08-03,16,505.974,497.87,1003.844
2018-08-03,17,523.71,408.124,931.834
2018-08-03,18,517.59,383.13,900.72
2018-08-03,19,500.65,319.79,820.44
2018-08-03,20,489.738,338.828,828.566
2018-08-03,21,489.474,384.958,874.432
2018-08-03,22,515.668,449.808,965.476
2018-08-03,23,555.288,364.792,920.08
2018-08-03,24,563.104,338.004,901.108
2018-08-03,25,596.398,364.51,960.908
2018-08-03,26,700.992,380.954,1081.946
2018-08-03,27,715.164,292.706,1007.87
2018-08-03,28,738.048,267.57,1005.618
2018-08-03,29,704.494,248.116,952.61
2018-08-03,30,805.876,224.66,1030.536
2018-08-03,31,869.592,202.386,1071.978
2018-08-03,32,900.622,229.374,1129.996
2018-08-03,33,895.286,281.692,1176.978
2018-08-03,34,920.878,302.59,1223.468
2018-08-03,35,918.658,361.798,1280.456
2018-08-03,36,951.526,364.622,1316.148
2018-08-03,37,918.964,376.984,1295.948
2018-08-03,38,935.902,332.37,1268.272
2018-08-03,39,967.944,328.126,1296.07
2018-08-03,40,1042.336,328.204,1370.54
2018-08-03,41,1063.64,344.09,1407.73
2018-08-03,42,996.26,358.914,1355.174
2018-08-03,43,1038.422,356.57,1394.992
2018-08-03,44,1075.614,322.458,1398.072
2018-08-03,45,1059.008,291.644,1350.652
2018-08-03,46,1011.038,288.578,1299.616
2018-08-03,47,1091.726,389.334,1481.06
2018-08-03,48,1116.978,470.874,1587.852
2018-08-04,1,1101.058,444.082,1545.14
2018-08-04,2,1002.72,464.274,1466.994
2018-08-04,3,867.442,494.506,1361.948
2018-08-04,4,753.216,645.234,1398.45
2018-08-04,5,585.55,712.698,1298.248
2018-08-04,6,506.752,820.786,1327.538
2018-08-04,7,508.442,894.988,1403.43
2018-08-04,8,494.878,1088.926,1583.804
2018-08-04,9,478.326,1192.864,1671.19
2018-08-04,10,482.302,1194.99,1677.292
2018-08-04,11,418.824,1159.39,1578.214
2018-08-04,12,363.844,1263.652,1627.496
2018-08-04,13,314.522,1394.472,1708.994
2018-08-04,14,289.256,1517.692,1806.948
2018-08-04,15,266.014,1632.932,1898.946
2018-08-04,16,266.168,1500.048,1766.216
2018-08-04,17,301.806,1412.348,1714.154
2018-08-04,18,343.74,1292.294,1636.034
2018-08-04,19,414.14,1244.554,1658.694
2018-08-04,20,443.904,1330.062,1773.966
2018-08-04,21,541.572,1210.074,1751.646
2018-08-04,22,674.286,1083.584,1757.87
2018-08-04,23,821.372,1016.254,1837.626
2018-08-04,24,1045.198,1069.27,2114.468
2018-08-04,25,1174.048,1088.488,2262.536
2018-08-04,26,1324.558,1043.862,2368.42
2018-08-04,27,1512.202,1046.432,2558.634
2018-08-04,28,1647.864,1166.66,2814.524
2018-08-04,29,1797.188,1333.104,3130.292
2018-08-04,30,1771.886,1367.04,3138.926
2018-08-04,31,1757.982,1238.376,2996.358
2018-08-04,32,1749.082,1227.674,2976.756
2018-08-04,33,1763.036,1207.738,2970.774
2018-08-04,34,1622.138,1207.446,2829.584
2018-08-04,35,1596.16,1217.516,2813.676
2018-08-04,36,1496.426,1087.71,2584.136
2018-08-04,37,1424.978,1001.266,2426.244
2018-08-04,38,1399.254,959.738,2358.992
2018-08-04,39,1352.79,888.93,2241.72
2018-08-04,40,1195.954,800.55,1996.504
2018-08-04,41,1183.552,741.102,1924.654
2018-08-04,42,1090.996,685.548,1776.544
2018-08-04,43,1074.412,638.086,1712.498
2018-08-04,44,1091.87,631.502,1723.372
2018-08-04,45,1114.182,683.762,1797.944
2018-08-04,46,1103.592,622.846,1726.438
2018-08-04,47,1145.608,576.49,1722.098
2018-08-04,48,1138.976,508.458,1647.434
2018-08-05,1,1109.478,463.204,1572.682
2018-08-05,2,1088.984,403.626,1492.61
2018-08-05,3,1028.604,346.434,1375.038
2018-08-05,4,1000.272,334.158,1334.43
2018-08-05,5,1026.696,175.786,1202.482
2018-08-05,6,980.58,129.538,1110.118
2018-08-05,7,942.114,103.524,1045.638
2018-08-05,8,875.95,111.08,987.03
2018-08-05,9,868.168,125.19,993.358
2018-08-05,10,799.502,113.814,913.316
2018-08-05,11,802.49,92.716,895.206
2018-08-05,12,740.516,95.544,836.06
2018-08-05,13,674.49,97.866,772.356
2018-08-05,14,555.97,88.06,644.03
2018-08-05,15,474.594,86.294,560.888
2018-08-05,16,413.61,79.43,493.04
2018-08-05,17,352.432,76.144,428.576
2018-08-05,18,351.736,87.652,439.388
2018-08-05,19,353.192,68.492,421.684
2018-08-05,20,374.66,67.9,442.56
2018-08-05,21,377.656,70.67,448.326
2018-08-05,22,414.714,67.146,481.86
2018-08-05,23,422.44,77.11,499.55
2018-08-05,24,403.494,73.042,476.536
2018-08-05,25,410.77,96.33,507.1
2018-08-05,26,445.034,106.508,551.542
2018-08-05,27,459.832,148.186,608.018
2018-08-05,28,499.158,176.114,675.272
2018-08-05,29,533.826,230.294,764.12
2018-08-05,30,554.1,257.436,811.536
2018-08-05,31,609.426,315.282,924.708
2018-08-05,32,674.08,391.328,1065.408
2018-08-05,33,733.184,507.808,1240.992
2018-08-05,34,783.008,637.77,1420.778
2018-08-05,35,808.494,780.362,1588.856
2018-08-05,36,831.64,932.974,1764.614
2018-08-05,37,709.374,995.942,1705.316
2018-08-05,38,679.31,988.678,1667.988
2018-08-05,39,624.226,962.016,1586.242
2018-08-05,40,556.504,1009.96,1566.464
2018-08-05,41,594.138,1099.71,1693.848
2018-08-05,42,626.556,1295.654,1922.21
2018-08-05,43,632.362,1505.904,2138.266
2018-08-05,44,671.072,1490.958,2162.03
2018-08-05,45,698.376,1544.734,2243.11
2018-08-05,46,707.218,1553.654,2260.872
2018-08-05,47,733.632,1516.074,2249.706
2018-08-05,48,737.8,1404.35,2142.15
2018-08-06,1,734.068,1281.378,2015.446
2018-08-06,2,814.284,1402.458,2216.742
2018-08-06,3,958.93,1401.35,2360.28
2018-08-06,4,1014.188,1454.132,2468.32
2018-08-06,5,1052.088,1695.4,2747.488
2018-08-06,6,1038.458,1846.542,2885
2018-08-06,7,1075.666,1802.876,2878.542
2018-08-06,8,1103.888,1632.526,2736.414
2018-08-06,9,1083.008,1649.066,2732.074
2018-08-06,10,1047.528,1515.156,2562.684
2018-08-06,11,1067.998,1449.664,2517.662
2018-08-06,12,1097.9,1381.88,2479.78
2018-08-06,13,1094.686,1322.26,2416.946
2018-08-06,14,1069.136,1238.1,2307.236
2018-08-06,15,1061.044,1189.824,2250.868
2018-08-06,16,1074.194,1062.46,2136.654
2018-08-06,17,1024.932,952.412,1977.344
2018-08-06,18,1001.39,775.886,1777.276
2018-08-06,19,981.42,728.304,1709.724
2018-08-06,20,1044.68,760.55,1805.23
2018-08-06,21,1195.772,711.654,1907.426
2018-08-06,22,1330.186,638.372,1968.558
2018-08-06,23,1439.608,639.846,2079.454
2018-08-06,24,1451.444,624.934,2076.378
2018-08-06,25,1436.788,531.442,1968.23
2018-08-06,26,1506.648,528.164,2034.812
2018-08-06,27,1556.6,541.228,2097.828
2018-08-06,28,1453.74,614.628,2068.368
2018-08-06,29,1456.58,565.566,2022.146
2018-08-06,30,1473.402,539.396,2012.798
2018-08-06,31,1579.348,553.37,2132.718
2018-08-06,32,1611.092,593.198,2204.29
2018-08-06,33,1451.94,649.75,2101.69
2018-08-06,34,1322.814,795.946,2118.76
2018-08-06,35,1247.262,915.936,2163.198
2018-08-06,36,1082.352,994.932,2077.284
2018-08-06,37,1044.442,991.064,2035.506
2018-08-06,38,1049.658,1044.116,2093.774
2018-08-06,39,920.968,1006.632,1927.6
2018-08-06,40,800.156,863.578,1663.734
2018-08-06,41,699.412,832.096,1531.508
2018-08-06,42,596.478,771.104,1367.582
2018-08-06,43,521.244,706.594,1227.838
2018-08-06,44,471.906,614.488,1086.394
2018-08-06,45,442.934,575.704,1018.638
2018-08-06,46,374.864,561.05,935.914
2018-08-06,47,308.41,496.862,805.272
2018-08-06,48,281.568,446.306,727.874
2018-08-07,1,274.706,417.384,692.09
2018-08-07,2,250.828,419.148,669.976
2018-08-07,3,263.804,453.128,716.932
2018-08-07,4,256.008,484.82,740.828
2018-08-07,5,227.794,579.046,806.84
2018-08-07,6,243.266,636.286,879.552
2018-08-07,7,272.166,632.2,904.366
2018-08-07,8,282.108,582.898,865.006
2018-08-07,9,274.786,496.146,770.932
2018-08-07,10,300.654,493.888,794.542
2018-08-07,11,345.996,474.534,820.53
2018-08-07,12,322.596,470.814,793.41
2018-08-07,13,347.574,507.148,854.722
2018-08-07,14,370.884,460.468,831.352
2018-08-07,15,397.346,408.206,805.552
2018-08-07,16,463.994,409.918,873.912
2018-08-07,17,446.52,456.33,902.85
2018-08-07,18,453.374,451.712,905.086
2018-08-07,19,548.98,401.366,950.346
2018-08-07,20,583.214,379.464,962.678
2018-08-07,21,593.874,380.806,974.68
2018-08-07,22,632.004,427.556,1059.56
2018-08-07,23,728.266,420.798,1149.064
2018-08-07,24,815.842,441.918,1257.76
2018-08-07,25,872.412,451.046,1323.458
2018-08-07,26,932.756,478.422,1411.178
2018-08-07,27,901.6,533.148,1434.748
2018-08-07,28,849.75,550.088,1399.838
2018-08-07,29,841.474,468.622,1310.096
2018-08-07,30,836.202,507.906,1344.108
2018-08-07,31,848.662,614.872,1463.534
2018-08-07,32,816.784,648.046,1464.83
2018-08-07,33,826.588,554.876,1381.464
2018-08-07,34,721.718,471.094,1192.812
2018-08-07,35,673.492,540.9,1214.392
2018-08-07,36,666.412,605.826,1272.238
2018-08-07,37,647.948,453.942,1101.89
2018-08-07,38,607.042,494.488,1101.53
2018-08-07,39,560.128,590.03,1150.158
2018-08-07,40,542.16,783.836,1325.996
2018-08-07,41,493.936,898.172,1392.108
2018-08-07,42,480.662,1218.848,1699.51
2018-08-07,43,504.044,983.162,1487.206
2018-08-07,44,536.144,767.782,1303.926
2018-08-07,45,535.54,1110.964,1646.504
2018-08-07,46,494.682,1293.972,1788.654
2018-08-07,47,563.132,1491.71,2054.842
2018-08-07,48,527.612,1598.252,2125.864
2018-08-08,1,562.396,1879.708,2442.104
2018-08-08,2,508.232,1896.976,2405.208
2018-08-08,3,487.596,1803.566,2291.162
2018-08-08,4,464.938,1550.28,2015.218
2018-08-08,5,469.412,1640.766,2110.178
2018-08-08,6,512.566,1634.804,2147.37
2018-08-08,7,531.584,1684.918,2216.502
2018-08-08,8,554.734,1665.958,2220.692
2018-08-08,9,585.73,1819.18,2404.91
2018-08-08,10,586.584,1949.164,2535.748
2018-08-08,11,577.792,1776.996,2354.788
2018-08-08,12,610.476,1506.238,2116.714
2018-08-08,13,608.362,1254.748,1863.11
2018-08-08,14,571.294,1144.222,1715.516
2018-08-08,15,533.998,1440.85,1974.848
2018-08-08,16,524.486,1320.566,1845.052
2018-08-08,17,491.986,1324.436,1816.422
2018-08-08,18,449.442,1536.942,1986.384
2018-08-08,19,452.084,1691.778,2143.862
2018-08-08,20,506.92,1672.932,2179.852
2018-08-08,21,493.702,1509.802,2003.504
2018-08-08,22,519.148,1722.044,2241.192
2018-08-08,23,611.692,1969.226,2580.918
2018-08-08,24,681.856,2063.352,2745.208
2018-08-08,25,743.576,2139.72,2883.296
2018-08-08,26,823.226,2159.786,2983.012
2018-08-08,27,860.962,2229.474,3090.436
2018-08-08,28,963.888,2177.508,3141.396
2018-08-08,29,1026.678,2255.92,3282.598
2018-08-08,30,954.602,2580.646,3535.248
2018-08-08,31,1025.418,2674.794,3700.212
2018-08-08,32,1135.096,2598.722,3733.818
2018-08-08,33,1067.948,2456.662,3524.61
2018-08-08,34,1171.69,2525.166,3696.856
2018-08-08,35,1195.412,2719.334,3914.746
2018-08-08,36,1109.712,2791.36,3901.072
2018-08-08,37,1062.806,2783.598,3846.404
2018-08-08,38,1029.328,2549.606,3578.934
2018-08-08,39,1034.418,2455.622,3490.04
2018-08-08,40,963.516,2174.168,3137.684
2018-08-08,41,890.532,1952.98,2843.512
2018-08-08,42,802.76,1877.888,2680.648
2018-08-08,43,787.266,1692.844,2480.11
2018-08-08,44,769.972,1456.214,2226.186
2018-08-08,45,750.142,1200.4,1950.542
2018-08-08,46,727.442,959.182,1686.624
2018-08-08,47,676.306,866.88,1543.186
2018-08-08,48,658.586,879.572,1538.158
2018-08-09,1,634.38,863.338,1497.718
2018-08-09,2,580.996,834.606,1415.602
2018-08-09,3,597.982,759.588,1357.57
2018-08-09,4,608.838,719.734,1328.572
2018-08-09,5,602.038,610.432,1212.47
2018-08-09,6,649.828,533.78,1183.608
2018-08-09,7,735.146,497.176,1232.322
2018-08-09,8,777.316,481.356,1258.672
2018-08-09,9,800.744,501.796,1302.54
2018-08-09,10,842.036,525.28,1367.316
2018-08-09,11,934.904,582.808,1517.712
2018-08-09,12,989.85,561.272,1551.122
2018-08-09,13,1014.792,566.822,1581.614
2018-08-09,14,1080.952,518.016,1598.968
2018-08-09,15,1142.576,498.078,1640.654
2018-08-09,16,1117.068,473.322,1590.39
2018-08-09,17,1129.786,492.152,1621.938
2018-08-09,18,1280.128,550.942,1831.07
2018-08-09,19,1410.512,632.104,2042.616
2018-08-09,20,1536.252,682.26,2218.512
2018-08-09,21,1527.628,726.504,2254.132
2018-08-09,22,1606.65,713.616,2320.266
2018-08-09,23,1653.446,773.844,2427.29
2018-08-09,24,1620.39,745.578,2365.968
2018-08-09,25,1606.238,629.854,2236.092
2018-08-09,26,1525.094,618.572,2143.666
2018-08-09,27,1376.646,674.428,2051.074
2018-08-09,28,1301.554,956.988,2258.542
2018-08-09,29,1264.728,1278.938,2543.666
2018-08-09,30,1257.302,1349.876,2607.178
2018-08-09,31,1194.83,1505.366,2700.196
2018-08-09,32,1155.17,1629.724,2784.894
2018-08-09,33,1048.664,1771.238,2819.902
2018-08-09,34,1031.66,2191.016,3222.676
2018-08-09,35,920.142,2321.124,3241.266
2018-08-09,36,826.352,2563.264,3389.616
2018-08-09,37,698.05,2612.112,3310.162
2018-08-09,38,691.336,2553.25,3244.586
2018-08-09,39,640.148,2300.216,2940.364
2018-08-09,40,535.108,2136.596,2671.704
2018-08-09,41,466.152,2069.396,2535.548
2018-08-09,42,457.51,1790.546,2248.056
2018-08-09,43,424.312,1578.608,2002.92
2018-08-09,44,400.918,1310.5,1711.418
2018-08-09,45,339.23,1336.622,1675.852
2018-08-09,46,313.438,1733.908,2047.346
2018-08-09,47,285.258,2235.236,2520.494
2018-08-09,48,285.844,2668.902,2954.746
2018-08-10,1,292.266,2517.52,2809.786
2018-08-10,2,331.93,2479.224,2811.154
2018-08-10,3,350.272,2458.632,2808.904
2018-08-10,4,359.454,2502.65,2862.104
2018-08-10,5,348.75,2173.664,2522.414
2018-08-10,6,322.44,1837.902,2160.342
2018-08-10,7,308.298,2029.266,2337.564
2018-08-10,8,304.52,2457.798,2762.318
2018-08-10,9,311.716,2382.604,2694.32
2018-08-10,10,322.932,2179.022,2501.954
2018-08-10,11,299.972,2350.796,2650.768
2018-08-10,12,305.296,2304,2609.296
2018-08-10,13,326.732,2382.526,2709.258
2018-08-10,14,316.372,2754.674,3071.046
2018-08-10,15,337.544,2884.486,3222.03
2018-08-10,16,324.604,2784.766,3109.37
2018-08-10,17,309.712,2887.724,3197.436
2018-08-10,18,296.058,2893.906,3189.964
2018-08-10,19,308.39,2923.056,3231.446
2018-08-10,20,331.772,3035.63,3367.402
2018-08-10,21,383.592,3060.356,3443.948
2018-08-10,22,423.248,2972.726,3395.974
2018-08-10,23,416.158,2859.954,3276.112
2018-08-10,24,419.836,2908.742,3328.578
2018-08-10,25,499.376,3102.888,3602.264
2018-08-10,26,542.492,3521.136,4063.628
2018-08-10,27,584.486,3667.544,4252.03
2018-08-10,28,710.344,3902.332,4612.676
2018-08-10,29,759.08,3923.86,4682.94
2018-08-10,30,775.036,4119.074,4894.11
2018-08-10,31,767.114,3980.39,4747.504
2018-08-10,32,892.022,3609.504,4501.526
2018-08-10,33,943.952,3309.714,4253.666
2018-08-10,34,977.45,3390.134,4367.584
2018-08-10,35,934.118,3519.282,4453.4
2018-08-10,36,916.276,3434.554,4350.83
2018-08-10,37,904.224,3250.046,4154.27
2018-08-10,38,784.656,3017.674,3802.33
2018-08-10,39,726.336,2973.172,3699.508
2018-08-10,40,652.15,2699.314,3351.464
2018-08-10,41,609.708,2230.834,2840.542
2018-08-10,42,563.678,2196.006,2759.684
2018-08-10,43,581.004,2273.08,2854.084
2018-08-10,44,578.002,2542.162,3120.164
2018-08-10,45,593.938,3016.812,3610.75
2018-08-10,46,586.604,2887.124,3473.728
2018-08-10,47,572.85,2490.758,3063.608
2018-08-10,48,570.322,2497.48,3067.802
2018-08-11,1,572.224,2476.604,3048.828
2018-08-11,2,570.278,2493.098,3063.376
2018-08-11,3,528.43,2452.836,2981.266
2018-08-11,4,457.456,2358.966,2816.422
2018-08-11,5,415.144,2218.166,2633.31
2018-08-11,6,381.782,2032.55,2414.332
2018-08-11,7,359.538,1886.728,2246.266
2018-08-11,8,294.542,1756.04,2050.582
2018-08-11,9,249.486,1535.802,1785.288
2018-08-11,10,216.948,1371.37,1588.318
2018-08-11,11,219.768,1250.338,1470.106
2018-08-11,12,244.108,1326.95,1571.058
2018-08-11,13,270.148,1485.014,1755.162
2018-08-11,14,250.534,1449.252,1699.786
2018-08-11,15,224.596,1259.384,1483.98
2018-08-11,16,184.224,1110.85,1295.074
2018-08-11,17,161.072,942.274,1103.346
2018-08-11,18,172.542,893.58,1066.122
2018-08-11,19,176.6,819.956,996.556
2018-08-11,20,200.982,727.334,928.316
2018-08-11,21,235.016,682.528,917.544
2018-08-11,22,281.912,582.324,864.236
2018-08-11,23,300.926,524.718,825.644
2018-08-11,24,350.762,489.854,840.616
2018-08-11,25,408.098,439.094,847.192
2018-08-11,26,449.246,486.924,936.17
2018-08-11,27,480.608,658.906,1139.514
2018-08-11,28,521.66,852.152,1373.812
2018-08-11,29,560.264,819.84,1380.104
2018-08-11,30,579.456,1038.358,1617.814
2018-08-11,31,568.22,1228.804,1797.024
2018-08-11,32,593.084,1412.11,2005.194
2018-08-11,33,642.002,1573.704,2215.706
2018-08-11,34,676.772,1962.176,2638.948
2018-08-11,35,695.198,2464.568,3159.766
2018-08-11,36,730.87,2786.472,3517.342
2018-08-11,37,739.808,2870.54,3610.348
2018-08-11,38,747.456,3050.4,3797.856
2018-08-11,39,802.742,2863.82,3666.562
2018-08-11,40,823.28,2919.61,3742.89
2018-08-11,41,916.87,3123.964,4040.834
2018-08-11,42,946.876,3346.14,4293.016
2018-08-11,43,1022.14,3380.044,4402.184
2018-08-11,44,1124.592,3518.678,4643.27
2018-08-11,45,1229.914,3732.614,4962.528
2018-08-11,46,1215.654,3763.848,4979.502
2018-08-11,47,1177.886,3865.712,5043.598
2018-08-11,48,1165.244,3959.89,5125.134
2018-08-12,1,1122.992,3537.684,4660.676
2018-08-12,2,1082.448,3364.812,4447.26
2018-08-12,3,1054.34,3367.962,4422.302
2018-08-12,4,1032.738,3572.4,4605.138
2018-08-12,5,975.402,3756.736,4732.138
2018-08-12,6,976.744,3908.626,4885.37
2018-08-12,7,984.244,4028.09,5012.334
2018-08-12,8,979.65,3989.038,4968.688
2018-08-12,9,961.996,3900.416,4862.412
2018-08-12,10,975.55,3886.556,4862.106
2018-08-12,11,993.656,4018.918,5012.574
2018-08-12,12,976.04,4081.994,5058.034
2018-08-12,13,972.61,4290.77,5263.38
2018-08-12,14,977.108,4309.906,5287.014
2018-08-12,15,1000.452,4302.594,5303.046
2018-08-12,16,1059.704,4063.878,5123.582
2018-08-12,17,1054.63,3833.096,4887.726
2018-08-12,18,1057.808,3329.678,4387.486
2018-08-12,19,1058.26,2927.91,3986.17
2018-08-12,20,1059.524,2929.702,3989.226
2018-08-12,21,1067.304,2998.498,4065.802
2018-08-12,22,1127.774,2975.006,4102.78
2018-08-12,23,1227.632,2989.602,4217.234
2018-08-12,24,1303.496,2988.928,4292.424
2018-08-12,25,1350.142,3000.73,4350.872
2018-08-12,26,1349.906,2469.136,3819.042
2018-08-12,27,1300.15,2285.41,3585.56
2018-08-12,28,1253.376,2588.926,3842.302
2018-08-12,29,1216.938,2666.612,3883.55
2018-08-12,30,1168.144,2529.478,3697.622
2018-08-12,31,1124.172,1912.192,3036.364
2018-08-12,32,1059.282,1475.946,2535.228
2018-08-12,33,1040.76,1235.588,2276.348
2018-08-12,34,1017.7,967.02,1984.72
2018-08-12,35,993.768,697.42,1691.188
2018-08-12,36,951.42,584.792,1536.212
2018-08-12,37,911.838,471.582,1383.42
2018-08-12,38,905.918,429.314,1335.232
2018-08-12,39,869.308,510.288,1379.596
2018-08-12,40,853.866,565.772,1419.638
2018-08-12,41,821.206,636.806,1458.012
2018-08-12,42,825.712,531.128,1356.84
2018-08-12,43,869.816,480.018,1349.834
2018-08-12,44,864.33,428.564,1292.894
2018-08-12,45,817.48,329.02,1146.5
2018-08-12,46,744.418,362.52,1106.938
2018-08-12,47,702.876,370.304,1073.18
2018-08-12,48,666.114,498.722,1164.836
2018-08-13,1,627.01,537.162,1164.172
2018-08-13,2,630.184,587.016,1217.2
2018-08-13,3,592.004,548.188,1140.192
2018-08-13,4,551.214,416.858,968.072
2018-08-13,5,498.494,364.44,862.934
2018-08-13,6,476.526,318.13,794.656
2018-08-13,7,461.816,295.908,757.724
2018-08-13,8,457.646,245.628,703.274
2018-08-13,9,441.82,354.872,796.692
2018-08-13,10,425.78,402.664,828.444
2018-08-13,11,422.698,452.602,875.3
2018-08-13,12,407.624,495.438,903.062
2018-08-13,13,466.314,571.342,1037.656
2018-08-13,14,484.248,539.806,1024.054
2018-08-13,15,479.784,501.094,980.878
2018-08-13,16,458.15,561.458,1019.608
2018-08-13,17,413.444,583.88,997.324
2018-08-13,18,387.098,624.988,1012.086
2018-08-13,19,399.44,673.672,1073.112
2018-08-13,20,401.22,774.746,1175.966
2018-08-13,21,386.79,891.946,1278.736
2018-08-13,22,358.09,977.462,1335.552
2018-08-13,23,355.334,1007.23,1362.564
2018-08-13,24,334.124,1223.694,1557.818
2018-08-13,25,295.082,1394.476,1689.558
2018-08-13,26,293.684,1497.444,1791.128
2018-08-13,27,293.666,1501.406,1795.072
2018-08-13,28,297.006,1609.516,1906.522
2018-08-13,29,305.526,1687.368,1992.894
2018-08-13,30,307.252,1830.832,2138.084
2018-08-13,31,315.974,1906.944,2222.918
2018-08-13,32,290.252,1795.994,2086.246
2018-08-13,33,269.032,1664.114,1933.146
2018-08-13,34,261.48,1757.578,2019.058
2018-08-13,35,234.984,1826.672,2061.656
2018-08-13,36,228.432,1735.864,1964.296
2018-08-13,37,234.612,1496.926,1731.538
2018-08-13,38,216.86,1483.276,1700.136
2018-08-13,39,200.628,1506.738,1707.366
2018-08-13,40,204.27,1355.658,1559.928
2018-08-13,41,214.034,1237.52,1451.554
2018-08-13,42,218.26,1224.246,1442.506
2018-08-13,43,229.958,1198.02,1427.978
2018-08-13,44,251.61,1239.172,1490.782
2018-08-13,45,260.822,1266,1526.822
2018-08-13,46,263.582,1374.988,1638.57
2018-08-13,47,287.502,1313.684,1601.186
2018-08-13,48,316.854,1352.164,1669.018
2018-08-14,1,314.212,1451.126,1765.338
2018-08-14,2,305.496,1424.252,1729.748
2018-08-14,3,274.138,1136.218,1410.356
2018-08-14,4,287.524,1034.01,1321.534
2018-08-14,5,304.112,1167.704,1471.816
2018-08-14,6,320.052,1126.868,1446.92
2018-08-14,7,357.368,1114.052,1471.42
2018-08-14,8,458.426,1075.032,1533.458
2018-08-14,9,504.562,937.746,1442.308
2018-08-14,10,513.974,924.046,1438.02
2018-08-14,11,550.914,968.69,1519.604
2018-08-14,12,498.032,928.568,1426.6
2018-08-14,13,521.174,1095.196,1616.37
2018-08-14,14,501.748,1142.372,1644.12
2018-08-14,15,501.206,1251.74,1752.946
2018-08-14,16,583.368,1280.644,1864.012
2018-08-14,17,608.626,1117.024,1725.65
2018-08-14,18,688.546,1140.952,1829.498
2018-08-14,19,805.598,1028.994,1834.592
2018-08-14,20,862.258,1076.506,1938.764
2018-08-14,21,945.302,1253.018,2198.32
2018-08-14,22,917.772,1407.972,2325.744
2018-08-14,23,918.328,1532.926,2451.254
2018-08-14,24,881.28,1594.616,2475.896
2018-08-14,25,903.486,1714.744,2618.23
2018-08-14,26,932.804,1901.044,2833.848
2018-08-14,27,959.53,1931.856,2891.386
2018-08-14,28,1076.998,2092.362,3169.36
2018-08-14,29,1228.614,2028.662,3257.276
2018-08-14,30,1370.494,2007.21,3377.704
2018-08-14,31,1559.9,1878.612,3438.512
2018-08-14,32,1750.564,2093.74,3844.304
2018-08-14,33,1866.364,2348.86,4215.224
2018-08-14,34,1928.376,2435.658,4364.034
2018-08-14,35,1863.994,2619.376,4483.37
2018-08-14,36,1759.324,2603.34,4362.664
2018-08-14,37,1742.768,2519.204,4261.972
2018-08-14,38,1633.156,2527.706,4160.862
2018-08-14,39,1497.528,2490.182,3987.71
2018-08-14,40,1471.524,2458.052,3929.576
2018-08-14,41,1387.794,2591.466,3979.26
2018-08-14,42,1416.248,2650.024,4066.272
2018-08-14,43,1420.272,2797.542,4217.814
2018-08-14,44,1361.594,2976.956,4338.55
2018-08-14,45,1302.354,2976.94,4279.294
2018-08-14,46,1275.94,3010.822,4286.762
2018-08-14,47,1194.716,2927.92,4122.636
2018-08-14,48,1179.66,2877.13,4056.79
2018-08-15,1,1153.098,3045.956,4199.054
2018-08-15,2,1295.048,3059.654,4354.702
2018-08-15,3,1478.918,3050.058,4528.976
2018-08-15,4,1470.14,2996.828,4466.968
2018-08-15,5,1471.026,2964.722,4435.748
2018-08-15,6,1632.724,2808.11,4440.834
2018-08-15,7,1652.222,2830.142,4482.364
2018-08-15,8,1671.568,2982.644,4654.212
2018-08-15,9,1729.848,2823.054,4552.902
2018-08-15,10,1620.374,2939.98,4560.354
2018-08-15,11,1701.422,3030.472,4731.894
2018-08-15,12,1654.072,3223.028,4877.1
2018-08-15,13,1623.434,3169.112,4792.546
2018-08-15,14,1535.606,3443.604,4979.21
2018-08-15,15,1576.168,3726.852,5303.02
2018-08-15,16,1747.838,3830.694,5578.532
2018-08-15,17,1922.362,3771.28,5693.642
2018-08-15,18,1961.434,3561.85,5523.284
2018-08-15,19,2075.846,3309.544,5385.39
2018-08-15,20,2171.908,3357.668,5529.576
2018-08-15,21,2201.276,3523.048,5724.324
2018-08-15,22,2256.27,3590.296,5846.566
2018-08-15,23,2328.408,3935.47,6263.878
2018-08-15,24,2390.518,4154.532,6545.05
2018-08-15,25,2469.342,4304.684,6774.026
2018-08-15,26,2017.842,4247.058,6264.9
2018-08-15,27,2234.15,4185.628,6419.778
2018-08-15,28,2115.218,4302.736,6417.954
2018-08-15,29,2028.058,4498.566,6526.624
2018-08-15,30,1975.322,4581.314,6556.636
2018-08-15,31,2267.992,4507.67,6775.662
2018-08-15,32,2463.58,4558.232,7021.812
2018-08-15,33,2385.488,4736.772,7122.26
2018-08-15,34,2160.512,4896.242,7056.754
2018-08-15,35,1890.482,5011.178,6901.66
2018-08-15,36,1663.886,5209.094,6872.98
2018-08-15,37,1539.682,5410.654,6950.336
2018-08-15,38,1503.512,5499.698,7003.21
2018-08-15,39,1572.334,5719.502,7291.836
2018-08-15,40,1650.628,5663.762,7314.39
2018-08-15,41,1765.662,5363.928,7129.59
2018-08-15,42,1866.96,5062.836,6929.796
2018-08-15,43,1828.232,5285.574,7113.806
2018-08-15,44,1790.474,5195.178,6985.652
2018-08-15,45,1843.334,5364.006,7207.34
2018-08-15,46,1825.096,5344.946,7170.042
2018-08-15,47,1347.618,5421.098,6768.716
2018-08-15,48,1040.44,5484.764,6525.204
2018-08-16,1,803.874,5585.534,6389.408
2018-08-16,2,742.284,5469.884,6212.168
2018-08-16,3,719.484,5199.602,5919.086
2018-08-16,4,810.864,5268.118,6078.982
2018-08-16,5,891.966,5118.624,6010.59
2018-08-16,6,896.578,4484.87,5381.448
2018-08-16,7,1091.77,4375.662,5467.432
2018-08-16,8,1212.344,4576.71,5789.054
2018-08-16,9,1128.742,4506.422,5635.164
2018-08-16,10,1163.032,4199.026,5362.058
2018-08-16,11,1222.946,3936.81,5159.756
2018-08-16,12,1220.208,4048.474,5268.682
2018-08-16,13,1192.294,4041.198,5233.492
2018-08-16,14,1255.512,4257.026,5512.538
2018-08-16,15,1278.808,4590.412,5869.22
2018-08-16,16,1222.602,4762.998,5985.6
2018-08-16,17,1336.652,4594.228,5930.88
2018-08-16,18,1495.954,4716.622,6212.576
2018-08-16,19,1595.478,4737.442,6332.92
2018-08-16,20,1774.31,4830.496,6604.806
2018-08-16,21,1807.798,4994.936,6802.734
2018-08-16,22,1980.546,4950.978,6931.524
2018-08-16,23,2035.866,4951.658,6987.524
2018-08-16,24,1973.998,4663.144,6637.142
2018-08-16,25,2045.39,4337.846,6383.236
2018-08-16,26,2071.472,4102.524,6173.996
2018-08-16,27,1975.272,4089.322,6064.594
2018-08-16,28,1984.756,3911.96,5896.716
2018-08-16,29,2022.234,3591.246,5613.48
2018-08-16,30,2035.976,3332.27,5368.246
2018-08-16,31,2014.32,3412.586,5426.906
2018-08-16,32,2172.674,3407.344,5580.018
2018-08-16,33,2169.656,3525.366,5695.022
2018-08-16,34,2143.572,3465.674,5609.246
2018-08-16,35,2170.422,3577.842,5748.264
2018-08-16,36,2028.604,3355.512,5384.116
2018-08-16,37,2095.262,3072.92,5168.182
2018-08-16,38,1981.02,2817.832,4798.852
2018-08-16,39,1847.59,2683.93,4531.52
2018-08-16,40,1826.46,2548.38,4374.84
2018-08-16,41,1711.852,2468.066,4179.918
2018-08-16,42,1666.154,2393.528,4059.682
2018-08-16,43,1731.558,2376.594,4108.152
2018-08-16,44,1720.326,2274.08,3994.406
2018-08-16,45,1751.362,2139.942,3891.304
2018-08-16,46,1808.196,2261.88,4070.076
2018-08-16,47,1875.024,2658.494,4533.518
2018-08-16,48,1980.376,2887.438,4867.814
2018-08-17,1,2015.456,2922.16,4937.616
2018-08-17,2,1835.71,3037.726,4873.436
2018-08-17,3,1905.486,2913.248,4818.734
2018-08-17,4,1835.102,2783.326,4618.428
2018-08-17,5,1795.512,3004.736,4800.248
2018-08-17,6,1671.832,2778.404,4450.236
2018-08-17,7,1731.416,2337.09,4068.506
2018-08-17,8,2007.846,2202.616,4210.462
2018-08-17,9,1979.616,2301.702,4281.318
2018-08-17,10,1857.678,2198.988,4056.666
2018-08-17,11,1804.782,2102.232,3907.014
2018-08-17,12,1721.338,2081.342,3802.68
2018-08-17,13,1518.048,2018.336,3536.384
2018-08-17,14,1567.032,1797.82,3364.852
2018-08-17,15,1530.93,1890.508,3421.438
2018-08-17,16,1511.382,2045.384,3556.766
2018-08-17,17,1582.036,1959.338,3541.374
2018-08-17,18,1676.152,1800.526,3476.678
2018-08-17,19,1870.724,1888.336,3759.06
2018-08-17,20,1922.338,2075.62,3997.958
2018-08-17,21,2124.47,2283.906,4408.376
2018-08-17,22,2421.014,2503.802,4924.816
2018-08-17,23,2502.75,2698.89,5201.64
2018-08-17,24,2327.634,2972.812,5300.446
2018-08-17,25,2372.506,3234.688,5607.194
2018-08-17,26,2231.97,3547.568,5779.538
2018-08-17,27,2072.978,3527.472,5600.45
2018-08-17,28,1866.816,3533.996,5400.812
2018-08-17,29,1825.636,3661.954,5487.59
2018-08-17,30,1714.52,3735.472,5449.992
2018-08-17,31,1900.524,3816.656,5717.18
2018-08-17,32,1909.718,4047.204,5956.922
2018-08-17,33,1963.008,4145.548,6108.556
2018-08-17,34,2061.5,4057.824,6119.324
2018-08-17,35,2158.378,3822.276,5980.654
2018-08-17,36,2183.892,3759.586,5943.478
2018-08-17,37,2082.036,3804.16,5886.196
2018-08-17,38,2019.102,3723.14,5742.242
2018-08-17,39,2012.018,3635.794,5647.812
2018-08-17,40,1846.994,3636.458,5483.452
2018-08-17,41,1834.04,3718.608,5552.648
2018-08-17,42,1799.002,3739.708,5538.71
2018-08-17,43,1724.012,3795.454,5519.466
2018-08-17,44,1632.042,4209.008,5841.05
2018-08-17,45,1569.656,4445.904,6015.56
2018-08-17,46,1453.84,4587.67,6041.51
2018-08-17,47,1389.648,4655.93,6045.578
2018-08-17,48,1306.752,4787.542,6094.294
2018-08-18,1,1218.68,4857.14,6075.82
2018-08-18,2,1121.712,4952.478,6074.19
2018-08-18,3,1026.63,4835.84,5862.47
2018-08-18,4,1006.594,4932.986,5939.58
2018-08-18,5,943.8,4984.842,5928.642
2018-08-18,6,962.472,5093.568,6056.04
2018-08-18,7,977.256,5158.322,6135.578
2018-08-18,8,975.17,5135.15,6110.32
2018-08-18,9,955.58,4992.402,5947.982
2018-08-18,10,948.192,4791.294,5739.486
2018-08-18,11,1085.448,4660.628,5746.076
2018-08-18,12,1226.564,4427.954,5654.518
2018-08-18,13,1349.586,4402.87,5752.456
2018-08-18,14,1424.182,4325.042,5749.224
2018-08-18,15,1420.856,4144.014,5564.87
2018-08-18,16,1508.54,4053.454,5561.994
2018-08-18,17,1918.256,4010.912,5929.168
2018-08-18,18,2171.702,4141.5,6313.202
2018-08-18,19,2399.104,4042.318,6441.422
2018-08-18,20,2638.218,4050.902,6689.12
2018-08-18,21,2695.8,4141.462,6837.262
2018-08-18,22,2763.594,4294.392,7057.986
2018-08-18,23,2895.646,4335.13,7230.776
2018-08-18,24,2751.41,4164.296,6915.706
2018-08-18,25,2599.022,4161.636,6760.658
2018-08-18,26,2613.506,4210.07,6823.576
2018-08-18,27,2723.994,4219.91,6943.904
2018-08-18,28,2745.774,4270.198,7015.972
2018-08-18,29,2684.978,4282.016,6966.994
2018-08-18,30,2716.296,4116.096,6832.392
2018-08-18,31,2775.656,4080.63,6856.286
2018-08-18,32,2685.488,3724.028,6409.516
2018-08-18,33,2513.838,3547.512,6061.35
2018-08-18,34,2317.202,3615.93,5933.132
2018-08-18,35,2175.136,3645.768,5820.904
2018-08-18,36,2014.132,3522.85,5536.982
2018-08-18,37,1836.494,3366.922,5203.416
2018-08-18,38,1647.648,3226.358,4874.006
2018-08-18,39,1517.954,3125.066,4643.02
2018-08-18,40,1325.928,3086.368,4412.296
2018-08-18,41,1164.954,2928.906,4093.86
2018-08-18,42,1029.064,2988.672,4017.736
2018-08-18,43,881.078,3231.972,4113.05
2018-08-18,44,756.27,3378.802,4135.072
2018-08-18,45,680.28,3729.752,4410.032
2018-08-18,46,628.674,3807.344,4436.018
2018-08-18,47,632.244,3947.562,4579.806
2018-08-18,48,672.884,3994.056,4666.94
2018-08-19,1,723.554,4118.352,4841.906
2018-08-19,2,809.074,4092.852,4901.926
2018-08-19,3,916.374,3970.926,4887.3
2018-08-19,4,887.092,3963.598,4850.69
2018-08-19,5,907.268,4204.928,5112.196
2018-08-19,6,852.518,4542.394,5394.912
2018-08-19,7,744.55,4562.41,5306.96
2018-08-19,8,723.668,4606.924,5330.592
2018-08-19,9,724.198,4618.282,5342.48
2018-08-19,10,654.428,4883.16,5537.588
2018-08-19,11,540.59,5179.32,5719.91
2018-08-19,12,408.136,5193.714,5601.85
2018-08-19,13,217.354,5138.71,5356.064
2018-08-19,14,208.328,5226.842,5435.17
2018-08-19,15,187.338,5352.958,5540.296
2018-08-19,16,197.02,5450.85,5647.87
2018-08-19,17,251.89,5409.294,5661.184
2018-08-19,18,290.044,5813.798,6103.842
2018-08-19,19,339.658,6032.258,6371.916
2018-08-19,20,362.81,6216.226,6579.036
2018-08-19,21,350.598,6016.968,6367.566
2018-08-19,22,355.036,5829.844,6184.88
2018-08-19,23,394.42,5747.206,6141.626
2018-08-19,24,396.934,5584.368,5981.302
2018-08-19,25,384.332,5302.656,5686.988
2018-08-19,26,358.338,5130.166,5488.504
2018-08-19,27,303.892,4879.188,5183.08
2018-08-19,28,288.404,4575.372,4863.776
2018-08-19,29,307.664,4351.576,4659.24
2018-08-19,30,294.912,4188.934,4483.846
2018-08-19,31,292.114,3866.102,4158.216
2018-08-19,32,272.76,3653.562,3926.322
2018-08-19,33,325.682,3383.136,3708.818
2018-08-19,34,345.032,3077.472,3422.504
2018-08-19,35,377.234,2793.822,3171.056
2018-08-19,36,470.948,2865.642,3336.59
2018-08-19,37,520.53,2757.228,3277.758
2018-08-19,38,392.192,2547.18,2939.372
2018-08-19,39,308.372,2213.486,2521.858
2018-08-19,40,318.132,2174.152,2492.284
2018-08-19,41,280.282,2071.362,2351.644
2018-08-19,42,275.95,1907.7,2183.65
2018-08-19,43,274.75,1837.768,2112.518
2018-08-19,44,227.734,1426.342,1654.076
2018-08-19,45,191.564,1028.23,1219.794
2018-08-19,46,176.104,705.716,881.82
2018-08-19,47,149.498,580.052,729.55
2018-08-19,48,99.54,426.72,526.26
2018-08-20,1,78.836,355.29,434.126
2018-08-20,2,96.092,357.878,453.97
2018-08-20,3,86.396,374.578,460.974
2018-08-20,4,81.33,328.088,409.418
2018-08-20,5,77.768,286.896,364.664
2018-08-20,6,53.428,198.708,252.136
2018-08-20,7,58.294,174.644,232.938
2018-08-20,8,61.81,179.58,241.39
2018-08-20,9,48.354,235.504,283.858
2018-08-20,10,46.092,222.988,269.08
2018-08-20,11,45.216,161.39,206.606
2018-08-20,12,45.336,140.538,185.874
2018-08-20,13,46.326,147.204,193.53
2018-08-20,14,56.346,165.664,222.01
2018-08-20,15,49.012,178.206,227.218
2018-08-20,16,43.916,155.614,199.53
2018-08-20,17,42.078,154.208,196.286
2018-08-20,18,45.248,132.728,177.976
2018-08-20,19,46.96,115.36,162.32
2018-08-20,20,43.066,99.53,142.596
2018-08-20,21,39.844,88.076,127.92
2018-08-20,22,35.088,106.22,141.308
2018-08-20,23,33.756,115.482,149.238
2018-08-20,24,35.976,109.966,145.942
2018-08-20,25,40.274,112.598,152.872
2018-08-20,26,42.748,124.684,167.432
2018-08-20,27,40.792,126.75,167.542
2018-08-20,28,39.348,131.744,171.092
2018-08-20,29,39.428,135.74,175.168
2018-08-20,30,42.258,172.458,214.716
2018-08-20,31,42.476,225.41,267.886
2018-08-20,32,46.412,268.842,315.254
2018-08-20,33,44.638,304.792,349.43
2018-08-20,34,49.428,355.276,404.704
2018-08-20,35,48.064,436.75,484.814
2018-08-20,36,42.908,502.688,545.596
2018-08-20,37,48.776,583.344,632.12
2018-08-20,38,51.226,648.072,699.298
2018-08-20,39,55.708,687.17,742.878
2018-08-20,40,61.404,694.108,755.512
2018-08-20,41,65.718,682.924,748.642
2018-08-20,42,71.786,655.296,727.082
2018-08-20,43,67.7,627.464,695.164
2018-08-20,44,66.56,662.48,729.04
2018-08-20,45,62.688,670.826,733.514
2018-08-20,46,57.32,638.114,695.434
2018-08-20,47,51.296,662.844,714.14
2018-08-20,48,35.428,673.468,708.896
2018-08-21,1,36.774,636.022,672.796
2018-08-21,2,41.326,553.368,594.694
2018-08-21,3,48.852,568.372,617.224
2018-08-21,4,61.208,557.52,618.728
2018-08-21,5,69.13,507.522,576.652
2018-08-21,6,75.784,488.486,564.27
2018-08-21,7,86.28,387.376,473.656
2018-08-21,8,123.91,282.544,406.454
2018-08-21,9,133.95,263.888,397.838
2018-08-21,10,143.824,225.4,369.224
2018-08-21,11,174.826,206.078,380.904
2018-08-21,12,190.79,191.58,382.37
2018-08-21,13,233.1,132.89,365.99
2018-08-21,14,234.472,105.384,339.856
2018-08-21,15,276.152,101.218,377.37
2018-08-21,16,309.412,87.236,396.648
2018-08-21,17,356.608,88.972,445.58
2018-08-21,18,367.21,86.916,454.126
2018-08-21,19,366.83,105.058,471.888
2018-08-21,20,405.364,126.342,531.706
2018-08-21,21,451.634,130.39,582.024
2018-08-21,22,510.642,94.464,605.106
2018-08-21,23,633.896,113.182,747.078
2018-08-21,24,777.876,135.348,913.224
2018-08-21,25,995.712,165.668,1161.38
2018-08-21,26,1153.806,205.588,1359.394
2018-08-21,27,1351.264,309.694,1660.958
2018-08-21,28,1674.188,395.754,2069.942
2018-08-21,29,1960.882,490.224,2451.106
2018-08-21,30,2137.112,526.684,2663.796
2018-08-21,31,2213.29,579.726,2793.016
2018-08-21,32,2094.024,663.82,2757.844
2018-08-21,33,2263.404,756.412,3019.816
2018-08-21,34,2239.098,763.738,3002.836
2018-08-21,35,2275.458,858.45,3133.908
2018-08-21,36,2267.57,873.86,3141.43
2018-08-21,37,2209.77,902.058,3111.828
2018-08-21,38,2048.524,1108.038,3156.562
2018-08-21,39,1885.07,1265.462,3150.532
2018-08-21,40,1740.604,1345.57,3086.174
2018-08-21,41,1821.11,1487.342,3308.452
2018-08-21,42,1948.904,1686.388,3635.292
2018-08-21,43,1981.806,1963.48,3945.286
2018-08-21,44,1990.04,2255.954,4245.994
2018-08-21,45,1795.886,2438.926,4234.812
2018-08-21,46,1830.868,2446.728,4277.596
2018-08-21,47,1739.94,2489.092,4229.032
2018-08-21,48,1372.052,2536.902,3908.954
2018-08-22,1,1166.662,2507.84,3674.502
2018-08-22,2,1170.912,2454.296,3625.208
2018-08-22,3,1545.432,2573.612,4119.044
2018-08-22,4,1876.506,2712.084,4588.59
2018-08-22,5,1839.274,2690.224,4529.498
2018-08-22,6,1880.014,2562.744,4442.758
2018-08-22,7,1993.284,2451.472,4444.756
2018-08-22,8,2156.128,2464.396,4620.524
2018-08-22,9,2276.28,2526.856,4803.136
2018-08-22,10,2170.104,2530.812,4700.916
2018-08-22,11,2208.174,2518.044,4726.218
2018-08-22,12,1993.75,2538.674,4532.424
2018-08-22,13,1760.998,2580.432,4341.43
2018-08-22,14,1453.648,2709.73,4163.378
2018-08-22,15,1273.924,2956.524,4230.448
2018-08-22,16,997.636,3121.466,4119.102
2018-08-22,17,836.28,3123.532,3959.812
2018-08-22,18,805.926,3110.654,3916.58
2018-08-22,19,772.832,3181.178,3954.01
2018-08-22,20,771.61,3162.036,3933.646
2018-08-22,21,791.704,3260.326,4052.03
2018-08-22,22,942.544,3442.34,4384.884
2018-08-22,23,1042.362,3670.6,4712.962
2018-08-22,24,1158.9,3648.474,4807.374
2018-08-22,25,1189.656,3308.444,4498.1
2018-08-22,26,1254.712,2992.004,4246.716
2018-08-22,27,1323.18,2604.906,3928.086
2018-08-22,28,1326.648,2461.534,3788.182
2018-08-22,29,1399.708,2434.426,3834.134
2018-08-22,30,1520.278,2438.638,3958.916
2018-08-22,31,1706.848,2152.374,3859.222
2018-08-22,32,1735.152,1883.872,3619.024
2018-08-22,33,1788.804,1956.092,3744.896
2018-08-22,34,1775.442,2044.722,3820.164
2018-08-22,35,1793.652,1972.046,3765.698
2018-08-22,36,1847.282,1792.64,3639.922
2018-08-22,37,1669.098,1555.414,3224.512
2018-08-22,38,1531.896,1446.906,2978.802
2018-08-22,39,1447.406,1459.474,2906.88
2018-08-22,40,1424.238,1319.702,2743.94
2018-08-22,41,1320.494,1171.288,2491.782
2018-08-22,42,1120.148,1084.15,2204.298
2018-08-22,43,1038.376,935.278,1973.654
2018-08-22,44,980.698,841.842,1822.54
2018-08-22,45,962.308,808.506,1770.814
2018-08-22,46,960.664,761.11,1721.774
2018-08-22,47,1034.23,671.236,1705.466
2018-08-22,48,1006.954,589.512,1596.466
2018-08-23,1,968.47,572.382,1540.852
2018-08-23,2,968.336,545.888,1514.224
2018-08-23,3,1006.088,505.704,1511.792
2018-08-23,4,1189.862,527.102,1716.964
2018-08-23,5,1198.522,510.328,1708.85
2018-08-23,6,1078.436,489.932,1568.368
2018-08-23,7,1019.53,554.326,1573.856
2018-08-23,8,980.504,548.31,1528.814
2018-08-23,9,897.708,681.202,1578.91
2018-08-23,10,838.824,867.738,1706.562
2018-08-23,11,821.07,1049.18,1870.25
2018-08-23,12,972.738,1214.622,2187.36
2018-08-23,13,936.504,1281.284,2217.788
2018-08-23,14,910.752,1422.046,2332.798
2018-08-23,15,890.362,1397.956,2288.318
2018-08-23,16,913.4,1473.498,2386.898
2018-08-23,17,922.396,1657.508,2579.904
2018-08-23,18,1024.602,1851.734,2876.336
2018-08-23,19,1159.306,1952.866,3112.172
2018-08-23,20,1175,1861.886,3036.886
2018-08-23,21,1089.124,1830.734,2919.858
2018-08-23,22,1059.77,1900.04,2959.81
2018-08-23,23,1151.602,2223.8,3375.402
2018-08-23,24,1271.24,2293.322,3564.562
2018-08-23,25,1401.614,2643.776,4045.39
2018-08-23,26,1372.484,2645.42,4017.904
2018-08-23,27,1326.346,2619.482,3945.828
2018-08-23,28,1461.788,2761.952,4223.74
2018-08-23,29,1484.532,3265.874,4750.406
2018-08-23,30,1605.848,3271.582,4877.43
2018-08-23,31,1688.358,3429.612,5117.97
2018-08-23,32,1973.47,3299.144,5272.614
2018-08-23,33,2152.816,3232.724,5385.54
2018-08-23,34,1913.032,3498.45,5411.482
2018-08-23,35,1931.794,3366.636,5298.43
2018-08-23,36,1902.89,3446.712,5349.602
2018-08-23,37,1716.3,3388.06,5104.36
2018-08-23,38,1786.382,3456.128,5242.51
2018-08-23,39,1628.066,3604.992,5233.058
2018-08-23,40,1442.852,4051.946,5494.798
2018-08-23,41,1387.128,4233.586,5620.714
2018-08-23,42,1373.558,4401.44,5774.998
2018-08-23,43,1569.78,4710.322,6280.102
2018-08-23,44,1690.788,5288.992,6979.78
2018-08-23,45,1757.37,5741.636,7499.006
2018-08-23,46,1857.456,6034.57,7892.026
2018-08-23,47,1902.118,5836.092,7738.21
2018-08-23,48,1701.496,5998.446,7699.942
2018-08-24,1,1342.164,6124.816,7466.98
2018-08-24,2,1323.84,6048.552,7372.392
2018-08-24,3,1322.404,6035.554,7357.958
2018-08-24,4,1309.578,6000.562,7310.14
2018-08-24,5,1784.234,5985.332,7769.566
2018-08-24,6,2179.194,5883.034,8062.228
2018-08-24,7,2072.832,5878.684,7951.516
2018-08-24,8,1932.008,6178.404,8110.412
2018-08-24,9,1935.35,6252.346,8187.696
2018-08-24,10,1843.094,6333.104,8176.198
2018-08-24,11,1749.538,6313.216,8062.754
2018-08-24,12,1741.146,6262.51,8003.656
2018-08-24,13,1748.838,6238.41,7987.248
2018-08-24,14,1717.042,6197.102,7914.144
2018-08-24,15,1673.258,6112.06,7785.318
2018-08-24,16,1616.676,5999.094,7615.77
2018-08-24,17,1700.318,5852.708,7553.026
2018-08-24,18,1741.886,5671.488,7413.374
2018-08-24,19,1765.922,5539.154,7305.076
2018-08-24,20,1733.76,5503.182,7236.942
2018-08-24,21,1734.368,5492.552,7226.92
2018-08-24,22,1828.68,5395.126,7223.806
2018-08-24,23,1719.91,5303.6,7023.51
2018-08-24,24,1674.244,5186.152,6860.396
2018-08-24,25,1746.322,5162.06,6908.382
2018-08-24,26,1747.224,5132.31,6879.534
2018-08-24,27,1860.294,4942.126,6802.42
2018-08-24,28,1976.628,4920.318,6896.946
2018-08-24,29,1851.202,4792.616,6643.818
2018-08-24,30,1929.274,4891.69,6820.964
2018-08-24,31,2110.98,4743.018,6853.998
2018-08-24,32,2123.662,4295.476,6419.138
2018-08-24,33,2280.86,3885.34,6166.2
2018-08-24,34,2364.084,4015.38,6379.464
2018-08-24,35,2295.232,4108.26,6403.492
2018-08-24,36,2295.946,4636.128,6932.074
2018-08-24,37,2119.112,4880.118,6999.23
2018-08-24,38,1966.442,5054.506,7020.948
2018-08-24,39,1828.802,4867.164,6695.966
2018-08-24,40,1828.452,4499.92,6328.372
2018-08-24,41,1689.294,4843.22,6532.514
2018-08-24,42,1726.106,5011.874,6737.98
2018-08-24,43,1672.194,5084.782,6756.976
2018-08-24,44,1545.692,5232.08,6777.772
2018-08-24,45,1570.876,4891.316,6462.192
2018-08-24,46,1569.606,5092.916,6662.522
2018-08-24,47,1538.806,5314.586,6853.392
2018-08-24,48,1457.152,5658.164,7115.316
2018-08-25,1,1527.06,5796.782,7323.842
2018-08-25,2,1535.714,5853.104,7388.818
2018-08-25,3,1576.876,5710.062,7286.938
2018-08-25,4,1592.61,5748.178,7340.788
2018-08-25,5,1600.62,5597.56,7198.18
2018-08-25,6,1616.682,5593.09,7209.772
2018-08-25,7,1583.87,5408.956,6992.826
2018-08-25,8,1566.112,5442.498,7008.61
2018-08-25,9,1477.878,5376.74,6854.618
2018-08-25,10,1480.284,5171.092,6651.376
2018-08-25,11,1453.65,5004.544,6458.194
2018-08-25,12,1396.104,5019.796,6415.9
2018-08-25,13,1419.158,4862.946,6282.104
2018-08-25,14,1402.824,4636.176,6039
2018-08-25,15,1357.934,4346.476,5704.41
2018-08-25,16,1282.098,4203.59,5485.688
2018-08-25,17,1242.738,3989.994,5232.732
2018-08-25,18,1198.15,3513.182,4711.332
2018-08-25,19,1213.056,3024.844,4237.9
2018-08-25,20,1204.202,2561.404,3765.606
2018-08-25,21,1207.426,2150.066,3357.492
2018-08-25,22,1215.334,2030.43,3245.764
2018-08-25,23,1171.612,1970.138,3141.75
2018-08-25,24,1181.752,1885.548,3067.3
2018-08-25,25,1214.228,1774.004,2988.232
2018-08-25,26,1267.32,1629.682,2897.002
2018-08-25,27,1271.414,1519.412,2790.826
2018-08-25,28,1194.39,1450.408,2644.798
2018-08-25,29,1160.446,1330.394,2490.84
2018-08-25,30,1140.468,1234.658,2375.126
2018-08-25,31,1112.146,1175.102,2287.248
2018-08-25,32,1093.008,1050.8,2143.808
2018-08-25,33,1089.574,993.65,2083.224
2018-08-25,34,1005.842,891.906,1897.748
2018-08-25,35,869.706,896.432,1766.138
2018-08-25,36,764.518,1059.172,1823.69
2018-08-25,37,627.62,804.208,1431.828
2018-08-25,38,525.04,654.752,1179.792
2018-08-25,39,479.524,688.942,1168.466
2018-08-25,40,398.612,658.76,1057.372
2018-08-25,41,375.37,542.068,917.438
2018-08-25,42,365.944,443.222,809.166
2018-08-25,43,355.538,360.994,716.532
2018-08-25,44,364.764,394.52,759.284
2018-08-25,45,371.738,419.89,791.628
2018-08-25,46,380.562,343.782,724.344
2018-08-25,47,405.884,329.83,735.714
2018-08-25,48,411.894,381.088,792.982
2018-08-26,1,455.274,344.484,799.758
2018-08-26,2,519.668,273.858,793.526
2018-08-26,3,566.012,328.192,894.204
2018-08-26,4,601.592,454.128,1055.72
2018-08-26,5,653.016,556.844,1209.86
2018-08-26,6,730.584,577.552,1308.136
2018-08-26,7,807.602,721.132,1528.734
2018-08-26,8,892.064,822.666,1714.73
2018-08-26,9,998.762,882.654,1881.416
2018-08-26,10,1057.878,1054.892,2112.77
2018-08-26,11,1140.274,1219.382,2359.656
2018-08-26,12,1247.324,1381.222,2628.546
2018-08-26,13,1360.646,1641.6,3002.246
2018-08-26,14,1415.424,1820.278,3235.702
2018-08-26,15,1644.946,2275.178,3920.124
2018-08-26,16,1582.168,2907.512,4489.68
2018-08-26,17,1744.218,3469.214,5213.432
2018-08-26,18,2062.028,4044.262,6106.29
2018-08-26,19,2291.42,4814.84,7106.26
2018-08-26,20,2489.494,5455.902,7945.396
2018-08-26,21,2697.782,5810.618,8508.4
2018-08-26,22,2920.71,5952.986,8873.696
2018-08-26,23,3110.64,6106.186,9216.826
2018-08-26,24,3349.77,6472.844,9822.614
2018-08-26,25,3483.298,6675.292,10158.59
2018-08-26,26,3397.694,6706.528,10104.222
2018-08-26,27,3340.36,6579.496,9919.856
2018-08-26,28,3209.734,6491.364,9701.098
2018-08-26,29,3065.96,6443.744,9509.704
2018-08-26,30,2947.216,6328.016,9275.232
2018-08-26,31,2741.374,6233.336,8974.71
2018-08-26,32,2434.636,6021.58,8456.216
2018-08-26,33,2116.88,5645.098,7761.978
2018-08-26,34,1855.708,5394.524,7250.232
2018-08-26,35,1546.092,5701.182,7247.274
2018-08-26,36,1356.214,5917.428,7273.642
2018-08-26,37,1253.584,6231,7484.584
2018-08-26,38,1115.018,6298.614,7413.632
2018-08-26,39,1062.846,6215.752,7278.598
2018-08-26,40,1067.184,6270.938,7338.122
2018-08-26,41,1116.692,6359.698,7476.39
2018-08-26,42,1144.678,6032.3,7176.978
2018-08-26,43,1150.554,6069.78,7220.334
2018-08-26,44,1321.52,5793.67,7115.19
2018-08-26,45,1496.304,6041.206,7537.51
2018-08-26,46,1671.576,6161.188,7832.764
2018-08-26,47,1853.074,6308.232,8161.306
2018-08-26,48,1470.326,6099.108,7569.434
2018-08-27,1,1396.61,5739.402,7136.012
2018-08-27,2,1513.382,5896.314,7409.696
2018-08-27,3,1572.26,6389.578,7961.838
2018-08-27,4,1612.62,6512.256,8124.876
2018-08-27,5,1516.126,6392.838,7908.964
2018-08-27,6,1412.198,6304.398,7716.596
2018-08-27,7,1546.908,6379.978,7926.886
2018-08-27,8,1674.674,6390.974,8065.648
2018-08-27,9,1330.414,6393.988,7724.402
2018-08-27,10,1086.444,6412.86,7499.304
2018-08-27,11,964.326,6319.934,7284.26
2018-08-27,12,939.71,6300.216,7239.926
2018-08-27,13,1536.962,6421.872,7958.834
2018-08-27,14,1664.768,6436.304,8101.072
2018-08-27,15,1708.352,6406.118,8114.47
2018-08-27,16,1767.522,6390.554,8158.076
2018-08-27,17,1620.16,6408.55,8028.71
2018-08-27,18,1462.358,6399.854,7862.212
2018-08-27,19,1550.624,6409.606,7960.23
2018-08-27,20,1611.398,6333.72,7945.118
2018-08-27,21,1591.362,6211.402,7802.764
2018-08-27,22,1696.376,6238.998,7935.374
2018-08-27,23,1671.276,6119.408,7790.684
2018-08-27,24,1709.766,6056.954,7766.72
2018-08-27,25,1739.288,6019.814,7759.102
2018-08-27,26,1738.1,5891.19,7629.29
2018-08-27,27,1674.516,5720.884,7395.4
2018-08-27,28,1767.476,5625.312,7392.788
2018-08-27,29,1704.96,5362.458,7067.418
2018-08-27,30,1578.64,4911.992,6490.632
2018-08-27,31,1631.102,4785.966,6417.068
2018-08-27,32,1621.898,4401.992,6023.89
2018-08-27,33,1547.866,4095.462,5643.328
2018-08-27,34,1539.048,4052.88,5591.928
2018-08-27,35,1350.216,3725.948,5076.164
2018-08-27,36,1261.468,3343.576,4605.044
2018-08-27,37,1240.256,3089.676,4329.932
2018-08-27,38,1116.026,2981.126,4097.152
2018-08-27,39,1073.106,2943.046,4016.152
2018-08-27,40,917.058,2728.512,3645.57
2018-08-27,41,879.414,2488.63,3368.044
2018-08-27,42,843.202,2168.114,3011.316
2018-08-27,43,723.23,1857.314,2580.544
2018-08-27,44,726.78,1674.102,2400.882
2018-08-27,45,718.576,1674.51,2393.086
2018-08-27,46,732.96,1450.27,2183.23
2018-08-27,47,755.376,1346.296,2101.672
2018-08-27,48,761.138,1262.434,2023.572
2018-08-28,1,791.766,1208.728,2000.494
2018-08-28,2,824.024,1133.088,1957.112
2018-08-28,3,820.652,990.324,1810.976
2018-08-28,4,846.472,866.602,1713.074
2018-08-28,5,795.872,743.594,1539.466
2018-08-28,6,680.674,608.186,1288.86
2018-08-28,7,720.446,539.574,1260.02
2018-08-28,8,834.02,521.588,1355.608
2018-08-28,9,1046.176,481.06,1527.236
2018-08-28,10,1055.726,448.228,1503.954
2018-08-28,11,1055.606,406.962,1462.568
2018-08-28,12,947.932,324.604,1272.536
2018-08-28,13,1132.424,307.74,1440.164
2018-08-28,14,1285.8,261.426,1547.226
2018-08-28,15,1419.348,273.438,1692.786
2018-08-28,16,1608.892,296.006,1904.898
2018-08-28,17,1826.86,308.618,2135.478
2018-08-28,18,2008.146,401.994,2410.14
2018-08-28,19,2332.666,466.678,2799.344
2018-08-28,20,2396.928,496.822,2893.75
2018-08-28,21,2404.944,651.392,3056.336
2018-08-28,22,2457.512,704.494,3162.006
2018-08-28,23,2410.118,744.974,3155.092
2018-08-28,24,2334.388,818.318,3152.706
2018-08-28,25,2406.92,1067.622,3474.542
2018-08-28,26,2413.9,1086.604,3500.504
2018-08-28,27,2477.686,1087.176,3564.862
2018-08-28,28,2516.13,1124.176,3640.306
2018-08-28,29,2469.614,1095.546,3565.16
2018-08-28,30,2660.15,1103.796,3763.946
2018-08-28,31,2688.792,1160.036,3848.828
2018-08-28,32,2565.016,1185.748,3750.764
2018-08-28,33,2474.582,1194.748,3669.33
2018-08-28,34,2520.402,1161.258,3681.66
2018-08-28,35,2266.758,1013.532,3280.29
2018-08-28,36,2140.098,877.116,3017.214
2018-08-28,37,1836.39,710.148,2546.538
2018-08-28,38,1555.376,651.468,2206.844
2018-08-28,39,1483.936,651.566,2135.502
2018-08-28,40,1402.034,728.988,2131.022
2018-08-28,41,1401.51,850.742,2252.252
2018-08-28,42,1528.866,869.798,2398.664
2018-08-28,43,1574.512,987.468,2561.98
2018-08-28,44,1633.758,1003.288,2637.046
2018-08-28,45,1519.426,1029.74,2549.166
2018-08-28,46,1456.89,1174.528,2631.418
2018-08-28,47,1422.92,1345.886,2768.806
2018-08-28,48,1288.882,1404.172,2693.054
2018-08-29,1,1288.56,1253.29,2541.85
2018-08-29,2,1231.178,1195.072,2426.25
2018-08-29,3,1205.272,1253.714,2458.986
2018-08-29,4,1120.48,1103.78,2224.26
2018-08-29,5,954.862,975.65,1930.512
2018-08-29,6,877.338,851.922,1729.26
2018-08-29,7,785.34,806.364,1591.704
2018-08-29,8,875.106,804.468,1679.574
2018-08-29,9,947.24,806.886,1754.126
2018-08-29,10,1069.852,975.882,2045.734
2018-08-29,11,1131.162,1176.928,2308.09
2018-08-29,12,1155,1288.23,2443.23
2018-08-29,13,1116.372,1343.964,2460.336
2018-08-29,14,1082.858,1310.268,2393.126
2018-08-29,15,1099.04,1355.358,2454.398
2018-08-29,16,1071.46,1225.938,2297.398
2018-08-29,17,1051.448,1141.25,2192.698
2018-08-29,18,1156.448,1164.952,2321.4
2018-08-29,19,1222.784,1105.46,2328.244
2018-08-29,20,1325.188,1082.966,2408.154
2018-08-29,21,1503.436,1073.17,2576.606
2018-08-29,22,1652.934,1071.594,2724.528
2018-08-29,23,1672.238,956.102,2628.34
2018-08-29,24,1662.394,981.142,2643.536
2018-08-29,25,1804.89,1083.344,2888.234
2018-08-29,26,2033.814,1163.212,3197.026
2018-08-29,27,2175.886,1190.466,3366.352
2018-08-29,28,2201.04,1214.806,3415.846
2018-08-29,29,2274.656,1372.928,3647.584
2018-08-29,30,2364.164,1376.326,3740.49
2018-08-29,31,2294.912,1508.202,3803.114
2018-08-29,32,2168.6,1516.77,3685.37
2018-08-29,33,2066.416,1666.814,3733.23
2018-08-29,34,2093.038,1718.526,3811.564
2018-08-29,35,2086.232,1793.53,3879.762
2018-08-29,36,2007.644,1829.896,3837.54
2018-08-29,37,1900.766,1614.372,3515.138
2018-08-29,38,1765.01,1458.972,3223.982
2018-08-29,39,1563.896,1418.596,2982.492
2018-08-29,40,1514.338,1294.206,2808.544
2018-08-29,41,1439.76,1152.27,2592.03
2018-08-29,42,1413.748,989.296,2403.044
2018-08-29,43,1324.218,881.486,2205.704
2018-08-29,44,1180.63,822.092,2002.722
2018-08-29,45,1109.586,916.85,2026.436
2018-08-29,46,1065.398,1063.22,2128.618
2018-08-29,47,956.348,1154.848,2111.196
2018-08-29,48,936.806,1106.19,2042.996
2018-08-30,1,911.808,1028.678,1940.486
2018-08-30,2,860.418,971.644,1832.062
2018-08-30,3,728.846,815.74,1544.586
2018-08-30,4,674.698,713.906,1388.604
2018-08-30,5,659.896,671.048,1330.944
2018-08-30,6,661.858,674.924,1336.782
2018-08-30,7,600.324,659.814,1260.138
2018-08-30,8,539.564,682.79,1222.354
2018-08-30,9,465.418,690.598,1156.016
2018-08-30,10,428.842,650.572,1079.414
2018-08-30,11,417.776,588.57,1006.346
2018-08-30,12,396.788,545.652,942.44
2018-08-30,13,382.112,512.01,894.122
2018-08-30,14,370.622,434.682,805.304
2018-08-30,15,302.666,401.214,703.88
2018-08-30,16,221.794,301.912,523.706
2018-08-30,17,176.25,286.016,462.266
2018-08-30,18,151.808,241.932,393.74
2018-08-30,19,131.734,201.644,333.378
2018-08-30,20,125.792,201.962,327.754
2018-08-30,21,130.06,174.4,304.46
2018-08-30,22,108.518,133.252,241.77
2018-08-30,23,121.36,138.408,259.768
2018-08-30,24,103.05,131.432,234.482
2018-08-30,25,100.272,108.654,208.926
2018-08-30,26,105.966,93.828,199.794
2018-08-30,27,109.754,66.654,176.408
2018-08-30,28,86.184,65.802,151.986
2018-08-30,29,74.956,65.654,140.61
2018-08-30,30,60.516,48.604,109.12
2018-08-30,31,63.22,52.554,115.774
2018-08-30,32,54.73,58.918,113.648
2018-08-30,33,53.014,59.452,112.466
2018-08-30,34,68.784,67.804,136.588
2018-08-30,35,64.038,65.502,129.54
2018-08-30,36,56.156,81.892,138.048
2018-08-30,37,50.85,61.626,112.476
2018-08-30,38,46.49,44.912,91.402
2018-08-30,39,43.748,42.806,86.554
2018-08-30,40,41.506,36.29,77.796
2018-08-30,41,45.272,41.694,86.966
2018-08-30,42,58.918,56.162,115.08
2018-08-30,43,63.69,77.614,141.304
2018-08-30,44,63.81,87.458,151.268
2018-08-30,45,74.912,95.276,170.188
2018-08-30,46,81.222,114.364,195.586
2018-08-30,47,73.772,136.482,210.254
2018-08-30,48,66.486,130.296,196.782
2018-08-31,1,73.394,125.932,199.326
2018-08-31,2,85.674,169.764,255.438
2018-08-31,3,114.756,210.328,325.084
2018-08-31,4,155.116,252.398,407.514
2018-08-31,5,206.4,282.422,488.822
2018-08-31,6,262.922,320.494,583.416
2018-08-31,7,298.93,396.192,695.122
2018-08-31,8,329.806,440.296,770.102
2018-08-31,9,384.626,479.71,864.336
2018-08-31,10,412.068,521.42,933.488
2018-08-31,11,466.774,502.34,969.114
2018-08-31,12,525.338,470.18,995.518
2018-08-31,13,582.128,497.102,1079.23
2018-08-31,14,597.63,594.44,1192.07
2018-08-31,15,648.552,649.322,1297.874
2018-08-31,16,758.984,687.15,1446.134
2018-08-31,17,841.94,593.428,1435.368
2018-08-31,18,852.968,554.644,1407.612
2018-08-31,19,836,587.41,1423.41
2018-08-31,20,954.734,609.248,1563.982
2018-08-31,21,1137.448,615.384,1752.832
2018-08-31,22,1343.02,606.486,1949.506
2018-08-31,23,1498.176,619.344,2117.52
2018-08-31,24,1634.038,642.028,2276.066
2018-08-31,25,1696.716,660.39,2357.106
2018-08-31,26,1817.948,740.684,2558.632
2018-08-31,27,1895.536,737.672,2633.208
2018-08-31,28,1945.998,710.628,2656.626
2018-08-31,29,2018.69,705.002,2723.692
2018-08-31,30,2124.736,635.064,2759.8
2018-08-31,31,2225.988,554.728,2780.716
2018-08-31,32,2303.772,514.012,2817.784
2018-08-31,33,2417.596,494.244,2911.84
2018-08-31,34,2472.12,460.352,2932.472
2018-08-31,35,2423.606,462.152,2885.758
2018-08-31,36,2341.076,482.932,2824.008
2018-08-31,37,2224.046,466.57,2690.616
2018-08-31,38,2070.482,435.212,2505.694
2018-08-31,39,1932.644,392.508,2325.152
2018-08-31,40,1884.846,391.982,2276.828
2018-08-31,41,1919.956,461.834,2381.79
2018-08-31,42,1973.91,512.762,2486.672
2018-08-31,43,2089.708,548.56,2638.268
2018-08-31,44,2144.142,526.18,2670.322
2018-08-31,45,2100.536,482.35,2582.886
2018-08-31,46,2162.718,436.12,2598.838
2018-08-31,47,2046.054,449.362,2495.416
2018-08-31,48,2089.286,459.788,2549.074
2018-09-01,1,2062.362,455.256,2517.618
2018-09-01,2,2073.646,478.7,2552.346
2018-09-01,3,2004.328,504.044,2508.372
2018-09-01,4,2025.296,508.666,2533.962
2018-09-01,5,2098.598,543.992,2642.59
2018-09-01,6,2076.466,585.998,2662.464
2018-09-01,7,2006.536,657.838,2664.374
2018-09-01,8,1878.756,703.95,2582.706
2018-09-01,9,1776.768,658.36,2435.128
2018-09-01,10,1659.412,660.246,2319.658
2018-09-01,11,1547.568,704.848,2252.416
2018-09-01,12,1471.386,804.616,2276.002
2018-09-01,13,1383.802,840.8,2224.602
2018-09-01,14,1374.972,754.54,2129.512
2018-09-01,15,1336.124,741.638,2077.762
2018-09-01,16,1333.446,738.048,2071.494
2018-09-01,17,1288.636,732.364,2021
2018-09-01,18,1230.574,690.386,1920.96
2018-09-01,19,1129.738,584.534,1714.272
2018-09-01,20,1050.182,576.082,1626.264
2018-09-01,21,1022.994,553.642,1576.636
2018-09-01,22,972.774,477.218,1449.992
2018-09-01,23,967.006,417.618,1384.624
2018-09-01,24,930.066,431.994,1362.06
2018-09-01,25,920.82,385.866,1306.686
2018-09-01,26,813.342,435.392,1248.734
2018-09-01,27,816.98,453.594,1270.574
2018-09-01,28,866.372,504.622,1370.994
2018-09-01,29,869.486,583.336,1452.822
2018-09-01,30,867.928,688.252,1556.18
2018-09-01,31,832.254,795.488,1627.742
2018-09-01,32,827.97,874.756,1702.726
2018-09-01,33,858.774,977.01,1835.784
2018-09-01,34,834.242,1128.172,1962.414
2018-09-01,35,771.758,1295.752,2067.51
2018-09-01,36,640.122,1461.498,2101.62
2018-09-01,37,578.02,1578.546,2156.566
2018-09-01,38,501.908,1618.802,2120.71
2018-09-01,39,416.02,1639.83,2055.85
2018-09-01,40,385.514,1633.448,2018.962
2018-09-01,41,382.634,1747.382,2130.016
2018-09-01,42,362.846,1742.286,2105.132
2018-09-01,43,389.198,1601.824,1991.022
2018-09-01,44,443.77,1481.994,1925.764
2018-09-01,45,520.38,1415.8,1936.18
2018-09-01,46,558.166,1372.072,1930.238
2018-09-01,47,649.112,1387.484,2036.596
2018-09-01,48,676.254,1389.288,2065.542
2018-09-02,1,750.464,1362.756,2113.22
2018-09-02,2,846.202,1324.49,2170.692
2018-09-02,3,962.28,1252.072,2214.352
2018-09-02,4,1009.36,1263.04,2272.4
2018-09-02,5,1021.374,1245.364,2266.738
2018-09-02,6,1134.398,1278.616,2413.014
2018-09-02,7,1199.85,1103.694,2303.544
2018-09-02,8,1247.308,1026.832,2274.14
2018-09-02,9,1341.264,1088.946,2430.21
2018-09-02,10,1494.114,1155.466,2649.58
2018-09-02,11,1686.058,1195.374,2881.432
2018-09-02,12,1894.54,1080.52,2975.06
2018-09-02,13,2126.53,1024.524,3151.054
2018-09-02,14,2394.758,1105.778,3500.536
2018-09-02,15,2495.48,1169.782,3665.262
2018-09-02,16,2608.024,1153.946,3761.97
2018-09-02,17,2744.422,1086.886,3831.308
2018-09-02,18,2839.396,1017.27,3856.666
2018-09-02,19,2864.228,823.332,3687.56
2018-09-02,20,2946.878,781.942,3728.82
2018-09-02,21,3143.586,811.484,3955.07
2018-09-02,22,3237.138,733.484,3970.622
2018-09-02,23,3137.098,715.816,3852.914
2018-09-02,24,2981.082,749.914,3730.996
2018-09-02,25,2971.566,783.162,3754.728
2018-09-02,26,2934.516,933.92,3868.436
2018-09-02,27,3000.782,989.408,3990.19
2018-09-02,28,3020.966,1139.324,4160.29
2018-09-02,29,2867.93,1251.434,4119.364
2018-09-02,30,2800.468,1357.708,4158.176
2018-09-02,31,2828.394,1430.738,4259.132
2018-09-02,32,2881.808,1599.166,4480.974
2018-09-02,33,2655.68,1907.448,4563.128
2018-09-02,34,2440.648,2201.844,4642.492
2018-09-02,35,2302.664,2326.244,4628.908
2018-09-02,36,2154.76,2271.708,4426.468
2018-09-02,37,1850.958,2116.382,3967.34
2018-09-02,38,1655.216,1993.42,3648.636
2018-09-02,39,1614.258,1870.248,3484.506
2018-09-02,40,1438.754,1699.17,3137.924
2018-09-02,41,1273.056,1576.664,2849.72
2018-09-02,42,1122.096,1473.866,2595.962
2018-09-02,43,1089.488,1339.658,2429.146
2018-09-02,44,1051.092,1211.58,2262.672
2018-09-02,45,995.794,1098.918,2094.712
2018-09-02,46,789.944,1059.008,1848.952
2018-09-02,47,623.326,930.724,1554.05
2018-09-02,48,624.096,768.814,1392.91
2018-09-03,1,614.602,628.47,1243.072
2018-09-03,2,576.988,533.406,1110.394
2018-09-03,3,541.412,443.83,985.242
2018-09-03,4,586.622,433.918,1020.54
2018-09-03,5,659.562,451.768,1111.33
2018-09-03,6,738.702,530.266,1268.968
2018-09-03,7,748.276,656.846,1405.122
2018-09-03,8,769.5,826.516,1596.016
2018-09-03,9,777.412,936.484,1713.896
2018-09-03,10,775.762,1070.468,1846.23
2018-09-03,11,783.87,1240.346,2024.216
2018-09-03,12,763.168,1121.248,1884.416
2018-09-03,13,753.378,1190.512,1943.89
2018-09-03,14,706.44,1200.194,1906.634
2018-09-03,15,705.646,1196.64,1902.286
2018-09-03,16,683.762,996.75,1680.512
2018-09-03,17,676.808,887.4,1564.208
2018-09-03,18,667.658,1041.534,1709.192
2018-09-03,19,690.17,1352.526,2042.696
2018-09-03,20,658.344,1320.004,1978.348
2018-09-03,21,724.26,1149.032,1873.292
2018-09-03,22,805.606,1132.2,1937.806
2018-09-03,23,785.626,1221.766,2007.392
2018-09-03,24,770.918,1208.654,1979.572
2018-09-03,25,760.716,1214.16,1974.876
2018-09-03,26,782.526,1102.718,1885.244
2018-09-03,27,739.238,1115.132,1854.37
2018-09-03,28,676.776,1147.648,1824.424
2018-09-03,29,693.09,1179.08,1872.17
2018-09-03,30,640.8,1164.33,1805.13
2018-09-03,31,591.158,1125.332,1716.49
2018-09-03,32,576.842,1177.318,1754.16
2018-09-03,33,574.13,1320.32,1894.45
2018-09-03,34,526.278,1414.51,1940.788
2018-09-03,35,517.462,1441.37,1958.832
2018-09-03,36,515.912,1461.244,1977.156
2018-09-03,37,502.624,1478.586,1981.21
2018-09-03,38,526.5,1405.94,1932.44
2018-09-03,39,484.352,1323.03,1807.382
2018-09-03,40,423.73,1314.38,1738.11
2018-09-03,41,399.336,1097.052,1496.388
2018-09-03,42,425.468,983.036,1408.504
2018-09-03,43,439.31,944.898,1384.208
2018-09-03,44,430.406,1017.12,1447.526
2018-09-03,45,390.976,1004.584,1395.56
2018-09-03,46,364.922,917.598,1282.52
2018-09-03,47,389.88,829.68,1219.56
2018-09-03,48,393.562,778.048,1171.61
2018-09-04,1,324.494,828.49,1152.984
2018-09-04,2,273.826,860.856,1134.682
2018-09-04,3,245.174,916.672,1161.846
2018-09-04,4,241.506,1053.288,1294.794
2018-09-04,5,210.638,1254.618,1465.256
2018-09-04,6,215.606,1321.45,1537.056
2018-09-04,7,227.326,1277.798,1505.124
2018-09-04,8,233.21,1269.376,1502.586
2018-09-04,9,246.672,1340.966,1587.638
2018-09-04,10,274.424,1393.798,1668.222
2018-09-04,11,265.3,1368.374,1633.674
2018-09-04,12,249.006,1428.624,1677.63
2018-09-04,13,254.124,1532.956,1787.08
2018-09-04,14,260.608,1541.56,1802.168
2018-09-04,15,264.192,1599.322,1863.514
2018-09-04,16,243.338,1655.07,1898.408
2018-09-04,17,207.758,1674.594,1882.352
2018-09-04,18,181.918,1690.316,1872.234
2018-09-04,19,179.536,1572.302,1751.838
2018-09-04,20,191.132,1535.73,1726.862
2018-09-04,21,182.286,1529.146,1711.432
2018-09-04,22,159.786,1591.788,1751.574
2018-09-04,23,146.746,1638.338,1785.084
2018-09-04,24,147.374,1644.94,1792.314
2018-09-04,25,182.846,1791.042,1973.888
2018-09-04,26,182.882,1938.336,2121.218
2018-09-04,27,166.118,2085.252,2251.37
2018-09-04,28,169.732,2159.286,2329.018
2018-09-04,29,177.02,2233.362,2410.382
2018-09-04,30,181.272,2339.264,2520.536
2018-09-04,31,184.688,2440.592,2625.28
2018-09-04,32,191.16,2575.658,2766.818
2018-09-04,33,212.532,2686.932,2899.464
2018-09-04,34,200.044,2710.908,2910.952
2018-09-04,35,205.248,2683.726,2888.974
2018-09-04,36,213.704,2692.66,2906.364
2018-09-04,37,224.848,2654.406,2879.254
2018-09-04,38,250.366,2732.772,2983.138
2018-09-04,39,262.468,2636.674,2899.142
2018-09-04,40,277.992,2614.292,2892.284
2018-09-04,41,293.178,2555.248,2848.426
2018-09-04,42,298.722,2562.892,2861.614
2018-09-04,43,262.572,2544.964,2807.536
2018-09-04,44,225.594,2348.866,2574.46
2018-09-04,45,216.082,2144.356,2360.438
2018-09-04,46,197.994,2093.528,2291.522
2018-09-04,47,210.434,2043.024,2253.458
2018-09-04,48,198.918,2007.29,2206.208
2018-09-05,1,187.548,2019.238,2206.786
2018-09-05,2,203.262,1980.268,2183.53
2018-09-05,3,209.016,1973.398,2182.414
2018-09-05,4,211.766,1971.314,2183.08
2018-09-05,5,202.818,1991.536,2194.354
2018-09-05,6,208.61,1998.428,2207.038
2018-09-05,7,209.948,2024.568,2234.516
2018-09-05,8,194.474,2025.03,2219.504
2018-09-05,9,171.778,2019.316,2191.094
2018-09-05,10,168.596,1984.836,2153.432
2018-09-05,11,161.54,1982.068,2143.608
2018-09-05,12,167.384,1879.634,2047.018
2018-09-05,13,173.87,1809.506,1983.376
2018-09-05,14,181.61,1625.266,1806.876
2018-09-05,15,204.366,1568.812,1773.178
2018-09-05,16,192.048,1688.148,1880.196
2018-09-05,17,189.574,1814.94,2004.514
2018-09-05,18,180.224,1723.396,1903.62
2018-09-05,19,172.05,1602.648,1774.698
2018-09-05,20,161.796,1564.352,1726.148
2018-09-05,21,149.322,1409.768,1559.09
2018-09-05,22,160.996,1265.932,1426.928
2018-09-05,23,182.276,1259.588,1441.864
2018-09-05,24,231.182,1304.076,1535.258
2018-09-05,25,289.818,1322.022,1611.84
2018-09-05,26,377.768,1318.796,1696.564
2018-09-05,27,456.404,1327.82,1784.224
2018-09-05,28,527.436,1399.832,1927.268
2018-09-05,29,623.392,1455.42,2078.812
2018-09-05,30,598.124,1482.094,2080.218
2018-09-05,31,614.35,1382.522,1996.872
2018-09-05,32,669.196,1291.346,1960.542
2018-09-05,33,738.814,1229.93,1968.744
2018-09-05,34,831.82,1253.276,2085.096
2018-09-05,35,957.748,1380.69,2338.438
2018-09-05,36,944.906,1533.008,2477.914
2018-09-05,37,963.868,1574.51,2538.378
2018-09-05,38,966.778,1587.568,2554.346
2018-09-05,39,952.406,1533.822,2486.228
2018-09-05,40,866.032,1531.56,2397.592
2018-09-05,41,831.864,1422.068,2253.932
2018-09-05,42,927.252,1293.852,2221.104
2018-09-05,43,939.912,1308.276,2248.188
2018-09-05,44,876.026,1269.724,2145.75
2018-09-05,45,846.67,1299.588,2146.258
2018-09-05,46,823.646,1327.698,2151.344
2018-09-05,47,772.438,1373.756,2146.194
2018-09-05,48,778.85,1443.798,2222.648
2018-09-06,1,779.518,1435.13,2214.648
2018-09-06,2,790.864,1383.992,2174.856
2018-09-06,3,780.318,1415.326,2195.644
2018-09-06,4,788.112,1299.15,2087.262
2018-09-06,5,725.93,1290.674,2016.604
2018-09-06,6,724.912,1324.752,2049.664
2018-09-06,7,683.796,1392.528,2076.324
2018-09-06,8,593.89,1569.654,2163.544
2018-09-06,9,532.522,1611.758,2144.28
2018-09-06,10,453.39,1471.318,1924.708
2018-09-06,11,413.276,1337.046,1750.322
2018-09-06,12,337.316,1191.264,1528.58
2018-09-06,13,278.634,1125.472,1404.106
2018-09-06,14,235.294,1182.378,1417.672
2018-09-06,15,189.39,1073.246,1262.636
2018-09-06,16,197.66,884.572,1082.232
2018-09-06,17,216.542,805.77,1022.312
2018-09-06,18,241.5,662.314,903.814
2018-09-06,19,225.922,693.112,919.034
2018-09-06,20,230.33,806.93,1037.26
2018-09-06,21,306.864,778.908,1085.772
2018-09-06,22,282.336,769.094,1051.43
2018-09-06,23,332.85,787.432,1120.282
2018-09-06,24,415.26,833.452,1248.712
2018-09-06,25,538.858,901.082,1439.94
2018-09-06,26,559.12,781.986,1341.106
2018-09-06,27,657.574,814.782,1472.356
2018-09-06,28,794.396,937.372,1731.768
2018-09-06,29,898.002,967.502,1865.504
2018-09-06,30,959.734,1079.332,2039.066
2018-09-06,31,1023.038,1248.47,2271.508
2018-09-06,32,1156.696,1388.72,2545.416
2018-09-06,33,1109.81,1596.052,2705.862
2018-09-06,34,1133.824,1809.254,2943.078
2018-09-06,35,1002.774,1940.634,2943.408
2018-09-06,36,949.658,2289.806,3239.464
2018-09-06,37,865.468,2575.746,3441.214
2018-09-06,38,876.442,2667.646,3544.088
2018-09-06,39,837.09,2608.318,3445.408
2018-09-06,40,819.32,2711.906,3531.226
2018-09-06,41,877.892,2944.42,3822.312
2018-09-06,42,1003.918,3203.632,4207.55
2018-09-06,43,1081.706,2917.994,3999.7
2018-09-06,44,1073.156,2893.756,3966.912
2018-09-06,45,1089.622,2760.976,3850.598
2018-09-06,46,1104.968,2802.976,3907.944
2018-09-06,47,1119.074,3057.128,4176.202
2018-09-06,48,1103.262,3332.85,4436.112
2018-09-07,1,1107.616,3397.402,4505.018
2018-09-07,2,1101.716,3401.714,4503.43
2018-09-07,3,1091.768,3295.376,4387.144
2018-09-07,4,1118.378,3376.682,4495.06
2018-09-07,5,1145.176,3308.006,4453.182
2018-09-07,6,1207.914,3360.588,4568.502
2018-09-07,7,1399.148,3554.224,4953.372
2018-09-07,8,1410.78,3619.756,5030.536
2018-09-07,9,1512.284,3569.784,5082.068
2018-09-07,10,1502.224,3568.324,5070.548
2018-09-07,11,1490.724,3824.838,5315.562
2018-09-07,12,1522.92,4271.05,5793.97
2018-09-07,13,1509.27,4531.628,6040.898
2018-09-07,14,1417.314,4578.942,5996.256
2018-09-07,15,1386.52,4606.938,5993.458
2018-09-07,16,1342.626,4943.218,6285.844
2018-09-07,17,1206.686,4899.046,6105.732
2018-09-07,18,1063.784,4565.594,5629.378
2018-09-07,19,965.332,4476.484,5441.816
2018-09-07,20,842.292,4258.492,5100.784
2018-09-07,21,865.582,4232.656,5098.238
2018-09-07,22,911.582,4095.756,5007.338
2018-09-07,23,896.556,4168.396,5064.952
2018-09-07,24,927.684,4275.778,5203.462
2018-09-07,25,976.774,4144.672,5121.446
2018-09-07,26,1026.93,4239.352,5266.282
2018-09-07,27,1095.21,4342.816,5438.026
2018-09-07,28,1179.56,4288.478,5468.038
2018-09-07,29,1511.892,4276.628,5788.52
2018-09-07,30,1567.834,4457.108,6024.942
2018-09-07,31,1637.812,4407.188,6045
2018-09-07,32,1595.198,4423.314,6018.512
2018-09-07,33,1498.818,4399.006,5897.824
2018-09-07,34,1404.272,4115.276,5519.548
2018-09-07,35,1323.962,4090.88,5414.842
2018-09-07,36,1299.196,4161.396,5460.592
2018-09-07,37,1305.632,4080.972,5386.604
2018-09-07,38,1366.758,3977.746,5344.504
2018-09-07,39,1350.398,3857.334,5207.732
2018-09-07,40,1323.13,3613.15,4936.28
2018-09-07,41,1362.76,3441.224,4803.984
2018-09-07,42,1376,3526.684,4902.684
2018-09-07,43,1377.706,3719.306,5097.012
2018-09-07,44,1384.054,3772.826,5156.88
2018-09-07,45,1380.83,3629.992,5010.822
2018-09-07,46,1373.494,3261.774,4635.268
2018-09-07,47,1279.864,2839.736,4119.6
2018-09-07,48,1172.194,2319.582,3491.776
2018-09-08,1,1124.206,2174.032,3298.238
2018-09-08,2,1064.71,2057.762,3122.472
2018-09-08,3,1062.53,1888.342,2950.872
2018-09-08,4,1085.544,1857.17,2942.714
2018-09-08,5,1103.26,1791.138,2894.398
2018-09-08,6,1131.172,1553.712,2684.884
2018-09-08,7,1111.944,1474.37,2586.314
2018-09-08,8,1115.858,1461.23,2577.088
2018-09-08,9,1096.998,1402.256,2499.254
2018-09-08,10,1052.826,1442.642,2495.468
2018-09-08,11,973.784,1486.496,2460.28
2018-09-08,12,938.316,1710.342,2648.658
2018-09-08,13,944.738,1876.268,2821.006
2018-09-08,14,919.684,1991.152,2910.836
2018-09-08,15,824.814,1940.288,2765.102
2018-09-08,16,747.194,2244.032,2991.226
2018-09-08,17,727.366,2492.656,3220.022
2018-09-08,18,707.262,2312.222,3019.484
2018-09-08,19,695.184,2193.132,2888.316
2018-09-08,20,674.904,2958.714,3633.618
2018-09-08,21,650.854,3429.704,4080.558
2018-09-08,22,635.938,3564.644,4200.582
2018-09-08,23,656.984,3602.574,4259.558
2018-09-08,24,634.822,3334.066,3968.888
2018-09-08,25,648.134,3070.264,3718.398
2018-09-08,26,646.148,3053.54,3699.688
2018-09-08,27,692.86,3199.128,3891.988
2018-09-08,28,725.254,2945.554,3670.808
2018-09-08,29,838.552,2987.55,3826.102
2018-09-08,30,860.572,3212.656,4073.228
2018-09-08,31,906.902,3257.34,4164.242
2018-09-08,32,936.518,3280.848,4217.366
2018-09-08,33,982.786,3329.884,4312.67
2018-09-08,34,957.83,3458.67,4416.5
2018-09-08,35,951.896,3501.81,4453.706
2018-09-08,36,875.176,3428.624,4303.8
2018-09-08,37,804.34,3517.38,4321.72
2018-09-08,38,720.54,3559.154,4279.694
2018-09-08,39,647.196,3838.818,4486.014
2018-09-08,40,639.936,3937.062,4576.998
2018-09-08,41,657.714,3912.594,4570.308
2018-09-08,42,646.392,3604.998,4251.39
2018-09-08,43,651.174,3578.296,4229.47
2018-09-08,44,617.276,3999.67,4616.946
2018-09-08,45,724.074,4120.136,4844.21
2018-09-08,46,808.512,3867.8,4676.312
2018-09-08,47,845.116,3874.794,4719.91
2018-09-08,48,912.404,3736.318,4648.722
2018-09-09,1,1026.926,3835.182,4862.108
2018-09-09,2,1175.37,3581.11,4756.48
2018-09-09,3,1215.958,3684.668,4900.626
2018-09-09,4,1372.746,4043.43,5416.176
2018-09-09,5,1455.822,4123.796,5579.618
2018-09-09,6,1391.544,4270.684,5662.228
2018-09-09,7,1354.336,4310.292,5664.628
2018-09-09,8,1455.15,4228.574,5683.724
2018-09-09,9,1504.846,3988.524,5493.37
2018-09-09,10,1435.548,4148.38,5583.928
2018-09-09,11,1491.444,4047.36,5538.804
2018-09-09,12,1462.83,4281.094,5743.924
2018-09-09,13,1520.34,4655.402,6175.742
2018-09-09,14,1527.702,4643.48,6171.182
2018-09-09,15,1649.404,4680.684,6330.088
2018-09-09,16,1854.8,4949.386,6804.186
2018-09-09,17,1817.268,5067.172,6884.44
2018-09-09,18,1852.142,5065.74,6917.882
2018-09-09,19,2008.488,5150.46,7158.948
2018-09-09,20,2053.692,5157.396,7211.088
2018-09-09,21,2146.174,5065.3,7211.474
2018-09-09,22,2411.952,5081.942,7493.894
2018-09-09,23,2589.04,4896.278,7485.318
2018-09-09,24,2677.826,4922.548,7600.374
2018-09-09,25,2824.11,4839.47,7663.58
2018-09-09,26,3047.636,4653.862,7701.498
2018-09-09,27,3343.952,4934.178,8278.13
2018-09-09,28,3294.71,5191.846,8486.556
2018-09-09,29,3525.288,5150.31,8675.598
2018-09-09,30,3639.58,4828.788,8468.368
2018-09-09,31,3695.794,4540.4,8236.194
2018-09-09,32,3510.98,4329.714,7840.694
2018-09-09,33,3312.064,4440.524,7752.588
2018-09-09,34,3356.082,4638.368,7994.45
2018-09-09,35,3622.948,4785.288,8408.236
2018-09-09,36,3510.882,4733.144,8244.026
2018-09-09,37,3464.246,4960.306,8424.552
2018-09-09,38,3429.36,5004.736,8434.096
2018-09-09,39,3462.412,5093.388,8555.8
2018-09-09,40,3300.104,5287.726,8587.83
2018-09-09,41,3386.304,5108.914,8495.218
2018-09-09,42,3492.852,4787.446,8280.298
2018-09-09,43,3554.024,4600.1,8154.124
2018-09-09,44,3673.128,4087.19,7760.318
2018-09-09,45,3533.6,3760.076,7293.676
2018-09-09,46,3492.71,3761.73,7254.44
2018-09-09,47,3168.188,3833.844,7002.032
2018-09-09,48,2780.332,3989.044,6769.376
2018-09-10,1,2561.602,4314.622,6876.224
2018-09-10,2,2208.718,4487.268,6695.986
2018-09-10,3,2206.342,4609.432,6815.774
2018-09-10,4,2233.914,4637.266,6871.18
2018-09-10,5,2280.47,4669.822,6950.292
2018-09-10,6,2247.786,4537.354,6785.14
2018-09-10,7,2227.604,4419.54,6647.144
2018-09-10,8,2626.24,3938.622,6564.862
2018-09-10,9,3017.338,3772.424,6789.762
2018-09-10,10,2927.016,3861.624,6788.64
2018-09-10,11,2944.204,3737.998,6682.202
2018-09-10,12,3173.44,3761.37,6934.81
2018-09-10,13,3171.21,3637.316,6808.526
2018-09-10,14,3107.896,3742.304,6850.2
2018-09-10,15,3160.53,3867.304,7027.834
2018-09-10,16,3631.596,4004.406,7636.002
2018-09-10,17,3636.394,4108.61,7745.004
2018-09-10,18,3463.776,4135.346,7599.122
2018-09-10,19,3637.152,4125.444,7762.596
2018-09-10,20,3588.292,4151.794,7740.086
2018-09-10,21,3562.814,4073.16,7635.974
2018-09-10,22,3568.576,3905.772,7474.348
2018-09-10,23,3522.586,4021.934,7544.52
2018-09-10,24,3500.112,4142.904,7643.016
2018-09-10,25,3408.68,4204.268,7612.948
2018-09-10,26,3354.326,4432.284,7786.61
2018-09-10,27,3326.972,4413.848,7740.82
2018-09-10,28,3324.848,4186.354,7511.202
2018-09-10,29,3157.878,3922.126,7080.004
2018-09-10,30,3071.75,3472.67,6544.42
2018-09-10,31,2965.538,3730.444,6695.982
2018-09-10,32,2942.35,3734.22,6676.57
2018-09-10,33,2922.804,3921.164,6843.968
2018-09-10,34,2830.402,4303.56,7133.962
2018-09-10,35,2773.992,4244.956,7018.948
2018-09-10,36,2817.028,4117.182,6934.21
2018-09-10,37,2692.914,4024.04,6716.954
2018-09-10,38,2717.806,4189.778,6907.584
2018-09-10,39,2862.434,4472.71,7335.144
2018-09-10,40,2974.44,4763.134,7737.574
2018-09-10,41,2929.194,5029.636,7958.83
2018-09-10,42,3027.852,5147.11,8174.962
2018-09-10,43,3180.472,5532.758,8713.23
2018-09-10,44,3173.476,5949.506,9122.982
2018-09-10,45,3150.166,6215.652,9365.818
2018-09-10,46,2850.864,6205.05,9055.914
2018-09-10,47,2372.94,6244.898,8617.838
2018-09-10,48,2189.33,6275.242,8464.572
2018-09-11,1,1978.732,6357.89,8336.622
2018-09-11,2,1892.812,6488.224,8381.036
2018-09-11,3,1865.088,6544.288,8409.376
2018-09-11,4,2008.622,6506.186,8514.808
2018-09-11,5,2078.434,6631.572,8710.006
2018-09-11,6,2068.896,6824.324,8893.22
2018-09-11,7,2081.286,6736.698,8817.984
2018-09-11,8,2126.542,6457.78,8584.322
2018-09-11,9,2076.208,6360.65,8436.858
2018-09-11,10,2076.592,6223.782,8300.374
2018-09-11,11,2006.362,6378.614,8384.976
2018-09-11,12,1969.326,6254.258,8223.584
2018-09-11,13,2206.442,6124.73,8331.172
2018-09-11,14,2677.054,5863.568,8540.622
2018-09-11,15,2957.65,5712.076,8669.726
2018-09-11,16,3265.528,6075.984,9341.512
2018-09-11,17,3412.5,5962.346,9374.846
2018-09-11,18,3518.362,5713.782,9232.144
2018-09-11,19,3470.098,5522.362,8992.46
2018-09-11,20,3442.472,5491.848,8934.32
2018-09-11,21,3340.728,5333.73,8674.458
2018-09-11,22,3315.5,5062.906,8378.406
2018-09-11,23,3290.27,4792.086,8082.356
2018-09-11,24,3265.044,4521.26,7786.304
2018-09-11,25,3462.524,4698.532,8161.056
2018-09-11,26,3543.556,4487.616,8031.172
2018-09-11,27,3420.062,4327.11,7747.172
2018-09-11,28,3266.664,4307.598,7574.262
2018-09-11,29,3260.094,4255.34,7515.434
2018-09-11,30,3193.024,3948.992,7142.016
2018-09-11,31,3182.34,3955.834,7138.174
2018-09-11,32,3149.632,4112.32,7261.952
2018-09-11,33,3079.414,4228.19,7307.604
2018-09-11,34,3144.2,4578.294,7722.494
2018-09-11,35,3266.132,4588.354,7854.486
2018-09-11,36,3190.504,4578.928,7769.432
2018-09-11,37,3512.086,4625.832,8137.918
2018-09-11,38,3530.768,4502.3,8033.068
2018-09-11,39,3375.7,4348.854,7724.554
2018-09-11,40,3444.804,4253.444,7698.248
2018-09-11,41,3409.218,4178.184,7587.402
2018-09-11,42,3384.474,4204.59,7589.064
2018-09-11,43,3275.256,4052.462,7327.718
2018-09-11,44,3195.516,3908.758,7104.274
2018-09-11,45,3154.618,3769.88,6924.498
2018-09-11,46,3227.148,3496.062,6723.21
2018-09-11,47,3109.72,3438.894,6548.614
2018-09-11,48,2879.436,3651.354,6530.79
2018-09-12,1,2682.07,3511.81,6193.88
2018-09-12,2,2635.41,3312.45,5947.86
2018-09-12,3,2538.676,3211.202,5749.878
2018-09-12,4,2473.28,3371.71,5844.99
2018-09-12,5,2369.136,3221.188,5590.324
2018-09-12,6,2327.888,3258.204,5586.092
2018-09-12,7,2311.504,3606.472,5917.976
2018-09-12,8,2248.574,3692.53,5941.104
2018-09-12,9,2244.184,3604.108,5848.292
2018-09-12,10,2298.44,3699.556,5997.996
2018-09-12,11,2431.58,3320.518,5752.098
2018-09-12,12,2791.39,2794.466,5585.856
2018-09-12,13,2830.308,2771.346,5601.654
2018-09-12,14,2929.204,2635.58,5564.784
2018-09-12,15,2988.384,2499.918,5488.302
2018-09-12,16,2999.924,2569.38,5569.304
2018-09-12,17,2985.734,2352.464,5338.198
2018-09-12,18,3013.856,2164.076,5177.932
2018-09-12,19,3024.84,2063.262,5088.102
2018-09-12,20,3027.428,2054.168,5081.596
2018-09-12,21,3015.644,1897.882,4913.526
2018-09-12,22,3088.71,1712.206,4800.916
2018-09-12,23,3072.918,1664.676,4737.594
2018-09-12,24,3137.844,1640.254,4778.098
2018-09-12,25,3189.344,1624.632,4813.976
2018-09-12,26,3109.314,1582.54,4691.854
2018-09-12,27,3057.448,1493.21,4550.658
2018-09-12,28,2935.382,1380.402,4315.784
2018-09-12,29,2865.584,1289.78,4155.364
2018-09-12,30,2941.528,1294.594,4236.122
2018-09-12,31,2662.336,1238.514,3900.85
2018-09-12,32,2731.838,1260.712,3992.55
2018-09-12,33,2698.278,1083.874,3782.152
2018-09-12,34,2527.868,972.42,3500.288
2018-09-12,35,2432.622,899.228,3331.85
2018-09-12,36,2140.81,825.9,2966.71
2018-09-12,37,1841.244,850.398,2691.642
2018-09-12,38,1618.206,979.192,2597.398
2018-09-12,39,1657.256,1096.684,2753.94
2018-09-12,40,1800.398,1387.592,3187.99
2018-09-12,41,1841.454,1639.546,3481
2018-09-12,42,1904.936,1779.614,3684.55
2018-09-12,43,1968.988,1811.692,3780.68
2018-09-12,44,2066.1,2083.076,4149.176
2018-09-12,45,2180.262,2272.42,4452.682
2018-09-12,46,2299.578,2283.414,4582.992
2018-09-12,47,2371.608,2300.04,4671.648
2018-09-12,48,2358.044,2209.98,4568.024
2018-09-13,1,2490.018,2013.658,4503.676
2018-09-13,2,2395.688,2026.162,4421.85
2018-09-13,3,2589.516,1923.894,4513.41
2018-09-13,4,2563.952,1933.024,4496.976
2018-09-13,5,2628.874,1925.188,4554.062
2018-09-13,6,2632.932,1974.598,4607.53
2018-09-13,7,2561.19,1867.278,4428.468
2018-09-13,8,2560.38,1985.312,4545.692
2018-09-13,9,2417.858,2178.802,4596.66
2018-09-13,10,2305.48,2279.488,4584.968
2018-09-13,11,2214.32,2243.866,4458.186
2018-09-13,12,2247.338,2301.826,4549.164
2018-09-13,13,2281.448,2222.024,4503.472
2018-09-13,14,2400.704,2297.276,4697.98
2018-09-13,15,2506.84,2453.782,4960.622
2018-09-13,16,2875.884,2481.162,5357.046
2018-09-13,17,3103.39,2393.672,5497.062
2018-09-13,18,3143.582,2339.472,5483.054
2018-09-13,19,3167.18,2374.88,5542.06
2018-09-13,20,3068.94,2274.988,5343.928
2018-09-13,21,3169.122,2431.626,5600.748
2018-09-13,22,3255.89,2594.962,5850.852
2018-09-13,23,3364.434,2735.092,6099.526
2018-09-13,24,3403.332,2815.246,6218.578
2018-09-13,25,3372.908,2784.632,6157.54
2018-09-13,26,3367.296,2815.68,6182.976
2018-09-13,27,3315.62,2898.434,6214.054
2018-09-13,28,3377.218,3036.292,6413.51
2018-09-13,29,3284.848,3087.926,6372.774
2018-09-13,30,3102.682,3012.024,6114.706
2018-09-13,31,3111.726,2874.568,5986.294
2018-09-13,32,3015.58,2777.762,5793.342
2018-09-13,33,2859.748,2637.732,5497.48
2018-09-13,34,2697.556,2468.758,5166.314
2018-09-13,35,2708.916,2362.046,5070.962
2018-09-13,36,2569.116,2313.328,4882.444
2018-09-13,37,2507.94,2342.628,4850.568
2018-09-13,38,2540.86,2369.248,4910.108
2018-09-13,39,2394.956,2438.538,4833.494
2018-09-13,40,2331.702,2379.748,4711.45
2018-09-13,41,2046.492,2327.24,4373.732
2018-09-13,42,1952.444,2270.446,4222.89
2018-09-13,43,1831.712,2232.312,4064.024
2018-09-13,44,1881.632,2408.156,4289.788
2018-09-13,45,1985.238,2300.38,4285.618
2018-09-13,46,2115.706,2299.242,4414.948
2018-09-13,47,2360.042,2441.006,4801.048
2018-09-13,48,2347.658,2630.684,4978.342
2018-09-14,1,2316.112,2808.478,5124.59
2018-09-14,2,2225.22,2777.116,5002.336
2018-09-14,3,2019.024,2952.856,4971.88
2018-09-14,4,1835.696,3053.454,4889.15
2018-09-14,5,1898.814,3132.582,5031.396
2018-09-14,6,1988.264,3198.008,5186.272
2018-09-14,7,1935.692,3255.958,5191.65
2018-09-14,8,1881.624,3367.936,5249.56
2018-09-14,9,1809.706,3364.138,5173.844
2018-09-14,10,1756.714,3501.63,5258.344
2018-09-14,11,1646.904,3594.378,5241.282
2018-09-14,12,1661.172,3525.218,5186.39
2018-09-14,13,1615.826,3419.158,5034.984
2018-09-14,14,1869.39,3441.512,5310.902
2018-09-14,15,2146.578,3491.96,5638.538
2018-09-14,16,2713.952,3727.206,6441.158
2018-09-14,17,2887.472,3659.166,6546.638
2018-09-14,18,3009.358,3478.584,6487.942
2018-09-14,19,2934.278,3389.29,6323.568
2018-09-14,20,2791.064,3527.082,6318.146
2018-09-14,21,2768.226,3935.006,6703.232
2018-09-14,22,2799.806,4094.234,6894.04
2018-09-14,23,2768.464,4208.078,6976.542
2018-09-14,24,2801.536,4512.162,7313.698
2018-09-14,25,2681.838,4524.62,7206.458
2018-09-14,26,2500.866,4409.698,6910.564
2018-09-14,27,2564.164,4261.872,6826.036
2018-09-14,28,2462.986,4271.294,6734.28
2018-09-14,29,2368.592,4195.802,6564.394
2018-09-14,30,2111.41,4180.754,6292.164
2018-09-14,31,2067.688,4378.136,6445.824
2018-09-14,32,2056.178,4310.292,6366.47
2018-09-14,33,1847.772,4221.004,6068.776
2018-09-14,34,1732.53,3918.544,5651.074
2018-09-14,35,1584.502,3820.95,5405.452
2018-09-14,36,1491.692,4001.406,5493.098
2018-09-14,37,1414.506,4170.372,5584.878
2018-09-14,38,1281.6,4084.478,5366.078
2018-09-14,39,1207.17,4325.112,5532.282
2018-09-14,40,1164.344,3826.864,4991.208
2018-09-14,41,1147.736,3692.012,4839.748
2018-09-14,42,1201.506,4031.06,5232.566
2018-09-14,43,1127.312,4467.132,5594.444
2018-09-14,44,1082.132,4486.954,5569.086
2018-09-14,45,1112.856,4520.056,5632.912
2018-09-14,46,1213.69,4710.578,5924.268
2018-09-14,47,1293.826,4917.978,6211.804
2018-09-14,48,1242.486,4738.488,5980.974
2018-09-15,1,1237.928,4686.964,5924.892
2018-09-15,2,1148.878,4524.202,5673.08
2018-09-15,3,1164.128,4045.088,5209.216
2018-09-15,4,1068.7,3812.282,4880.982
2018-09-15,5,1089.02,3417.044,4506.064
2018-09-15,6,1047.206,3015.294,4062.5
2018-09-15,7,954.696,2525.846,3480.542
2018-09-15,8,895.08,2168.15,3063.23
2018-09-15,9,873.712,1858.176,2731.888
2018-09-15,10,832.19,1617.588,2449.778
2018-09-15,11,809.788,1445.528,2255.316
2018-09-15,12,809.672,1583.848,2393.52
2018-09-15,13,739.52,1676.644,2416.164
2018-09-15,14,729.106,1678.742,2407.848
2018-09-15,15,672.326,1687.754,2360.08
2018-09-15,16,663.764,1620.346,2284.11
2018-09-15,17,627.998,1270.638,1898.636
2018-09-15,18,644.202,1033.58,1677.782
2018-09-15,19,626.082,1079.47,1705.552
2018-09-15,20,598.358,1151.856,1750.214
2018-09-15,21,689.752,955.938,1645.69
2018-09-15,22,735.812,862.296,1598.108
2018-09-15,23,808.324,837.016,1645.34
2018-09-15,24,813.118,932.424,1745.542
2018-09-15,25,789.172,1128.822,1917.994
2018-09-15,26,824.218,1291.778,2115.996
2018-09-15,27,805.714,1197.874,2003.588
2018-09-15,28,912.82,1074.046,1986.866
2018-09-15,29,915.604,1080.532,1996.136
2018-09-15,30,942.384,1157.188,2099.572
2018-09-15,31,954.916,1156.594,2111.51
2018-09-15,32,995.35,1167.556,2162.906
2018-09-15,33,952.474,1306.68,2259.154
2018-09-15,34,973.126,1413.062,2386.188
2018-09-15,35,1016.96,1419.534,2436.494
2018-09-15,36,1009.27,1323.52,2332.79
2018-09-15,37,1030.874,1498.666,2529.54
2018-09-15,38,1223.842,1825.25,3049.092
2018-09-15,39,1349.444,2224.776,3574.22
2018-09-15,40,1535.498,2241.154,3776.652
2018-09-15,41,1747.85,2071.522,3819.372
2018-09-15,42,2023.578,2215.26,4238.838
2018-09-15,43,2305.618,2407.224,4712.842
2018-09-15,44,2605.472,2520.25,5125.722
2018-09-15,45,2790.97,2572.198,5363.168
2018-09-15,46,2833.556,2710.208,5543.764
2018-09-15,47,2603.946,2960.288,5564.234
2018-09-15,48,2288.06,3371.742,5659.802
2018-09-16,1,1996.598,3571.446,5568.044
2018-09-16,2,1774.52,3830.826,5605.346
2018-09-16,3,1739.062,3939.622,5678.684
2018-09-16,4,1757.982,4136.87,5894.852
2018-09-16,5,1598.774,4176.188,5774.962
2018-09-16,6,1560.32,4230.95,5791.27
2018-09-16,7,1521.314,4276.418,5797.732
2018-09-16,8,1532.884,4241.796,5774.68
2018-09-16,9,1524.598,4487.716,6012.314
2018-09-16,10,1497.436,4613.164,6110.6
2018-09-16,11,1492.63,4845.308,6337.938
2018-09-16,12,1525.634,5079.598,6605.232
2018-09-16,13,1615.918,5320.086,6936.004
2018-09-16,14,1725.328,5469.75,7195.078
2018-09-16,15,1744.526,5756.858,7501.384
2018-09-16,16,1800.646,5905.578,7706.224
2018-09-16,17,1936.214,5894.608,7830.822
2018-09-16,18,2524.508,5817.782,8342.29
2018-09-16,19,3052.874,5537.524,8590.398
2018-09-16,20,3305.304,5169.582,8474.886
2018-09-16,21,3332.722,5116.342,8449.064
2018-09-16,22,3343.52,5037.828,8381.348
2018-09-16,23,3460.766,4770.858,8231.624
2018-09-16,24,3433.314,4628.696,8062.01
2018-09-16,25,3354.744,4600.63,7955.374
2018-09-16,26,3386.08,4431.876,7817.956
2018-09-16,27,3304.098,4388.59,7692.688
2018-09-16,28,3214.578,4409.91,7624.488
2018-09-16,29,3176.494,4530.226,7706.72
2018-09-16,30,3201.334,4392.366,7593.7
2018-09-16,31,3165.156,4252.422,7417.578
2018-09-16,32,3170.416,4174.514,7344.93
2018-09-16,33,3179.656,4028.418,7208.074
2018-09-16,34,2835.248,3728.392,6563.64
2018-09-16,35,2496.442,3537.418,6033.86
2018-09-16,36,2379.592,3186.12,5565.712
2018-09-16,37,2117.088,3042.6,5159.688
2018-09-16,38,1925.196,2878.492,4803.688
2018-09-16,39,1841.49,2782.494,4623.984
2018-09-16,40,1838.39,2672.202,4510.592
2018-09-16,41,1840.314,2566.948,4407.262
2018-09-16,42,1856.884,2506.34,4363.224
2018-09-16,43,1922.866,2424.152,4347.018
2018-09-16,44,2031.174,2453.344,4484.518
2018-09-16,45,2048.512,2608.404,4656.916
2018-09-16,46,2096.848,2431.558,4528.406
2018-09-16,47,2191.554,2282.494,4474.048
2018-09-16,48,2100.568,2226.916,4327.484
2018-09-17,1,2037.07,2409.658,4446.728
2018-09-17,2,2072.144,2777.254,4849.398
2018-09-17,3,2027.202,2790.526,4817.728
2018-09-17,4,1899.858,2488.584,4388.442
2018-09-17,5,1923.404,2207.378,4130.782
2018-09-17,6,1870.82,2084.418,3955.238
2018-09-17,7,1700.814,1933.028,3633.842
2018-09-17,8,1518.408,1879.42,3397.828
2018-09-17,9,1323.17,1874.702,3197.872
2018-09-17,10,1244.008,1725.708,2969.716
2018-09-17,11,1152.762,1649.094,2801.856
2018-09-17,12,1102.88,1452.766,2555.646
2018-09-17,13,1192.144,1407.526,2599.67
2018-09-17,14,1355.134,1500.712,2855.846
2018-09-17,15,1399.948,1735.168,3135.116
2018-09-17,16,1422.688,1918.638,3341.326
2018-09-17,17,1386.95,1965.316,3352.266
2018-09-17,18,1380.79,2132.634,3513.424
2018-09-17,19,1359.64,2109.232,3468.872
2018-09-17,20,1403.594,2049.804,3453.398
2018-09-17,21,1501.436,2192.446,3693.882
2018-09-17,22,1565.97,2401.02,3966.99
2018-09-17,23,1722.21,2632.878,4355.088
2018-09-17,24,1941.398,3105.954,5047.352
2018-09-17,25,2264.524,3246.782,5511.306
2018-09-17,26,2408.806,3280.182,5688.988
2018-09-17,27,2476.604,3311.98,5788.584
2018-09-17,28,2403.142,3592.158,5995.3
2018-09-17,29,2362.938,3600.748,5963.686
2018-09-17,30,2451.212,4020.864,6472.076
2018-09-17,31,2821.404,4011.132,6832.536
2018-09-17,32,3174.826,3860.122,7034.948
2018-09-17,33,3265.756,3789.762,7055.518
2018-09-17,34,3447.068,3621.814,7068.882
2018-09-17,35,3476.662,3528.86,7005.522
2018-09-17,36,3620.748,3905.978,7526.726
2018-09-17,37,3625.708,3980.816,7606.524
2018-09-17,38,3562.262,3815.212,7377.474
2018-09-17,39,3303,4001.982,7304.982
2018-09-17,40,3031.228,4166.986,7198.214
2018-09-17,41,2940.842,4131.648,7072.49
2018-09-17,42,2936.054,4250.74,7186.794
2018-09-17,43,2929.464,4478.524,7407.988
2018-09-17,44,2818.458,4520.808,7339.266
2018-09-17,45,2812.016,4729.06,7541.076
2018-09-17,46,2634.748,4863.472,7498.22
2018-09-17,47,2524.418,4835.204,7359.622
2018-09-17,48,2481.93,5111.84,7593.77
2018-09-18,1,2309.256,5653.014,7962.27
2018-09-18,2,2201.068,5554.516,7755.584
2018-09-18,3,2107.302,5706.494,7813.796
2018-09-18,4,2028.804,5799.828,7828.632
2018-09-18,5,2003.728,5702.276,7706.004
2018-09-18,6,2007.434,5785.408,7792.842
2018-09-18,7,1853.396,5767,7620.396
2018-09-18,8,1804.704,5634.422,7439.126
2018-09-18,9,1849.54,5476.21,7325.75
2018-09-18,10,1590.436,5535.878,7126.314
2018-09-18,11,1495.43,5753.752,7249.182
2018-09-18,12,1372.104,5906.37,7278.474
2018-09-18,13,1307.434,6240.052,7547.486
2018-09-18,14,1294.378,6443.138,7737.516
2018-09-18,15,1143.776,6684.314,7828.09
2018-09-18,16,982.924,6755.786,7738.71
2018-09-18,17,830.866,6746.25,7577.116
2018-09-18,18,712.928,6778.282,7491.21
2018-09-18,19,668.586,6780.808,7449.394
2018-09-18,20,670.726,6783.774,7454.5
2018-09-18,21,809.788,6824.99,7634.778
2018-09-18,22,1003.628,6841.214,7844.842
2018-09-18,23,1361.532,6828.698,8190.23
2018-09-18,24,1588.786,6821.194,8409.98
2018-09-18,25,1888.856,6809.482,8698.338
2018-09-18,26,2325.944,6732.096,9058.04
2018-09-18,27,2706.12,6723.052,9429.172
2018-09-18,28,2925.586,6738.032,9663.618
2018-09-18,29,2824.144,6745.41,9569.554
2018-09-18,30,2641.294,6805.794,9447.088
2018-09-18,31,2426.372,6848.64,9275.012
2018-09-18,32,2436.054,6828.64,9264.694
2018-09-18,33,2415.176,6773.166,9188.342
2018-09-18,34,2644.09,6766.728,9410.818
2018-09-18,35,2990.132,6717.398,9707.53
2018-09-18,36,3347.984,6549.602,9897.586
2018-09-18,37,3161.498,6421.246,9582.744
2018-09-18,38,3175.318,6275.998,9451.316
2018-09-18,39,3071.208,6310.234,9381.442
2018-09-18,40,3058.628,6444.482,9503.11
2018-09-18,41,3098.122,6428.8,9526.922
2018-09-18,42,3065.364,6202.246,9267.61
2018-09-18,43,3129.126,6219.37,9348.496
2018-09-18,44,2964.412,6247.946,9212.358
2018-09-18,45,2605.312,6067.79,8673.102
2018-09-18,46,2296.886,5856.626,8153.512
2018-09-18,47,1920.616,5736.128,7656.744
2018-09-18,48,1591.11,5548.404,7139.514
2018-09-19,1,1559.282,5455.972,7015.254
2018-09-19,2,1458.934,5501.546,6960.48
2018-09-19,3,1312.23,5534.562,6846.792
2018-09-19,4,1234.186,5454.49,6688.676
2018-09-19,5,1288.308,5485.102,6773.41
2018-09-19,6,1262.46,5443.114,6705.574
2018-09-19,7,1229.222,5445.426,6674.648
2018-09-19,8,1178.496,5277.782,6456.278
2018-09-19,9,1217.36,4818.01,6035.37
2018-09-19,10,1249.354,5108.526,6357.88
2018-09-19,11,1354.574,5392.874,6747.448
2018-09-19,12,1358.93,5700.78,7059.71
2018-09-19,13,1630.732,5999.232,7629.964
2018-09-19,14,2076.312,6130.922,8207.234
2018-09-19,15,2281.904,6336.97,8618.874
2018-09-19,16,2442.352,6459.48,8901.832
2018-09-19,17,2687.936,6618.526,9306.462
2018-09-19,18,2775.188,6661.252,9436.44
2018-09-19,19,3071.43,6720.5,9791.93
2018-09-19,20,2970.98,6527.948,9498.928
2018-09-19,21,2880.23,6393.584,9273.814
2018-09-19,22,2409.062,6005.726,8414.788
2018-09-19,23,2187.312,5667.246,7854.558
2018-09-19,24,1570.964,5374.62,6945.584
2018-09-19,25,1422.748,5002.924,6425.672
2018-09-19,26,1444.54,4923.744,6368.284
2018-09-19,27,1502.128,5037.37,6539.498
2018-09-19,28,1775.074,5255.16,7030.234
2018-09-19,29,2090.79,5563.716,7654.506
2018-09-19,30,2596.406,5888.244,8484.65
2018-09-19,31,2707.038,6318.198,9025.236
2018-09-19,32,3149.782,6286.864,9436.646
2018-09-19,33,3236.782,6353.61,9590.392
2018-09-19,34,3132.946,6555.942,9688.888
2018-09-19,35,3339.14,6591.532,9930.672
2018-09-19,36,3702.222,6602.372,10304.594
2018-09-19,37,3474.98,6599.912,10074.892
2018-09-19,38,3449.44,6590.884,10040.324
2018-09-19,39,3404.136,6525.502,9929.638
2018-09-19,40,3453.73,6480.72,9934.45
2018-09-19,41,3413.652,6413.452,9827.104
2018-09-19,42,3340.566,6429.686,9770.252
2018-09-19,43,3429.626,6330.026,9759.652
2018-09-19,44,3206.502,6225.578,9432.08
2018-09-19,45,2825.054,6257.988,9083.042
2018-09-19,46,2399.804,6211.38,8611.184
2018-09-19,47,1808.124,6149.57,7957.694
2018-09-19,48,1603.172,6041.8,7644.972
2018-09-20,1,1391.72,6058.336,7450.056
2018-09-20,2,1299.06,6011.01,7310.07
2018-09-20,3,1277.516,5899.536,7177.052
2018-09-20,4,1245.74,5687.71,6933.45
2018-09-20,5,1262.274,5572.396,6834.67
2018-09-20,6,1261.464,5339.442,6600.906
2018-09-20,7,1247.81,5027.424,6275.234
2018-09-20,8,1258.748,4736.978,5995.726
2018-09-20,9,1308.242,4409.206,5717.448
2018-09-20,10,1459.848,4132.666,5592.514
2018-09-20,11,1705.632,3786.086,5491.718
2018-09-20,12,1939.474,3762.516,5701.99
2018-09-20,13,1910.58,3498.898,5409.478
2018-09-20,14,2263.306,3292.036,5555.342
2018-09-20,15,2519.774,3132.276,5652.05
2018-09-20,16,2675.724,2869.948,5545.672
2018-09-20,17,2501.128,2816.87,5317.998
2018-09-20,18,2533.244,2658.52,5191.764
2018-09-20,19,2615.134,2530.176,5145.31
2018-09-20,20,2614.574,2338.942,4953.516
2018-09-20,21,2615.422,2217.274,4832.696
2018-09-20,22,2689.396,2170.278,4859.674
2018-09-20,23,2757.268,2106.17,4863.438
2018-09-20,24,2691.978,2105.222,4797.2
2018-09-20,25,2508.796,2102.734,4611.53
2018-09-20,26,2309.358,2152.38,4461.738
2018-09-20,27,2104.172,2243.18,4347.352
2018-09-20,28,1962.822,2331.152,4293.974
2018-09-20,29,1788.546,2376.354,4164.9
2018-09-20,30,1606.29,2572.446,4178.736
2018-09-20,31,1508.954,2971.73,4480.684
2018-09-20,32,1413.972,3860.52,5274.492
2018-09-20,33,1347.126,4674.482,6021.608
2018-09-20,34,1137.428,4802.246,5939.674
2018-09-20,35,918.688,4511.69,5430.378
2018-09-20,36,702.094,4480.528,5182.622
2018-09-20,37,588.356,4596.952,5185.308
2018-09-20,38,499.632,4676.902,5176.534
2018-09-20,39,406.766,4773.35,5180.116
2018-09-20,40,357.166,4859.538,5216.704
2018-09-20,41,358.014,4956.786,5314.8
2018-09-20,42,393.176,5199.88,5593.056
2018-09-20,43,396.72,5443.01,5839.73
2018-09-20,44,396.54,5809.82,6206.36
2018-09-20,45,625.804,6096.016,6721.82
2018-09-20,46,881.412,5789.816,6671.228
2018-09-20,47,882.166,5961.894,6844.06
2018-09-20,48,885.102,6248.59,7133.692
2018-09-21,1,908.548,6528.734,7437.282
2018-09-21,2,1027.568,6276.67,7304.238
2018-09-21,3,1084.6,6004.576,7089.176
2018-09-21,4,1099.402,6201.09,7300.492
2018-09-21,5,1269.5,6356.314,7625.814
2018-09-21,6,1009.43,6239.572,7249.002
2018-09-21,7,1126.844,6414.332,7541.176
2018-09-21,8,1605.18,6349.726,7954.906
2018-09-21,9,1776.984,6260.418,8037.402
2018-09-21,10,1927.37,5943.774,7871.144
2018-09-21,11,1790.384,5689.524,7479.908
2018-09-21,12,1766.062,5766.202,7532.264
2018-09-21,13,1946.448,5882.446,7828.894
2018-09-21,14,2189.86,6272.774,8462.634
2018-09-21,15,2575.474,6522.258,9097.732
2018-09-21,16,2857.962,6687.994,9545.956
2018-09-21,17,2924.672,6693.948,9618.62
2018-09-21,18,2851.58,6706.196,9557.776
2018-09-21,19,2917.526,6699.526,9617.052
2018-09-21,20,2904.134,6707.604,9611.738
2018-09-21,21,2906.576,6748.424,9655
2018-09-21,22,2871.98,6757.784,9629.764
2018-09-21,23,2821.494,6769.57,9591.064
2018-09-21,24,2739.408,6752.39,9491.798
2018-09-21,25,2849.066,6730.066,9579.132
2018-09-21,26,2911.388,6746.004,9657.392
2018-09-21,27,2947.13,6676.418,9623.548
2018-09-21,28,3095.222,6651.134,9746.356
2018-09-21,29,3205.594,6690.008,9895.602
2018-09-21,30,3237.994,6689.33,9927.324
2018-09-21,31,3267.932,6639.746,9907.678
2018-09-21,32,3390.854,6668.55,10059.404
2018-09-21,33,3502.51,6698.346,10200.856
2018-09-21,34,3311.87,6713.376,10025.246
2018-09-21,35,3232.808,6708.846,9941.654
2018-09-21,36,3230.536,6744.396,9974.932
2018-09-21,37,3058.754,6696.248,9755.002
2018-09-21,38,2815.556,6614.21,9429.766
2018-09-21,39,2732.096,6459.756,9191.852
2018-09-21,40,3057.298,6605.618,9662.916
2018-09-21,41,3097.684,6506.756,9604.44
2018-09-21,42,3371.744,6443.896,9815.64
2018-09-21,43,3511.548,6479.844,9991.392
2018-09-21,44,3326.914,6482.49,9809.404
2018-09-21,45,3016.846,6422.592,9439.438
2018-09-21,46,2858.97,6408.062,9267.032
2018-09-21,47,2428.186,6299.962,8728.148
2018-09-21,48,2155.612,6236.458,8392.07
2018-09-22,1,1991.258,6175.9,8167.158
2018-09-22,2,1898.674,6145.238,8043.912
2018-09-22,3,1895.738,6088.336,7984.074
2018-09-22,4,1921.724,5908.494,7830.218
2018-09-22,5,1930.366,5960.912,7891.278
2018-09-22,6,1900.324,5864.358,7764.682
2018-09-22,7,1854.072,5694.972,7549.044
2018-09-22,8,2168.898,5450.182,7619.08
2018-09-22,9,2443.562,5363.226,7806.788
2018-09-22,10,2399.574,5155.02,7554.594
2018-09-22,11,2473.632,4973.506,7447.138
2018-09-22,12,2661.61,4727.052,7388.662
2018-09-22,13,2533.388,4355.284,6888.672
2018-09-22,14,2634.35,4182.936,6817.286
2018-09-22,15,2640.178,4136.114,6776.292
2018-09-22,16,2621.188,3817.952,6439.14
2018-09-22,17,2864.074,3500.752,6364.826
2018-09-22,18,3063.354,3328.346,6391.7
2018-09-22,19,2985.01,3204.174,6189.184
2018-09-22,20,2936.238,3001.574,5937.812
2018-09-22,21,2910.468,2727.612,5638.08
2018-09-22,22,2788.06,2585.492,5373.552
2018-09-22,23,2843.736,2492.458,5336.194
2018-09-22,24,2941.986,2486.792,5428.778
2018-09-22,25,2928.016,2411.068,5339.084
2018-09-22,26,2854.48,2446.478,5300.958
2018-09-22,27,2633.74,2368.842,5002.582
2018-09-22,28,2580.194,2034.558,4614.752
2018-09-22,29,2399.95,1741.894,4141.844
2018-09-22,30,2217.58,1452.218,3669.798
2018-09-22,31,2222.844,1257.95,3480.794
2018-09-22,32,2103.994,1049.97,3153.964
2018-09-22,33,2012.78,854.602,2867.382
2018-09-22,34,1881.934,725.934,2607.868
2018-09-22,35,1667.8,684.606,2352.406
2018-09-22,36,1454.202,713.364,2167.566
2018-09-22,37,1282.854,737.498,2020.352
2018-09-22,38,1155.714,699.728,1855.442
2018-09-22,39,1151.722,684.814,1836.536
2018-09-22,40,1126.148,572.196,1698.344
2018-09-22,41,1089.554,605.902,1695.456
2018-09-22,42,1066.392,630.65,1697.042
2018-09-22,43,1053.378,646.402,1699.78
2018-09-22,44,1047.222,636.8,1684.022
2018-09-22,45,1013.01,671.162,1684.172
2018-09-22,46,898.248,707.736,1605.984
2018-09-22,47,886.47,827.412,1713.882
2018-09-22,48,878.63,848.818,1727.448
2018-09-23,1,809.802,839.636,1649.438
2018-09-23,2,774.82,816.548,1591.368
2018-09-23,3,759.098,780.816,1539.914
2018-09-23,4,740.008,748.626,1488.634
2018-09-23,5,753.252,799.328,1552.58
2018-09-23,6,717.798,909.534,1627.332
2018-09-23,7,676.568,974.814,1651.382
2018-09-23,8,690.668,1101.476,1792.144
2018-09-23,9,720.59,1230.362,1950.952
2018-09-23,10,733.298,1326.354,2059.652
2018-09-23,11,759.758,1363.926,2123.684
2018-09-23,12,772.876,1429.138,2202.014
2018-09-23,13,791.73,1613.66,2405.39
2018-09-23,14,776,1728.1,2504.1
2018-09-23,15,791.398,1834.376,2625.774
2018-09-23,16,790.704,2038.334,2829.038
2018-09-23,17,861.572,2174.082,3035.654
2018-09-23,18,866.804,2501.858,3368.662
2018-09-23,19,856.244,2744.246,3600.49
2018-09-23,20,930.054,2876.558,3806.612
2018-09-23,21,1070.042,3361.564,4431.606
2018-09-23,22,1159.71,3631.838,4791.548
2018-09-23,23,1253.406,4116.546,5369.952
2018-09-23,24,1327.624,4447.404,5775.028
2018-09-23,25,1446.678,4958.414,6405.092
2018-09-23,26,1585.972,5018.14,6604.112
2018-09-23,27,1689.968,5188.798,6878.766
2018-09-23,28,1836.77,5397.112,7233.882
2018-09-23,29,1841.08,5269.822,7110.902
2018-09-23,30,1744.89,5627.146,7372.036
2018-09-23,31,1688.314,5820.3,7508.614
2018-09-23,32,1829.356,6020.108,7849.464
2018-09-23,33,2159.032,6202.396,8361.428
2018-09-23,34,2559.5,5979.136,8538.636
2018-09-23,35,2671.498,5856.626,8528.124
2018-09-23,36,2911.508,6048.584,8960.092
2018-09-23,37,2727.452,6215.506,8942.958
2018-09-23,38,2503.124,6226.934,8730.058
2018-09-23,39,2634.876,6093.538,8728.414
2018-09-23,40,2772.572,5908.852,8681.424
2018-09-23,41,2667.588,5720.054,8387.642
2018-09-23,42,2489.788,5530.604,8020.392
2018-09-23,43,2384.35,5381.402,7765.752
2018-09-23,44,2492.052,5180.506,7672.558
2018-09-23,45,2364.74,4882.458,7247.198
2018-09-23,46,2244.59,4636.174,6880.764
2018-09-23,47,2231.094,4306.614,6537.708
2018-09-23,48,2452.164,4115.818,6567.982
2018-09-24,1,2427.31,3942.298,6369.608
2018-09-24,2,2259.59,4048.862,6308.452
2018-09-24,3,2180.234,3986.75,6166.984
2018-09-24,4,2120.436,3882.116,6002.552
2018-09-24,5,2014.278,3891.472,5905.75
2018-09-24,6,1853.954,3626.286,5480.24
2018-09-24,7,1881.018,3500.694,5381.712
2018-09-24,8,1906.62,3276.218,5182.838
2018-09-24,9,1896.104,3111.224,5007.328
2018-09-24,10,1934.006,2934.518,4868.524
2018-09-24,11,1891.95,2808.77,4700.72
2018-09-24,12,1917.764,2723.776,4641.54
2018-09-24,13,1885.48,2523.38,4408.86
2018-09-24,14,1702.312,2355.312,4057.624
2018-09-24,15,1619.826,2291.302,3911.128
2018-09-24,16,1433.244,2103.958,3537.202
2018-09-24,17,1371.548,2066.956,3438.504
2018-09-24,18,1256.7,1952.866,3209.566
2018-09-24,19,1194.526,1756.864,2951.39
2018-09-24,20,1217.43,1722.204,2939.634
2018-09-24,21,1264.786,1668.33,2933.116
2018-09-24,22,1458.138,1521.614,2979.752
2018-09-24,23,1642.408,1402.58,3044.988
2018-09-24,24,1708.166,1215.784,2923.95
2018-09-24,25,1740.914,1259.83,3000.744
2018-09-24,26,1715.336,1217.406,2932.742
2018-09-24,27,1732.412,1132.41,2864.822
2018-09-24,28,1636.646,1083.622,2720.268
2018-09-24,29,1795.708,1025.976,2821.684
2018-09-24,30,1886.698,877.254,2763.952
2018-09-24,31,1848.896,760.394,2609.29
2018-09-24,32,1818.504,729.13,2547.634
2018-09-24,33,1649.85,626.466,2276.316
2018-09-24,34,1530.1,587.866,2117.966
2018-09-24,35,1326.236,553.782,1880.018
2018-09-24,36,1198.816,526.066,1724.882
2018-09-24,37,1011.81,496.908,1508.718
2018-09-24,38,1016.082,483.064,1499.146
2018-09-24,39,1019.012,480.674,1499.686
2018-09-24,40,998.754,407.004,1405.758
2018-09-24,41,1037.276,403.592,1440.868
2018-09-24,42,980.256,371.228,1351.484
2018-09-24,43,1060.034,308.168,1368.202
2018-09-24,44,1111.222,297.278,1408.5
2018-09-24,45,1072.766,359.866,1432.632
2018-09-24,46,1079.582,354.056,1433.638
2018-09-24,47,1052.266,395.228,1447.494
2018-09-24,48,1100.274,410.606,1510.88
2018-09-25,1,1130.942,387.06,1518.002
2018-09-25,2,1259.562,375.314,1634.876
2018-09-25,3,1290.632,344.108,1634.74
2018-09-25,4,1278.642,338.746,1617.388
2018-09-25,5,1356.512,337.744,1694.256
2018-09-25,6,1430.036,334.086,1764.122
2018-09-25,7,1452.484,423.026,1875.51
2018-09-25,8,1405.462,476.994,1882.456
2018-09-25,9,1299.42,564.322,1863.742
2018-09-25,10,1401.462,693.918,2095.38
2018-09-25,11,1432.088,805.27,2237.358
2018-09-25,12,1462.802,840.214,2303.016
2018-09-25,13,1608.106,797.206,2405.312
2018-09-25,14,1796.286,739.254,2535.54
2018-09-25,15,1982.304,715.53,2697.834
2018-09-25,16,2383.098,852.88,3235.978
2018-09-25,17,2811.262,907.166,3718.428
2018-09-25,18,3359.346,1104.966,4464.312
2018-09-25,19,3522.474,1324.742,4847.216
2018-09-25,20,3619.728,1517.618,5137.346
2018-09-25,21,3442.22,1574.07,5016.29
2018-09-25,22,3334.63,1665.606,5000.236
2018-09-25,23,3108.002,1927.258,5035.26
2018-09-25,24,2886.958,2294.594,5181.552
2018-09-25,25,2724.82,2465.796,5190.616
2018-09-25,26,2656.282,2562.412,5218.694
2018-09-25,27,2445.816,2699.434,5145.25
2018-09-25,28,2287.73,2728.582,5016.312
2018-09-25,29,2206.168,2903.398,5109.566
2018-09-25,30,2217.66,3035.578,5253.238
2018-09-25,31,2199.596,3042.89,5242.486
2018-09-25,32,2358.918,3015.192,5374.11
2018-09-25,33,3059.142,3039.054,6098.196
2018-09-25,34,3296.856,3164.208,6461.064
2018-09-25,35,3377.348,3393.298,6770.646
2018-09-25,36,3489.618,3490.398,6980.016
2018-09-25,37,3615.196,3503.232,7118.428
2018-09-25,38,3570.6,3428.316,6998.916
2018-09-25,39,3520.56,3505.9,7026.46
2018-09-25,40,3475.338,3807.772,7283.11
2018-09-25,41,3392.68,3887.53,7280.21
2018-09-25,42,3359.654,3956.898,7316.552
2018-09-25,43,3271.142,4035.944,7307.086
2018-09-25,44,2868.816,4168.688,7037.504
2018-09-25,45,2432.17,4193.252,6625.422
2018-09-25,46,2015.35,4154.964,6170.314
2018-09-25,47,1785.774,4242.97,6028.744
2018-09-25,48,1685.336,4264.994,5950.33
2018-09-26,1,1539.986,4319.8,5859.786
2018-09-26,2,1469.974,4519.674,5989.648
2018-09-26,3,1422.788,4577.492,6000.28
2018-09-26,4,1409.858,4598.074,6007.932
2018-09-26,5,1351.316,4644.286,5995.602
2018-09-26,6,1306.064,4612.91,5918.974
2018-09-26,7,1259.77,4667.324,5927.094
2018-09-26,8,1244.362,4777.672,6022.034
2018-09-26,9,1233.794,4788.736,6022.53
2018-09-26,10,1226.708,4767.986,5994.694
2018-09-26,11,1277.016,4747.326,6024.342
2018-09-26,12,1347.88,4839.18,6187.06
2018-09-26,13,1963.992,4948.524,6912.516
2018-09-26,14,2366.122,4918.952,7285.074
2018-09-26,15,2466.26,4927.82,7394.08
2018-09-26,16,2667.626,4892.702,7560.328
2018-09-26,17,2777.44,4831.668,7609.108
2018-09-26,18,2907.63,4835.13,7742.76
2018-09-26,19,2975.534,4782.326,7757.86
2018-09-26,20,2994.012,4733.088,7727.1
2018-09-26,21,3032.388,4636.82,7669.208
2018-09-26,22,3367.572,4603.26,7970.832
2018-09-26,23,3379.452,4450.222,7829.674
2018-09-26,24,3467.304,4283.802,7751.106
2018-09-26,25,3436.972,4315.09,7752.062
2018-09-26,26,3388.848,4261.814,7650.662
2018-09-26,27,3045.722,4136.984,7182.706
2018-09-26,28,2982.348,3736.458,6718.806
2018-09-26,29,3133.266,3493.524,6626.79
2018-09-26,30,3107.97,3364.932,6472.902
2018-09-26,31,3096.138,3426.362,6522.5
2018-09-26,32,3239.6,3378.656,6618.256
2018-09-26,33,3311.744,3286.182,6597.926
2018-09-26,34,3194.758,3126.124,6320.882
2018-09-26,35,3074.006,3038.138,6112.144
2018-09-26,36,2938.908,2751.312,5690.22
2018-09-26,37,2750.71,2635.634,5386.344
2018-09-26,38,2585.22,2525.1,5110.32
2018-09-26,39,2494.736,2301.82,4796.556
2018-09-26,40,2603.872,2353.788,4957.66
2018-09-26,41,2689.71,2123.296,4813.006
2018-09-26,42,2778.29,1995.656,4773.946
2018-09-26,43,2865.4,2059.542,4924.942
2018-09-26,44,3013.264,2033.192,5046.456
2018-09-26,45,3225.102,1847.78,5072.882
2018-09-26,46,2776.478,1708.464,4484.942
2018-09-26,47,2384.566,1682.024,4066.59
2018-09-26,48,2038.986,1530.372,3569.358
2018-09-27,1,2012.736,1364.464,3377.2
2018-09-27,2,2008.412,1222.33,3230.742
2018-09-27,3,2037.638,1100.624,3138.262
2018-09-27,4,1912.97,1024.082,2937.052
2018-09-27,5,1905.87,1061.012,2966.882
2018-09-27,6,1983.792,1209.478,3193.27
2018-09-27,7,2147.648,1298.368,3446.016
2018-09-27,8,2195.778,1492.238,3688.016
2018-09-27,9,2012.208,1693.202,3705.41
2018-09-27,10,1805.406,1697.428,3502.834
2018-09-27,11,1684.112,1677.546,3361.658
2018-09-27,12,1736.56,1651.594,3388.154
2018-09-27,13,1924.772,1620.232,3545.004
2018-09-27,14,2219.396,1712.84,3932.236
2018-09-27,15,2854.588,1787.09,4641.678
2018-09-27,16,2682.252,1836.71,4518.962
2018-09-27,17,2707.6,2073.654,4781.254
2018-09-27,18,2801.196,2278.308,5079.504
2018-09-27,19,2647.156,2459.668,5106.824
2018-09-27,20,2435.08,2594.068,5029.148
2018-09-27,21,2214.656,2663.152,4877.808
2018-09-27,22,2149.82,2863.752,5013.572
2018-09-27,23,2312.79,2968.928,5281.718
2018-09-27,24,2748.538,3138.57,5887.108
2018-09-27,25,2898.44,3000.938,5899.378
2018-09-27,26,2901.138,2963.068,5864.206
2018-09-27,27,2915.642,2732.594,5648.236
2018-09-27,28,2872.392,2626.746,5499.138
2018-09-27,29,2787.658,2728.362,5516.02
2018-09-27,30,2813.504,2448.05,5261.554
2018-09-27,31,2672.154,2262.582,4934.736
2018-09-27,32,2708.494,1981.55,4690.044
2018-09-27,33,2775.754,2015.678,4791.432
2018-09-27,34,2840.7,2100.516,4941.216
2018-09-27,35,2550.762,2155.336,4706.098
2018-09-27,36,2345.904,2492.042,4837.946
2018-09-27,37,2137.958,3029.44,5167.398
2018-09-27,38,1889.024,3499.02,5388.044
2018-09-27,39,1714.742,3692.214,5406.956
2018-09-27,40,1688.278,3782.048,5470.326
2018-09-27,41,1637.518,3890.934,5528.452
2018-09-27,42,1579.784,4177.562,5757.346
2018-09-27,43,1314.984,4186.3,5501.284
2018-09-27,44,1260.174,4240.68,5500.854
2018-09-27,45,1317.6,4589.916,5907.516
2018-09-27,46,1285.796,4963.198,6248.994
2018-09-27,47,1166.746,4849.03,6015.776
2018-09-27,48,1075.682,4562.426,5638.108
2018-09-28,1,1121.256,4391.536,5512.792
2018-09-28,2,1065.742,4429.902,5495.644
2018-09-28,3,980.09,4111.676,5091.766
2018-09-28,4,953.964,3771.914,4725.878
2018-09-28,5,969.674,3478.932,4448.606
2018-09-28,6,950.052,3226.212,4176.264
2018-09-28,7,899.074,3120.352,4019.426
2018-09-28,8,905.608,3123.04,4028.648
2018-09-28,9,951.168,3123,4074.168
2018-09-28,10,948.406,2957.79,3906.196
2018-09-28,11,942.162,2943.83,3885.992
2018-09-28,12,902.972,2880.394,3783.366
2018-09-28,13,880.05,2815.048,3695.098
2018-09-28,14,938.078,2988.464,3926.542
2018-09-28,15,885.734,3048.814,3934.548
2018-09-28,16,811.704,3158.432,3970.136
2018-09-28,17,755.75,3107.624,3863.374
2018-09-28,18,749.248,3056.922,3806.17
2018-09-28,19,690.276,3003.916,3694.192
2018-09-28,20,649.494,2855.66,3505.154
2018-09-28,21,615.558,2693.738,3309.296
2018-09-28,22,638.718,2615.242,3253.96
2018-09-28,23,651.678,2573.9,3225.578
2018-09-28,24,793.278,2389.99,3183.268
2018-09-28,25,870.892,2285.53,3156.422
2018-09-28,26,841.322,2168.368,3009.69
2018-09-28,27,898.382,2038.252,2936.634
2018-09-28,28,961.012,1958.958,2919.97
2018-09-28,29,1063.072,1926.544,2989.616
2018-09-28,30,979.902,1902.418,2882.32
2018-09-28,31,1083.028,1831.04,2914.068
2018-09-28,32,1076.264,1780.162,2856.426
2018-09-28,33,1061.752,1722.108,2783.86
2018-09-28,34,1037.644,1835.508,2873.152
2018-09-28,35,985.286,1874.04,2859.326
2018-09-28,36,1012.058,1755.302,2767.36
2018-09-28,37,1045.312,1662.026,2707.338
2018-09-28,38,1116.346,1716.542,2832.888
2018-09-28,39,1237.484,1603.182,2840.666
2018-09-28,40,1391.364,1380.224,2771.588
2018-09-28,41,1396.482,1292.02,2688.502
2018-09-28,42,1442.07,1153.266,2595.336
2018-09-28,43,1583.504,989.864,2573.368
2018-09-28,44,1626.7,893.788,2520.488
2018-09-28,45,1686.038,819.374,2505.412
2018-09-28,46,1658.77,803.558,2462.328
2018-09-28,47,1753.452,717.808,2471.26
2018-09-28,48,1942.55,620.796,2563.346
2018-09-29,1,2008.8,594.272,2603.072
2018-09-29,2,2074.532,540.55,2615.082
2018-09-29,3,2137.614,429.992,2567.606
2018-09-29,4,2228.194,412.604,2640.798
2018-09-29,5,2406.38,394.968,2801.348
2018-09-29,6,2609.054,406.664,3015.718
2018-09-29,7,2711.816,501.594,3213.41
2018-09-29,8,2825.478,606.616,3432.094
2018-09-29,9,2857.56,686.46,3544.02
2018-09-29,10,2860.208,811.312,3671.52
2018-09-29,11,2831.206,884.968,3716.174
2018-09-29,12,2823.99,997.814,3821.804
2018-09-29,13,2866.584,1038.506,3905.09
2018-09-29,14,2777.064,978.352,3755.416
2018-09-29,15,2775.438,988.412,3763.85
2018-09-29,16,2838.59,975.538,3814.128
2018-09-29,17,3057.812,947.432,4005.244
2018-09-29,18,3338.542,917.652,4256.194
2018-09-29,19,3181.496,958.052,4139.548
2018-09-29,20,2991.336,1002.874,3994.21
2018-09-29,21,2965.33,1094.74,4060.07
2018-09-29,22,2584.202,1242.882,3827.084
2018-09-29,23,2468.806,1344.632,3813.438
2018-09-29,24,2347.812,1443.184,3790.996
2018-09-29,25,2271.098,1470.146,3741.244
2018-09-29,26,2161.56,1581.938,3743.498
2018-09-29,27,2019.99,1662.562,3682.552
2018-09-29,28,2022.956,1653.838,3676.794
2018-09-29,29,1914.51,1767.752,3682.262
2018-09-29,30,1859.306,1758.884,3618.19
2018-09-29,31,1944.136,1835.588,3779.724
2018-09-29,32,1954.982,1921.266,3876.248
2018-09-29,33,1971.358,1976.74,3948.098
2018-09-29,34,2092.074,2034.188,4126.262
2018-09-29,35,2368.002,2038.67,4406.672
2018-09-29,36,2517.19,1986.538,4503.728
2018-09-29,37,2575.808,2039.644,4615.452
2018-09-29,38,2739.976,2003.988,4743.964
2018-09-29,39,2789.7,1934.69,4724.39
2018-09-29,40,2597.938,1862.782,4460.72
2018-09-29,41,2460.648,1804.396,4265.044
2018-09-29,42,2454.062,1967.826,4421.888
2018-09-29,43,2268.898,1988.086,4256.984
2018-09-29,44,1795.504,2330.6,4126.104
2018-09-29,45,1666.73,2658.426,4325.156
2018-09-29,46,1503.174,2639.698,4142.872
2018-09-29,47,1382.972,2646.48,4029.452
2018-09-29,48,1357.634,2517.648,3875.282
2018-09-30,1,1337.148,2692.046,4029.194
2018-09-30,2,1413.086,2702.282,4115.368
2018-09-30,3,1414.266,2648.472,4062.738
2018-09-30,4,1445.364,2367.284,3812.648
2018-09-30,5,1448.35,2304.412,3752.762
2018-09-30,6,1401.67,2284.494,3686.164
2018-09-30,7,1310.098,2447.67,3757.768
2018-09-30,8,1276.478,2527.008,3803.486
2018-09-30,9,1246.932,2542.742,3789.674
2018-09-30,10,1408.096,2426.524,3834.62
2018-09-30,11,1695.192,2270.454,3965.646
2018-09-30,12,1716.616,2249.852,3966.468
2018-09-30,13,1627.578,2363.258,3990.836
2018-09-30,14,1585.484,2235.728,3821.212
2018-09-30,15,1522.152,2329.408,3851.56
2018-09-30,16,1689.628,2342.91,4032.538
2018-09-30,17,1842.89,2506.298,4349.188
2018-09-30,18,2184.08,2759.958,4944.038
2018-09-30,19,2465.288,2774.31,5239.598
2018-09-30,20,2366.52,2802.698,5169.218
2018-09-30,21,2252.69,2820.744,5073.434
2018-09-30,22,2126.296,2903.24,5029.536
2018-09-30,23,2145.664,2874.686,5020.35
2018-09-30,24,2148.798,3042.128,5190.926
2018-09-30,25,1949.678,2942.824,4892.502
2018-09-30,26,1892.786,3101.4,4994.186
2018-09-30,27,1739.75,3163.322,4903.072
2018-09-30,28,1591.206,3032.856,4624.062
2018-09-30,29,1464.342,2947.63,4411.972
2018-09-30,30,1343.594,3009.856,4353.45
2018-09-30,31,1371.17,3216.254,4587.424
2018-09-30,32,1371.326,3249.658,4620.984
2018-09-30,33,1564.416,3309.552,4873.968
2018-09-30,34,1549.818,3739.366,5289.184
2018-09-30,35,1708.182,3997.12,5705.302
2018-09-30,36,1769.66,4369.158,6138.818
2018-09-30,37,2035.886,4494.446,6530.332
2018-09-30,38,2019.694,4679.9,6699.594
2018-09-30,39,2268.826,4819.356,7088.182
2018-09-30,40,2340.334,5125.62,7465.954
2018-09-30,41,2748.11,5246.67,7994.78
2018-09-30,42,2715.172,5587.756,8302.928
2018-09-30,43,2297.248,5573.354,7870.602
2018-09-30,44,2043.252,5842.562,7885.814
2018-09-30,45,1813.986,5962.814,7776.8
2018-09-30,46,1586.376,6039.21,7625.586
2018-09-30,47,1442.34,6010.988,7453.328
2018-09-30,48,1378.712,5882.186,7260.898
2018-10-01,1,1338.746,5683.684,7022.43
2018-10-01,2,1515.532,5539.914,7055.446
2018-10-01,3,1537.206,5408.828,6946.034
2018-10-01,4,1600.766,5261.366,6862.132
2018-10-01,5,1589.436,5075.916,6665.352
2018-10-01,6,1619.594,4979.366,6598.96
2018-10-01,7,1714.7,4955.594,6670.294
2018-10-01,8,1572.534,5115.474,6688.008
2018-10-01,9,1555.998,5288.546,6844.544
2018-10-01,10,1554.698,5242.138,6796.836
2018-10-01,11,1314.936,5242.53,6557.466
2018-10-01,12,1193.156,5133.41,6326.566
2018-10-01,13,1094.878,5105.054,6199.932
2018-10-01,14,1006.184,4915.6,5921.784
2018-10-01,15,999.13,4700.356,5699.486
2018-10-01,16,925.566,4404.538,5330.104
2018-10-01,17,829.328,4261.77,5091.098
2018-10-01,18,714.07,4094.094,4808.164
2018-10-01,19,584.656,4082.224,4666.88
2018-10-01,20,511.716,3882.476,4394.192
2018-10-01,21,501.426,3722.1,4223.526
2018-10-01,22,582.23,3626.664,4208.894
2018-10-01,23,643.564,3587.7,4231.264
2018-10-01,24,691.136,3532.518,4223.654
2018-10-01,25,731.766,3379.93,4111.696
2018-10-01,26,724.188,3161.748,3885.936
2018-10-01,27,791.672,2858.77,3650.442
2018-10-01,28,859.928,2894.14,3754.068
2018-10-01,29,910.902,2647.092,3557.994
2018-10-01,30,1039.83,2634.562,3674.392
2018-10-01,31,1093.102,2916.736,4009.838
2018-10-01,32,1205.128,2866.57,4071.698
2018-10-01,33,1489.982,2669.972,4159.954
2018-10-01,34,1765.306,2729,4494.306
2018-10-01,35,2058.128,2973.164,5031.292
2018-10-01,36,2343.83,3155.226,5499.056
2018-10-01,37,2721.798,3131.64,5853.438
2018-10-01,38,2945.9,3216.406,6162.306
2018-10-01,39,2943.486,3555.868,6499.354
2018-10-01,40,2597.306,3785.938,6383.244
2018-10-01,41,2270.776,3908.586,6179.362
2018-10-01,42,2308.088,3826.326,6134.414
2018-10-01,43,2084.568,4049.272,6133.84
2018-10-01,44,1893.804,4110.334,6004.138
2018-10-01,45,1762.91,4083.666,5846.576
2018-10-01,46,1589.262,4065.25,5654.512
2018-10-01,47,1613.28,4237.522,5850.802
2018-10-01,48,1658.378,4578.072,6236.45
2018-10-02,1,1606.216,4892.812,6499.028
2018-10-02,2,1504.722,5260.738,6765.46
2018-10-02,3,1493.846,5500.892,6994.738
2018-10-02,4,1436.032,5689.362,7125.394
2018-10-02,5,1397.204,5648.936,7046.14
2018-10-02,6,1393.792,5622.502,7016.294
2018-10-02,7,1407.818,5556.418,6964.236
2018-10-02,8,1383.142,5666.942,7050.084
2018-10-02,9,1393.052,5941.23,7334.282
2018-10-02,10,1345.682,5945.5,7291.182
2018-10-02,11,1360.702,5913.966,7274.668
2018-10-02,12,1566.826,5990.77,7557.596
2018-10-02,13,1563.492,6155.496,7718.988
2018-10-02,14,1555.746,6245.06,7800.806
2018-10-02,15,1654.828,6212.482,7867.31
2018-10-02,16,1731.804,6177.764,7909.568
2018-10-02,17,1953.632,6086.486,8040.118
2018-10-02,18,2263.33,6101.104,8364.434
2018-10-02,19,2701.782,6186.12,8887.902
2018-10-02,20,2738.306,6386.52,9124.826
2018-10-02,21,2720.674,6289.944,9010.618
2018-10-02,22,2819.034,6192.672,9011.706
2018-10-02,23,3019.436,6039.17,9058.606
2018-10-02,24,2923.718,5983.472,8907.19
2018-10-02,25,2589.458,5816.24,8405.698
2018-10-02,26,2543.072,5678.134,8221.206
2018-10-02,27,2379.698,5639.892,8019.59
2018-10-02,28,2377.564,5478.354,7855.918
2018-10-02,29,2403.45,5494.178,7897.628
2018-10-02,30,2659.886,5395.31,8055.196
2018-10-02,31,2821.916,4923.468,7745.384
2018-10-02,32,2960.626,4856.456,7817.082
2018-10-02,33,3104.43,5111.712,8216.142
2018-10-02,34,3317.698,4968.656,8286.354
2018-10-02,35,3483.708,4869.882,8353.59
2018-10-02,36,3786.224,4635.514,8421.738
2018-10-02,37,4036.91,4635.06,8671.97
2018-10-02,38,3853.294,4630.006,8483.3
2018-10-02,39,3516.46,4733.184,8249.644
2018-10-02,40,3356.102,4851.28,8207.382
2018-10-02,41,3278.01,5064.138,8342.148
2018-10-02,42,3096.992,5005.248,8102.24
2018-10-02,43,2996.102,4745.204,7741.306
2018-10-02,44,2777.368,4443.688,7221.056
2018-10-02,45,2536.878,4220.218,6757.096
2018-10-02,46,2384.708,4335.804,6720.512
2018-10-02,47,2190.536,4269.072,6459.608
2018-10-02,48,1942.766,3956.458,5899.224
2018-10-03,1,1774.934,3912.064,5686.998
2018-10-03,2,1587.55,3945.16,5532.71
2018-10-03,3,1435.138,3641.176,5076.314
2018-10-03,4,1209.55,3320.032,4529.582
2018-10-03,5,1023.784,3118.312,4142.096
2018-10-03,6,937.126,2838.58,3775.706
2018-10-03,7,887.118,2884.236,3771.354
2018-10-03,8,793.812,3173.598,3967.41
2018-10-03,9,718.178,3047.842,3766.02
2018-10-03,10,658.952,2881.606,3540.558
2018-10-03,11,661.806,2758.34,3420.146
2018-10-03,12,658.28,2635.168,3293.448
2018-10-03,13,707.772,2569.44,3277.212
2018-10-03,14,821.304,2652.234,3473.538
2018-10-03,15,913.942,2429.586,3343.528
2018-10-03,16,940.322,2243.226,3183.548
2018-10-03,17,1033.334,2041.42,3074.754
2018-10-03,18,1286.676,2067.83,3354.506
2018-10-03,19,1376.636,2158.43,3535.066
2018-10-03,20,1525.364,2125.492,3650.856
2018-10-03,21,1631.642,2191.514,3823.156
2018-10-03,22,1782.696,2226.516,4009.212
2018-10-03,23,2092.192,2152.84,4245.032
2018-10-03,24,2329.602,1913.234,4242.836
2018-10-03,25,2484.118,1943.4,4427.518
2018-10-03,26,2580.992,1943.1,4524.092
2018-10-03,27,2738.824,2058.628,4797.452
2018-10-03,28,2712.356,1988.196,4700.552
2018-10-03,29,2744.296,1988.562,4732.858
2018-10-03,30,2624.118,2114.586,4738.704
2018-10-03,31,2573.632,2119.386,4693.018
2018-10-03,32,2785.978,2323.572,5109.55
2018-10-03,33,2941.076,2460.248,5401.324
2018-10-03,34,2954.564,2455.53,5410.094
2018-10-03,35,3041.908,2433.88,5475.788
2018-10-03,36,3170.19,2253.096,5423.286
2018-10-03,37,2905.254,2189.776,5095.03
2018-10-03,38,2939.97,2197.412,5137.382
2018-10-03,39,2735.77,2233.062,4968.832
2018-10-03,40,2654.5,2300.458,4954.958
2018-10-03,41,2719.966,2396.87,5116.836
2018-10-03,42,2739.334,2532.946,5272.28
2018-10-03,43,2788.452,2364.178,5152.63
2018-10-03,44,3040.494,2233.642,5274.136
2018-10-03,45,3124.71,2210.082,5334.792
2018-10-03,46,3076.4,1942.766,5019.166
2018-10-03,47,3061.748,1899.556,4961.304
2018-10-03,48,2855.884,2104.114,4959.998
2018-10-04,1,2582.884,2182.758,4765.642
2018-10-04,2,2453.274,2173.282,4626.556
2018-10-04,3,2378.156,2146.138,4524.294
2018-10-04,4,2300.758,2154.084,4454.842
2018-10-04,5,2310.13,1903.758,4213.888
2018-10-04,6,2379.03,1687.638,4066.668
2018-10-04,7,2507.326,1630.924,4138.25
2018-10-04,8,2633.786,1711.014,4344.8
2018-10-04,9,2585.126,1855.014,4440.14
2018-10-04,10,2570.078,1844.82,4414.898
2018-10-04,11,2659.686,1868.708,4528.394
2018-10-04,12,2611.162,1689.478,4300.64
2018-10-04,13,2609.46,1698.466,4307.926
2018-10-04,14,2645.73,1766.604,4412.334
2018-10-04,15,2741.5,1601.438,4342.938
2018-10-04,16,2771.264,1729.64,4500.904
2018-10-04,17,2713.014,2099.23,4812.244
2018-10-04,18,2838.478,2292.8,5131.278
2018-10-04,19,3003.754,2390.562,5394.316
2018-10-04,20,2724.902,2456.264,5181.166
2018-10-04,21,2682.764,2442.248,5125.012
2018-10-04,22,2562.992,2594.692,5157.684
2018-10-04,23,2405.912,2728.358,5134.27
2018-10-04,24,2257.222,2874.818,5132.04
2018-10-04,25,2245.098,2928.648,5173.746
2018-10-04,26,2152.972,3018.398,5171.37
2018-10-04,27,2115.874,3256.358,5372.232
2018-10-04,28,2005.248,3474.93,5480.178
2018-10-04,29,1884.114,3622.248,5506.362
2018-10-04,30,1975.906,3782.248,5758.154
2018-10-04,31,2001.268,3827.468,5828.736
2018-10-04,32,2201.534,3795.44,5996.974
2018-10-04,33,2396.692,3896.164,6292.856
2018-10-04,34,2672.286,3961.726,6634.012
2018-10-04,35,2819.318,3890.36,6709.678
2018-10-04,36,2642.936,3566.502,6209.438
2018-10-04,37,2584.188,3498.122,6082.31
2018-10-04,38,2351.504,3471.27,5822.774
2018-10-04,39,2124.258,3552.74,5676.998
2018-10-04,40,2004.776,3618.468,5623.244
2018-10-04,41,2054.332,3534.302,5588.634
2018-10-04,42,1924.124,3550.93,5475.054
2018-10-04,43,1872.318,3480.55,5352.868
2018-10-04,44,1724.582,3346.016,5070.598
2018-10-04,45,1636.546,3223.85,4860.396
2018-10-04,46,1550.17,3115.154,4665.324
2018-10-04,47,1474.048,2669.63,4143.678
2018-10-04,48,1337.172,2212.736,3549.908
2018-10-05,1,1314.904,1598.126,2913.03
2018-10-05,2,1234.836,1190.2,2425.036
2018-10-05,3,1207.82,1019.66,2227.48
2018-10-05,4,1142.002,991.432,2133.434
2018-10-05,5,1033.43,967.79,2001.22
2018-10-05,6,989.206,991.864,1981.07
2018-10-05,7,914.218,1039.83,1954.048
2018-10-05,8,859.834,1130.322,1990.156
2018-10-05,9,817.376,1211.004,2028.38
2018-10-05,10,748.968,1193.302,1942.27
2018-10-05,11,764.612,1213.554,1978.166
2018-10-05,12,730.426,1114.726,1845.152
2018-10-05,13,667.79,1074.574,1742.364
2018-10-05,14,622.304,1388.854,2011.158
2018-10-05,15,621.26,1824.284,2445.544
2018-10-05,16,612.476,1653.52,2265.996
2018-10-05,17,628.962,1494.714,2123.676
2018-10-05,18,542.398,1374.478,1916.876
2018-10-05,19,535.462,1385.634,1921.096
2018-10-05,20,518.684,1399.544,1918.228
2018-10-05,21,556.508,1401.156,1957.664
2018-10-05,22,630.584,1359.072,1989.656
2018-10-05,23,699.616,1252.168,1951.784
2018-10-05,24,748.862,1146.222,1895.084
2018-10-05,25,890.202,1149.936,2040.138
2018-10-05,26,983.432,1087.226,2070.658
2018-10-05,27,1124.434,876.568,2001.002
2018-10-05,28,1225.044,731.252,1956.296
2018-10-05,29,1225.806,692.736,1918.542
2018-10-05,30,1201.234,749.304,1950.538
2018-10-05,31,1221.076,975.298,2196.374
2018-10-05,32,1159.088,1150.694,2309.782
2018-10-05,33,1074.548,1186.508,2261.056
2018-10-05,34,1082.538,1149.284,2231.822
2018-10-05,35,932.702,1205.202,2137.904
2018-10-05,36,851.136,1120.996,1972.132
2018-10-05,37,842.66,1019.066,1861.726
2018-10-05,38,807.906,882.93,1690.836
2018-10-05,39,815.206,860.228,1675.434
2018-10-05,40,770.77,826.718,1597.488
2018-10-05,41,713.108,849.48,1562.588
2018-10-05,42,695.9,878.134,1574.034
2018-10-05,43,719.382,874.604,1593.986
2018-10-05,44,701.06,877.318,1578.378
2018-10-05,45,677.028,937.898,1614.926
2018-10-05,46,724.7,840.19,1564.89
2018-10-05,47,756.786,746.482,1503.268
2018-10-05,48,755.874,731.18,1487.054
2018-10-06,1,752.418,752.302,1504.72
2018-10-06,2,793.992,890.056,1684.048
2018-10-06,3,842.928,964.84,1807.768
2018-10-06,4,873.61,1015.038,1888.648
2018-10-06,5,925.294,1044.98,1970.274
2018-10-06,6,885.056,1097.73,1982.786
2018-10-06,7,937.408,1130.322,2067.73
2018-10-06,8,907.356,1157.244,2064.6
2018-10-06,9,958.848,1289.274,2248.122
2018-10-06,10,893.338,1662.914,2556.252
2018-10-06,11,849.876,1901.022,2750.898
2018-10-06,12,881.158,1993.872,2875.03
2018-10-06,13,852.214,1972.56,2824.774
2018-10-06,14,853.048,1907.102,2760.15
2018-10-06,15,865.102,1935.782,2800.884
2018-10-06,16,827.77,1970.85,2798.62
2018-10-06,17,769.918,2039.152,2809.07
2018-10-06,18,755.226,2038.18,2793.406
2018-10-06,19,665.478,2202.442,2867.92
2018-10-06,20,546.186,2546.55,3092.736
2018-10-06,21,476.528,2689.804,3166.332
2018-10-06,22,445.308,2780.188,3225.496
2018-10-06,23,484.392,2815.924,3300.316
2018-10-06,24,612.812,2954.414,3567.226
2018-10-06,25,700.866,3388.144,4089.01
2018-10-06,26,679.764,3739.266,4419.03
2018-10-06,27,663.342,3919.406,4582.748
2018-10-06,28,681.136,4177.856,4858.992
2018-10-06,29,701.258,4439.904,5141.162
2018-10-06,30,729.526,4582.072,5311.598
2018-10-06,31,755.586,4716.828,5472.414
2018-10-06,32,655.778,4786.228,5442.006
2018-10-06,33,639.484,4732.452,5371.936
2018-10-06,34,611.906,4604.718,5216.624
2018-10-06,35,536.834,4454.11,4990.944
2018-10-06,36,469.014,4422.618,4891.632
2018-10-06,37,446.788,4374.084,4820.872
2018-10-06,38,492.948,4364.846,4857.794
2018-10-06,39,528.682,4341.5,4870.182
2018-10-06,40,546.38,4201.804,4748.184
2018-10-06,41,573.968,4065.196,4639.164
2018-10-06,42,578.254,3986.154,4564.408
2018-10-06,43,589.332,3843.822,4433.154
2018-10-06,44,595.918,3836.002,4431.92
2018-10-06,45,576.73,3694.618,4271.348
2018-10-06,46,575.862,3542.154,4118.016
2018-10-06,47,617.21,3434.506,4051.716
2018-10-06,48,649.22,3335.616,3984.836
2018-10-07,1,673.552,3303.604,3977.156
2018-10-07,2,698.194,3300.658,3998.852
2018-10-07,3,815.622,3203.996,4019.618
2018-10-07,4,935.246,3054.974,3990.22
2018-10-07,5,1093.406,2946.128,4039.534
2018-10-07,6,1163.118,2922.274,4085.392
2018-10-07,7,1308.574,2804.664,4113.238
2018-10-07,8,1482.94,2729.206,4212.146
2018-10-07,9,1583.14,2629.162,4212.302
2018-10-07,10,1741.454,2539.802,4281.256
2018-10-07,11,1797.024,2460.28,4257.304
2018-10-07,12,2041.05,2309.674,4350.724
2018-10-07,13,2268.594,2245.756,4514.35
2018-10-07,14,2369.312,2261.06,4630.372
2018-10-07,15,2586.68,2109.238,4695.918
2018-10-07,16,2751.028,2134.994,4886.022
2018-10-07,17,2816.76,2138.834,4955.594
2018-10-07,18,2932.002,2154.124,5086.126
2018-10-07,19,2848.25,2203.336,5051.586
2018-10-07,20,2714.128,2382.256,5096.384
2018-10-07,21,2437.524,2554.902,4992.426
2018-10-07,22,2246.682,2659.38,4906.062
2018-10-07,23,2089.064,2634.726,4723.79
2018-10-07,24,1963.048,2549.014,4512.062
2018-10-07,25,1870.606,2571.892,4442.498
2018-10-07,26,1877.244,2591.534,4468.778
2018-10-07,27,2004.332,2712.396,4716.728
2018-10-07,28,2099.746,2846.78,4946.526
2018-10-07,29,2039.63,2885.128,4924.758
2018-10-07,30,2061.602,2801.458,4863.06
2018-10-07,31,2070.738,2852.016,4922.754
2018-10-07,32,1843.986,2818.638,4662.624
2018-10-07,33,2023.638,2837.896,4861.534
2018-10-07,34,2269.816,2936.308,5206.124
2018-10-07,35,2292.042,3056.812,5348.854
2018-10-07,36,2345.45,3223.53,5568.98
2018-10-07,37,2355.674,3354.348,5710.022
2018-10-07,38,2356.5,3491.546,5848.046
2018-10-07,39,2338.218,3664.824,6003.042
2018-10-07,40,2142.61,3899.394,6042.004
2018-10-07,41,2204.774,4123.608,6328.382
2018-10-07,42,2181.032,4278.368,6459.4
2018-10-07,43,2161.258,4367.498,6528.756
2018-10-07,44,2058.38,4427.868,6486.248
2018-10-07,45,1828.134,4403.722,6231.856
2018-10-07,46,1655.208,4450.76,6105.968
2018-10-07,47,1390.498,4425.34,5815.838
2018-10-07,48,1239.52,4399.342,5638.862
2018-10-08,1,1109.838,4370.158,5479.996
2018-10-08,2,1022.978,4246.618,5269.596
2018-10-08,3,978.456,4178.736,5157.192
2018-10-08,4,993.748,4276.828,5270.576
2018-10-08,5,1012.786,4207.426,5220.212
2018-10-08,6,1013.916,4169.082,5182.998
2018-10-08,7,1027.556,4130.682,5158.238
2018-10-08,8,1005.262,4118.076,5123.338
2018-10-08,9,925.782,4219.282,5145.064
2018-10-08,10,948.54,4267.546,5216.086
2018-10-08,11,907.074,4375.102,5282.176
2018-10-08,12,877.13,4491.146,5368.276
2018-10-08,13,895.138,4524.264,5419.402
2018-10-08,14,1123.808,4758.238,5882.046
2018-10-08,15,1468.182,4777.694,6245.876
2018-10-08,16,1949.616,4675.588,6625.204
2018-10-08,17,2378.75,4617.21,6995.96
2018-10-08,18,2436.128,4671.874,7108.002
2018-10-08,19,2029.022,4683.578,6712.6
2018-10-08,20,2016.184,4633.65,6649.834
2018-10-08,21,2046.538,4608.736,6655.274
2018-10-08,22,2039.066,4569.678,6608.744
2018-10-08,23,2135.91,4651.276,6787.186
2018-10-08,24,2340.202,4629.84,6970.042
2018-10-08,25,2385.468,4663.466,7048.934
2018-10-08,26,2367.374,4896.774,7264.148
2018-10-08,27,2264.092,5098.292,7362.384
2018-10-08,28,2087.862,5160.576,7248.438
2018-10-08,29,1954.646,5301.71,7256.356
2018-10-08,30,1935.76,5109.268,7045.028
2018-10-08,31,1998.8,4998.66,6997.46
2018-10-08,32,2131.758,5101.908,7233.666
2018-10-08,33,2175.996,5148.284,7324.28
2018-10-08,34,2331.278,5127.148,7458.426
2018-10-08,35,2516.682,5221.05,7737.732
2018-10-08,36,2563.054,5102.564,7665.618
2018-10-08,37,2400.742,4863.436,7264.178
2018-10-08,38,2338.6,4704.62,7043.22
2018-10-08,39,2265.282,4574.132,6839.414
2018-10-08,40,1985.452,4587.04,6572.492
2018-10-08,41,1819.332,4605.572,6424.904
2018-10-08,42,1755.606,4578.932,6334.538
2018-10-08,43,1620.27,4545.278,6165.548
2018-10-08,44,1438.952,4470.132,5909.084
2018-10-08,45,1319.14,4460.954,5780.094
2018-10-08,46,1265.326,4191.222,5456.548
2018-10-08,47,1221.756,4174.192,5395.948
2018-10-08,48,1220.646,4232.188,5452.834
2018-10-09,1,1233.19,4411.452,5644.642
2018-10-09,2,1241.828,4220.49,5462.318
2018-10-09,3,1230.492,4141.882,5372.374
2018-10-09,4,1189.728,3782.63,4972.358
2018-10-09,5,1159.82,3780.27,4940.09
2018-10-09,6,1177.492,3673.394,4850.886
2018-10-09,7,1171.118,3532.278,4703.396
2018-10-09,8,1178.774,3429.096,4607.87
2018-10-09,9,1186.18,3325.934,4512.114
2018-10-09,10,1210.888,3258.206,4469.094
2018-10-09,11,1212.562,3291.21,4503.772
2018-10-09,12,1223.424,3402.158,4625.582
2018-10-09,13,1226.814,3698.396,4925.21
2018-10-09,14,1257.13,4088.31,5345.44
2018-10-09,15,1488.592,4234.584,5723.176
2018-10-09,16,1715.7,4370.146,6085.846
2018-10-09,17,1965.252,4423.048,6388.3
2018-10-09,18,2042.544,4552.372,6594.916
2018-10-09,19,2065.692,4781.982,6847.674
2018-10-09,20,2300.178,4784.142,7084.32
2018-10-09,21,2172.636,4713.816,6886.452
2018-10-09,22,2164.956,4598.144,6763.1
2018-10-09,23,2124.518,4483.408,6607.926
2018-10-09,24,2173.088,4385.206,6558.294
2018-10-09,25,2314.59,4327.054,6641.644
2018-10-09,26,2313.534,4366.95,6680.484
2018-10-09,27,2295.122,4432.898,6728.02
2018-10-09,28,2207.23,4223.334,6430.564
2018-10-09,29,2234.746,4254.174,6488.92
2018-10-09,30,2297.746,4202.916,6500.662
2018-10-09,31,2264.562,4105.664,6370.226
2018-10-09,32,2406.924,3945.85,6352.774
2018-10-09,33,2615.376,3884.072,6499.448
2018-10-09,34,2770.082,3814.164,6584.246
2018-10-09,35,2840.816,3751.164,6591.98
2018-10-09,36,2991.7,3654.796,6646.496
2018-10-09,37,2991.69,3602.058,6593.748
2018-10-09,38,3174.8,3420.754,6595.554
2018-10-09,39,3284.406,3412.9,6697.306
2018-10-09,40,3302.384,3335.962,6638.346
2018-10-09,41,3157.848,3174.4,6332.248
2018-10-09,42,3113.686,2912.482,6026.168
2018-10-09,43,2911.75,2566.88,5478.63
2018-10-09,44,2750.68,2390.81,5141.49
2018-10-09,45,2573.204,2345.162,4918.366
2018-10-09,46,2409.418,2314.852,4724.27
2018-10-09,47,2348.062,2133.018,4481.08
2018-10-09,48,2151.26,2128.458,4279.718
2018-10-10,1,2062.602,2035.814,4098.416
2018-10-10,2,2061.684,1987.558,4049.242
2018-10-10,3,2078.288,1911.718,3990.006
2018-10-10,4,2087.834,1950.556,4038.39
2018-10-10,5,2076.128,1900.504,3976.632
2018-10-10,6,2091.268,1787.662,3878.93
2018-10-10,7,2160.136,1523.428,3683.564
2018-10-10,8,2202.718,1491.536,3694.254
2018-10-10,9,2144.468,1449.108,3593.576
2018-10-10,10,2054.82,1370.854,3425.674
2018-10-10,11,2225.568,1293.272,3518.84
2018-10-10,12,2427.558,1360.17,3787.728
2018-10-10,13,2692.744,1575.49,4268.234
2018-10-10,14,2820.11,1679.882,4499.992
2018-10-10,15,2871.582,1773.508,4645.09
2018-10-10,16,2685.344,1935.3,4620.644
2018-10-10,17,2634.902,2099.828,4734.73
2018-10-10,18,2654.592,2210.726,4865.318
2018-10-10,19,2503.93,2361.094,4865.024
2018-10-10,20,2374.75,2532.38,4907.13
2018-10-10,21,2259.78,2565.948,4825.728
2018-10-10,22,2195.528,2629.278,4824.806
2018-10-10,23,2081.772,2773.612,4855.384
2018-10-10,24,2036.924,2896.778,4933.702
2018-10-10,25,2008.756,3034.442,5043.198
2018-10-10,26,1996.4,3285.086,5281.486
2018-10-10,27,2005.124,3736.218,5741.342
2018-10-10,28,2113.118,3974.45,6087.568
2018-10-10,29,2256.134,4028.142,6284.276
2018-10-10,30,2384.84,3896.578,6281.418
2018-10-10,31,2605.134,3865.444,6470.578
2018-10-10,32,2675.918,4065.798,6741.716
2018-10-10,33,2686.236,4183.046,6869.282
2018-10-10,34,2571.384,4382.77,6954.154
2018-10-10,35,2714.634,4517.102,7231.736
2018-10-10,36,2648.112,4705.414,7353.526
2018-10-10,37,2676.624,4631.63,7308.254
2018-10-10,38,2710.884,4722.172,7433.056
2018-10-10,39,2722.864,5109.414,7832.278
2018-10-10,40,2749.724,5356.36,8106.084
2018-10-10,41,2692.506,5335.566,8028.072
2018-10-10,42,2672.446,5253.978,7926.424
2018-10-10,43,2576.106,5214.336,7790.442
2018-10-10,44,2499.17,5435.956,7935.126
2018-10-10,45,2338.96,5490.014,7828.974
2018-10-10,46,2248.424,5365.924,7614.348
2018-10-10,47,2259.628,5218.49,7478.118
2018-10-10,48,2044.29,5249.312,7293.602
2018-10-11,1,1860.49,5226.812,7087.302
2018-10-11,2,1826.348,5072.862,6899.21
2018-10-11,3,1894.798,4937.648,6832.446
2018-10-11,4,1948.116,4793.288,6741.404
2018-10-11,5,1950.194,4470.66,6420.854
2018-10-11,6,2105.652,4630.062,6735.714
2018-10-11,7,2064.082,4837.774,6901.856
2018-10-11,8,2053.682,4994.764,7048.446
2018-10-11,9,2021.126,5090.096,7111.222
2018-10-11,10,1988.538,5004.54,6993.078
2018-10-11,11,1884.406,4764.734,6649.14
2018-10-11,12,1833.764,4946.7,6780.464
2018-10-11,13,1908.306,5148.118,7056.424
2018-10-11,14,2198.514,5258.008,7456.522
2018-10-11,15,2418.14,5235.888,7654.028
2018-10-11,16,2801.836,5374.822,8176.658
2018-10-11,17,2970.584,5459.242,8429.826
2018-10-11,18,2927.954,5548.784,8476.738
2018-10-11,19,2906.168,5637.15,8543.318
2018-10-11,20,2958.156,5732.842,8690.998
2018-10-11,21,2947.424,5583.2,8530.624
2018-10-11,22,2908.434,5915.158,8823.592
2018-10-11,23,2899.95,5959.83,8859.78
2018-10-11,24,2888.836,5816.512,8705.348
2018-10-11,25,2974.352,5800.448,8774.8
2018-10-11,26,3133.368,5819.858,8953.226
2018-10-11,27,3321.642,5739.046,9060.688
2018-10-11,28,3604.868,5704.366,9309.234
2018-10-11,29,3873.87,5782.82,9656.69
2018-10-11,30,3932.268,5751.332,9683.6
2018-10-11,31,3928.048,5199.578,9127.626
2018-10-11,32,3746.268,3975.422,7721.69
2018-10-11,33,3685.998,3751.316,7437.314
2018-10-11,34,3667.186,3817.588,7484.774
2018-10-11,35,3549.526,3640.91,7190.436
2018-10-11,36,3493.328,3473.544,6966.872
2018-10-11,37,3025.266,3225.436,6250.702
2018-10-11,38,2505.884,2899.476,5405.36
2018-10-11,39,2272.25,2948.506,5220.756
2018-10-11,40,2038.574,2777.6,4816.174
2018-10-11,41,1880.736,2723.496,4604.232
2018-10-11,42,1783.038,2718.096,4501.134
2018-10-11,43,1634.44,2975.324,4609.764
2018-10-11,44,1538.902,2821.114,4360.016
2018-10-11,45,1473.924,2930.508,4404.432
2018-10-11,46,1392.808,3051.014,4443.822
2018-10-11,47,1361.582,3154.09,4515.672
2018-10-11,48,1427.34,3560.164,4987.504
2018-10-12,1,1609.358,3750.182,5359.54
2018-10-12,2,1631.396,4355.524,5986.92
2018-10-12,3,1690.08,4975.882,6665.962
2018-10-12,4,1879.816,5197.952,7077.768
2018-10-12,5,2264.316,5200.922,7465.238
2018-10-12,6,2008.308,5287.142,7295.45
2018-10-12,7,1709.324,5697.262,7406.586
2018-10-12,8,1403.624,5646.762,7050.386
2018-10-12,9,1395.536,5607.982,7003.518
2018-10-12,10,1286.594,5662.348,6948.942
2018-10-12,11,1382.686,5930.668,7313.354
2018-10-12,12,1539.436,6166.864,7706.3
2018-10-12,13,1655.132,6319.426,7974.558
2018-10-12,14,1811.086,6271.068,8082.154
2018-10-12,15,1928.628,6344.032,8272.66
2018-10-12,16,2329.932,6286.556,8616.488
2018-10-12,17,2657.382,6307.748,8965.13
2018-10-12,18,2937.444,6370.062,9307.506
2018-10-12,19,3203.864,6448.248,9652.112
2018-10-12,20,3154.766,6415.868,9570.634
2018-10-12,21,3266.848,6646.386,9913.234
2018-10-12,22,3439.076,6698.664,10137.74
2018-10-12,23,3590.912,6600.41,10191.322
2018-10-12,24,3551.154,6453.426,10004.58
2018-10-12,25,3559.198,6554.94,10114.138
2018-10-12,26,3760.286,6630.736,10391.022
2018-10-12,27,3789.078,6641.132,10430.21
2018-10-12,28,3798.412,6551.464,10349.876
2018-10-12,29,3666.384,6591.46,10257.844
2018-10-12,30,3408.97,6657.404,10066.374
2018-10-12,31,3495.886,6621.248,10117.134
2018-10-12,32,3707.624,6325.658,10033.282
2018-10-12,33,3652.806,5955.278,9608.084
2018-10-12,34,3714.04,5750.326,9464.366
2018-10-12,35,3976.854,5702.25,9679.104
2018-10-12,36,4337.246,5812.606,10149.852
2018-10-12,37,4247.246,5833.052,10080.298
2018-10-12,38,4198.094,6054.474,10252.568
2018-10-12,39,3959.032,6483.712,10442.744
2018-10-12,40,3776.338,6542.86,10319.198
2018-10-12,41,3760.198,6443.724,10203.922
2018-10-12,42,3697.298,6365.14,10062.438
2018-10-12,43,3656.95,6242.82,9899.77
2018-10-12,44,3696.708,6005.624,9702.332
2018-10-12,45,3573.164,5942.918,9516.082
2018-10-12,46,3474.952,5338.036,8812.988
2018-10-12,47,3404.118,5070.588,8474.706
2018-10-12,48,3262.962,4962.33,8225.292
2018-10-13,1,3148.502,4893.252,8041.754
2018-10-13,2,3038.344,4505.894,7544.238
2018-10-13,3,3018.626,4390.364,7408.99
2018-10-13,4,2991.986,4403.214,7395.2
2018-10-13,5,2922.922,4337.108,7260.03
2018-10-13,6,2672.944,4403.786,7076.73
2018-10-13,7,2468.426,4444.226,6912.652
2018-10-13,8,2335.08,4376.044,6711.124
2018-10-13,9,2094.744,4389.28,6484.024
2018-10-13,10,1824.566,4529.166,6353.732
2018-10-13,11,1712.636,4402.528,6115.164
2018-10-13,12,1443.65,4307.962,5751.612
2018-10-13,13,1178.882,4449.658,5628.54
2018-10-13,14,1052.25,4496.39,5548.64
2018-10-13,15,975.084,4460.986,5436.07
2018-10-13,16,887.27,4438.652,5325.922
2018-10-13,17,746.04,4443.87,5189.91
2018-10-13,18,716.098,4288.278,5004.376
2018-10-13,19,745.068,4227.268,4972.336
2018-10-13,20,705.948,4289.216,4995.164
2018-10-13,21,701.678,4285.628,4987.306
2018-10-13,22,655.638,4542.89,5198.528
2018-10-13,23,595.838,5013.532,5609.37
2018-10-13,24,516.008,5409.96,5925.968
2018-10-13,25,459.322,5614.66,6073.982
2018-10-13,26,440.674,5700.942,6141.616
2018-10-13,27,460.338,5539.01,5999.348
2018-10-13,28,523.874,5476.588,6000.462
2018-10-13,29,724.762,5592.1,6316.862
2018-10-13,30,1110.116,5777.752,6887.868
2018-10-13,31,1612.148,5903.948,7516.096
2018-10-13,32,2253.684,6026.958,8280.642
2018-10-13,33,2584.564,6397.1,8981.664
2018-10-13,34,2850.714,6484.772,9335.486
2018-10-13,35,3175.064,6537.918,9712.982
2018-10-13,36,3002.4,6524.042,9526.442
2018-10-13,37,2689.744,6509.292,9199.036
2018-10-13,38,2591.562,6500.214,9091.776
2018-10-13,39,2650.572,6537.38,9187.952
2018-10-13,40,2675.998,6515.244,9191.242
2018-10-13,41,2634.468,6446.342,9080.81
2018-10-13,42,2673.408,6408.588,9081.996
2018-10-13,43,2785.834,6388.282,9174.116
2018-10-13,44,2858.844,6234.388,9093.232
2018-10-13,45,2764.152,5940.442,8704.594
2018-10-13,46,2649.742,5114.618,7764.36
2018-10-13,47,2472.204,4490.69,6962.894
2018-10-13,48,2398.42,4231.346,6629.766
2018-10-14,1,2410.012,4164.086,6574.098
2018-10-14,2,2432.744,4122.788,6555.532
2018-10-14,3,2369.044,3908.438,6277.482
2018-10-14,4,2500.748,3622.474,6123.222
2018-10-14,5,2459.088,3391.704,5850.792
2018-10-14,6,2388.206,3434.982,5823.188
2018-10-14,7,2168.83,3419.074,5587.904
2018-10-14,8,2002.194,3015.026,5017.22
2018-10-14,9,1602.444,2598.618,4201.062
2018-10-14,10,1272.45,2336.164,3608.614
2018-10-14,11,1089.064,2051.596,3140.66
2018-10-14,12,973.786,1838.544,2812.33
2018-10-14,13,939.196,1626.944,2566.14
2018-10-14,14,848.23,1395.404,2243.634
2018-10-14,15,750.268,1173.088,1923.356
2018-10-14,16,654.59,931.252,1585.842
2018-10-14,17,503.23,907.308,1410.538
2018-10-14,18,395.988,892.812,1288.8
2018-10-14,19,290.116,924.714,1214.83
2018-10-14,20,271.75,943.35,1215.1
2018-10-14,21,249.034,1071.04,1320.074
2018-10-14,22,251.278,1312.604,1563.882
2018-10-14,23,250.308,1427.052,1677.36
2018-10-14,24,255.004,1512.862,1767.866
2018-10-14,25,255.836,2120.132,2375.968
2018-10-14,26,251.622,2388.514,2640.136
2018-10-14,27,258.946,2433.89,2692.836
2018-10-14,28,278.94,2413.08,2692.02
2018-10-14,29,266.402,2333.366,2599.768
2018-10-14,30,273.372,2294.046,2567.418
2018-10-14,31,263.302,2298,2561.302
2018-10-14,32,255.59,2339.862,2595.452
2018-10-14,33,253.686,2404.08,2657.766
2018-10-14,34,262.376,2676.91,2939.286
2018-10-14,35,285.5,2928.402,3213.902
2018-10-14,36,308.856,3083.072,3391.928
2018-10-14,37,314.378,3078.438,3392.816
2018-10-14,38,315.072,3166.166,3481.238
2018-10-14,39,290.756,3106.892,3397.648
2018-10-14,40,256.124,3112.858,3368.982
2018-10-14,41,229.722,2989.484,3219.206
2018-10-14,42,217.62,2987.356,3204.976
2018-10-14,43,233.046,3026.21,3259.256
2018-10-14,44,253.146,3073.534,3326.68
2018-10-14,45,268.21,3088.768,3356.978
2018-10-14,46,270.004,3023.598,3293.602
2018-10-14,47,270.988,3132.416,3403.404
2018-10-14,48,298.062,3221.858,3519.92
2018-10-15,1,330.182,3202.194,3532.376
2018-10-15,2,346.36,3187.258,3533.618
2018-10-15,3,360.63,3129.598,3490.228
2018-10-15,4,369.122,2962.138,3331.26
2018-10-15,5,407.756,2776.752,3184.508
2018-10-15,6,436.9,2716.734,3153.634
2018-10-15,7,432.798,2615.658,3048.456
2018-10-15,8,422.57,2793.066,3215.636
2018-10-15,9,393.24,2818.99,3212.23
2018-10-15,10,409.776,2614.15,3023.926
2018-10-15,11,359.666,2449.476,2809.142
2018-10-15,12,355.52,2301.712,2657.232
2018-10-15,13,319.116,2180.118,2499.234
2018-10-15,14,298.444,2158.984,2457.428
2018-10-15,15,317.29,1940.434,2257.724
2018-10-15,16,294.482,1919.62,2214.102
2018-10-15,17,297.188,1955.24,2252.428
2018-10-15,18,317.254,1981.426,2298.68
2018-10-15,19,392.414,2043.406,2435.82
2018-10-15,20,415.012,2077.46,2492.472
2018-10-15,21,389.892,2094.458,2484.35
2018-10-15,22,400.118,2077.45,2477.568
2018-10-15,23,468.184,2105.278,2573.462
2018-10-15,24,467.038,2142.62,2609.658
2018-10-15,25,456.432,2119.01,2575.442
2018-10-15,26,468.512,2126.198,2594.71
2018-10-15,27,454.588,2119.006,2573.594
2018-10-15,28,406.48,2087.432,2493.912
2018-10-15,29,377.742,2055.856,2433.598
2018-10-15,30,355.292,1983.654,2338.946
2018-10-15,31,314.256,1974.37,2288.626
2018-10-15,32,259.046,1932.2,2191.246
2018-10-15,33,204.646,1841.026,2045.672
2018-10-15,34,180.71,1833.626,2014.336
2018-10-15,35,157.096,1831.194,1988.29
2018-10-15,36,180.234,1858.166,2038.4
2018-10-15,37,237.684,1924.964,2162.648
2018-10-15,38,324.04,1813.574,2137.614
2018-10-15,39,387.79,1684.23,2072.02
2018-10-15,40,454.2,1454.966,1909.166
2018-10-15,41,626.656,1271.46,1898.116
2018-10-15,42,933.566,1270.508,2204.074
2018-10-15,43,1204.228,1261.022,2465.25
2018-10-15,44,1397.746,1164.452,2562.198
2018-10-15,45,1543.972,1152.932,2696.904
2018-10-15,46,1728.12,1067.254,2795.374
2018-10-15,47,1870.332,918.27,2788.602
2018-10-15,48,2102.166,864.448,2966.614
2018-10-16,1,2323.906,757.212,3081.118
2018-10-16,2,2459.424,716.934,3176.358
2018-10-16,3,2680.302,742.102,3422.404
2018-10-16,4,2712.118,791.262,3503.38
2018-10-16,5,2665.948,927.514,3593.462
2018-10-16,6,2643.13,962.204,3605.334
2018-10-16,7,2840.58,919.278,3759.858
2018-10-16,8,2888.82,824.966,3713.786
2018-10-16,9,2852.726,892.574,3745.3
2018-10-16,10,2907.464,1135.186,4042.65
2018-10-16,11,2870.066,1410.366,4280.432
2018-10-16,12,2886.376,1454.956,4341.332
2018-10-16,13,2979.158,1365.932,4345.09
2018-10-16,14,2968.194,1328.52,4296.714
2018-10-16,15,2963.566,1384.366,4347.932
2018-10-16,16,2982.032,1585.272,4567.304
2018-10-16,17,3126.346,1779.026,4905.372
2018-10-16,18,3283.784,1876.222,5160.006
2018-10-16,19,3452.584,2062.176,5514.76
2018-10-16,20,3535.212,2248.066,5783.278
2018-10-16,21,3601.39,2097.638,5699.028
2018-10-16,22,3614.54,2044.688,5659.228
2018-10-16,23,3740.81,2035.832,5776.642
2018-10-16,24,3925.708,2027.288,5952.996
2018-10-16,25,3765.116,2230.53,5995.646
2018-10-16,26,3744.414,2404.156,6148.57
2018-10-16,27,3718.726,2527.038,6245.764
2018-10-16,28,3668.534,2688.04,6356.574
2018-10-16,29,3643.334,2813.93,6457.264
2018-10-16,30,3675.992,2800.806,6476.798
2018-10-16,31,3863.398,2753.282,6616.68
2018-10-16,32,3754.42,2857.942,6612.362
2018-10-16,33,3602.366,3050.788,6653.154
2018-10-16,34,3475.806,3060.15,6535.956
2018-10-16,35,3490.186,3017.004,6507.19
2018-10-16,36,3223.898,2873.346,6097.244
2018-10-16,37,2951.64,2856.19,5807.83
2018-10-16,38,2870.948,2876.858,5747.806
2018-10-16,39,2940.082,3016.256,5956.338
2018-10-16,40,2985.662,3193.58,6179.242
2018-10-16,41,3031.804,3217.464,6249.268
2018-10-16,42,2927.906,3079.126,6007.032
2018-10-16,43,2800.138,2903.788,5703.926
2018-10-16,44,2786.194,2901.044,5687.238
2018-10-16,45,2779.412,2771.756,5551.168
2018-10-16,46,2758.606,2610.642,5369.248
2018-10-16,47,2729.748,2518.508,5248.256
2018-10-16,48,2605.398,2411.868,5017.266
2018-10-17,1,2532.242,2471.768,5004.01
2018-10-17,2,2419.418,2327.91,4747.328
2018-10-17,3,2291.872,2160.288,4452.16
2018-10-17,4,2256.314,2033.884,4290.198
2018-10-17,5,2174.942,1994.734,4169.676
2018-10-17,6,2170.47,2015.04,4185.51
2018-10-17,7,2083.906,2188.846,4272.752
2018-10-17,8,1938.172,2272.22,4210.392
2018-10-17,9,1808.76,2338.45,4147.21
2018-10-17,10,1687.208,2263.55,3950.758
2018-10-17,11,1631.374,1968.274,3599.648
2018-10-17,12,1584.742,1766.112,3350.854
2018-10-17,13,1499.762,1557.474,3057.236
2018-10-17,14,1460.92,1320.04,2780.96
2018-10-17,15,1470.984,1133.16,2604.144
2018-10-17,16,1491.988,974.374,2466.362
2018-10-17,17,1568.362,855.228,2423.59
2018-10-17,18,1557.308,805.608,2362.916
2018-10-17,19,1544.26,702.594,2246.854
2018-10-17,20,1605.362,611.358,2216.72
2018-10-17,21,1601.186,604.226,2205.412
2018-10-17,22,1702.02,548.052,2250.072
2018-10-17,23,1819.616,486.17,2305.786
2018-10-17,24,1798.708,407.24,2205.948
2018-10-17,25,1888.9,411.678,2300.578
2018-10-17,26,1849.32,390.614,2239.934
2018-10-17,27,1861.858,354.802,2216.66
2018-10-17,28,1860.878,306.522,2167.4
2018-10-17,29,1860.04,301.216,2161.256
2018-10-17,30,1809.006,375.334,2184.34
2018-10-17,31,1791.892,410.54,2202.432
2018-10-17,32,1790.274,406.506,2196.78
2018-10-17,33,1734.026,414.144,2148.17
2018-10-17,34,1681.776,508.964,2190.74
2018-10-17,35,1579.794,584.838,2164.632
2018-10-17,36,1549.264,668.21,2217.474
2018-10-17,37,1448.768,774.398,2223.166
2018-10-17,38,1381.008,886.194,2267.202
2018-10-17,39,1243.804,1022.506,2266.31
2018-10-17,40,1214.174,1022.364,2236.538
2018-10-17,41,1288.93,1061.136,2350.066
2018-10-17,42,1305.306,1067.488,2372.794
2018-10-17,43,1278.818,1006.896,2285.714
2018-10-17,44,1242.522,993.316,2235.838
2018-10-17,45,1224.552,980.984,2205.536
2018-10-17,46,1115.236,989.56,2104.796
2018-10-17,47,1030.642,1029.57,2060.212
2018-10-17,48,983.522,1262.086,2245.608
2018-10-18,1,924.938,1378.464,2303.402
2018-10-18,2,811.91,1396.11,2208.02
2018-10-18,3,753.286,1356.224,2109.51
2018-10-18,4,799.794,1408.794,2208.588
2018-10-18,5,814.344,1476.386,2290.73
2018-10-18,6,753.926,1506.666,2260.592
2018-10-18,7,748.466,1572.04,2320.506
2018-10-18,8,716.892,1466.822,2183.714
2018-10-18,9,700.606,1493.588,2194.194
2018-10-18,10,629.198,1517.998,2147.196
2018-10-18,11,637.49,1427.806,2065.296
2018-10-18,12,603.97,1345.564,1949.534
2018-10-18,13,580.958,1303.92,1884.878
2018-10-18,14,642.202,1358.352,2000.554
2018-10-18,15,640.468,1437.828,2078.296
2018-10-18,16,609.818,1525.31,2135.128
2018-10-18,17,578.432,1556.588,2135.02
2018-10-18,18,391.114,1486.24,1877.354
2018-10-18,19,276.32,1466.982,1743.302
2018-10-18,20,272.612,1418.956,1691.568
2018-10-18,21,281.138,1373.708,1654.846
2018-10-18,22,299.386,1338.016,1637.402
2018-10-18,23,317.64,1302.326,1619.966
2018-10-18,24,335.9,1266.624,1602.524
2018-10-18,25,354.154,1230.934,1585.088
2018-10-18,26,372.402,1195.244,1567.646
2018-10-18,27,391.496,1174.828,1566.324
2018-10-18,28,438.898,1091.834,1530.732
2018-10-18,29,444.434,1055.284,1499.718
2018-10-18,30,442.146,1007.596,1449.742
2018-10-18,31,421.432,877.468,1298.9
2018-10-18,32,431.024,899.39,1330.414
2018-10-18,33,441.174,990.822,1431.996
2018-10-18,34,452.304,1068.642,1520.946
2018-10-18,35,437.586,1021,1458.586
2018-10-18,36,434.78,966.406,1401.186
2018-10-18,37,474.718,909.014,1383.732
2018-10-18,38,528.438,858.356,1386.794
2018-10-18,39,578.824,800.994,1379.818
2018-10-18,40,630.548,764.992,1395.54
2018-10-18,41,669.22,737.476,1406.696
2018-10-18,42,797.334,680.924,1478.258
2018-10-18,43,871.754,626.498,1498.252
2018-10-18,44,890.976,618.868,1509.844
2018-10-18,45,1064.712,588.202,1652.914
2018-10-18,46,1233.074,608.072,1841.146
2018-10-18,47,1311.3,606.72,1918.02
2018-10-18,48,1442.726,582.74,2025.466
2018-10-19,1,1635.598,598.604,2234.202
2018-10-19,2,1621.678,694.312,2315.99
2018-10-19,3,1750.57,779.802,2530.372
2018-10-19,4,1828.712,770.1,2598.812
2018-10-19,5,1834.82,730.742,2565.562
2018-10-19,6,1861.486,691.366,2552.852
2018-10-19,7,1878.034,701.584,2579.618
2018-10-19,8,1977.588,677.952,2655.54
2018-10-19,9,1914.06,641.996,2556.056
2018-10-19,10,1996.314,621.342,2617.656
2018-10-19,11,2150.846,587.754,2738.6
2018-10-19,12,2329.11,569.318,2898.428
2018-10-19,13,2448.392,507.324,2955.716
2018-10-19,14,2549.166,650.934,3200.1
2018-10-19,15,2835.29,867.476,3702.766
2018-10-19,16,2788.432,1012.298,3800.73
2018-10-19,17,2911.072,1026.658,3937.73
2018-10-19,18,2982.626,761.948,3744.574
2018-10-19,19,2909.822,551.57,3461.392
2018-10-19,20,2831.228,584.232,3415.46
2018-10-19,21,2872.258,707.522,3579.78
2018-10-19,22,2930.096,763.054,3693.15
2018-10-19,23,3058.688,790.142,3848.83
2018-10-19,24,2953.672,822.97,3776.642
2018-10-19,25,2866.904,748.994,3615.898
2018-10-19,26,2733.638,685.834,3419.472
2018-10-19,27,2723.138,703.608,3426.746
2018-10-19,28,2696.68,808.156,3504.836
2018-10-19,29,2633.176,866.154,3499.33
2018-10-19,30,2532.73,824.31,3357.04
2018-10-19,31,2445.084,792.272,3237.356
2018-10-19,32,2377.302,825.9,3203.202
2018-10-19,33,2061.46,806.508,2867.968
2018-10-19,34,1752.418,707.598,2460.016
2018-10-19,35,1555.23,742.908,2298.138
2018-10-19,36,1155.402,677.434,1832.836
2018-10-19,37,982.846,680.65,1663.496
2018-10-19,38,817.268,663.172,1480.44
2018-10-19,39,525.134,671.214,1196.348
2018-10-19,40,441.84,534.966,976.806
2018-10-19,41,403.148,513.916,917.064
2018-10-19,42,466.9,514.272,981.172
2018-10-19,43,564.394,516.26,1080.654
2018-10-19,44,628.11,397.158,1025.268
2018-10-19,45,657.948,384.102,1042.05
2018-10-19,46,694.636,382.42,1077.056
2018-10-19,47,712.634,400.052,1112.686
2018-10-19,48,775.448,372.318,1147.766
2018-10-20,1,797.244,367.262,1164.506
2018-10-20,2,902.42,394.458,1296.878
2018-10-20,3,979.474,377.554,1357.028
2018-10-20,4,1141.684,458.104,1599.788
2018-10-20,5,1363.104,504.212,1867.316
2018-10-20,6,1481.984,557.594,2039.578
2018-10-20,7,1597.198,627.39,2224.588
2018-10-20,8,1660.224,633.642,2293.866
2018-10-20,9,1749.96,646.124,2396.084
2018-10-20,10,1931.326,577.834,2509.16
2018-10-20,11,2041.028,636.752,2677.78
2018-10-20,12,2054.2,685.256,2739.456
2018-10-20,13,2178.184,707.8,2885.984
2018-10-20,14,2159.106,725.248,2884.354
2018-10-20,15,2426.73,709.214,3135.944
2018-10-20,16,2578.23,689.922,3268.152
2018-10-20,17,2626.632,799.974,3426.606
2018-10-20,18,2820.466,897.48,3717.946
2018-10-20,19,2913.864,869.802,3783.666
2018-10-20,20,2866.944,899.196,3766.14
2018-10-20,21,2873.71,966.162,3839.872
2018-10-20,22,2836.504,1042.064,3878.568
2018-10-20,23,2819.74,1180.734,4000.474
2018-10-20,24,2867.676,1283.15,4150.826
2018-10-20,25,3033.794,1375.106,4408.9
2018-10-20,26,3058.406,1321.712,4380.118
2018-10-20,27,2919.976,1298.746,4218.722
2018-10-20,28,2807.376,1369.172,4176.548
2018-10-20,29,2803.586,1482.352,4285.938
2018-10-20,30,2775.32,1567.03,4342.35
2018-10-20,31,2731.182,1582.538,4313.72
2018-10-20,32,2572.17,1585.888,4158.058
2018-10-20,33,2422.262,1558.464,3980.726
2018-10-20,34,2329.434,1410.862,3740.296
2018-10-20,35,2413.9,1338.234,3752.134
2018-10-20,36,2389.816,1274.866,3664.682
2018-10-20,37,2304.33,1177.722,3482.052
2018-10-20,38,2313.074,1157.368,3470.442
2018-10-20,39,2340.828,1287.274,3628.102
2018-10-20,40,2288.108,1377.964,3666.072
2018-10-20,41,2254.41,1442.854,3697.264
2018-10-20,42,2325.808,1432.7,3758.508
2018-10-20,43,2420.392,1406.386,3826.778
2018-10-20,44,2460.376,1379.598,3839.974
2018-10-20,45,2490.592,1300.976,3791.568
2018-10-20,46,2397.028,1167.374,3564.402
2018-10-20,47,2443.076,1163.806,3606.882
2018-10-20,48,2579.848,1132.418,3712.266
2018-10-21,1,2532.286,1106.756,3639.042
2018-10-21,2,2428.35,1068.758,3497.108
2018-10-21,3,2357.404,1228.006,3585.41
2018-10-21,4,2395.73,1403,3798.73
2018-10-21,5,2380.828,1438.192,3819.02
2018-10-21,6,2479.846,1460.284,3940.13
2018-10-21,7,2615.834,1534.722,4150.556
2018-10-21,8,2634.404,1659.88,4294.284
2018-10-21,9,2500.206,1848.818,4349.024
2018-10-21,10,2481.394,1949.892,4431.286
2018-10-21,11,2613.45,1972.156,4585.606
2018-10-21,12,2583.724,2014.172,4597.896
2018-10-21,13,2610.696,2138.638,4749.334
2018-10-21,14,2498.98,2278.384,4777.364
2018-10-21,15,2473.568,2363.216,4836.784
2018-10-21,16,2546.852,2378.156,4925.008
2018-10-21,17,2842.562,2375,5217.562
2018-10-21,18,2948.688,2419.116,5367.804
2018-10-21,19,3120.994,2420.686,5541.68
2018-10-21,20,3177.598,2439.02,5616.618
2018-10-21,21,2991.712,2438.198,5429.91
2018-10-21,22,2840.686,2559.27,5399.956
2018-10-21,23,2932.58,2662.358,5594.938
2018-10-21,24,3327.918,2735.774,6063.692
2018-10-21,25,3331.14,2765.3,6096.44
2018-10-21,26,3381.834,2847.896,6229.73
2018-10-21,27,3436.852,2884.026,6320.878
2018-10-21,28,3560.698,2945.634,6506.332
2018-10-21,29,3696.998,2474.092,6171.09
2018-10-21,30,4090.312,2275.02,6365.332
2018-10-21,31,4273.508,1966.118,6239.626
2018-10-21,32,4297.816,2130.746,6428.562
2018-10-21,33,4367.916,2349.974,6717.89
2018-10-21,34,4466.12,2253.07,6719.19
2018-10-21,35,4337.22,2448.33,6785.55
2018-10-21,36,4359.334,2831.168,7190.502
2018-10-21,37,4221.372,3000.288,7221.66
2018-10-21,38,3793.324,3128.26,6921.584
2018-10-21,39,3587.972,3458.264,7046.236
2018-10-21,40,3608.652,3884.02,7492.672
2018-10-21,41,3520.036,3823.142,7343.178
2018-10-21,42,3536.906,4250.346,7787.252
2018-10-21,43,3545.442,4484.214,8029.656
2018-10-21,44,3412.498,4478.082,7890.58
2018-10-21,45,3389.012,4736.952,8125.964
2018-10-21,46,3402.35,5348.192,8750.542
2018-10-21,47,3289.594,5291.968,8581.562
2018-10-21,48,3381.584,5380.408,8761.992
2018-10-22,1,3538.428,5603.766,9142.194
2018-10-22,2,3537.39,5287.336,8824.726
2018-10-22,3,3558.274,5316.89,8875.164
2018-10-22,4,3439.93,5421.066,8860.996
2018-10-22,5,3389.632,5388.75,8778.382
2018-10-22,6,3289.964,5272.026,8561.99
2018-10-22,7,3159.714,5393.06,8552.774
2018-10-22,8,3121.812,5298.404,8420.216
2018-10-22,9,3049.474,5365.904,8415.378
2018-10-22,10,3033.052,5166.496,8199.548
2018-10-22,11,3080.134,4974.508,8054.642
2018-10-22,12,2986.04,4811.132,7797.172
2018-10-22,13,2736.992,4597.532,7334.524
2018-10-22,14,2940.512,4456.54,7397.052
2018-10-22,15,2925.694,4093.648,7019.342
2018-10-22,16,2841.504,3937.468,6778.972
2018-10-22,17,2854.304,4138.244,6992.548
2018-10-22,18,2823.23,3751.398,6574.628
2018-10-22,19,2831.156,3320.016,6151.172
2018-10-22,20,2977.852,2871.058,5848.91
2018-10-22,21,3333.888,2808.85,6142.738
2018-10-22,22,3439.106,2634.606,6073.712
2018-10-22,23,3674.628,2481.496,6156.124
2018-10-22,24,3869.228,2346.434,6215.662
2018-10-22,25,4044.75,2342.634,6387.384
2018-10-22,26,4098.198,2332.526,6430.724
2018-10-22,27,4215.32,2038.662,6253.982
2018-10-22,28,4295.584,1815.898,6111.482
2018-10-22,29,4422.46,1820.734,6243.194
2018-10-22,30,4512.97,1730.25,6243.22
2018-10-22,31,4619.634,1799.666,6419.3
2018-10-22,32,4676.126,1870.916,6547.042
2018-10-22,33,4634.726,1851.742,6486.468
2018-10-22,34,4702.664,2026.87,6729.534
2018-10-22,35,4639.064,2413.71,7052.774
2018-10-22,36,4758.294,2780.642,7538.936
2018-10-22,37,4836.47,2995.58,7832.05
2018-10-22,38,4936.212,3293.072,8229.284
2018-10-22,39,4925.548,3690.398,8615.946
2018-10-22,40,4927.706,3981.164,8908.87
2018-10-22,41,4930.5,4290.27,9220.77
2018-10-22,42,4702.308,4472.738,9175.046
2018-10-22,43,4500.906,4716.604,9217.51
2018-10-22,44,4216.022,4747.098,8963.12
2018-10-22,45,4032.554,4776.044,8808.598
2018-10-22,46,3880.03,4845.45,8725.48
2018-10-22,47,3515.194,5299.74,8814.934
2018-10-22,48,3089.9,5447.978,8537.878
2018-10-23,1,2834.938,5501.468,8336.406
2018-10-23,2,2605.648,5558.202,8163.85
2018-10-23,3,2594.958,5766.034,8360.992
2018-10-23,4,2549.872,5882.428,8432.3
2018-10-23,5,2405.79,5854.684,8260.474
2018-10-23,6,2409.718,5954.078,8363.796
2018-10-23,7,2447.756,6010.262,8458.018
2018-10-23,8,2468.468,5966.096,8434.564
2018-10-23,9,2485.146,6047.942,8533.088
2018-10-23,10,2500.012,6158.298,8658.31
2018-10-23,11,2452.656,6071.604,8524.26
2018-10-23,12,2593.542,6097.704,8691.246
2018-10-23,13,2878.07,6222.582,9100.652
2018-10-23,14,3155.216,6305.926,9461.142
2018-10-23,15,3268.034,6131.43,9399.464
2018-10-23,16,3340.626,6082.44,9423.066
2018-10-23,17,3448.726,5975.352,9424.078
2018-10-23,18,3846.422,5808.3,9654.722
2018-10-23,19,4216.286,5802.49,10018.776
2018-10-23,20,4098.788,5919.354,10018.142
2018-10-23,21,4175.514,5937.988,10113.502
2018-10-23,22,4416.708,5833.802,10250.51
2018-10-23,23,4364.964,5955,10319.964
2018-10-23,24,4339.112,6009.586,10348.698
2018-10-23,25,4357.05,5880.528,10237.578
2018-10-23,26,4400.208,5882.614,10282.822
2018-10-23,27,4637.908,5795,10432.908
2018-10-23,28,4822.2,5695.928,10518.128
2018-10-23,29,4882.456,5685.228,10567.684
2018-10-23,30,4839.66,5710.34,10550
2018-10-23,31,4719.692,5731.28,10450.972
2018-10-23,32,4815.21,5729.364,10544.574
2018-10-23,33,4838.118,5662.49,10500.608
2018-10-23,34,4842.654,5668.444,10511.098
2018-10-23,35,4904.482,5829.602,10734.084
2018-10-23,36,4959.554,5914.236,10873.79
2018-10-23,37,4992.742,5857.376,10850.118
2018-10-23,38,4997.294,5733.608,10730.902
2018-10-23,39,4974.822,5813.04,10787.862
2018-10-23,40,5006.358,5952.47,10958.828
2018-10-23,41,4980.168,6058.312,11038.48
2018-10-23,42,4969,6016.914,10985.914
2018-10-23,43,4440.728,5925.654,10366.382
2018-10-23,44,4036.822,5898.57,9935.392
2018-10-23,45,3920.874,5820.042,9740.916
2018-10-23,46,3919.798,5835.462,9755.26
2018-10-23,47,3725.258,5927.44,9652.698
2018-10-23,48,3381.274,5925.986,9307.26
2018-10-24,1,3256.88,5793.62,9050.5
2018-10-24,2,3450.184,5592.298,9042.482
2018-10-24,3,3382.802,5455.794,8838.596
2018-10-24,4,3409.336,5401.958,8811.294
2018-10-24,5,3511.82,5349.738,8861.558
2018-10-24,6,3487.334,5187.108,8674.442
2018-10-24,7,3694.942,4884.898,8579.84
2018-10-24,8,4014.152,4898.36,8912.512
2018-10-24,9,4068.914,4857.34,8926.254
2018-10-24,10,3943.814,4772.348,8716.162
2018-10-24,11,3897.048,4517.336,8414.384
2018-10-24,12,3962.554,4420.508,8383.062
2018-10-24,13,3851.34,4298.132,8149.472
2018-10-24,14,3587.59,4226.73,7814.32
2018-10-24,15,3706.722,4272.714,7979.436
2018-10-24,16,3662.034,4062.546,7724.58
2018-10-24,17,3551.172,4014.096,7565.268
2018-10-24,18,3715.872,3695.888,7411.76
2018-10-24,19,3649.166,3580.624,7229.79
2018-10-24,20,3707.206,3607.3,7314.506
2018-10-24,21,3883.17,3436.49,7319.66
2018-10-24,22,3869.574,3255.392,7124.966
2018-10-24,23,4008.298,2852.756,6861.054
2018-10-24,24,4013.78,2693.888,6707.668
2018-10-24,25,4148.986,2436.006,6584.992
2018-10-24,26,4221.808,2420.41,6642.218
2018-10-24,27,4247.304,2315.84,6563.144
2018-10-24,28,4340.994,2158.348,6499.342
2018-10-24,29,4205.164,1977.034,6182.198
2018-10-24,30,4238.358,1760.27,5998.628
2018-10-24,31,4252.808,1640.484,5893.292
2018-10-24,32,4324.05,1525.746,5849.796
2018-10-24,33,4304.46,1528.694,5833.154
2018-10-24,34,4345.916,1619.454,5965.37
2018-10-24,35,4484.62,1765.488,6250.108
2018-10-24,36,4482.99,1869.186,6352.176
2018-10-24,37,4394.228,2197.576,6591.804
2018-10-24,38,4299.748,2509.294,6809.042
2018-10-24,39,4207.336,2859.768,7067.104
2018-10-24,40,4183.498,3040.876,7224.374
2018-10-24,41,4117.946,3290.176,7408.122
2018-10-24,42,4096.624,3285.86,7382.484
2018-10-24,43,4099.096,3264.55,7363.646
2018-10-24,44,4058.79,3538.498,7597.288
2018-10-24,45,4089.524,3900.702,7990.226
2018-10-24,46,4034.626,3993.846,8028.472
2018-10-24,47,3975.812,3778.868,7754.68
2018-10-24,48,4031.842,3532.088,7563.93
2018-10-25,1,3998.41,3453.676,7452.086
2018-10-25,2,3794.364,3437.696,7232.06
2018-10-25,3,3779.928,3180.048,6959.976
2018-10-25,4,3898.012,2994.304,6892.316
2018-10-25,5,3931.79,2948.15,6879.94
2018-10-25,6,3889.474,3025.276,6914.75
2018-10-25,7,3868.876,2966.236,6835.112
2018-10-25,8,3872.986,2870.578,6743.564
2018-10-25,9,3787.284,3003.632,6790.916
2018-10-25,10,3843.298,2806.906,6650.204
2018-10-25,11,3733.08,2547.308,6280.388
2018-10-25,12,3516.62,2444.202,5960.822
2018-10-25,13,3301.188,2431.956,5733.144
2018-10-25,14,3159.056,2431.404,5590.46
2018-10-25,15,3004.592,2405.992,5410.584
2018-10-25,16,3011.216,2423.418,5434.634
2018-10-25,17,2980.694,2320.676,5301.37
2018-10-25,18,2891.88,2272.184,5164.064
2018-10-25,19,2715.11,2166.792,4881.902
2018-10-25,20,2514.846,1877.818,4392.664
2018-10-25,21,2371.238,1575.432,3946.67
2018-10-25,22,2372.982,1392.306,3765.288
2018-10-25,23,2368.492,1342.252,3710.744
2018-10-25,24,2309.77,1282.656,3592.426
2018-10-25,25,2418.438,1270.908,3689.346
2018-10-25,26,2448.776,1263.74,3712.516
2018-10-25,27,2400.842,1302.442,3703.284
2018-10-25,28,2349.26,1344.582,3693.842
2018-10-25,29,2392.466,1320.636,3713.102
2018-10-25,30,2498.664,1353.848,3852.512
2018-10-25,31,2564.394,1390.752,3955.146
2018-10-25,32,2605.974,1577.188,4183.162
2018-10-25,33,2776.674,1564.614,4341.288
2018-10-25,34,3011.978,1716.522,4728.5
2018-10-25,35,3119.864,1945.494,5065.358
2018-10-25,36,3085.662,2212.788,5298.45
2018-10-25,37,3149.996,2210.022,5360.018
2018-10-25,38,3133.73,2401.186,5534.916
2018-10-25,39,3257.884,2677.256,5935.14
2018-10-25,40,3307.386,2858.522,6165.908
2018-10-25,41,3359.562,3050.184,6409.746
2018-10-25,42,3318.788,3283.06,6601.848
2018-10-25,43,3317.762,3596.248,6914.01
2018-10-25,44,3509.814,3759.114,7268.928
2018-10-25,45,3520.074,3835.202,7355.276
2018-10-25,46,3393.648,3947.3,7340.948
2018-10-25,47,3096.596,4204.746,7301.342
2018-10-25,48,3155.726,4395.06,7550.786
2018-10-26,1,3037.788,4409.09,7446.878
2018-10-26,2,3071.184,4601.536,7672.72
2018-10-26,3,2890.154,4559.634,7449.788
2018-10-26,4,2696.074,4630.734,7326.808
2018-10-26,5,2647.154,4711.782,7358.936
2018-10-26,6,2589.272,4942.59,7531.862
2018-10-26,7,2461.826,5060.612,7522.438
2018-10-26,8,2399.354,5226.626,7625.98
2018-10-26,9,2256.48,5263.752,7520.232
2018-10-26,10,2377.136,5174.31,7551.446
2018-10-26,11,2283.712,5042.91,7326.622
2018-10-26,12,2245.094,5070.562,7315.656
2018-10-26,13,2383.388,5012.416,7395.804
2018-10-26,14,2299.548,5385.18,7684.728
2018-10-26,15,2343.666,5179.658,7523.324
2018-10-26,16,2273.694,5243.588,7517.282
2018-10-26,17,2412.498,5316.434,7728.932
2018-10-26,18,2562.154,5467.598,8029.752
2018-10-26,19,2607.776,5515.446,8123.222
2018-10-26,20,2572.036,5674.072,8246.108
2018-10-26,21,2561.054,5632.234,8193.288
2018-10-26,22,2536.614,5493.396,8030.01
2018-10-26,23,2720.742,5571.736,8292.478
2018-10-26,24,2837.296,5430.878,8268.174
2018-10-26,25,3207.868,5536.658,8744.526
2018-10-26,26,3297.072,5705.682,9002.754
2018-10-26,27,3645.588,5790.284,9435.872
2018-10-26,28,3684.648,5732.928,9417.576
2018-10-26,29,3635.132,5509.402,9144.534
2018-10-26,30,3782.196,5875.284,9657.48
2018-10-26,31,3682.74,5657.546,9340.286
2018-10-26,32,3733.256,5678.45,9411.706
2018-10-26,33,3907.074,6038.784,9945.858
2018-10-26,34,3668.506,5966.452,9634.958
2018-10-26,35,3690.522,6139.86,9830.382
2018-10-26,36,3685.212,6293.154,9978.366
2018-10-26,37,3519.66,6355.276,9874.936
2018-10-26,38,3374.24,6243.942,9618.182
2018-10-26,39,3335.06,6277.488,9612.548
2018-10-26,40,3265.072,6321.842,9586.914
2018-10-26,41,3083.642,6259.856,9343.498
2018-10-26,42,3167.74,6277.468,9445.208
2018-10-26,43,3148.726,6369.488,9518.214
2018-10-26,44,3274.604,6358.062,9632.666
2018-10-26,45,3219.034,6312.156,9531.19
2018-10-26,46,3075.128,6331.506,9406.634
2018-10-26,47,3117.438,6399.62,9517.058
2018-10-26,48,3220.486,6386.31,9606.796
2018-10-27,1,3146.424,6413.36,9559.784
2018-10-27,2,3222.896,6317.498,9540.394
2018-10-27,3,3386.256,6288.116,9674.372
2018-10-27,4,3436.134,6275.876,9712.01
2018-10-27,5,3511.404,6358.448,9869.852
2018-10-27,6,3407.004,6406.304,9813.308
2018-10-27,7,3516.646,6409.172,9925.818
2018-10-27,8,3510.016,6378.704,9888.72
2018-10-27,9,3492.598,6339.646,9832.244
2018-10-27,10,3530.316,6217.87,9748.186
2018-10-27,11,3427.7,6207.04,9634.74
2018-10-27,12,3209.366,6278.428,9487.794
2018-10-27,13,3128.732,6360.778,9489.51
2018-10-27,14,3153.84,6351.574,9505.414
2018-10-27,15,3022.07,6300.454,9322.524
2018-10-27,16,2930.016,6280.792,9210.808
2018-10-27,17,2927.942,6149.374,9077.316
2018-10-27,18,2594.602,6145.78,8740.382
2018-10-27,19,2513.608,6020.938,8534.546
2018-10-27,20,2257.704,5775.18,8032.884
2018-10-27,21,2084.07,6012.27,8096.34
2018-10-27,22,2225.818,5914.57,8140.388
2018-10-27,23,2427.466,5558.504,7985.97
2018-10-27,24,2478.97,5336.694,7815.664
2018-10-27,25,2583.678,5215.856,7799.534
2018-10-27,26,2701.19,5231.324,7932.514
2018-10-27,27,2691.982,5449.578,8141.56
2018-10-27,28,2689.074,5359.856,8048.93
2018-10-27,29,2620.49,5259.616,7880.106
2018-10-27,30,2613.95,5187.052,7801.002
2018-10-27,31,2681.714,5284.586,7966.3
2018-10-27,32,2776.324,5331.506,8107.83
2018-10-27,33,2840.848,5136.828,7977.676
2018-10-27,34,2732.138,5134.172,7866.31
2018-10-27,35,2730.328,5477.234,8207.562
2018-10-27,36,2713.71,5528.272,8241.982
2018-10-27,37,2656.898,5593.55,8250.448
2018-10-27,38,2472.12,5601.072,8073.192
2018-10-27,39,2470.766,5771.974,8242.74
2018-10-27,40,2629.622,6043.108,8672.73
2018-10-27,41,2694.64,6206.866,8901.506
2018-10-27,42,2671.89,5980.37,8652.26
2018-10-27,43,2667.146,5658.292,8325.438
2018-10-27,44,2609.656,5276.648,7886.304
2018-10-27,45,2462.624,5150.174,7612.798
2018-10-27,46,2380.846,5216.528,7597.374
2018-10-27,47,2277.364,4830.8,7108.164
2018-10-27,48,2277.482,5038.504,7315.986
2018-10-28,1,2009.418,4726.992,6736.41
2018-10-28,2,1937.992,4962.364,6900.356
2018-10-28,3,1857.368,5286.4,7143.768
2018-10-28,5,1825.278,4981.648,6806.926
2018-10-28,4,1754.762,4976.332,6731.094
2018-10-28,6,1833.772,5014.718,6848.49
2018-10-28,7,1759.558,4998.02,6757.578
2018-10-28,8,1729.336,5174.736,6904.072
2018-10-28,9,1570.59,5114.824,6685.414
2018-10-28,10,1565.114,5487.682,7052.796
2018-10-28,11,1517.86,5605.028,7122.888
2018-10-28,12,1452.17,5427.278,6879.448
2018-10-28,13,1431.604,5341.84,6773.444
2018-10-28,14,1424.912,5284.246,6709.158
2018-10-28,15,1414.14,5271.288,6685.428
2018-10-28,16,1291.402,5241.568,6532.97
2018-10-28,17,1286.576,5257.444,6544.02
2018-10-28,18,1183.262,5068.54,6251.802
2018-10-28,19,986.278,4852.94,5839.218
2018-10-28,20,857.522,4606.594,5464.116
2018-10-28,21,848.004,4167.628,5015.632
2018-10-28,22,805.62,3669.556,4475.176
2018-10-28,23,721.944,3440.082,4162.026
2018-10-28,24,723.934,3468.31,4192.244
2018-10-28,25,757.252,3303.95,4061.202
2018-10-28,26,764.42,2890.268,3654.688
2018-10-28,27,754.312,3007.362,3761.674
2018-10-28,28,754.44,2609.064,3363.504
2018-10-28,29,627.54,2649.638,3277.178
2018-10-28,30,615.902,2962.558,3578.46
2018-10-28,31,532.152,3283.51,3815.662
2018-10-28,32,479.266,3440.542,3919.808
2018-10-28,33,449.164,3174.904,3624.068
2018-10-28,34,433.858,3014.182,3448.04
2018-10-28,35,446.446,2924.15,3370.596
2018-10-28,36,471.51,2737.992,3209.502
2018-10-28,37,488.972,2866.522,3355.494
2018-10-28,38,514.452,3267.18,3781.632
2018-10-28,39,512.682,3403.59,3916.272
2018-10-28,40,546.884,3721.524,4268.408
2018-10-28,41,601.876,3496.098,4097.974
2018-10-28,42,722.408,3522.456,4244.864
2018-10-28,43,851.316,3904.214,4755.53
2018-10-28,44,908.982,3805.44,4714.422
2018-10-28,45,989.378,3688.616,4677.994
2018-10-28,46,1095.506,3581.516,4677.022
2018-10-28,47,1144.598,3585.918,4730.516
2018-10-28,48,1233.22,3704.746,4937.966
2018-10-28,49,1285.718,3925.184,5210.902
2018-10-28,50,1440.27,3446.662,4886.932
2018-10-29,1,1511.406,3065.668,4577.074
2018-10-29,2,1592.82,2909.634,4502.454
2018-10-29,3,1663.144,3016.208,4679.352
2018-10-29,4,1712.454,3031.838,4744.292
2018-10-29,5,1639.708,3062.12,4701.828
2018-10-29,6,1676.07,2993.426,4669.496
2018-10-29,7,1724.316,2779.068,4503.384
2018-10-29,8,1739.002,2778.772,4517.774
2018-10-29,9,1778.168,2577.268,4355.436
2018-10-29,10,1772.96,2561.132,4334.092
2018-10-29,11,1785.498,2614.152,4399.65
2018-10-29,12,1819.39,2544.72,4364.11
2018-10-29,13,1918.142,2690.452,4608.594
2018-10-29,14,1989.322,2333.57,4322.892
2018-10-29,15,2048.062,2394.654,4442.716
2018-10-29,16,2104.864,2214.032,4318.896
2018-10-29,17,2072.658,2614.3,4686.958
2018-10-29,18,2123.602,2198.38,4321.982
2018-10-29,19,1983.534,2330.712,4314.246
2018-10-29,20,1854.834,2360.006,4214.84
2018-10-29,21,1834.96,2147.364,3982.324
2018-10-29,22,1878.702,2219.3,4098.002
2018-10-29,23,2006.588,2418.822,4425.41
2018-10-29,24,2045.818,2218.578,4264.396
2018-10-29,25,1977.81,2350.112,4327.922
2018-10-29,26,1938.16,2427.442,4365.602
2018-10-29,27,1914.35,2546.526,4460.876
2018-10-29,28,1813.938,2832.576,4646.514
2018-10-29,29,1608.43,2872.46,4480.89
2018-10-29,30,1676.738,2917.456,4594.194
2018-10-29,31,1528.484,2928.072,4456.556
2018-10-29,32,1359.144,2937.924,4297.068
2018-10-29,33,1236.514,3048.296,4284.81
2018-10-29,34,1206.434,3155.624,4362.058
2018-10-29,35,1303.934,3212.072,4516.006
2018-10-29,36,1378.344,3522.792,4901.136
2018-10-29,37,1381.328,3738.18,5119.508
2018-10-29,38,1277.272,3875.564,5152.836
2018-10-29,39,1166.88,3988.156,5155.036
2018-10-29,40,1078.4,4105.684,5184.084
2018-10-29,41,978.512,4299.374,5277.886
2018-10-29,42,955.844,4303.208,5259.052
2018-10-29,43,902.124,4362.882,5265.006
2018-10-29,44,909.28,4389.01,5298.29
2018-10-29,45,1352.196,4338.478,5690.674
2018-10-29,46,979.378,3915.558,4894.936
2018-10-29,47,959.6,3590.932,4550.532
2018-10-29,48,897.72,3423.656,4321.376
2018-10-30,1,910.254,3289.286,4199.54
2018-10-30,2,884.384,3345.366,4229.75
2018-10-30,3,899.542,3282.31,4181.852
2018-10-30,4,888.558,3708.292,4596.85
2018-10-30,5,872.128,3940.954,4813.082
2018-10-30,6,926.598,4072.75,4999.348
2018-10-30,7,931.576,3996.04,4927.616
2018-10-30,8,1000.638,3913.73,4914.368
2018-10-30,9,993.374,3954.362,4947.736
2018-10-30,10,989.068,3996.368,4985.436
2018-10-30,11,1115.238,4083.572,5198.81
2018-10-30,12,1116.066,4150.276,5266.342
2018-10-30,13,1062.174,4150.304,5212.478
2018-10-30,14,1163.382,4221.924,5385.306
2018-10-30,15,1137.966,4222.704,5360.67
2018-10-30,16,1192.538,4091.972,5284.51
2018-10-30,17,1176.418,4035.264,5211.682
2018-10-30,18,1123.092,4032.51,5155.602
2018-10-30,19,1038.444,4067.4,5105.844
2018-10-30,20,912.688,4118.23,5030.918
2018-10-30,21,851.792,4097.272,4949.064
2018-10-30,22,751.678,4006.294,4757.972
2018-10-30,23,742.232,3899.984,4642.216
2018-10-30,24,665.474,3883.928,4549.402
2018-10-30,25,667.386,3875.722,4543.108
2018-10-30,26,605.814,3884.038,4489.852
2018-10-30,27,538.144,3870.078,4408.222
2018-10-30,28,501.614,3851.722,4353.336
2018-10-30,29,422.074,3841.828,4263.902
2018-10-30,30,323.752,3844.688,4168.44
2018-10-30,31,290.376,3857.19,4147.566
2018-10-30,32,258.408,3929.902,4188.31
2018-10-30,33,273.15,4005.668,4278.818
2018-10-30,34,277.434,4144.826,4422.26
2018-10-30,35,290.526,4247.33,4537.856
2018-10-30,36,258.938,4114.044,4372.982
2018-10-30,37,233.014,4074.506,4307.52
2018-10-30,38,208.242,3986.24,4194.482
2018-10-30,39,211.248,3957.688,4168.936
2018-10-30,40,216.648,3888.602,4105.25
2018-10-30,41,215.4,3791.466,4006.866
2018-10-30,42,234.654,3732.98,3967.634
2018-10-30,43,253.436,3572.848,3826.284
2018-10-30,44,278.218,3382.538,3660.756
2018-10-30,45,308.97,3244.582,3553.552
2018-10-30,46,321.558,3107.946,3429.504
2018-10-30,47,352.236,2912.064,3264.3
2018-10-30,48,394.1,2662.604,3056.704
2018-10-31,1,471.03,2462.788,2933.818
2018-10-31,2,544.048,2097.498,2641.546
2018-10-31,3,579.338,1801.086,2380.424
2018-10-31,4,602.944,1664.648,2267.592
2018-10-31,5,655.498,1838.198,2493.696
2018-10-31,6,676.312,2175.51,2851.822
2018-10-31,7,688.004,2313.266,3001.27
2018-10-31,8,746.964,2466.76,3213.724
2018-10-31,9,724.08,2617.658,3341.738
2018-10-31,10,767.474,2556.556,3324.03
2018-10-31,11,753.264,2409.734,3162.998
2018-10-31,12,908.898,2432.102,3341
2018-10-31,13,1043.592,2888.34,3931.932
2018-10-31,14,1054.382,3018.746,4073.128
2018-10-31,15,1084.042,3115.356,4199.398
2018-10-31,16,1286.628,3153.896,4440.524
2018-10-31,17,1527.684,3128.648,4656.332
2018-10-31,18,1614.972,3076.062,4691.034
2018-10-31,19,1651.382,3120.69,4772.072
2018-10-31,20,1614.754,3213.77,4828.524
2018-10-31,21,1770.488,3436.808,5207.296
2018-10-31,22,1938.824,3595.27,5534.094
2018-10-31,23,1965.674,3462.196,5427.87
2018-10-31,24,1936.256,3471.306,5407.562
2018-10-31,25,2047.658,3431.346,5479.004
2018-10-31,26,2150.3,3329.688,5479.988
2018-10-31,27,2047.47,3401.92,5449.39
2018-10-31,28,1942.4,3191.794,5134.194
2018-10-31,29,2066.852,3085.944,5152.796
2018-10-31,30,1990.894,2914.872,4905.766
2018-10-31,31,2034.804,2893.864,4928.668
2018-10-31,32,2023.298,3381.36,5404.658
2018-10-31,33,2008.402,3578.008,5586.41
2018-10-31,34,2056.016,3551.958,5607.974
2018-10-31,35,2080.748,3332.9,5413.648
2018-10-31,36,1947.81,3190.272,5138.082
2018-10-31,37,1872.03,3153.146,5025.176
2018-10-31,38,1785.342,2942.586,4727.928
2018-10-31,39,1607.896,2919.898,4527.794
2018-10-31,40,1490.18,2766.136,4256.316
2018-10-31,41,1376.834,2615.394,3992.228
2018-10-31,42,1298.58,2373.256,3671.836
2018-10-31,43,1174.098,2526.222,3700.32
2018-10-31,44,1091.892,2728.744,3820.636
2018-10-31,45,1011.15,2949.22,3960.37
2018-10-31,46,881.828,3443.186,4325.014
2018-10-31,47,743.294,3320.61,4063.904
2018-10-31,48,644.372,3185.926,3830.298
2018-11-01,1,586.606,3086.884,3673.49
2018-11-01,2,499.732,2556.952,3056.684
2018-11-01,3,414.306,2352.704,2767.01
2018-11-01,4,338.516,2118.966,2457.482
2018-11-01,5,277.344,1916.12,2193.464
2018-11-01,6,258,1906.802,2164.802
2018-11-01,7,306.304,1922.296,2228.6
2018-11-01,8,309.81,1881.65,2191.46
2018-11-01,9,305.096,1825.842,2130.938
2018-11-01,10,306.052,1691.822,1997.874
2018-11-01,11,313.022,1645.406,1958.428
2018-11-01,12,295.202,1708.566,2003.768
2018-11-01,13,294.656,1755.728,2050.384
2018-11-01,14,296.776,1928.67,2225.446
2018-11-01,15,265.766,2233.518,2499.284
2018-11-01,16,265.024,2410.624,2675.648
2018-11-01,17,277.98,2326.356,2604.336
2018-11-01,18,304.002,2315.376,2619.378
2018-11-01,19,341.256,2210.26,2551.516
2018-11-01,20,312.068,2040.732,2352.8
2018-11-01,21,329.618,1995.956,2325.574
2018-11-01,22,380.91,1967.182,2348.092
2018-11-01,23,455.16,1953.892,2409.052
2018-11-01,24,461.566,1821.208,2282.774
2018-11-01,25,566.94,1464.006,2030.946
2018-11-01,26,592.856,1416.67,2009.526
2018-11-01,27,626.04,1571.332,2197.372
2018-11-01,28,684.098,1575.16,2259.258
2018-11-01,29,786.602,1607.29,2393.892
2018-11-01,30,835.036,1739.99,2575.026
2018-11-01,31,803.336,1933.264,2736.6
2018-11-01,32,914.046,2187.884,3101.93
2018-11-01,33,784.464,2324.366,3108.83
2018-11-01,34,922.892,2520.558,3443.45
2018-11-01,35,998.896,2753.082,3751.978
2018-11-01,36,951.174,3039.046,3990.22
2018-11-01,37,1068.098,3178.282,4246.38
2018-11-01,38,1069.004,3329.194,4398.198
2018-11-01,39,1185.524,3559.584,4745.108
2018-11-01,40,1198.536,3314.29,4512.826
2018-11-01,41,1230.508,3695.76,4926.268
2018-11-01,42,1241.434,3864.98,5106.414
2018-11-01,43,1233.508,3614.076,4847.584
2018-11-01,44,1195.474,3580.226,4775.7
2018-11-01,45,1223.772,3430.478,4654.25
2018-11-01,46,1280.422,3326.546,4606.968
2018-11-01,47,1313.494,3361.648,4675.142
2018-11-01,48,1352.532,3214.212,4566.744
2018-11-02,1,1566.774,3494.436,5061.21
2018-11-02,2,1578.746,3672.152,5250.898
2018-11-02,3,1596.778,3568.516,5165.294
2018-11-02,4,1603.244,3392.512,4995.756
2018-11-02,5,1625.076,3281.302,4906.378
2018-11-02,6,1507.914,3447.192,4955.106
2018-11-02,7,1384.002,3555.334,4939.336
2018-11-02,8,1490.254,3558.292,5048.546
2018-11-02,9,1505.282,3418.742,4924.024
2018-11-02,10,1470.172,3120.372,4590.544
2018-11-02,11,1392.042,2978.398,4370.44
2018-11-02,12,1315.496,2815.092,4130.588
2018-11-02,13,1215.556,2785.628,4001.184
2018-11-02,14,1109.88,2621.038,3730.918
2018-11-02,15,966.41,2202.416,3168.826
2018-11-02,16,867.64,1878.422,2746.062
2018-11-02,17,756.826,1754.276,2511.102
2018-11-02,18,706.314,1695.97,2402.284
2018-11-02,19,670.91,1661.14,2332.05
2018-11-02,20,611.008,1502.606,2113.614
2018-11-02,21,498.992,1314.368,1813.36
2018-11-02,22,432.604,1177.552,1610.156
2018-11-02,23,411.192,996.982,1408.174
2018-11-02,24,488.846,857.79,1346.636
2018-11-02,25,627.586,857.512,1485.098
2018-11-02,26,670.772,823.71,1494.482
2018-11-02,27,690.58,796.69,1487.27
2018-11-02,28,697.976,907.84,1605.816
2018-11-02,29,775.696,984.422,1760.118
2018-11-02,30,918.334,1048.542,1966.876
2018-11-02,31,1129.396,1037.786,2167.182
2018-11-02,32,1391.756,1264.974,2656.73
2018-11-02,33,1536.454,1568.23,3104.684
2018-11-02,34,1739.304,1693.63,3432.934
2018-11-02,35,1955.226,1735.742,3690.968
2018-11-02,36,2283.596,1737.938,4021.534
2018-11-02,37,2605.454,1867.502,4472.956
2018-11-02,38,2985.062,2049.25,5034.312
2018-11-02,39,3370.732,2066.068,5436.8
2018-11-02,40,3504.144,2065.832,5569.976
2018-11-02,41,3676.12,2221.29,5897.41
2018-11-02,42,3968.916,2392.518,6361.434
2018-11-02,43,3832.368,2479.656,6312.024
2018-11-02,44,3348.372,2626.404,5974.776
2018-11-02,45,3159.068,2952.238,6111.306
2018-11-02,46,3182.536,3175.148,6357.684
2018-11-02,47,3247.568,3364.384,6611.952
2018-11-02,48,3177.864,3613.934,6791.798
2018-11-03,1,3160.23,3750.374,6910.604
2018-11-03,2,3022.304,3925.412,6947.716
2018-11-03,3,2731.39,4107.356,6838.746
2018-11-03,4,2577.084,4355.73,6932.814
2018-11-03,5,2527.478,4589.336,7116.814
2018-11-03,6,2436.592,4795.628,7232.22
2018-11-03,7,2399.248,4910.686,7309.934
2018-11-03,8,2189.44,5020.664,7210.104
2018-11-03,9,2207.31,5213.054,7420.364
2018-11-03,10,2208.7,5473.944,7682.644
2018-11-03,11,2176.3,5654.128,7830.428
2018-11-03,12,2304.454,5748.658,8053.112
2018-11-03,13,2399.288,5877.456,8276.744
2018-11-03,14,2476.498,5968.5,8444.998
2018-11-03,15,2605.278,6046.872,8652.15
2018-11-03,16,2669.74,6181.57,8851.31
2018-11-03,17,2995.124,6314.292,9309.416
2018-11-03,18,3495.166,6368.964,9864.13
2018-11-03,19,3937.27,6383.74,10321.01
2018-11-03,20,4205.46,6405.574,10611.034
2018-11-03,21,4630.104,6371.826,11001.93
2018-11-03,22,4525.796,6374.102,10899.898
2018-11-03,23,4558.408,6415.476,10973.884
2018-11-03,24,4644.612,6515.966,11160.578
2018-11-03,25,4455.696,6589.16,11044.856
2018-11-03,26,4409.814,6629.44,11039.254
2018-11-03,27,4424.752,6679.626,11104.378
2018-11-03,28,4352.624,6657.186,11009.81
2018-11-03,29,4270.936,6604.378,10875.314
2018-11-03,30,4251.462,6492.45,10743.912
2018-11-03,31,4290.048,6581.222,10871.27
2018-11-03,32,4221.598,6542.044,10763.642
2018-11-03,33,4156.866,6435.75,10592.616
2018-11-03,34,4322.688,6443.406,10766.094
2018-11-03,35,4292.05,6465.138,10757.188
2018-11-03,36,4451.24,6440.074,10891.314
2018-11-03,37,4319.414,6433.858,10753.272
2018-11-03,38,4397.026,6436.134,10833.16
2018-11-03,39,4253.952,6487.774,10741.726
2018-11-03,40,4129.01,6480.718,10609.728
2018-11-03,41,3895.774,6516.058,10411.832
2018-11-03,42,3816.842,6530.442,10347.284
2018-11-03,43,3650.524,6400.666,10051.19
2018-11-03,44,3521.342,6252.662,9774.004
2018-11-03,45,3343.228,6443.834,9787.062
2018-11-03,46,3211.656,6578.918,9790.574
2018-11-03,47,3050.746,6515.922,9566.668
2018-11-03,48,2860.664,6285.76,9146.424
2018-11-04,1,2922.7,6060.424,8983.124
2018-11-04,2,2724.282,6061.216,8785.498
2018-11-04,3,2580.812,5986.99,8567.802
2018-11-04,4,2535.248,5715.342,8250.59
2018-11-04,5,2469.186,5522.558,7991.744
2018-11-04,6,2489.13,5508.978,7998.108
2018-11-04,7,2476.268,5264.222,7740.49
2018-11-04,8,2527.704,5170.916,7698.62
2018-11-04,9,2588.77,5038.066,7626.836
2018-11-04,10,2573.116,4906.856,7479.972
2018-11-04,11,2645.19,4871.646,7516.836
2018-11-04,12,2813.684,4853.042,7666.726
2018-11-04,13,3006.72,4467.514,7474.234
2018-11-04,14,3348.002,4267.868,7615.87
2018-11-04,15,3451.022,4210.828,7661.85
2018-11-04,16,3522.83,3727.09,7249.92
2018-11-04,17,3518.484,3610.886,7129.37
2018-11-04,18,3467.238,3573.148,7040.386
2018-11-04,19,3467.314,3783.538,7250.852
2018-11-04,20,3443.112,3822.578,7265.69
2018-11-04,21,3392.552,3661.434,7053.986
2018-11-04,22,3509.774,3315.422,6825.196
2018-11-04,23,3624.768,3026.872,6651.64
2018-11-04,24,3677.972,2592.554,6270.526
2018-11-04,25,3579.408,2341.356,5920.764
2018-11-04,26,3281.98,1977.188,5259.168
2018-11-04,27,3099.496,1843.23,4942.726
2018-11-04,28,2992.378,1736.408,4728.786
2018-11-04,29,2804.178,1471.182,4275.36
2018-11-04,30,2571.34,1414.272,3985.612
2018-11-04,31,2409.452,1553.636,3963.088
2018-11-04,32,2235.612,1650.612,3886.224
2018-11-04,33,2066.092,1731.136,3797.228
2018-11-04,34,1942.764,1766.526,3709.29
2018-11-04,35,1850.762,1803.878,3654.64
2018-11-04,36,1787.156,2011.29,3798.446
2018-11-04,37,1757.222,2236.058,3993.28
2018-11-04,38,1693.008,2468.196,4161.204
2018-11-04,39,1620.864,2688.274,4309.138
2018-11-04,40,1529.448,2686.128,4215.576
2018-11-04,41,1454.734,2783.778,4238.512
2018-11-04,42,1337.35,3222.86,4560.21
2018-11-04,43,1215.456,3441.17,4656.626
2018-11-04,44,1091.976,3234.152,4326.128
2018-11-04,45,1060.89,3284.946,4345.836
2018-11-04,46,1048.224,3385.374,4433.598
2018-11-04,47,1040.958,3358.056,4399.014
2018-11-04,48,972.138,3305.764,4277.902
2018-11-05,1,992.08,3344.1,4336.18
2018-11-05,2,963.94,3310.352,4274.292
2018-11-05,3,826.022,3341.17,4167.192
2018-11-05,4,698.25,3420.366,4118.616
2018-11-05,5,634.562,3597.928,4232.49
2018-11-05,6,670.66,3522.852,4193.512
2018-11-05,7,757.602,3236.752,3994.354
2018-11-05,8,816.124,3283.238,4099.362
2018-11-05,9,827.278,3380.432,4207.71
2018-11-05,10,811.384,3329.332,4140.716
2018-11-05,11,808.802,3317.6,4126.402
2018-11-05,12,812.942,3306.736,4119.678
2018-11-05,13,828.384,3389.384,4217.768
2018-11-05,14,819.12,3207.438,4026.558
2018-11-05,15,771.816,3145.146,3916.962
2018-11-05,16,845.6,3417.36,4262.96
2018-11-05,17,778.262,3201.992,3980.254
2018-11-05,18,697.796,2974.204,3672
2018-11-05,19,725.846,2642.598,3368.444
2018-11-05,20,751.59,2660.828,3412.418
2018-11-05,21,782.624,2549.934,3332.558
2018-11-05,22,762.322,2375.2,3137.522
2018-11-05,23,717.842,2189.034,2906.876
2018-11-05,24,671.4,2046.154,2717.554
2018-11-05,25,577.128,2065.008,2642.136
2018-11-05,26,526.426,1983.568,2509.994
2018-11-05,27,579.052,1978.288,2557.34
2018-11-05,28,571.098,1863.888,2434.986
2018-11-05,29,508.554,1764.586,2273.14
2018-11-05,30,498.404,1784.688,2283.092
2018-11-05,31,626.966,2100.25,2727.216
2018-11-05,32,666.838,2246.926,2913.764
2018-11-05,33,714.89,2472.158,3187.048
2018-11-05,34,869.288,2606.912,3476.2
2018-11-05,35,1009.186,2627.23,3636.416
2018-11-05,36,1109.69,2692.926,3802.616
2018-11-05,37,1284.468,2772.628,4057.096
2018-11-05,38,1399.536,2816.606,4216.142
2018-11-05,39,1571.222,2693.976,4265.198
2018-11-05,40,1507.756,2857.322,4365.078
2018-11-05,41,1540.318,2853.898,4394.216
2018-11-05,42,1717.602,2842.202,4559.804
2018-11-05,43,1930.94,2605.97,4536.91
2018-11-05,44,1924.406,2549.904,4474.31
2018-11-05,45,1861.65,2709.114,4570.764
2018-11-05,46,1883.408,2713.966,4597.374
2018-11-05,47,2002.126,2720.14,4722.266
2018-11-05,48,2102.876,2511.478,4614.354
2018-11-06,1,2146.886,2262.126,4409.012
2018-11-06,2,2085.022,2289.24,4374.262
2018-11-06,3,2026.766,2391.406,4418.172
2018-11-06,4,1976.884,2444.414,4421.298
2018-11-06,5,1949.71,2409.974,4359.684
2018-11-06,6,2011.138,2345.766,4356.904
2018-11-06,7,1963.842,2218.27,4182.112
2018-11-06,8,1904.052,2324.394,4228.446
2018-11-06,9,1887.22,2681.43,4568.65
2018-11-06,10,1747.72,3192.216,4939.936
2018-11-06,11,1810.416,3407.63,5218.046
2018-11-06,12,1995.982,3389.826,5385.808
2018-11-06,13,2184.856,3367.17,5552.026
2018-11-06,14,2323.664,3404.838,5728.502
2018-11-06,15,2328.4,3494.144,5822.544
2018-11-06,16,2670.53,3669.528,6340.058
2018-11-06,17,2853.644,4164.626,7018.27
2018-11-06,18,2922.748,4480.332,7403.08
2018-11-06,19,3111.192,4465.012,7576.204
2018-11-06,20,3281.286,4560.776,7842.062
2018-11-06,21,3306.658,4657.11,7963.768
2018-11-06,22,3212.414,4773.9,7986.314
2018-11-06,23,3149.224,4628.672,7777.896
2018-11-06,24,3174.982,4623.004,7797.986
2018-11-06,25,3173.12,4452.3,7625.42
2018-11-06,26,3249.832,4439.406,7689.238
2018-11-06,27,3292.702,4383.234,7675.936
2018-11-06,28,3275.138,4818.558,8093.696
2018-11-06,29,3462.252,5255.62,8717.872
2018-11-06,30,3532.964,5328.396,8861.36
2018-11-06,31,3565.494,5672.614,9238.108
2018-11-06,32,3594.096,5900.77,9494.866
2018-11-06,33,3694.77,6127.706,9822.476
2018-11-06,34,3755.41,6254.718,10010.128
2018-11-06,35,3835.012,6295.418,10130.43
2018-11-06,36,3965.126,6153.518,10118.644
2018-11-06,37,3867.182,6303.16,10170.342
2018-11-06,38,3932.016,6265.854,10197.87
2018-11-06,39,4021.966,6362.932,10384.898
2018-11-06,40,4158.858,6405.588,10564.446
2018-11-06,41,4253.32,6517.918,10771.238
2018-11-06,42,4329.298,6514.052,10843.35
2018-11-06,43,4261.98,6496.08,10758.06
2018-11-06,44,4370.552,6532.034,10902.586
2018-11-06,45,4414.248,6446.842,10861.09
2018-11-06,46,4251.726,6251.884,10503.61
2018-11-06,47,4092.962,6108.132,10201.094
2018-11-06,48,3946.77,6264.356,10211.126
2018-11-07,1,3849.06,6233.07,10082.13
2018-11-07,2,3760.686,6211.376,9972.062
2018-11-07,3,3482.576,6128.932,9611.508
2018-11-07,4,3304.122,5945.034,9249.156
2018-11-07,5,3059.238,6262.434,9321.672
2018-11-07,6,2877.658,6492.17,9369.828
2018-11-07,7,2772.766,6537.082,9309.848
2018-11-07,8,2764.236,6583.31,9347.546
2018-11-07,9,2956.724,6553.248,9509.972
2018-11-07,10,3205.896,6400.332,9606.228
2018-11-07,11,3316.464,6395.156,9711.62
2018-11-07,12,3416.108,6383.76,9799.868
2018-11-07,13,3592.872,6219.988,9812.86
2018-11-07,14,3614.612,6523.214,10137.826
2018-11-07,15,3713.674,6657.086,10370.76
2018-11-07,16,4103.91,6644.526,10748.436
2018-11-07,17,4327.988,6550.644,10878.632
2018-11-07,18,4426.92,6570.488,10997.408
2018-11-07,19,4501.266,6568.354,11069.62
2018-11-07,20,4540.862,6540.638,11081.5
2018-11-07,21,4504.07,6509.826,11013.896
2018-11-07,22,4447.358,6378.512,10825.87
2018-11-07,23,4405.02,6246.892,10651.912
2018-11-07,24,4471.668,6113.902,10585.57
2018-11-07,25,4443.91,5531.686,9975.596
2018-11-07,26,4441.256,4832.442,9273.698
2018-11-07,27,4288.958,4677.622,8966.58
2018-11-07,28,4265.632,4993.07,9258.702
2018-11-07,29,4173.758,5136.23,9309.988
2018-11-07,30,3972.79,5143.16,9115.95
2018-11-07,31,3721.09,5035.614,8756.704
2018-11-07,32,3429.21,4868.774,8297.984
2018-11-07,33,3145.896,4987.192,8133.088
2018-11-07,34,2914.622,5067.072,7981.694
2018-11-07,35,2678.848,5061.412,7740.26
2018-11-07,36,2489.216,4963.636,7452.852
2018-11-07,37,2426.496,4911.888,7338.384
2018-11-07,38,2313.584,5105.158,7418.742
2018-11-07,39,2366.628,5512.538,7879.166
2018-11-07,40,2085.83,5465.432,7551.262
2018-11-07,41,2015.014,5025.688,7040.702
2018-11-07,42,1908.476,4680.958,6589.434
2018-11-07,43,1844.006,4192.508,6036.514
2018-11-07,44,1792.78,3958.418,5751.198
2018-11-07,45,1585.422,4231.13,5816.552
2018-11-07,46,1429.15,4253.3,5682.45
2018-11-07,47,1376.56,3998.61,5375.17
2018-11-07,48,1241.882,4191.7,5433.582
2018-11-08,1,1144.592,3838.5,4983.092
2018-11-08,2,1021.322,3631.402,4652.724
2018-11-08,3,937.948,3700.042,4637.99
2018-11-08,4,852.632,4026.398,4879.03
2018-11-08,5,809.372,4354.5,5163.872
2018-11-08,6,906.022,4204.176,5110.198
2018-11-08,7,1043.246,4316.174,5359.42
2018-11-08,8,1280.23,4955.514,6235.744
2018-11-08,9,1479.83,4898.304,6378.134
2018-11-08,10,1599.54,4918.206,6517.746
2018-11-08,11,1739.638,4389.794,6129.432
2018-11-08,12,1917.046,3770.414,5687.46
2018-11-08,13,2060.302,3735.72,5796.022
2018-11-08,14,2166.166,3886.716,6052.882
2018-11-08,15,2505.15,4183.014,6688.164
2018-11-08,16,2601.542,4731.248,7332.79
2018-11-08,17,2337.602,5202.64,7540.242
2018-11-08,18,2065.462,5561.9,7627.362
2018-11-08,19,1978.498,5419.714,7398.212
2018-11-08,20,2148.752,5268.08,7416.832
2018-11-08,21,2397.764,5222.278,7620.042
2018-11-08,22,2448.528,5482.386,7930.914
2018-11-08,23,2465.924,5530.31,7996.234
2018-11-08,24,2528.96,5631.522,8160.482
2018-11-08,25,2642.924,5279.286,7922.21
2018-11-08,26,2646.064,5312.026,7958.09
2018-11-08,27,2598.744,4785.502,7384.246
2018-11-08,28,2600.852,4627.34,7228.192
2018-11-08,29,2522.608,4351.772,6874.38
2018-11-08,30,2729.64,4388.022,7117.662
2018-11-08,31,2771.232,4456.842,7228.074
2018-11-08,32,2759.448,4689.208,7448.656
2018-11-08,33,2535.576,4803.502,7339.078
2018-11-08,34,2529.85,4972.386,7502.236
2018-11-08,35,2384.266,5014.528,7398.794
2018-11-08,36,2549.572,5334.7,7884.272
2018-11-08,37,2872.456,5775.662,8648.118
2018-11-08,38,3163.356,6294.648,9458.004
2018-11-08,39,3490.22,6397.53,9887.75
2018-11-08,40,3717.452,6262.364,9979.816
2018-11-08,41,3898.046,6056.862,9954.908
2018-11-08,42,4133.136,5895.49,10028.626
2018-11-08,43,4272.822,5966.682,10239.504
2018-11-08,44,4185.246,6049.06,10234.306
2018-11-08,45,4183.484,5951.864,10135.348
2018-11-08,46,4180.45,5875.338,10055.788
2018-11-08,47,4054.65,5708.284,9762.934
2018-11-08,48,3877.246,5483.568,9360.814
2018-11-09,1,3838.346,5243.648,9081.994
2018-11-09,2,3642.166,5263.248,8905.414
2018-11-09,3,3558.48,5297.198,8855.678
2018-11-09,4,3641.684,5199.538,8841.222
2018-11-09,5,3769.992,5151.608,8921.6
2018-11-09,6,4100.694,5051.93,9152.624
2018-11-09,7,3954.958,4901.382,8856.34
2018-11-09,8,4033.652,5007.256,9040.908
2018-11-09,9,4234.612,4793.854,9028.466
2018-11-09,10,4255.004,4801.87,9056.874
2018-11-09,11,3961.522,4905.506,8867.028
2018-11-09,12,3947.86,5055.826,9003.686
2018-11-09,13,4124.478,5033.396,9157.874
2018-11-09,14,4303.246,4985.742,9288.988
2018-11-09,15,4460.544,4926.092,9386.636
2018-11-09,16,4369.23,4892.61,9261.84
2018-11-09,17,4371.852,4796.294,9168.146
2018-11-09,18,4491.732,4801.756,9293.488
2018-11-09,19,4555.576,4925.776,9481.352
2018-11-09,20,4590.884,5117.252,9708.136
2018-11-09,21,4592.994,5250.656,9843.65
2018-11-09,22,4559.684,5444.688,10004.372
2018-11-09,23,4495.078,5715.188,10210.266
2018-11-09,24,4448.602,6006.38,10454.982
2018-11-09,25,4529.654,6317.566,10847.22
2018-11-09,26,4591.826,6350.912,10942.738
2018-11-09,27,4649.308,6311.644,10960.952
2018-11-09,28,4656.848,6342.422,10999.27
2018-11-09,29,4595.896,6469.042,11064.938
2018-11-09,30,4636.914,6468.114,11105.028
2018-11-09,31,4792.506,6607.786,11400.292
2018-11-09,32,4760.808,6664.688,11425.496
2018-11-09,33,4738.744,6704.574,11443.318
2018-11-09,34,4723.898,6714.644,11438.542
2018-11-09,35,4597.312,6760.932,11358.244
2018-11-09,36,4575.308,6771.32,11346.628
2018-11-09,37,4709.052,6856.224,11565.276
2018-11-09,38,4771.754,6875.002,11646.756
2018-11-09,39,4819.652,6875.898,11695.55
2018-11-09,40,4811.618,6781.214,11592.832
2018-11-09,41,4753.008,6725.228,11478.236
2018-11-09,42,4718.626,6701.734,11420.36
2018-11-09,43,4570.882,6764.234,11335.116
2018-11-09,44,4461.142,6624.086,11085.228
2018-11-09,45,4058.446,6504.076,10562.522
2018-11-09,46,3864.654,6367.518,10232.172
2018-11-09,47,3512.524,6363.114,9875.638
2018-11-09,48,3365.656,6214.376,9580.032
2018-11-10,1,3448.678,6173.94,9622.618
2018-11-10,2,3477.53,5921.704,9399.234
2018-11-10,3,3459.106,5885.364,9344.47
2018-11-10,4,3545.442,6041.978,9587.42
2018-11-10,5,3515.574,5900.13,9415.704
2018-11-10,6,3516.664,5843.906,9360.57
2018-11-10,7,3392.662,5828.816,9221.478
2018-11-10,8,3305.354,5949.59,9254.944
2018-11-10,9,3201.814,5648.684,8850.498
2018-11-10,10,3015.996,5578.406,8594.402
2018-11-10,11,2729.092,5927.64,8656.732
2018-11-10,12,2576.868,5785.282,8362.15
2018-11-10,13,2488.654,5395.444,7884.098
2018-11-10,14,2448.888,5155.812,7604.7
2018-11-10,15,2435.186,4649.614,7084.8
2018-11-10,16,2360.48,4244.294,6604.774
2018-11-10,17,2256.926,3603.828,5860.754
2018-11-10,18,2086.096,3185.774,5271.87
2018-11-10,19,2053.128,3280.518,5333.646
2018-11-10,20,2037.014,3223.044,5260.058
2018-11-10,21,2242.922,3178.63,5421.552
2018-11-10,22,2433.316,3227.932,5661.248
2018-11-10,23,2394.568,3623.426,6017.994
2018-11-10,24,2283.416,3667.952,5951.368
2018-11-10,25,2197.682,3512.83,5710.512
2018-11-10,26,2080.17,3916.42,5996.59
2018-11-10,27,2089.448,3855.34,5944.788
2018-11-10,28,2067.578,4048.056,6115.634
2018-11-10,29,2016.344,4243.086,6259.43
2018-11-10,30,1798.006,4699.86,6497.866
2018-11-10,31,1553.484,4820.22,6373.704
2018-11-10,32,1253.382,4704.728,5958.11
2018-11-10,33,1148.144,4491.578,5639.722
2018-11-10,34,1100.48,4252.782,5353.262
2018-11-10,35,1265.708,3847.076,5112.784
2018-11-10,36,1186.492,4057.306,5243.798
2018-11-10,37,1202.818,4218.724,5421.542
2018-11-10,38,1186.028,3918.618,5104.646
2018-11-10,39,1085.694,3806.426,4892.12
2018-11-10,40,1034.17,3756.484,4790.654
2018-11-10,41,1048.87,3926.916,4975.786
2018-11-10,42,1008.91,4017.952,5026.862
2018-11-10,43,984.562,3814.532,4799.094
2018-11-10,44,936.162,3795.794,4731.956
2018-11-10,45,991.84,3922.464,4914.304
2018-11-10,46,1043.92,3663.868,4707.788
2018-11-10,47,1063.714,3124.508,4188.222
2018-11-10,48,1046.862,3323.372,4370.234
2018-11-11,1,1011.966,3273.854,4285.82
2018-11-11,2,969.704,3912.488,4882.192
2018-11-11,3,997.3,3848.118,4845.418
2018-11-11,4,1015.796,3906.884,4922.68
2018-11-11,5,1024.766,4156.72,5181.486
2018-11-11,6,943.872,4366.154,5310.026
2018-11-11,7,1014.968,4230.35,5245.318
2018-11-11,8,1013.468,4170.35,5183.818
2018-11-11,9,959.606,4077.192,5036.798
2018-11-11,10,1007.674,4348.07,5355.744
2018-11-11,11,1003.922,4216.248,5220.17
2018-11-11,12,1022.41,4092.14,5114.55
2018-11-11,13,1095.684,4023.146,5118.83
2018-11-11,14,1104.112,4041.36,5145.472
2018-11-11,15,1135.82,4139.13,5274.95
2018-11-11,16,1085.472,4236.462,5321.934
2018-11-11,17,1106.684,4262.174,5368.858
2018-11-11,18,1103.886,4414.162,5518.048
2018-11-11,19,1097.39,4400.466,5497.856
2018-11-11,20,1082.006,4485.726,5567.732
2018-11-11,21,933.848,4935.614,5869.462
2018-11-11,22,852.084,4981.246,5833.33
2018-11-11,23,951.44,5182.602,6134.042
2018-11-11,24,1009.074,5451.958,6461.032
2018-11-11,25,985.624,5827.026,6812.65
2018-11-11,26,880.686,5986.476,6867.162
2018-11-11,27,996.52,6000.992,6997.512
2018-11-11,28,1092.186,5821.134,6913.32
2018-11-11,29,1233.928,5499.432,6733.36
2018-11-11,30,1322.42,5407.39,6729.81
2018-11-11,31,1370.336,5075.866,6446.202
2018-11-11,32,1487.828,4949.978,6437.806
2018-11-11,33,1503.258,5096.972,6600.23
2018-11-11,34,1513.744,4983.38,6497.124
2018-11-11,35,1563.658,5004.978,6568.636
2018-11-11,36,1640.686,5259.64,6900.326
2018-11-11,37,1728.916,5592.5,7321.416
2018-11-11,38,1818.242,5430.672,7248.914
2018-11-11,39,2089.582,5079.28,7168.862
2018-11-11,40,2148.034,4923.798,7071.832
2018-11-11,41,2357.49,4914.828,7272.318
2018-11-11,42,2659.496,4991.926,7651.422
2018-11-11,43,2693.28,4942.554,7635.834
2018-11-11,44,2722.872,5001.526,7724.398
2018-11-11,45,2799.288,5030.282,7829.57
2018-11-11,46,2905.542,5013.046,7918.588
2018-11-11,47,2892.4,5095.142,7987.542
2018-11-11,48,2789.342,5070.578,7859.92
2018-11-12,1,2706.296,5167.392,7873.688
2018-11-12,2,2710.268,5034.352,7744.62
2018-11-12,3,2620.676,4953.542,7574.218
2018-11-12,4,2669.726,4996.442,7666.168
2018-11-12,5,2604.772,4815.144,7419.916
2018-11-12,6,2511.462,4673.818,7185.28
2018-11-12,7,2629.128,4751.132,7380.26
2018-11-12,8,2618.988,4894.416,7513.404
2018-11-12,9,2803.34,4884.564,7687.904
2018-11-12,10,2789.894,5074.794,7864.688
2018-11-12,11,2823.764,5177.368,8001.132
2018-11-12,12,2919.802,5377.456,8297.258
2018-11-12,13,2899.978,5246.344,8146.322
2018-11-12,14,2887.086,5183.76,8070.846
2018-11-12,15,2896.952,5313.426,8210.378
2018-11-12,16,3023.996,5401.164,8425.16
2018-11-12,17,3017.258,5461.934,8479.192
2018-11-12,18,2965.398,5596.576,8561.974
2018-11-12,19,2948.02,5381.798,8329.818
2018-11-12,20,2998.774,5315.078,8313.852
2018-11-12,21,3072.728,5344.582,8417.31
2018-11-12,22,3139.952,5346.01,8485.962
2018-11-12,23,3247.792,5382.362,8630.154
2018-11-12,24,3406.516,5462.67,8869.186
2018-11-12,25,3331.594,5357.462,8689.056
2018-11-12,26,3342.216,5579.142,8921.358
2018-11-12,27,3263.338,5503.392,8766.73
2018-11-12,28,3231.086,5595.508,8826.594
2018-11-12,29,3238.486,5636.62,8875.106
2018-11-12,30,3127.528,5906.048,9033.576
2018-11-12,31,3001.834,6004.372,9006.206
2018-11-12,32,2789.804,6054.396,8844.2
2018-11-12,33,2737.41,6163.198,8900.608
2018-11-12,34,2774.712,6048.832,8823.544
2018-11-12,35,2679.768,6101.49,8781.258
2018-11-12,36,2607.388,6120.826,8728.214
2018-11-12,37,2591.632,6422.572,9014.204
2018-11-12,38,2522.782,6229.948,8752.73
2018-11-12,39,2510.594,6253.04,8763.634
2018-11-12,40,2441.472,6188.936,8630.408
2018-11-12,41,2403.792,6197.976,8601.768
2018-11-12,42,2226.09,6263.882,8489.972
2018-11-12,43,2053.41,6135.598,8189.008
2018-11-12,44,1914.638,6015.398,7930.036
2018-11-12,45,1668.45,6041.854,7710.304
2018-11-12,46,1631.278,6095.596,7726.874
2018-11-12,47,1535.558,6282.336,7817.894
2018-11-12,48,1451.084,6357.358,7808.442
2018-11-13,1,1515.516,6343.242,7858.758
2018-11-13,2,1446.26,6364.412,7810.672
2018-11-13,3,1415.688,6557.956,7973.644
2018-11-13,4,1487.91,6563.378,8051.288
2018-11-13,5,1572.592,6483.044,8055.636
2018-11-13,6,1606.314,6447.184,8053.498
2018-11-13,7,1792.722,6582.568,8375.29
2018-11-13,8,1994.644,6550.278,8544.922
2018-11-13,9,2151.408,6491.62,8643.028
2018-11-13,10,2193.334,6458.516,8651.85
2018-11-13,11,2327.83,6415.26,8743.09
2018-11-13,12,2553.288,6434.148,8987.436
2018-11-13,13,2753.98,6409.042,9163.022
2018-11-13,14,2897.012,6418.354,9315.366
2018-11-13,15,3048.144,6405.658,9453.802
2018-11-13,16,3040.422,6145.442,9185.864
2018-11-13,17,3011.962,6056.206,9068.168
2018-11-13,18,2874.09,6089.896,8963.986
2018-11-13,19,2850.958,6091.736,8942.694
2018-11-13,20,2824.416,6033.206,8857.622
2018-11-13,21,2704.246,5853.492,8557.738
2018-11-13,22,2632.904,5582.69,8215.594
2018-11-13,23,2716.922,5429.658,8146.58
2018-11-13,24,2765.88,5460.208,8226.088
2018-11-13,25,2945.278,5388.666,8333.944
2018-11-13,26,2833.5,5303.616,8137.116
2018-11-13,27,2673.998,5232.146,7906.144
2018-11-13,28,2481.766,4947.428,7429.194
2018-11-13,29,2391.222,4605.382,6996.604
2018-11-13,30,2275.862,4621.162,6897.024
2018-11-13,31,2232.408,4389.34,6621.748
2018-11-13,32,2222.792,4155.742,6378.534
2018-11-13,33,2313.344,4054.016,6367.36
2018-11-13,34,2433.404,3993.694,6427.098
2018-11-13,35,2571,4215.704,6786.704
2018-11-13,36,2719.53,4629.266,7348.796
2018-11-13,37,2884.914,4926.874,7811.788
2018-11-13,38,3191.388,5049.264,8240.652
2018-11-13,39,3449.77,5052.05,8501.82
2018-11-13,40,3591.132,4947.15,8538.282
2018-11-13,41,3605.968,4730.13,8336.098
2018-11-13,42,3850.616,4903.648,8754.264
2018-11-13,43,3947.894,4786.342,8734.236
2018-11-13,44,4049.02,4648.922,8697.942
2018-11-13,45,4037.732,4849.41,8887.142
2018-11-13,46,4157.812,4830.342,8988.154
2018-11-13,47,4169.012,4888.216,9057.228
2018-11-13,48,3861.226,5092.346,8953.572
2018-11-14,1,3519.306,5422.646,8941.952
2018-11-14,2,3436.29,5564.838,9001.128
2018-11-14,3,3424.024,5617.182,9041.206
2018-11-14,4,3443.704,5805.948,9249.652
2018-11-14,5,3306.7,5833.648,9140.348
2018-11-14,6,3057.712,5939.77,8997.482
2018-11-14,7,2977.472,5868.03,8845.502
2018-11-14,8,3171.372,6199.902,9371.274
2018-11-14,9,3137.586,6136.538,9274.124
2018-11-14,10,3262.394,6001.768,9264.162
2018-11-14,11,3270.226,6064.89,9335.116
2018-11-14,12,3522.044,6074.11,9596.154
2018-11-14,13,3613.76,6119.028,9732.788
2018-11-14,14,3939.586,6208.182,10147.768
2018-11-14,15,4001.218,6299.44,10300.658
2018-11-14,16,4122.27,6317.014,10439.284
2018-11-14,17,4151.498,6205.972,10357.47
2018-11-14,18,4082.312,6044.314,10126.626
2018-11-14,19,4104.268,5904.918,10009.186
2018-11-14,20,4206.722,5817.974,10024.696
2018-11-14,21,4324.818,5787.71,10112.528
2018-11-14,22,4337.16,5911.534,10248.694
2018-11-14,23,4370.228,5833.104,10203.332
2018-11-14,24,4377.208,5599.702,9976.91
2018-11-14,25,4331.192,5552.46,9883.652
2018-11-14,26,4312.674,5361.264,9673.938
2018-11-14,27,4384.6,5208.928,9593.528
2018-11-14,28,4496.91,5079.366,9576.276
2018-11-14,29,4488.244,4855.7,9343.944
2018-11-14,30,4494.696,4704.218,9198.914
2018-11-14,31,4652.978,4400.336,9053.314
2018-11-14,32,4643.512,4325.556,8969.068
2018-11-14,33,4672.882,4189.598,8862.48
2018-11-14,34,4631.514,4297.826,8929.34
2018-11-14,35,4704.822,4269.73,8974.552
2018-11-14,36,4956.27,4338.124,9294.394
2018-11-14,37,5008.228,4341.706,9349.934
2018-11-14,38,4948.946,4429.054,9378
2018-11-14,39,4943.548,4540.058,9483.606
2018-11-14,40,4704.196,4349.452,9053.648
2018-11-14,41,4678.226,4105.838,8784.064
2018-11-14,42,4766.146,3784.496,8550.642
2018-11-14,43,4889.51,3494.482,8383.992
2018-11-14,44,4894.648,3162.4,8057.048
2018-11-14,45,4797.648,3090.018,7887.666
2018-11-14,46,4648.262,3061.33,7709.592
2018-11-14,47,4481.3,2893.648,7374.948
2018-11-14,48,4316.424,3067.634,7384.058
2018-11-15,1,4138.782,3112.702,7251.484
2018-11-15,2,4052.342,2982.09,7034.432
2018-11-15,3,4074.334,2750.566,6824.9
2018-11-15,4,4032.242,2509.162,6541.404
2018-11-15,5,4126.452,2497.91,6624.362
2018-11-15,6,4143.676,2279.638,6423.314
2018-11-15,7,4138.304,2115.498,6253.802
2018-11-15,8,4059.238,1893.508,5952.746
2018-11-15,9,3953.24,1802.35,5755.59
2018-11-15,10,3940.362,1655.526,5595.888
2018-11-15,11,3788.48,1648.582,5437.062
2018-11-15,12,3531.05,1621.572,5152.622
2018-11-15,13,3381.016,1629.102,5010.118
2018-11-15,14,3506.004,1614.702,5120.706
2018-11-15,15,3478.684,1622.934,5101.618
2018-11-15,16,3447.44,1645.312,5092.752
2018-11-15,17,3415.196,1714.768,5129.964
2018-11-15,18,3600.572,1756.958,5357.53
2018-11-15,19,3726.036,1936.34,5662.376
2018-11-15,20,3790.754,2108.804,5899.558
2018-11-15,21,3822.038,2294.296,6116.334
2018-11-15,22,3834.668,2527.26,6361.928
2018-11-15,23,3961.736,2754.586,6716.322
2018-11-15,24,3908.546,2814.27,6722.816
2018-11-15,25,3823.34,2690.99,6514.33
2018-11-15,26,3787.296,2711.988,6499.284
2018-11-15,27,3904.904,2859.934,6764.838
2018-11-15,28,4030.028,3065.466,7095.494
2018-11-15,29,4124.94,2837.276,6962.216
2018-11-15,30,4157.06,2801.04,6958.1
2018-11-15,31,4208.914,2766.04,6974.954
2018-11-15,32,4388.142,2946.864,7335.006
2018-11-15,33,4410.872,3273.512,7684.384
2018-11-15,34,4416.768,3365.162,7781.93
2018-11-15,35,4584.236,3513.842,8098.078
2018-11-15,36,4612.838,3442.736,8055.574
2018-11-15,37,4425.058,3146.776,7571.834
2018-11-15,38,4178.836,2689.2,6868.036
2018-11-15,39,3809.802,2006.846,5816.648
2018-11-15,40,3388.854,1818.866,5207.72
2018-11-15,41,3088.644,1797.338,4885.982
2018-11-15,42,3147.412,1733.536,4880.948
2018-11-15,43,3014.706,1702.062,4716.768
2018-11-15,44,2665.122,1715.478,4380.6
2018-11-15,45,2187.214,1520.794,3708.008
2018-11-15,46,1918.348,1367.106,3285.454
2018-11-15,47,1762.576,1288.912,3051.488
2018-11-15,48,1627.88,1222.604,2850.484
2018-11-16,1,1607.584,1092.986,2700.57
2018-11-16,2,1513.938,919.746,2433.684
2018-11-16,3,1350.574,777.51,2128.084
2018-11-16,4,1204.924,633.216,1838.14
2018-11-16,5,1039.884,677.044,1716.928
2018-11-16,6,1095.71,609.394,1705.104
2018-11-16,7,1073.352,536.306,1609.658
2018-11-16,8,1120.668,522.898,1643.566
2018-11-16,9,1131.192,554.514,1685.706
2018-11-16,10,1214.02,561.31,1775.33
2018-11-16,11,1290.448,536.692,1827.14
2018-11-16,12,1350.828,572.24,1923.068
2018-11-16,13,1314.08,676.73,1990.81
2018-11-16,14,1312.452,816.138,2128.59
2018-11-16,15,1424.584,1031.424,2456.008
2018-11-16,16,1472.752,1155.194,2627.946
2018-11-16,17,1516.904,1184.57,2701.474
2018-11-16,18,1535.408,1135.366,2670.774
2018-11-16,19,1469.174,1043.588,2512.762
2018-11-16,20,1452.148,1059.466,2511.614
2018-11-16,21,1497.308,1041.26,2538.568
2018-11-16,22,1590.078,1058.41,2648.488
2018-11-16,23,1578.804,1176.398,2755.202
2018-11-16,24,1739.786,1325.064,3064.85
2018-11-16,25,1765.916,1382.496,3148.412
2018-11-16,26,1814.922,1494.742,3309.664
2018-11-16,27,1820.984,1578.034,3399.018
2018-11-16,28,1820.536,1589.198,3409.734
2018-11-16,29,1825.738,1581.986,3407.724
2018-11-16,30,1745.906,1647.532,3393.438
2018-11-16,31,1624.148,1665.054,3289.202
2018-11-16,32,1538.204,1740.84,3279.044
2018-11-16,33,1571.14,1903.248,3474.388
2018-11-16,34,1542.476,1880.764,3423.24
2018-11-16,35,1447.15,2030.148,3477.298
2018-11-16,36,1429.112,2078.796,3507.908
2018-11-16,37,1448.85,2142.062,3590.912
2018-11-16,38,1376.684,2171.83,3548.514
2018-11-16,39,1391.488,2185.278,3576.766
2018-11-16,40,1358.61,2235.584,3594.194
2018-11-16,41,1361.88,2219.218,3581.098
2018-11-16,42,1345.506,2224.816,3570.322
2018-11-16,43,1414.838,2192.112,3606.95
2018-11-16,44,1457.086,2184.804,3641.89
2018-11-16,45,1674.786,2348.898,4023.684
2018-11-16,46,1751.02,2442.516,4193.536
2018-11-16,47,1868.364,2361.598,4229.962
2018-11-16,48,1876.072,2264.964,4141.036
2018-11-17,1,1849.256,2111.576,3960.832
2018-11-17,2,1906.556,2012.574,3919.13
2018-11-17,3,1936.884,2093.626,4030.51
2018-11-17,4,1861.702,2250.032,4111.734
2018-11-17,5,1983.076,2418.886,4401.962
2018-11-17,6,2051.818,2447.782,4499.6
2018-11-17,7,2168.152,2613.912,4782.064
2018-11-17,8,2299.406,2724.918,5024.324
2018-11-17,9,2368.428,2659.18,5027.608
2018-11-17,10,2363.61,2769.558,5133.168
2018-11-17,11,2469.612,2873.768,5343.38
2018-11-17,12,2492,2958.11,5450.11
2018-11-17,13,2470.194,3201.558,5671.752
2018-11-17,14,2509.25,3370.86,5880.11
2018-11-17,15,2414.214,3338.232,5752.446
2018-11-17,16,2344.956,3252.996,5597.952
2018-11-17,17,2287.962,3359.472,5647.434
2018-11-17,18,2159.152,3544.224,5703.376
2018-11-17,19,2092.016,3469.706,5561.722
2018-11-17,20,2087.632,3480.504,5568.136
2018-11-17,21,2039.704,3560.014,5599.718
2018-11-17,22,2035.036,3460.824,5495.86
2018-11-17,23,2086.258,3527.75,5614.008
2018-11-17,24,1972.622,3753.344,5725.966
2018-11-17,25,1944.054,3873.226,5817.28
2018-11-17,26,1955.318,3900.506,5855.824
2018-11-17,27,1895.158,3976.812,5871.97
2018-11-17,28,1902.598,4185.906,6088.504
2018-11-17,29,1975.682,4478.826,6454.508
2018-11-17,30,2143.818,4773.984,6917.802
2018-11-17,31,2304.522,4935.114,7239.636
2018-11-17,32,2548.546,5107.848,7656.394
2018-11-17,33,2673.728,5187.854,7861.582
2018-11-17,34,2743.912,5487.402,8231.314
2018-11-17,35,2847.316,5645.68,8492.996
2018-11-17,36,2758.584,5828.956,8587.54
2018-11-17,37,2775.564,5790.808,8566.372
2018-11-17,38,2837.872,5712.53,8550.402
2018-11-17,39,2868.434,5837.762,8706.196
2018-11-17,40,2858.804,6032.19,8890.994
2018-11-17,41,2717.758,6264.804,8982.562
2018-11-17,42,2875.42,6426.45,9301.87
2018-11-17,43,3021.668,6208.708,9230.376
2018-11-17,44,3117.57,6078.978,9196.548
2018-11-17,45,3232.648,6108.332,9340.98
2018-11-17,46,3224.818,5925.316,9150.134
2018-11-17,47,3156.532,5562.852,8719.384
2018-11-17,48,2991.548,5330.102,8321.65
2018-11-18,1,2639.028,4941.814,7580.842
2018-11-18,2,2361.426,4401.078,6762.504
2018-11-18,3,2180.208,3954.496,6134.704
2018-11-18,4,2136.914,3658.536,5795.45
2018-11-18,5,2272.134,3623.762,5895.896
2018-11-18,6,2272.072,3510.104,5782.176
2018-11-18,7,2209.13,3477,5686.13
2018-11-18,8,2174.54,3535.47,5710.01
2018-11-18,9,2311.308,3576.446,5887.754
2018-11-18,10,2490.814,3829.494,6320.308
2018-11-18,11,2602.37,4104.964,6707.334
2018-11-18,12,2547.268,4107.384,6654.652
2018-11-18,13,2486.656,3994.74,6481.396
2018-11-18,14,2597.224,3911.062,6508.286
2018-11-18,15,2588.98,3894.476,6483.456
2018-11-18,16,2503.82,3878.702,6382.522
2018-11-18,17,2429.86,3764.14,6194
2018-11-18,18,2216.918,3554.942,5771.86
2018-11-18,19,2126.98,3910.12,6037.1
2018-11-18,20,2146.628,3969.458,6116.086
2018-11-18,21,2117.546,3849.89,5967.436
2018-11-18,22,1913.664,3705.476,5619.14
2018-11-18,23,1758.68,3743.132,5501.812
2018-11-18,24,1711.574,3655.734,5367.308
2018-11-18,25,1637.22,4105.28,5742.5
2018-11-18,26,1570.642,4505.788,6076.43
2018-11-18,27,1421.358,4571.914,5993.272
2018-11-18,28,1302.082,4710.034,6012.116
2018-11-18,29,1415.094,4810.274,6225.368
2018-11-18,30,1493.11,4948.348,6441.458
2018-11-18,31,1613.236,5350.096,6963.332
2018-11-18,32,1724.298,5498.626,7222.924
2018-11-18,33,1646.658,5457.022,7103.68
2018-11-18,34,1713.03,5375.1,7088.13
2018-11-18,35,1716.318,5567.362,7283.68
2018-11-18,36,1629.818,5730.796,7360.614
2018-11-18,37,1521.732,5560.154,7081.886
2018-11-18,38,1512.17,5415.18,6927.35
2018-11-18,39,1446.672,5459.768,6906.44
2018-11-18,40,1424.976,5593.118,7018.094
2018-11-18,41,1423.816,5578.072,7001.888
2018-11-18,42,1459.726,5596.094,7055.82
2018-11-18,43,1481.124,5704.322,7185.446
2018-11-18,44,1434.924,5869.024,7303.948
2018-11-18,45,1423.91,5784.218,7208.128
2018-11-18,46,1453.968,5698.196,7152.164
2018-11-18,47,1420.592,5579.552,7000.144
2018-11-18,48,1353.532,5749.724,7103.256
2018-11-19,1,1434.616,5929.366,7363.982
2018-11-19,2,1625.444,5844.74,7470.184
2018-11-19,3,1799.484,5805.348,7604.832
2018-11-19,4,1894.102,5626.376,7520.478
2018-11-19,5,1866.734,5693.624,7560.358
2018-11-19,6,2000.252,5534.012,7534.264
2018-11-19,7,2060.3,5648.668,7708.968
2018-11-19,8,2002.362,5572.914,7575.276
2018-11-19,9,1843.294,5379.604,7222.898
2018-11-19,10,1688.976,5239.18,6928.156
2018-11-19,11,1672.906,5230.252,6903.158
2018-11-19,12,1662.584,5120.244,6782.828
2018-11-19,13,1734.748,4980.266,6715.014
2018-11-19,14,1804.872,5066.284,6871.156
2018-11-19,15,1889.154,5347.556,7236.71
2018-11-19,16,1981.522,5699.402,7680.924
2018-11-19,17,2047.924,6069.476,8117.4
2018-11-19,18,2064.158,5931.352,7995.51
2018-11-19,19,2069.77,5684.49,7754.26
2018-11-19,20,1999.154,5392.848,7392.002
2018-11-19,21,1919.78,5166.228,7086.008
2018-11-19,22,2005.104,5370.596,7375.7
2018-11-19,23,2268.822,5676.206,7945.028
2018-11-19,24,2373.522,5964.856,8338.378
2018-11-19,25,2400.322,5995.474,8395.796
2018-11-19,26,2588.844,6450.914,9039.758
2018-11-19,27,2613.016,6307.664,8920.68
2018-11-19,28,2586.926,5780.022,8366.948
2018-11-19,29,2581.254,5929.604,8510.858
2018-11-19,30,2551.164,6160.832,8711.996
2018-11-19,31,2519.162,6339.068,8858.23
2018-11-19,32,2564.74,6514.54,9079.28
2018-11-19,33,2539.044,6452.804,8991.848
2018-11-19,34,2474.736,6400.586,8875.322
2018-11-19,35,2484.93,6338.546,8823.476
2018-11-19,36,2584.994,6252.678,8837.672
2018-11-19,37,2712.88,6136.034,8848.914
2018-11-19,38,2753.47,6324.432,9077.902
2018-11-19,39,2630.442,6431.14,9061.582
2018-11-19,40,2694.784,6411.864,9106.648
2018-11-19,41,2753.348,6461.422,9214.77
2018-11-19,42,2881.694,6660.212,9541.906
2018-11-19,43,2878.858,6620.948,9499.806
2018-11-19,44,2909.786,6675.34,9585.126
2018-11-19,45,2954.254,6740.35,9694.604
2018-11-19,46,2873.628,6631.312,9504.94
2018-11-19,47,2871.106,6656.498,9527.604
2018-11-19,48,2813.52,6607.534,9421.054
2018-11-20,1,2722.77,6434.436,9157.206
2018-11-20,2,2687.672,6183.922,8871.594
2018-11-20,3,2658.582,6078.674,8737.256
2018-11-20,4,2683.816,6382.998,9066.814
2018-11-20,5,2725.114,6603.866,9328.98
2018-11-20,6,2698.098,6553.674,9251.772
2018-11-20,7,2576.334,6639.676,9216.01
2018-11-20,8,2608.058,6516.97,9125.028
2018-11-20,9,2620.592,6544.384,9164.976
2018-11-20,10,2702.35,6503.598,9205.948
2018-11-20,11,2766.962,6410.6,9177.562
2018-11-20,12,2844.466,6421.81,9266.276
2018-11-20,13,2953.554,6523.722,9477.276
2018-11-20,14,3015.354,6707.174,9722.528
2018-11-20,15,3159.928,6755.906,9915.834
2018-11-20,16,3295.426,6721.502,10016.928
2018-11-20,17,3344.622,6775.856,10120.478
2018-11-20,18,3379.718,6755.466,10135.184
2018-11-20,19,3377.782,6725.762,10103.544
2018-11-20,20,3433.34,6696.854,10130.194
2018-11-20,21,3622.704,6771.3,10394.004
2018-11-20,22,3650.496,6802.226,10452.722
2018-11-20,23,3649.366,6763.382,10412.748
2018-11-20,24,3644.412,6749.004,10393.416
2018-11-20,25,3792.634,6767.314,10559.948
2018-11-20,26,3817.626,6758.268,10575.894
2018-11-20,27,3865.108,6732.708,10597.816
2018-11-20,28,3921.11,6757.282,10678.392
2018-11-20,29,3848.644,6828.754,10677.398
2018-11-20,30,3994.004,6622.084,10616.088
2018-11-20,31,3903.564,6515.744,10419.308
2018-11-20,32,3894.508,6392.478,10286.986
2018-11-20,33,3877.54,6517.434,10394.974
2018-11-20,34,3942.09,6465.864,10407.954
2018-11-20,35,4096.746,6513.002,10609.748
2018-11-20,36,4197.372,6436.108,10633.48
2018-11-20,37,4241.06,6129.236,10370.296
2018-11-20,38,4125.4,5897.87,10023.27
2018-11-20,39,4063.57,5524.832,9588.402
2018-11-20,40,4084.796,5097.6,9182.396
2018-11-20,41,4107.558,4779.912,8887.47
2018-11-20,42,4098.928,4550.832,8649.76
2018-11-20,43,4061.902,4448.966,8510.868
2018-11-20,44,4022.864,4233.242,8256.106
2018-11-20,45,3840.524,3930.878,7771.402
2018-11-20,46,3775.188,3729.096,7504.284
2018-11-20,47,3799.028,3980.526,7779.554
2018-11-20,48,3768.954,4313.41,8082.364
2018-11-21,1,3781.81,4340.916,8122.726
2018-11-21,2,3855.73,4330.002,8185.732
2018-11-21,3,3861.842,4621.184,8483.026
2018-11-21,4,3878.35,4751.098,8629.448
2018-11-21,5,3983.288,5062.836,9046.124
2018-11-21,6,4096.744,5108.148,9204.892
2018-11-21,7,4051.35,5051.74,9103.09
2018-11-21,8,4185.98,4989,9174.98
2018-11-21,9,4307.178,4980.154,9287.332
2018-11-21,10,4342.29,4975.68,9317.97
2018-11-21,11,4324.632,4753.756,9078.388
2018-11-21,12,4281.766,5123.292,9405.058
2018-11-21,13,4380.332,5011.742,9392.074
2018-11-21,14,4430.4,5119.102,9549.502
2018-11-21,15,4335.64,5337.112,9672.752
2018-11-21,16,4202.682,5399.716,9602.398
2018-11-21,17,4256.906,5272.996,9529.902
2018-11-21,18,4255.464,4947.234,9202.698
2018-11-21,19,4342.708,4745.814,9088.522
2018-11-21,20,4213.984,4559.218,8773.202
2018-11-21,21,4123.046,4437.622,8560.668
2018-11-21,22,4199.318,4174.964,8374.282
2018-11-21,23,4219.484,4052.256,8271.74
2018-11-21,24,4083.43,4046.374,8129.804
2018-11-21,25,3936.618,4107.772,8044.39
2018-11-21,26,4041.144,3937.52,7978.664
2018-11-21,27,4111.3,3744.594,7855.894
2018-11-21,28,4126.862,3654.81,7781.672
2018-11-21,29,4217.362,3523.248,7740.61
2018-11-21,30,4360.318,3375.332,7735.65
2018-11-21,31,4464.768,3437.166,7901.934
2018-11-21,32,4417.67,3280.814,7698.484
2018-11-21,33,4315.082,3220.464,7535.546
2018-11-21,34,4277.378,3182.01,7459.388
2018-11-21,35,4257.616,3095.894,7353.51
2018-11-21,36,4141.284,2968.274,7109.558
2018-11-21,37,4062.022,2775.468,6837.49
2018-11-21,38,4009.564,2668.618,6678.182
2018-11-21,39,3794.438,2723.958,6518.396
2018-11-21,40,3493.146,2819.342,6312.488
2018-11-21,41,3402.328,2895.946,6298.274
2018-11-21,42,3001.514,2846.508,5848.022
2018-11-21,43,2715.31,2768.3,5483.61
2018-11-21,44,2719.218,2634.212,5353.43
2018-11-21,45,2583.328,2550.408,5133.736
2018-11-21,46,2422.832,2437.34,4860.172
2018-11-21,47,2179.334,2203.708,4383.042
2018-11-21,48,1874.09,2004.748,3878.838
2018-11-22,1,1638.544,1847.75,3486.294
2018-11-22,2,1532.068,1885.476,3417.544
2018-11-22,3,1464.432,2061.646,3526.078
2018-11-22,4,1379.438,2108.712,3488.15
2018-11-22,5,1264.362,2100.95,3365.312
2018-11-22,6,1242.252,2156.76,3399.012
2018-11-22,7,1278.018,2140.358,3418.376
2018-11-22,8,1248.4,2118.138,3366.538
2018-11-22,9,1305.528,1977.392,3282.92
2018-11-22,10,1256.312,1976.094,3232.406
2018-11-22,11,1238.85,2079.632,3318.482
2018-11-22,12,1232.176,2201.066,3433.242
2018-11-22,13,1198.342,2279.06,3477.402
2018-11-22,14,1207.36,2276.978,3484.338
2018-11-22,15,1179.298,2276.858,3456.156
2018-11-22,16,1211.598,2267.904,3479.502
2018-11-22,17,1166.568,2118.506,3285.074
2018-11-22,18,1094.912,1986.588,3081.5
2018-11-22,19,1063.386,1873.196,2936.582
2018-11-22,20,1012.132,1828.874,2841.006
2018-11-22,21,964.878,1741.61,2706.488
2018-11-22,22,952.056,1728.574,2680.63
2018-11-22,23,913.83,1647.79,2561.62
2018-11-22,24,879.85,1518.386,2398.236
2018-11-22,25,876.042,1351.582,2227.624
2018-11-22,26,931.234,1301.228,2232.462
2018-11-22,27,1002.924,1297.366,2300.29
2018-11-22,28,1053.394,1219.018,2272.412
2018-11-22,29,1011.758,1209.356,2221.114
2018-11-22,30,1015.622,1250.3,2265.922
2018-11-22,31,1005.374,1378.596,2383.97
2018-11-22,32,1038.042,1452.242,2490.284
2018-11-22,33,1056.96,1524.74,2581.7
2018-11-22,34,1040.142,1502.438,2542.58
2018-11-22,35,1022.232,1483.75,2505.982
2018-11-22,36,1044.556,1547.212,2591.768
2018-11-22,37,1063.212,1549.978,2613.19
2018-11-22,38,1021.748,1678.6,2700.348
2018-11-22,39,1044.588,1718.078,2762.666
2018-11-22,40,1098.332,1631.896,2730.228
2018-11-22,41,1086.834,1672.482,2759.316
2018-11-22,42,1082.236,1682.972,2765.208
2018-11-22,43,1071.766,1699.112,2770.878
2018-11-22,44,1058.398,1604.848,2663.246
2018-11-22,45,1052.28,1657.866,2710.146
2018-11-22,46,1017.502,1609.362,2626.864
2018-11-22,47,998.592,1461.136,2459.728
2018-11-22,48,959.412,1420.514,2379.926
2018-11-23,1,909.722,1379.02,2288.742
2018-11-23,2,845.608,1384.372,2229.98
2018-11-23,3,817.296,1335.478,2152.774
2018-11-23,4,852.766,1272.934,2125.7
2018-11-23,5,862.654,1175.982,2038.636
2018-11-23,6,893.016,1139.426,2032.442
2018-11-23,7,903.144,1122.734,2025.878
2018-11-23,8,918.568,1090.038,2008.606
2018-11-23,9,952.044,1150.08,2102.124
2018-11-23,10,928.87,1156.64,2085.51
2018-11-23,11,962.15,1181.242,2143.392
2018-11-23,12,1002.532,1279.96,2282.492
2018-11-23,13,1019.51,1340.166,2359.676
2018-11-23,14,1015.944,1322.788,2338.732
2018-11-23,15,1008.53,1395.384,2403.914
2018-11-23,16,964.338,1557.236,2521.574
2018-11-23,17,929.126,1596.542,2525.668
2018-11-23,18,981.936,1489.148,2471.084
2018-11-23,19,908.66,1549.208,2457.868
2018-11-23,20,893.228,1567.866,2461.094
2018-11-23,21,853.62,1545.272,2398.892
2018-11-23,22,851.614,1498.418,2350.032
2018-11-23,23,845.868,1466.936,2312.804
2018-11-23,24,796.846,1491.29,2288.136
2018-11-23,25,759.702,1474.2,2233.902
2018-11-23,26,771.768,1559.066,2330.834
2018-11-23,27,792.446,1510.202,2302.648
2018-11-23,28,748.522,1525.906,2274.428
2018-11-23,29,761.308,1557.612,2318.92
2018-11-23,30,784.404,1649.462,2433.866
2018-11-23,31,825.254,1857.116,2682.37
2018-11-23,32,877.54,2088.728,2966.268
2018-11-23,33,881.684,2328.188,3209.872
2018-11-23,34,933.072,2669.342,3602.414
2018-11-23,35,926.322,2820.052,3746.374
2018-11-23,36,917.98,2755.858,3673.838
2018-11-23,37,950.258,2817.522,3767.78
2018-11-23,38,931.602,2891.384,3822.986
2018-11-23,39,875.668,2787.818,3663.486
2018-11-23,40,839.794,2706.986,3546.78
2018-11-23,41,883.006,2690.652,3573.658
2018-11-23,42,923.054,2583.012,3506.066
2018-11-23,43,871.924,2370.948,3242.872
2018-11-23,44,863.278,2290.688,3153.966
2018-11-23,45,808.68,2179.818,2988.498
2018-11-23,46,727.662,2113.59,2841.252
2018-11-23,47,738.39,2025.06,2763.45
2018-11-23,48,764.958,1978.764,2743.722
2018-11-24,1,729.65,2004.646,2734.296
2018-11-24,2,669.388,2271.408,2940.796
2018-11-24,3,624.686,2418.958,3043.644
2018-11-24,4,590.724,2354.834,2945.558
2018-11-24,5,598.482,2435.192,3033.674
2018-11-24,6,588.48,2506.734,3095.214
2018-11-24,7,630.718,2635.372,3266.09
2018-11-24,8,641.708,2847.216,3488.924
2018-11-24,9,655.358,3195.01,3850.368
2018-11-24,10,687.45,3385.11,4072.56
2018-11-24,11,670.646,3377.946,4048.592
2018-11-24,12,638.802,3378.772,4017.574
2018-11-24,13,629.862,3561.722,4191.584
2018-11-24,14,628.074,3719.182,4347.256
2018-11-24,15,634.828,3761.492,4396.32
2018-11-24,16,641.174,3781.708,4422.882
2018-11-24,17,614.266,3768.022,4382.288
2018-11-24,18,583.378,3747.084,4330.462
2018-11-24,19,559.684,3625.154,4184.838
2018-11-24,20,548.014,3398.448,3946.462
2018-11-24,21,528.844,3139.166,3668.01
2018-11-24,22,483.15,2755.078,3238.228
2018-11-24,23,415.732,2462.786,2878.518
2018-11-24,24,440.37,2335.686,2776.056
2018-11-24,25,427.546,2127.122,2554.668
2018-11-24,26,463.674,1940.772,2404.446
2018-11-24,27,498.902,1888.574,2387.476
2018-11-24,28,448.766,1747.76,2196.526
2018-11-24,29,444.468,1639.558,2084.026
2018-11-24,30,471.428,1656.906,2128.334
2018-11-24,31,525.154,1652.118,2177.272
2018-11-24,32,524.598,1714.576,2239.174
2018-11-24,33,546.524,1769.814,2316.338
2018-11-24,34,543.526,1754.638,2298.164
2018-11-24,35,556.064,1770.006,2326.07
2018-11-24,36,598.84,1707.34,2306.18
2018-11-24,37,576.342,1794.068,2370.41
2018-11-24,38,600.348,1901.576,2501.924
2018-11-24,39,573.684,1872.582,2446.266
2018-11-24,40,562.546,1800.066,2362.612
2018-11-24,41,578.728,1742.488,2321.216
2018-11-24,42,615.532,1663.752,2279.284
2018-11-24,43,627.834,1717.954,2345.788
2018-11-24,44,603.746,1708.254,2312
2018-11-24,45,637.766,1694.984,2332.75
2018-11-24,46,633.476,1624.434,2257.91
2018-11-24,47,632.348,1518.448,2150.796
2018-11-24,48,629.504,1523.438,2152.942
2018-11-25,1,643.876,1506.718,2150.594
2018-11-25,2,664.83,1417.232,2082.062
2018-11-25,3,679.92,1510.224,2190.144
2018-11-25,4,686.296,1546.85,2233.146
2018-11-25,5,806.15,1581.612,2387.762
2018-11-25,6,803.182,1711.966,2515.148
2018-11-25,7,816.16,1913.944,2730.104
2018-11-25,8,848.82,2158.318,3007.138
2018-11-25,9,863.56,2239.436,3102.996
2018-11-25,10,953.076,2380,3333.076
2018-11-25,11,989.404,2343.482,3332.886
2018-11-25,12,1057.13,2262.424,3319.554
2018-11-25,13,1060.926,2292.174,3353.1
2018-11-25,14,1142.264,2319.676,3461.94
2018-11-25,15,1252.644,2420.058,3672.702
2018-11-25,16,1342.212,2596.27,3938.482
2018-11-25,17,1375.192,2794.156,4169.348
2018-11-25,18,1507.748,2919.436,4427.184
2018-11-25,19,1528.068,2750.246,4278.314
2018-11-25,20,1485.056,2867.114,4352.17
2018-11-25,21,1563.666,2840.528,4404.194
2018-11-25,22,1547.396,2608.79,4156.186
2018-11-25,23,1578.1,2520.55,4098.65
2018-11-25,24,1619.342,2546.638,4165.98
2018-11-25,25,1609.888,2730.276,4340.164
2018-11-25,26,1631.474,2849.722,4481.196
2018-11-25,27,1521.78,2978.95,4500.73
2018-11-25,28,1504.334,2897.632,4401.966
2018-11-25,29,1516.316,2893.204,4409.52
2018-11-25,30,1529.966,2842.056,4372.022
2018-11-25,31,1525.876,2729.65,4255.526
2018-11-25,32,1518.896,2594.706,4113.602
2018-11-25,33,1539.626,2646.34,4185.966
2018-11-25,34,1640.984,2776.418,4417.402
2018-11-25,35,1667.514,3016.556,4684.07
2018-11-25,36,1792.012,3120.712,4912.724
2018-11-25,37,1754.472,3032.624,4787.096
2018-11-25,38,1756.504,2832.466,4588.97
2018-11-25,39,1703.416,2889.514,4592.93
2018-11-25,40,1619.274,2962.43,4581.704
2018-11-25,41,1578.426,2905.358,4483.784
2018-11-25,42,1552.784,2844.568,4397.352
2018-11-25,43,1483.302,2989.81,4473.112
2018-11-25,44,1389.168,3084.172,4473.34
2018-11-25,45,1206.44,3146.656,4353.096
2018-11-25,46,1118.534,3212.91,4331.444
2018-11-25,47,1035.036,3363.602,4398.638
2018-11-25,48,969.952,2900.802,3870.754
2018-11-26,1,1005.714,2970.436,3976.15
2018-11-26,2,975.342,2871.292,3846.634
2018-11-26,3,953.854,2907.17,3861.024
2018-11-26,4,891.68,2956.776,3848.456
2018-11-26,5,850.938,2823.902,3674.84
2018-11-26,6,847.508,2688.154,3535.662
2018-11-26,7,854.572,2677.166,3531.738
2018-11-26,8,862.794,2542.596,3405.39
2018-11-26,9,861.464,2326.344,3187.808
2018-11-26,10,850.666,2211.408,3062.074
2018-11-26,11,821.982,1955.326,2777.308
2018-11-26,12,853.328,1769.864,2623.192
2018-11-26,13,799.436,1648.77,2448.206
2018-11-26,14,785.058,1728.606,2513.664
2018-11-26,15,800.436,1614.328,2414.764
2018-11-26,16,913.132,1536.278,2449.41
2018-11-26,17,903.412,1524.698,2428.11
2018-11-26,18,917.648,1396.034,2313.682
2018-11-26,19,940.276,1364.132,2304.408
2018-11-26,20,969.518,1279.846,2249.364
2018-11-26,21,858.422,1198.056,2056.478
2018-11-26,22,743.546,976.838,1720.384
2018-11-26,23,696.448,679.152,1375.6
2018-11-26,24,647.198,585.38,1232.578
2018-11-26,25,639.362,535.296,1174.658
2018-11-26,26,712.186,500.608,1212.794
2018-11-26,27,647.058,456.684,1103.742
2018-11-26,28,567.96,409.78,977.74
2018-11-26,29,580.972,465.638,1046.61
2018-11-26,30,595.298,373.822,969.12
2018-11-26,31,627.424,393.52,1020.944
2018-11-26,32,687.3,386.426,1073.726
2018-11-26,33,724.508,377.42,1101.928
2018-11-26,34,702.722,464.324,1167.046
2018-11-26,35,759.924,464.442,1224.366
2018-11-26,36,797.68,546.026,1343.706
2018-11-26,37,801.436,538.568,1340.004
2018-11-26,38,802.976,455.386,1258.362
2018-11-26,39,779.39,407.7,1187.09
2018-11-26,40,802.51,406.678,1209.188
2018-11-26,41,842.952,417.25,1260.202
2018-11-26,42,832.544,423.408,1255.952
2018-11-26,43,861.598,569.372,1430.97
2018-11-26,44,1007.146,764.53,1771.676
2018-11-26,45,1194.24,1051.574,2245.814
2018-11-26,46,1304.616,1022.04,2326.656
2018-11-26,47,1321.92,929.976,2251.896
2018-11-26,48,1406.102,1131.122,2537.224
2018-11-27,1,1538.764,1408.072,2946.836
2018-11-27,2,1590.864,1605.856,3196.72
2018-11-27,3,1634.548,1428.76,3063.308
2018-11-27,4,1807.07,1413.522,3220.592
2018-11-27,5,1917.558,1646.906,3564.464
2018-11-27,6,2094.31,1727.87,3822.18
2018-11-27,7,2370.808,1898.122,4268.93
2018-11-27,8,2588.116,2093.248,4681.364
2018-11-27,9,2811.092,2230.44,5041.532
2018-11-27,10,2860.996,2376.624,5237.62
2018-11-27,11,2934.58,2684.886,5619.466
2018-11-27,12,3194.348,2998.126,6192.474
2018-11-27,13,3350.84,3290.962,6641.802
2018-11-27,14,3634.434,3592.63,7227.064
2018-11-27,15,3952.088,4011.626,7963.714
2018-11-27,16,4188.988,4360.066,8549.054
2018-11-27,17,4364.5,4490.934,8855.434
2018-11-27,18,4260.312,4514.276,8774.588
2018-11-27,19,4444.846,4735.684,9180.53
2018-11-27,20,4583.622,5057.486,9641.108
2018-11-27,21,4643.05,5327.23,9970.28
2018-11-27,22,4724.704,5427.008,10151.712
2018-11-27,23,4814.64,5556.914,10371.554
2018-11-27,24,4926.07,5587.312,10513.382
2018-11-27,25,4806.782,5766.714,10573.496
2018-11-27,26,4848.3,5941.996,10790.296
2018-11-27,27,4712.48,6090.946,10803.426
2018-11-27,28,4710.538,6283.086,10993.624
2018-11-27,29,4620.32,6496.174,11116.494
2018-11-27,30,4672.706,6575.838,11248.544
2018-11-27,31,4783.474,6764.692,11548.166
2018-11-27,32,4814.024,6789.122,11603.146
2018-11-27,33,4673.908,6581.722,11255.63
2018-11-27,34,4529.154,6534.696,11063.85
2018-11-27,35,4595.42,6446.538,11041.958
2018-11-27,36,4608.186,6332.074,10940.26
2018-11-27,37,4417.396,6252.574,10669.97
2018-11-27,38,4123.44,6167.568,10291.008
2018-11-27,39,3984.55,5909.398,9893.948
2018-11-27,40,3776.33,5507.378,9283.708
2018-11-27,41,3485.664,5172.714,8658.378
2018-11-27,42,3297.276,4781.116,8078.392
2018-11-27,43,3297.992,4502.474,7800.466
2018-11-27,44,3158.052,4323.156,7481.208
2018-11-27,45,3039.796,4331.466,7371.262
2018-11-27,46,2904.208,4350.738,7254.946
2018-11-27,47,2915.616,4447.842,7363.458
2018-11-27,48,2941.522,4522.254,7463.776
2018-11-28,1,2956.04,4603.262,7559.302
2018-11-28,2,3054.092,4781.224,7835.316
2018-11-28,3,3250.532,4953.312,8203.844
2018-11-28,4,3394.972,4953.336,8348.308
2018-11-28,5,3506.032,5046.168,8552.2
2018-11-28,6,3593.41,5507.284,9100.694
2018-11-28,7,3856.52,5788.03,9644.55
2018-11-28,8,3857.128,6013.056,9870.184
2018-11-28,9,3976.158,6131.698,10107.856
2018-11-28,10,3877.608,6082.928,9960.536
2018-11-28,11,4045.698,6245.926,10291.624
2018-11-28,12,4443.756,6333.752,10777.508
2018-11-28,13,4478.136,6383.49,10861.626
2018-11-28,14,4261.538,6556.046,10817.584
2018-11-28,15,4344.72,6680.526,11025.246
2018-11-28,16,4454.216,6873.19,11327.406
2018-11-28,17,4509.726,6977.62,11487.346
2018-11-28,18,4511.564,6884.42,11395.984
2018-11-28,19,4541.564,6960.63,11502.194
2018-11-28,20,4670.772,7019.476,11690.248
2018-11-28,21,4832.27,7053.896,11886.166
2018-11-28,22,4918.078,7073.734,11991.812
2018-11-28,23,5021.41,7051.486,12072.896
2018-11-28,24,4859.098,7101.632,11960.73
2018-11-28,25,4800.784,7159.758,11960.542
2018-11-28,26,4571.924,7090.982,11662.906
2018-11-28,27,4235.11,6903.928,11139.038
2018-11-28,28,4178.358,6856.972,11035.33
2018-11-28,29,4317.002,6699.098,11016.1
2018-11-28,30,4221.378,6552.48,10773.858
2018-11-28,31,4234.062,6400.838,10634.9
2018-11-28,32,4291.288,6123.108,10414.396
2018-11-28,33,4477.422,5900.72,10378.142
2018-11-28,34,4669.238,5432.81,10102.048
2018-11-28,35,4851.962,6006.702,10858.664
2018-11-28,36,4873.704,6993.108,11866.812
2018-11-28,37,4906.176,7082.012,11988.188
2018-11-28,38,4922.788,7097.26,12020.048
2018-11-28,39,4932.662,7115.818,12048.48
2018-11-28,40,4778.3,7047.066,11825.366
2018-11-28,41,4672.846,7015.354,11688.2
2018-11-28,42,4489.276,6985.546,11474.822
2018-11-28,43,4470.634,6946.576,11417.21
2018-11-28,44,4412.996,6916.112,11329.108
2018-11-28,45,4153.804,6866.95,11020.754
2018-11-28,46,3884.984,6753.63,10638.614
2018-11-28,47,3749.58,6652.176,10401.756
2018-11-28,48,3649.134,6540.594,10189.728
2018-11-29,1,3614.866,6247.836,9862.702
2018-11-29,2,3707.226,6248.952,9956.178
2018-11-29,3,3734.474,6254.06,9988.534
2018-11-29,4,3524.728,6201.538,9726.266
2018-11-29,5,3510.308,6173.934,9684.242
2018-11-29,6,3624.124,6185.996,9810.12
2018-11-29,7,3647.518,6163.31,9810.828
2018-11-29,8,3776.668,6248.272,10024.94
2018-11-29,9,3500.066,6595.334,10095.4
2018-11-29,10,3489.866,6754.968,10244.834
2018-11-29,11,3516.228,6769.722,10285.95
2018-11-29,12,3266.924,6781.944,10048.868
2018-11-29,13,2824.276,6787.35,9611.626
2018-11-29,14,2692.092,6826.086,9518.178
2018-11-29,15,2656.09,6771.126,9427.216
2018-11-29,16,2572.44,6679.418,9251.858
2018-11-29,17,2439.038,6611.494,9050.532
2018-11-29,18,2557.28,6621.498,9178.778
2018-11-29,19,2680.592,6874.37,9554.962
2018-11-29,20,2865.12,6961.128,9826.248
2018-11-29,21,2956.996,6940.988,9897.984
2018-11-29,22,3014.518,6935.352,9949.87
2018-11-29,23,2889.086,6996.886,9885.972
2018-11-29,24,2701.734,7010.91,9712.644
2018-11-29,25,2802.818,7036.612,9839.43
2018-11-29,26,2589.13,7018.914,9608.044
2018-11-29,27,2662.006,6799.91,9461.916
2018-11-29,28,3149.876,6755.134,9905.01
2018-11-29,29,3657.33,6756.226,10413.556
2018-11-29,30,4154.302,6832.748,10987.05
2018-11-29,31,4363.8,6898.782,11262.582
2018-11-29,32,4526.176,6927.322,11453.498
2018-11-29,33,4448.252,6766.854,11215.106
2018-11-29,34,4641.326,6674.584,11315.91
2018-11-29,35,4767.554,6838.322,11605.876
2018-11-29,36,4877.46,6932.87,11810.33
2018-11-29,37,4881.762,6853.494,11735.256
2018-11-29,38,4848.386,6787.272,11635.658
2018-11-29,39,4707.388,6951.262,11658.65
2018-11-29,40,4726.418,7007.396,11733.814
2018-11-29,41,4753.332,6849.958,11603.29
2018-11-29,42,4727.148,6743.18,11470.328
2018-11-29,43,4525.554,6838.474,11364.028
2018-11-29,44,4179.066,6736.398,10915.464
2018-11-29,45,3842.01,6810.618,10652.628
2018-11-29,46,3699.594,6815.95,10515.544
2018-11-29,47,3420.44,6874.034,10294.474
2018-11-29,48,3403.668,6854.598,10258.266
2018-11-30,1,3397.024,6792.804,10189.828
2018-11-30,2,3397.318,6815.41,10212.728
2018-11-30,3,3408.074,6793.806,10201.88
2018-11-30,4,3334.762,6818.842,10153.604
2018-11-30,5,3077.838,6806.786,9884.624
2018-11-30,6,3079.498,6780.926,9860.424
2018-11-30,7,3070.098,6740.646,9810.744
2018-11-30,8,2999.958,6588.562,9588.52
2018-11-30,9,2867.518,6524.422,9391.94
2018-11-30,10,2846.566,6316.508,9163.074
2018-11-30,11,2833.19,6348.384,9181.574
2018-11-30,12,2837.194,6361.19,9198.384
2018-11-30,13,3172.616,6375.09,9547.706
2018-11-30,14,3571.934,6273.312,9845.246
2018-11-30,15,3996.844,6167.288,10164.132
2018-11-30,16,4286.204,6112.342,10398.546
2018-11-30,17,4523.418,6093.56,10616.978
2018-11-30,18,4466.55,6144.792,10611.342
2018-11-30,19,4692.404,6146.894,10839.298
2018-11-30,20,4730.906,6153.556,10884.462
2018-11-30,21,4805.986,6157.964,10963.95
2018-11-30,22,4815.07,6224.31,11039.38
2018-11-30,23,4810.404,6225.864,11036.268
2018-11-30,24,4840.388,6237.048,11077.436
2018-11-30,25,4898.314,6207.568,11105.882
2018-11-30,26,4758.43,6166.326,10924.756
2018-11-30,27,4694.104,6219.262,10913.366
2018-11-30,28,4702.522,6239.776,10942.298
2018-11-30,29,4925.642,6101.11,11026.752
2018-11-30,30,5004.41,5987.294,10991.704
2018-11-30,31,4810.904,6000.55,10811.454
2018-11-30,32,4835.518,5981.828,10817.346
2018-11-30,33,4850.232,6083.534,10933.766
2018-11-30,34,4890.596,6017.89,10908.486
2018-11-30,35,4711.334,6044.676,10756.01
2018-11-30,36,4779.656,6121.388,10901.044
2018-11-30,37,4732.14,6181.834,10913.974
2018-11-30,38,4928.48,6059.78,10988.26
2018-11-30,39,4817.424,6340.354,11157.778
2018-11-30,40,4637.024,6163.166,10800.19
2018-11-30,41,4201.384,5902.478,10103.862
2018-11-30,42,4126.086,5929.624,10055.71
2018-11-30,43,3838.802,5879.522,9718.324
2018-11-30,44,3829.66,5610.276,9439.936
2018-11-30,45,3917.844,5341.21,9259.054
2018-11-30,46,3510.448,4866.52,8376.968
2018-11-30,47,3241.306,4639.082,7880.388
2018-11-30,48,2902.914,4452.192,7355.106
2018-12-01,1,2695.09,4228.514,6923.604
2018-12-01,2,2641.222,4135.08,6776.302
2018-12-01,3,2600.2,3971.714,6571.914
2018-12-01,4,2484.324,3843.128,6327.452
2018-12-01,5,2235.336,3543.118,5778.454
2018-12-01,6,2078.442,3091.716,5170.158
2018-12-01,7,1966.476,2759.598,4726.074
2018-12-01,8,1939.39,2635.05,4574.44
2018-12-01,9,1797.65,3079.718,4877.368
2018-12-01,10,1714.166,3087.924,4802.09
2018-12-01,11,1480.044,3077.236,4557.28
2018-12-01,12,1403.85,3540.61,4944.46
2018-12-01,13,1392.666,3611.574,5004.24
2018-12-01,14,1436.82,3668.41,5105.23
2018-12-01,15,1412.894,3960.616,5373.51
2018-12-01,16,1327.162,4429.216,5756.378
2018-12-01,17,1235.212,4579.318,5814.53
2018-12-01,18,1147.214,4779.224,5926.438
2018-12-01,19,1124.606,5050.988,6175.594
2018-12-01,20,1146.02,4950.986,6097.006
2018-12-01,21,1158.282,4808.402,5966.684
2018-12-01,22,1260.176,4866.308,6126.484
2018-12-01,23,1333.806,4936.392,6270.198
2018-12-01,24,1242.32,4931.658,6173.978
2018-12-01,25,1048.484,4872.314,5920.798
2018-12-01,26,906.068,4974.936,5881.004
2018-12-01,27,868.07,5045.234,5913.304
2018-12-01,28,786.222,5201.072,5987.294
2018-12-01,29,824.002,5173.306,5997.308
2018-12-01,30,778.142,5287.228,6065.37
2018-12-01,31,687.14,5313.666,6000.806
2018-12-01,32,645.826,5414.102,6059.928
2018-12-01,33,557.24,5172.102,5729.342
2018-12-01,34,525.064,4953.262,5478.326
2018-12-01,35,454.406,4755.042,5209.448
2018-12-01,36,390.59,4538.188,4928.778
2018-12-01,37,345.176,4540.944,4886.12
2018-12-01,38,345.332,4207.806,4553.138
2018-12-01,39,335.008,4040.52,4375.528
2018-12-01,40,333.806,3975.458,4309.264
2018-12-01,41,325.702,3619.034,3944.736
2018-12-01,42,325.596,3738.278,4063.874
2018-12-01,43,323.664,3861.756,4185.42
2018-12-01,44,335.092,3913.19,4248.282
2018-12-01,45,343.026,3825.472,4168.498
2018-12-01,46,308.096,4048.242,4356.338
2018-12-01,47,281.416,4474.138,4755.554
2018-12-01,48,244.628,4288.402,4533.03
2018-12-02,1,213.486,3754.132,3967.618
2018-12-02,2,199.474,3493.166,3692.64
2018-12-02,3,198.488,3630.742,3829.23
2018-12-02,4,187.466,3583.954,3771.42
2018-12-02,5,184.516,3564.14,3748.656
2018-12-02,6,182.194,3574.652,3756.846
2018-12-02,7,186.338,3486.936,3673.274
2018-12-02,8,188.916,3244.432,3433.348
2018-12-02,9,177.274,3197.402,3374.676
2018-12-02,10,173.8,3022.034,3195.834
2018-12-02,11,170.888,2978.472,3149.36
2018-12-02,12,168.636,3111.214,3279.85
2018-12-02,13,168.15,3373.57,3541.72
2018-12-02,14,159.814,3636.808,3796.622
2018-12-02,15,177.034,3910.4,4087.434
2018-12-02,16,179.12,4357.55,4536.67
2018-12-02,17,170.168,4426.826,4596.994
2018-12-02,18,171.13,5005.14,5176.27
2018-12-02,19,179.416,5663.688,5843.104
2018-12-02,20,187.474,5468.948,5656.422
2018-12-02,21,188.606,5609.318,5797.924
2018-12-02,22,202.878,5974.698,6177.576
2018-12-02,23,211.958,6166.434,6378.392
2018-12-02,24,229.382,6510.946,6740.328
2018-12-02,25,274.646,6600.296,6874.942
2018-12-02,26,326.182,6702.35,7028.532
2018-12-02,27,353.344,6746.422,7099.766
2018-12-02,28,443.276,6780.592,7223.868
2018-12-02,29,495.56,6542.19,7037.75
2018-12-02,30,621.93,6273.62,6895.55
2018-12-02,31,664.91,6456.862,7121.772
2018-12-02,32,754.278,6595.072,7349.35
2018-12-02,33,838.97,6534.58,7373.55
2018-12-02,34,923.308,6601.408,7524.716
2018-12-02,35,973.154,6783.758,7756.912
2018-12-02,36,953.544,6801.884,7755.428
2018-12-02,37,942.848,6857.838,7800.686
2018-12-02,38,1074.376,6932.796,8007.172
2018-12-02,39,1237.922,6876.112,8114.034
2018-12-02,40,1545.158,6884.806,8429.964
2018-12-02,41,1676.444,6953.13,8629.574
2018-12-02,42,1881.326,6978.706,8860.032
2018-12-02,43,2188.92,6999.628,9188.548
2018-12-02,44,2141.16,7015.348,9156.508
2018-12-02,45,2053.884,7028.992,9082.876
2018-12-02,46,2123.168,6964.712,9087.88
2018-12-02,47,2304.438,6892.492,9196.93
2018-12-02,48,2384.178,6952.1,9336.278
2018-12-03,1,2065.108,6932.488,8997.596
2018-12-03,2,2420.468,6941.626,9362.094
2018-12-03,3,2789.904,6882.146,9672.05
2018-12-03,4,3042.244,6781.916,9824.16
2018-12-03,5,3313.168,6473.884,9787.052
2018-12-03,6,3523.238,6445.454,9968.692
2018-12-03,7,3262.502,6646.734,9909.236
2018-12-03,8,2969.396,6377.01,9346.406
2018-12-03,9,2823.72,5761.792,8585.512
2018-12-03,10,2770.408,5192.38,7962.788
2018-12-03,11,2634.4,4915.11,7549.51
2018-12-03,12,2310.508,4670.918,6981.426
2018-12-03,13,2199.312,4626.622,6825.934
2018-12-03,14,1954.848,4602.382,6557.23
2018-12-03,15,1760.918,4510.274,6271.192
2018-12-03,16,1715.73,4385.5,6101.23
2018-12-03,17,1657.906,4298.592,5956.498
2018-12-03,18,1628.712,4303.754,5932.466
2018-12-03,19,1631.888,4225.226,5857.114
2018-12-03,20,1436.5,3981.842,5418.342
2018-12-03,21,1342.15,3924.412,5266.562
2018-12-03,22,1272.714,3929.318,5202.032
2018-12-03,23,1141.98,3707.698,4849.678
2018-12-03,24,1102.354,3542.722,4645.076
2018-12-03,25,1087.062,3521.748,4608.81
2018-12-03,26,1046.678,3483.084,4529.762
2018-12-03,27,1065.904,3728.722,4794.626
2018-12-03,28,1012.148,4298.194,5310.342
2018-12-03,29,982.374,4410.196,5392.57
2018-12-03,30,894.014,4272.516,5166.53
2018-12-03,31,846.746,4124.402,4971.148
2018-12-03,32,850.27,4053.114,4903.384
2018-12-03,33,799.586,4150.528,4950.114
2018-12-03,34,702.532,4105.684,4808.216
2018-12-03,35,763.4,3983.918,4747.318
2018-12-03,36,766.268,3731.464,4497.732
2018-12-03,37,612.606,3402.322,4014.928
2018-12-03,38,576.108,3228.548,3804.656
2018-12-03,39,578.562,2842.846,3421.408
2018-12-03,40,505.202,2588.326,3093.528
2018-12-03,41,506.016,2412.164,2918.18
2018-12-03,42,582.648,2493.902,3076.55
2018-12-03,43,757.746,2342.812,3100.558
2018-12-03,44,816.948,2207.488,3024.436
2018-12-03,45,822.24,2050.924,2873.164
2018-12-03,46,731.734,1844.592,2576.326
2018-12-03,47,700.958,1855.734,2556.692
2018-12-03,48,665.218,1776.386,2441.604
2018-12-04,1,641.4,1732.194,2373.594
2018-12-04,2,586.656,1628.018,2214.674
2018-12-04,3,542.202,1533.58,2075.782
2018-12-04,4,601.514,1346.964,1948.478
2018-12-04,5,544.388,1175.962,1720.35
2018-12-04,6,591.762,1026.43,1618.192
2018-12-04,7,584.092,887.148,1471.24
2018-12-04,8,527.77,801.686,1329.456
2018-12-04,9,546.998,634.824,1181.822
2018-12-04,10,580.438,543.91,1124.348
2018-12-04,11,636.57,535.278,1171.848
2018-12-04,12,722.19,447.912,1170.102
2018-12-04,13,777.936,394.562,1172.498
2018-12-04,14,761.836,424.448,1186.284
2018-12-04,15,749.676,500.732,1250.408
2018-12-04,16,731.966,556.166,1288.132
2018-12-04,17,741.184,434.356,1175.54
2018-12-04,18,788.654,326.238,1114.892
2018-12-04,19,804.48,335.082,1139.562
2018-12-04,20,757.992,430.822,1188.814
2018-12-04,21,707.974,547.184,1255.158
2018-12-04,22,710.826,638.716,1349.542
2018-12-04,23,690.914,615.214,1306.128
2018-12-04,24,680.398,598.358,1278.756
2018-12-04,25,714.752,606.364,1321.116
2018-12-04,26,690.902,577.694,1268.596
2018-12-04,27,642.506,523.982,1166.488
2018-12-04,28,572.41,477.156,1049.566
2018-12-04,29,600.678,439.52,1040.198
2018-12-04,30,630.614,428.14,1058.754
2018-12-04,31,634.89,390.596,1025.486
2018-12-04,32,584.692,363.614,948.306
2018-12-04,33,574.686,372.234,946.92
2018-12-04,34,563.362,367.89,931.252
2018-12-04,35,550.372,359.858,910.23
2018-12-04,36,577.102,354.266,931.368
2018-12-04,37,534.26,403.302,937.562
2018-12-04,38,507.078,491.482,998.56
2018-12-04,39,458.736,600.064,1058.8
2018-12-04,40,455.236,673.874,1129.11
2018-12-04,41,427.898,814.428,1242.326
2018-12-04,42,423.768,889.56,1313.328
2018-12-04,43,405.416,972.072,1377.488
2018-12-04,44,351.616,1029.528,1381.144
2018-12-04,45,392.836,1147.336,1540.172
2018-12-04,46,392.916,1267.97,1660.886
2018-12-04,47,391.914,1353.33,1745.244
2018-12-04,48,387.918,1365.99,1753.908
2018-12-05,1,376.008,1627.692,2003.7
2018-12-05,2,384.444,1897.85,2282.294
2018-12-05,3,427.542,2115.708,2543.25
2018-12-05,4,471.922,2220.274,2692.196
2018-12-05,5,514.7,2320.084,2834.784
2018-12-05,6,604.222,2476.222,3080.444
2018-12-05,7,695.884,2726.006,3421.89
2018-12-05,8,703.118,2798.482,3501.6
2018-12-05,9,705.79,3054.168,3759.958
2018-12-05,10,791.082,3520.268,4311.35
2018-12-05,11,955.182,4012.636,4967.818
2018-12-05,12,1059.984,4457.444,5517.428
2018-12-05,13,1133.542,4826.532,5960.074
2018-12-05,14,1232.828,5129.174,6362.002
2018-12-05,15,1475.648,5365.472,6841.12
2018-12-05,16,1602.046,5497.596,7099.642
2018-12-05,17,1635.918,5630.484,7266.402
2018-12-05,18,1657.42,5807.558,7464.978
2018-12-05,19,1683.642,5951.518,7635.16
2018-12-05,20,1740.726,6106.87,7847.596
2018-12-05,21,1896.286,6275.3,8171.586
2018-12-05,22,2000.806,6350.228,8351.034
2018-12-05,23,2013.308,6306.056,8319.364
2018-12-05,24,2010.438,6066.976,8077.414
2018-12-05,25,2041.88,5589.95,7631.83
2018-12-05,26,1958.236,5093.134,7051.37
2018-12-05,27,1826.09,4787.868,6613.958
2018-12-05,28,1563.51,4710.512,6274.022
2018-12-05,29,1286.716,4387.758,5674.474
2018-12-05,30,1123.032,3998.48,5121.512
2018-12-05,31,1106.984,3633.628,4740.612
2018-12-05,32,1076.086,3547.83,4623.916
2018-12-05,33,964.652,3348.062,4312.714
2018-12-05,34,824.096,3364.672,4188.768
2018-12-05,35,703.558,3468.852,4172.41
2018-12-05,36,633.368,3407.628,4040.996
2018-12-05,37,646.09,3433.778,4079.868
2018-12-05,38,817.112,3597.426,4414.538
2018-12-05,39,839.57,3723.912,4563.482
2018-12-05,40,932.268,3808.944,4741.212
2018-12-05,41,1055.432,3425.194,4480.626
2018-12-05,42,912.174,3214.574,4126.748
2018-12-05,43,707.026,3082.022,3789.048
2018-12-05,44,605.936,2997.086,3603.022
2018-12-05,45,622.824,2721.632,3344.456
2018-12-05,46,602.714,2411.488,3014.202
2018-12-05,47,566.97,2347.042,2914.012
2018-12-05,48,554.468,2659.04,3213.508
2018-12-06,1,677.18,2796.194,3473.374
2018-12-06,2,879.866,2505.98,3385.846
2018-12-06,3,952.626,2411.692,3364.318
2018-12-06,4,1092.556,2246.58,3339.136
2018-12-06,5,1289.816,2239.594,3529.41
2018-12-06,6,1403.246,2491.036,3894.282
2018-12-06,7,1587.416,2389.85,3977.266
2018-12-06,8,1862.994,2180.374,4043.368
2018-12-06,9,2063.278,2037.798,4101.076
2018-12-06,10,2373.146,2676.378,5049.524
2018-12-06,11,2615.888,2743.452,5359.34
2018-12-06,12,2966.094,2964.696,5930.79
2018-12-06,13,3285.112,3542.896,6828.008
2018-12-06,14,3563.324,4132.098,7695.422
2018-12-06,15,3975.516,4423.188,8398.704
2018-12-06,16,4061.896,4548.422,8610.318
2018-12-06,17,4158.842,4690.896,8849.738
2018-12-06,18,4216.164,5193.252,9409.416
2018-12-06,19,4184.642,5341.344,9525.986
2018-12-06,20,4165.092,5294.176,9459.268
2018-12-06,21,4256.054,5570.88,9826.934
2018-12-06,22,4278.822,5951.8,10230.622
2018-12-06,23,4188.532,6046.982,10235.514
2018-12-06,24,4337.052,6067.666,10404.718
2018-12-06,25,4415.754,6194.84,10610.594
2018-12-06,26,4265.68,6210.34,10476.02
2018-12-06,27,4078.928,6278.482,10357.41
2018-12-06,28,4141.482,6317.37,10458.852
2018-12-06,29,4172.312,6306.036,10478.348
2018-12-06,30,3928.34,6322.37,10250.71
2018-12-06,31,3714.778,6316.562,10031.34
2018-12-06,32,3590.278,6373.08,9963.358
2018-12-06,33,3702.488,6397.27,10099.758
2018-12-06,34,3610.296,6216.61,9826.906
2018-12-06,35,3487.458,5887.904,9375.362
2018-12-06,36,3359.212,5758.354,9117.566
2018-12-06,37,3218.554,5461.48,8680.034
2018-12-06,38,3301.98,5430.774,8732.754
2018-12-06,39,3050.94,5193.342,8244.282
2018-12-06,40,2712.716,5246.282,7958.998
2018-12-06,41,2398.794,4683.392,7082.186
2018-12-06,42,1750.486,4577.36,6327.846
2018-12-06,43,1485.35,4464.144,5949.494
2018-12-06,44,1458.486,4445.714,5904.2
2018-12-06,45,1532.444,4827.244,6359.688
2018-12-06,46,1426.37,5009.208,6435.578
2018-12-06,47,1593.446,5502.804,7096.25
2018-12-06,48,1900.402,5809.53,7709.932
2018-12-07,1,2309.544,5799.598,8109.142
2018-12-07,2,2547.022,6145.884,8692.906
2018-12-07,3,2622.436,6528.828,9151.264
2018-12-07,4,2968.1,6778.554,9746.654
2018-12-07,5,2823.01,6729.308,9552.318
2018-12-07,6,2521.56,6557.654,9079.214
2018-12-07,7,2132.572,6552.22,8684.792
2018-12-07,8,1928.874,6374.27,8303.144
2018-12-07,9,2246.746,6521.174,8767.92
2018-12-07,10,2152.22,6572.644,8724.864
2018-12-07,11,2255.486,6831.57,9087.056
2018-12-07,12,2432.086,6878.656,9310.742
2018-12-07,13,2546.606,6958.866,9505.472
2018-12-07,14,3102.506,6795.996,9898.502
2018-12-07,15,3548.516,6899.568,10448.084
2018-12-07,16,3819.974,6985.002,10804.976
2018-12-07,17,3992.624,7000.996,10993.62
2018-12-07,18,4141.802,6995.232,11137.034
2018-12-07,19,4393.582,6922.256,11315.838
2018-12-07,20,4588.864,6897.542,11486.406
2018-12-07,21,4595.548,6681.878,11277.426
2018-12-07,22,4693.53,6608.684,11302.214
2018-12-07,23,4586.744,6487.642,11074.386
2018-12-07,24,4580.864,6404.824,10985.688
2018-12-07,25,4633.312,6537.866,11171.178
2018-12-07,26,4528.352,6668.208,11196.56
2018-12-07,27,4555.602,6861.274,11416.876
2018-12-07,28,4519.66,6916.65,11436.31
2018-12-07,29,4458.114,6910.072,11368.186
2018-12-07,30,4217.576,6863.672,11081.248
2018-12-07,31,4433.66,6981.32,11414.98
2018-12-07,32,4467.374,7007.584,11474.958
2018-12-07,33,4615.946,6955.28,11571.226
2018-12-07,34,4703.378,6891.51,11594.888
2018-12-07,35,4932.486,6952.612,11885.098
2018-12-07,36,4897.646,6946.498,11844.144
2018-12-07,37,4769.656,6937.316,11706.972
2018-12-07,38,4740.578,6984.56,11725.138
2018-12-07,39,4588.29,6970.684,11558.974
2018-12-07,40,4370.878,6925.604,11296.482
2018-12-07,41,4161.162,6938.068,11099.23
2018-12-07,42,3906.246,6867.628,10773.874
2018-12-07,43,3735.652,6858.556,10594.208
2018-12-07,44,3682.44,6757.518,10439.958
2018-12-07,45,3388.444,6682.882,10071.326
2018-12-07,46,3326.394,6754.122,10080.516
2018-12-07,47,3333.236,6742.328,10075.564
2018-12-07,48,3312.054,6734.012,10046.066
2018-12-08,1,3229.032,6717.108,9946.14
2018-12-08,2,3083.172,6727.506,9810.678
2018-12-08,3,3002.568,6726.524,9729.092
2018-12-08,4,2972.254,6662.44,9634.694
2018-12-08,5,2708.88,6708.138,9417.018
2018-12-08,6,2545.516,6749.71,9295.226
2018-12-08,7,2562.394,6815.832,9378.226
2018-12-08,8,2603.79,6877.372,9481.162
2018-12-08,9,2599.498,6935.522,9535.02
2018-12-08,10,2447.108,6927.468,9374.576
2018-12-08,11,2274.354,6898.31,9172.664
2018-12-08,12,2158.402,6895.03,9053.432
2018-12-08,13,2126.474,6888.928,9015.402
2018-12-08,14,2184.602,6877.118,9061.72
2018-12-08,15,2369.394,6905.568,9274.962
2018-12-08,16,2801.576,6884.934,9686.51
2018-12-08,17,2862.322,6910.854,9773.176
2018-12-08,18,2912.504,6870.924,9783.428
2018-12-08,19,3480.062,6849.836,10329.898
2018-12-08,20,3732.77,6899.27,10632.04
2018-12-08,21,3812.568,6869.132,10681.7
2018-12-08,22,3629.734,6830.23,10459.964
2018-12-08,23,3548.24,6683.664,10231.904
2018-12-08,24,3477.642,6456.92,9934.562
2018-12-08,25,3047.31,6402.508,9449.818
2018-12-08,26,2753.966,6581.956,9335.922
2018-12-08,27,2690.71,6722.118,9412.828
2018-12-08,28,2344.808,6579.69,8924.498
2018-12-08,29,2086.88,6329.188,8416.068
2018-12-08,30,1808.508,6369.854,8178.362
2018-12-08,31,1876.92,6282.946,8159.866
2018-12-08,32,1861.464,6206.172,8067.636
2018-12-08,33,1861.4,6560.4,8421.8
2018-12-08,34,1942.23,6778.092,8720.322
2018-12-08,35,1896.718,6933.85,8830.568
2018-12-08,36,1865.604,6925.542,8791.146
2018-12-08,37,1873.968,6932.26,8806.228
2018-12-08,38,1853.574,6925.488,8779.062
2018-12-08,39,1774.808,6949.61,8724.418
2018-12-08,40,1788.542,6947.252,8735.794
2018-12-08,41,1780.174,6944.508,8724.682
2018-12-08,42,1714.446,6928.062,8642.508
2018-12-08,43,1772.108,6933.962,8706.07
2018-12-08,44,1703.634,6925.838,8629.472
2018-12-08,45,1705.546,6952.56,8658.106
2018-12-08,46,1679.22,6954.11,8633.33
2018-12-08,47,1652.416,6917.524,8569.94
2018-12-08,48,1507.474,6893.064,8400.538
2018-12-09,1,1553.092,6899.874,8452.966
2018-12-09,2,1618.448,6849.796,8468.244
2018-12-09,3,1713.356,6838.826,8552.182
2018-12-09,4,1776.26,6768.602,8544.862
2018-12-09,5,1791.764,6741.284,8533.048
2018-12-09,6,1899.258,6699.626,8598.884
2018-12-09,7,2079.276,6630.834,8710.11
2018-12-09,8,2144.508,6562.91,8707.418
2018-12-09,9,2155.242,6337.802,8493.044
2018-12-09,10,2144.844,6500.772,8645.616
2018-12-09,11,2233.51,6400.842,8634.352
2018-12-09,12,2192.574,6329.698,8522.272
2018-12-09,13,2331.948,6110.742,8442.69
2018-12-09,14,2380.376,5926.738,8307.114
2018-12-09,15,2281.884,5948.032,8229.916
2018-12-09,16,2242.468,6163.99,8406.458
2018-12-09,17,2259.974,6191.574,8451.548
2018-12-09,18,2268.232,6400.614,8668.846
2018-12-09,19,2207.808,6447.2,8655.008
2018-12-09,20,2109.062,6538.25,8647.312
2018-12-09,21,2101.162,6605.82,8706.982
2018-12-09,22,1924.26,6559.494,8483.754
2018-12-09,23,1837.234,6492.166,8329.4
2018-12-09,24,1753.46,6354.776,8108.236
2018-12-09,25,1704.154,6397.742,8101.896
2018-12-09,26,1771.19,6559.068,8330.258
2018-12-09,27,1902.12,6461.576,8363.696
2018-12-09,28,1818.362,6476.37,8294.732
2018-12-09,29,1792.976,6434.526,8227.502
2018-12-09,30,1861.016,6271.44,8132.456
2018-12-09,31,1775.434,5977.572,7753.006
2018-12-09,32,1674.296,5333.656,7007.952
2018-12-09,33,1749.826,4909.534,6659.36
2018-12-09,34,1535.62,4966.69,6502.31
2018-12-09,35,1565.012,4981.114,6546.126
2018-12-09,36,1552.39,4756.794,6309.184
2018-12-09,37,1607.608,4433.64,6041.248
2018-12-09,38,1605.076,4494.086,6099.162
2018-12-09,39,1736.926,4984.604,6721.53
2018-12-09,40,1803.952,5120.69,6924.642
2018-12-09,41,1761.736,5171.8,6933.536
2018-12-09,42,1697.474,5170.56,6868.034
2018-12-09,43,1810.3,5034.47,6844.77
2018-12-09,44,1895.372,4739.116,6634.488
2018-12-09,45,1900.81,4535.618,6436.428
2018-12-09,46,1790.724,4503.75,6294.474
2018-12-09,47,1817.388,4636.368,6453.756
2018-12-09,48,1783.45,4294.792,6078.242
2018-12-10,1,1756.272,4121.134,5877.406
2018-12-10,2,1756.938,4320.94,6077.878
2018-12-10,3,1728.252,4630.818,6359.07
2018-12-10,4,1655.044,4899.466,6554.51
2018-12-10,5,1667.212,4968.256,6635.468
2018-12-10,6,1689.236,4831.51,6520.746
2018-12-10,7,1561.182,4858.128,6419.31
2018-12-10,8,1447.812,4807.894,6255.706
2018-12-10,9,1379.626,4791.224,6170.85
2018-12-10,10,1309.4,4615.212,5924.612
2018-12-10,11,1183.664,4609.846,5793.51
2018-12-10,12,1177.87,4572.966,5750.836
2018-12-10,13,1115.1,4301.346,5416.446
2018-12-10,14,991.118,4094.866,5085.984
2018-12-10,15,876.416,3976.212,4852.628
2018-12-10,16,783.398,3995.736,4779.134
2018-12-10,17,731.848,3762.564,4494.412
2018-12-10,18,634.72,3589.616,4224.336
2018-12-10,19,563.566,3378.602,3942.168
2018-12-10,20,493.982,3146.136,3640.118
2018-12-10,21,424.12,2935.174,3359.294
2018-12-10,22,276.974,2490.202,2767.176
2018-12-10,23,219.014,2302.106,2521.12
2018-12-10,24,196.262,2156.22,2352.482
2018-12-10,25,182.824,2039.532,2222.356
2018-12-10,26,183.904,1857.18,2041.084
2018-12-10,27,168.846,1802.53,1971.376
2018-12-10,28,162.942,1753.782,1916.724
2018-12-10,29,148.156,1804.918,1953.074
2018-12-10,30,145.87,1751.446,1897.316
2018-12-10,31,136.154,1652.336,1788.49
2018-12-10,32,136.922,1655.176,1792.098
2018-12-10,33,138.598,1590.036,1728.634
2018-12-10,34,152.234,1551.974,1704.208
2018-12-10,35,203.048,1470.24,1673.288
2018-12-10,36,260.628,1289.926,1550.554
2018-12-10,37,294.938,1222.06,1516.998
2018-12-10,38,369.628,1124.948,1494.576
2018-12-10,39,465.374,1101.096,1566.47
2018-12-10,40,547.848,1019.832,1567.68
2018-12-10,41,640.198,887.136,1527.334
2018-12-10,42,685.472,871.568,1557.04
2018-12-10,43,745.596,895.584,1641.18
2018-12-10,44,764.68,845.856,1610.536
2018-12-10,45,849.846,788.028,1637.874
2018-12-10,46,903.092,818.754,1721.846
2018-12-10,47,940.446,876.044,1816.49
2018-12-10,48,1034.214,873.24,1907.454
2018-12-11,1,1089.78,753.722,1843.502
2018-12-11,2,1095.358,703.616,1798.974
2018-12-11,3,1140.228,687.348,1827.576
2018-12-11,4,1099.618,711.37,1810.988
2018-12-11,5,1106.246,724.178,1830.424
2018-12-11,6,1138.57,677.728,1816.298
2018-12-11,7,1202.87,682.652,1885.522
2018-12-11,8,1221.662,673.606,1895.268
2018-12-11,9,1280.14,677.548,1957.688
2018-12-11,10,1382.194,743.122,2125.316
2018-12-11,11,1389.618,793.046,2182.664
2018-12-11,12,1447.998,852.66,2300.658
2018-12-11,13,1531.864,886.292,2418.156
2018-12-11,14,1588.248,856.544,2444.792
2018-12-11,15,1690.242,897.618,2587.86
2018-12-11,16,1800.254,976.848,2777.102
2018-12-11,17,1838.146,1032.774,2870.92
2018-12-11,18,1874.344,1056.314,2930.658
2018-12-11,19,1900.196,1173.896,3074.092
2018-12-11,20,1903.716,1208.712,3112.428
2018-12-11,21,1929.448,1189.418,3118.866
2018-12-11,22,1934.732,1177.088,3111.82
2018-12-11,23,1940.002,1164.76,3104.762
2018-12-11,24,1945.282,1152.438,3097.72
2018-12-11,25,1976.762,1176.896,3153.658
2018-12-11,26,2050.054,1246.35,3296.404
2018-12-11,27,2079.356,1282.032,3361.388
2018-12-11,28,2146.132,1436.33,3582.462
2018-12-11,29,2153.308,1564.982,3718.29
2018-12-11,30,2117.11,1687.002,3804.112
2018-12-11,31,2053.718,1925.878,3979.596
2018-12-11,32,2070.944,1988.83,4059.774
2018-12-11,33,2190.276,1959.51,4149.786
2018-12-11,34,2395.092,1942.506,4337.598
2018-12-11,35,2561.764,2069.096,4630.86
2018-12-11,36,2737.96,2295.898,5033.858
2018-12-11,37,2850.7,2352.824,5203.524
2018-12-11,38,3016.078,2518.924,5535.002
2018-12-11,39,3122.676,2671.554,5794.23
2018-12-11,40,3097.156,2821.616,5918.772
2018-12-11,41,3023.688,2919.158,5942.846
2018-12-11,42,2943.764,3069.602,6013.366
2018-12-11,43,2991.568,3056.042,6047.61
2018-12-11,44,3042.784,3126.822,6169.606
2018-12-11,45,3080.088,3141.214,6221.302
2018-12-11,46,3061.692,3151.85,6213.542
2018-12-11,47,3012.358,3079.42,6091.778
2018-12-11,48,3048.234,3139.2,6187.434
2018-12-12,1,3019.744,3122.366,6142.11
2018-12-12,2,2909.09,3266.444,6175.534
2018-12-12,3,2822.078,3279.426,6101.504
2018-12-12,4,2873.412,3334.86,6208.272
2018-12-12,5,2917.392,3427.13,6344.522
2018-12-12,6,2834.854,3496.718,6331.572
2018-12-12,7,2907.648,3473.756,6381.404
2018-12-12,8,2902.842,3475.034,6377.876
2018-12-12,9,2851.85,3424.508,6276.358
2018-12-12,10,2875.534,3384.814,6260.348
2018-12-12,11,2766.194,3243.822,6010.016
2018-12-12,12,2703.278,3169.924,5873.202
2018-12-12,13,2845.612,3188.496,6034.108
2018-12-12,14,3024.404,3256.85,6281.254
2018-12-12,15,2963.8,3370.626,6334.426
2018-12-12,16,3018.89,3505.626,6524.516
2018-12-12,17,3063.494,3903.91,6967.404
2018-12-12,18,3107.198,4006.188,7113.386
2018-12-12,19,3204.454,3841.332,7045.786
2018-12-12,20,3355.848,3828.492,7184.34
2018-12-12,21,3562.372,3755.618,7317.99
2018-12-12,22,3712.326,3643.088,7355.414
2018-12-12,23,3731.348,3572.92,7304.268
2018-12-12,24,3769.788,3601.28,7371.068
2018-12-12,25,3824.176,3678.778,7502.954
2018-12-12,26,3908.498,3813.814,7722.312
2018-12-12,27,3893.406,3908.782,7802.188
2018-12-12,28,3932.952,3931.494,7864.446
2018-12-12,29,4057.836,3997.332,8055.168
2018-12-12,30,4177.93,4106.522,8284.452
2018-12-12,31,4245.39,4138.994,8384.384
2018-12-12,32,4321.514,4177.494,8499.008
2018-12-12,33,4427.72,4324.514,8752.234
2018-12-12,34,4544.928,4473.982,9018.91
2018-12-12,35,4679.228,4623.536,9302.764
2018-12-12,36,4626.78,4714.88,9341.66
2018-12-12,37,4508.198,4824.174,9332.372
2018-12-12,38,4367.57,5079.208,9446.778
2018-12-12,39,4385.346,5390.536,9775.882
2018-12-12,40,4406.812,5485.292,9892.104
2018-12-12,41,4630.416,5688.006,10318.422
2018-12-12,42,4544.03,6054.364,10598.394
2018-12-12,43,4528.072,6191.824,10719.896
2018-12-12,44,4499.332,6185.252,10684.584
2018-12-12,45,4545.012,6274.474,10819.486
2018-12-12,46,4528.698,6375.178,10903.876
2018-12-12,47,4584.022,6387.71,10971.732
2018-12-12,48,4508.094,6367.776,10875.87
2018-12-13,1,4157.7,6343.682,10501.382
2018-12-13,2,4136.528,6303.758,10440.286
2018-12-13,3,4117.378,6285.012,10402.39
2018-12-13,4,4257.328,6215.196,10472.524
2018-12-13,5,4266.408,6173.458,10439.866
2018-12-13,6,4266.078,6257.356,10523.434
2018-12-13,7,4300.95,6318.568,10619.518
2018-12-13,8,4242.272,6330.648,10572.92
2018-12-13,9,3996.586,6358.988,10355.574
2018-12-13,10,3871.864,6311.862,10183.726
2018-12-13,11,3771.126,6271.642,10042.768
2018-12-13,12,4090.564,6264.084,10354.648
2018-12-13,13,4285.666,6229.832,10515.498
2018-12-13,14,4583.958,6214.304,10798.262
2018-12-13,15,4616.514,6286.556,10903.07
2018-12-13,16,4751.944,6308.762,11060.706
2018-12-13,17,4761.822,6310.166,11071.988
2018-12-13,18,4781.678,6342.83,11124.508
2018-12-13,19,4614.214,6279.606,10893.82
2018-12-13,20,4853.784,6246.112,11099.896
2018-12-13,21,4688.832,6258.368,10947.2
2018-12-13,22,4847.278,6174.784,11022.062
2018-12-13,23,4877.042,6023.562,10900.604
2018-12-13,24,4714.778,5962.878,10677.656
2018-12-13,25,4556.914,5877.6,10434.514
2018-12-13,26,4548.252,5735.376,10283.628
2018-12-13,27,4524.04,5593.806,10117.846
2018-12-13,28,4562.042,5441.792,10003.834
2018-12-13,29,4591.282,5512.652,10103.934
2018-12-13,30,4747.786,5662.622,10410.408
2018-12-13,31,4888.218,5621.758,10509.976
2018-12-13,32,4702.378,5728.408,10430.786
2018-12-13,33,4587.622,5690.286,10277.908
2018-12-13,34,4755.52,5729.146,10484.666
2018-12-13,35,4856.318,5593.986,10450.304
2018-12-13,36,4748.28,5630.67,10378.95
2018-12-13,37,4591.164,5627.678,10218.842
2018-12-13,38,4629.288,5475.22,10104.508
2018-12-13,39,4616.504,5340.354,9956.858
2018-12-13,40,4581.312,5083.8,9665.112
2018-12-13,41,4434.98,4927.426,9362.406
2018-12-13,42,4258.358,4740.648,8999.006
2018-12-13,43,4094.88,4589.52,8684.4
2018-12-13,44,3888.452,4506.198,8394.65
2018-12-13,45,3752.4,4240.422,7992.822
2018-12-13,46,3758.704,4113.794,7872.498
2018-12-13,47,3728.894,4088.078,7816.972
2018-12-13,48,3676.192,3974.982,7651.174
2018-12-14,1,3733.918,3763.228,7497.146
2018-12-14,2,3705.236,3646.152,7351.388
2018-12-14,3,3587.594,3494.86,7082.454
2018-12-14,4,3608.862,3445.554,7054.416
2018-12-14,5,3599.32,3323.856,6923.176
2018-12-14,6,3770.522,3317.418,7087.94
2018-12-14,7,3765.398,3641.002,7406.4
2018-12-14,8,3729.994,3591.186,7321.18
2018-12-14,9,3779.532,3443.818,7223.35
2018-12-14,10,3700.316,3320.626,7020.942
2018-12-14,11,3656.936,3460.888,7117.824
2018-12-14,12,3601.826,3580.914,7182.74
2018-12-14,13,3703.126,3654.414,7357.54
2018-12-14,14,3815.464,3527.606,7343.07
2018-12-14,15,3836.254,3451.78,7288.034
2018-12-14,16,3841.412,3374.092,7215.504
2018-12-14,17,3782.324,3550.942,7333.266
2018-12-14,18,3798.676,3603.552,7402.228
2018-12-14,19,3808.11,3836.552,7644.662
2018-12-14,20,3832.474,4108.422,7940.896
2018-12-14,21,3972.738,4298.474,8271.212
2018-12-14,22,4120.106,4378.346,8498.452
2018-12-14,23,4159.886,4201.112,8360.998
2018-12-14,24,4140.074,3892.924,8032.998
2018-12-14,25,4133.9,3524.942,7658.842
2018-12-14,26,4085.702,3177.076,7262.778
2018-12-14,27,4190.422,3043.88,7234.302
2018-12-14,28,4176.036,2968.16,7144.196
2018-12-14,29,4105.716,2937.668,7043.384
2018-12-14,30,4157.398,3017.886,7175.284
2018-12-14,31,4265.57,3210.966,7476.536
2018-12-14,32,4385.958,3281.716,7667.674
2018-12-14,33,4490.484,3298.756,7789.24
2018-12-14,34,4634.612,3342.47,7977.082
2018-12-14,35,4832.956,3430.706,8263.662
2018-12-14,36,4932.826,3560.392,8493.218
2018-12-14,37,4981.05,3655.274,8636.324
2018-12-14,38,4890.484,3871.39,8761.874
2018-12-14,39,4859.856,3936.95,8796.806
2018-12-14,40,4871.664,4039.334,8910.998
2018-12-14,41,4884.904,4177.366,9062.27
2018-12-14,42,4784.822,4185.84,8970.662
2018-12-14,43,4696.044,3880.62,8576.664
2018-12-14,44,4522.736,3725.948,8248.684
2018-12-14,45,4521.04,3655.276,8176.316
2018-12-14,46,4479.126,3636.21,8115.336
2018-12-14,47,4309.11,4011.448,8320.558
2018-12-14,48,4180.934,4221.356,8402.29
2018-12-15,1,4075.3,4369.442,8444.742
2018-12-15,2,4048.058,4590.306,8638.364
2018-12-15,3,4019.722,4632.672,8652.394
2018-12-15,4,3932.476,4708.518,8640.994
2018-12-15,5,3989.466,4860.908,8850.374
2018-12-15,6,3961.214,4986.994,8948.208
2018-12-15,7,3851.39,5162.038,9013.428
2018-12-15,8,3870.61,5302.988,9173.598
2018-12-15,9,3859.988,5262.104,9122.092
2018-12-15,10,3783.978,5394.754,9178.732
2018-12-15,11,3769.214,5279.552,9048.766
2018-12-15,12,3748.984,5274.372,9023.356
2018-12-15,13,3900.156,5480.518,9380.674
2018-12-15,14,3846.9,5816.856,9663.756
2018-12-15,15,3829.586,6117.354,9946.94
2018-12-15,16,4023.534,6205.064,10228.598
2018-12-15,17,4408.262,6387.228,10795.49
2018-12-15,18,4713.52,6567.838,11281.358
2018-12-15,19,4911.92,6666.636,11578.556
2018-12-15,20,5083.516,6736.796,11820.312
2018-12-15,21,5112.71,6810.494,11923.204
2018-12-15,22,5147.846,6820.056,11967.902
2018-12-15,23,5169.16,6802.892,11972.052
2018-12-15,24,5212.548,6774.09,11986.638
2018-12-15,25,5009.798,6835.138,11844.936
2018-12-15,26,5007.166,6847.71,11854.876
2018-12-15,27,4985.98,6913.188,11899.168
2018-12-15,28,4878.094,6831.06,11709.154
2018-12-15,29,4748.382,6769.562,11517.944
2018-12-15,30,4561.192,6756.808,11318
2018-12-15,31,4406.432,6516.896,10923.328
2018-12-15,32,4273.004,6500.594,10773.598
2018-12-15,33,4081.94,6493.008,10574.948
2018-12-15,34,3810.386,6637.51,10447.896
2018-12-15,35,3688.808,6706.046,10394.854
2018-12-15,36,3771.332,6746.334,10517.666
2018-12-15,37,3685.184,6491.744,10176.928
2018-12-15,38,3653.596,6320.422,9974.018
2018-12-15,39,3594.084,6420.436,10014.52
2018-12-15,40,3537.722,6700.116,10237.838
2018-12-15,41,3475.312,6823.446,10298.758
2018-12-15,42,3359.486,6723.008,10082.494
2018-12-15,43,3335.38,6840.962,10176.342
2018-12-15,44,3333.442,6592.832,9926.274
2018-12-15,45,3106.496,5717.856,8824.352
2018-12-15,46,2866.164,5426.862,8293.026
2018-12-15,47,2677.724,5360.054,8037.778
2018-12-15,48,2843.526,5945.972,8789.498
2018-12-16,1,2877.468,6415.88,9293.348
2018-12-16,2,3147.044,6577.894,9724.938
2018-12-16,3,3483.478,6527.636,10011.114
2018-12-16,4,3557.872,6320.382,9878.254
2018-12-16,5,3734.616,6121.668,9856.284
2018-12-16,6,3802.814,5962.108,9764.922
2018-12-16,7,3810.35,5800.992,9611.342
2018-12-16,8,3924.1,5788.546,9712.646
2018-12-16,9,3849.254,5615.236,9464.49
2018-12-16,10,3868.786,5319.23,9188.016
2018-12-16,11,3788.866,5174.84,8963.706
2018-12-16,12,3632.23,4865.148,8497.378
2018-12-16,13,3551.43,4710.042,8261.472
2018-12-16,14,3539.274,4431.674,7970.948
2018-12-16,15,3373.55,3834.91,7208.46
2018-12-16,16,3151.48,3412.834,6564.314
2018-12-16,17,3041.676,3307.984,6349.66
2018-12-16,18,3149.78,3084.042,6233.822
2018-12-16,19,3271.188,2707.446,5978.634
2018-12-16,20,3150.912,2361.218,5512.13
2018-12-16,21,3050.482,2454.19,5504.672
2018-12-16,22,3016.082,2580.572,5596.654
2018-12-16,23,2935.734,2620.196,5555.93
2018-12-16,24,2702.534,2542.812,5245.346
2018-12-16,25,2767.934,2443.568,5211.502
2018-12-16,26,2761.302,2395.008,5156.31
2018-12-16,27,2665.1,2067.128,4732.228
2018-12-16,28,2564.942,1762.14,4327.082
2018-12-16,29,2461.694,1961.912,4423.606
2018-12-16,30,2401.822,2071.294,4473.116
2018-12-16,31,2297.612,2250.016,4547.628
2018-12-16,32,2355.512,2437.678,4793.19
2018-12-16,33,2487.418,2604.37,5091.788
2018-12-16,34,2414.042,2966.012,5380.054
2018-12-16,35,2133.002,2975.16,5108.162
2018-12-16,36,1955.68,2725.226,4680.906
2018-12-16,37,2094.636,2821.314,4915.95
2018-12-16,38,2041.362,2961.068,5002.43
2018-12-16,39,1900.69,2977.2,4877.89
2018-12-16,40,1756.778,2963.242,4720.02
2018-12-16,41,1673.174,3020.922,4694.096
2018-12-16,42,1689.858,3065.958,4755.816
2018-12-16,43,1614.02,3297.77,4911.79
2018-12-16,44,1544.838,3468.552,5013.39
2018-12-16,45,1519.16,3597.76,5116.92
2018-12-16,46,1485.634,3511.096,4996.73
2018-12-16,47,1539.516,3551.77,5091.286
2018-12-16,48,1489.302,3540.078,5029.38
2018-12-17,1,1448.848,3276.678,4725.526
2018-12-17,2,1391.926,3378.26,4770.186
2018-12-17,3,1418.636,3596.416,5015.052
2018-12-17,4,1419.076,3860.752,5279.828
2018-12-17,5,1373.94,3775.76,5149.7
2018-12-17,6,1314.816,3751.26,5066.076
2018-12-17,7,1219.326,4067.164,5286.49
2018-12-17,8,1166.366,4525.464,5691.83
2018-12-17,9,1140.53,4472.19,5612.72
2018-12-17,10,1162.852,4228.438,5391.29
2018-12-17,11,1136.032,4222.32,5358.352
2018-12-17,12,1153,3964.02,5117.02
2018-12-17,13,1208.546,3722.748,4931.294
2018-12-17,14,1104.33,3788.952,4893.282
2018-12-17,15,1117.608,3572.268,4689.876
2018-12-17,16,1175.594,3377.662,4553.256
2018-12-17,17,1225.54,3281.452,4506.992
2018-12-17,18,1369.23,3213.388,4582.618
2018-12-17,19,1412.392,3106.262,4518.654
2018-12-17,20,1487.872,3124.508,4612.38
2018-12-17,21,1667.204,3081.152,4748.356
2018-12-17,22,1852.576,3031.558,4884.134
2018-12-17,23,2203.362,2840.126,5043.488
2018-12-17,24,2378.352,2661.1,5039.452
2018-12-17,25,2587.308,2849.992,5437.3
2018-12-17,26,2879.956,3006.854,5886.81
2018-12-17,27,3136.222,2862.676,5998.898
2018-12-17,28,3310.88,2881.626,6192.506
2018-12-17,29,3407.896,3184.998,6592.894
2018-12-17,30,3605.116,3487.13,7092.246
2018-12-17,31,4099.318,3670.336,7769.654
2018-12-17,32,4156.8,3937.71,8094.51
2018-12-17,33,4259.668,4115.5,8375.168
2018-12-17,34,4524.926,4376.146,8901.072
2018-12-17,35,4722.036,4599.52,9321.556
2018-12-17,36,4734.512,4856.448,9590.96
2018-12-17,37,4481.024,4957.128,9438.152
2018-12-17,38,4485.654,4995.998,9481.652
2018-12-17,39,4721.336,5099.644,9820.98
2018-12-17,40,4843.06,5357.278,10200.338
2018-12-17,41,4771.812,5616.158,10387.97
2018-12-17,42,4780.078,5736.848,10516.926
2018-12-17,43,4868.868,5758.51,10627.378
2018-12-17,44,4807.766,5970.248,10778.014
2018-12-17,45,4622.246,6129.468,10751.714
2018-12-17,46,4203.994,6234.056,10438.05
2018-12-17,47,3963.374,6360.28,10323.654
2018-12-17,48,3746.48,6517.976,10264.456
2018-12-18,1,3612.968,6497.806,10110.774
2018-12-18,2,3614.112,6514.036,10128.148
2018-12-18,3,3539.282,6632.134,10171.416
2018-12-18,4,3545.456,6554.752,10100.208
2018-12-18,5,3401.984,6669.656,10071.64
2018-12-18,6,3450.694,6791.178,10241.872
2018-12-18,7,3608.568,6695.754,10304.322
2018-12-18,8,3647.054,6651.398,10298.452
2018-12-18,9,3609.336,6799.666,10409.002
2018-12-18,10,3570.96,6845.764,10416.724
2018-12-18,11,3331.55,6547.582,9879.132
2018-12-18,12,3283.518,6289.978,9573.496
2018-12-18,13,3421.792,6850.832,10272.624
2018-12-18,14,3644.408,6998.17,10642.578
2018-12-18,15,4182.554,7002.948,11185.502
2018-12-18,16,4680.298,7007.414,11687.712
2018-12-18,17,4608.752,6892.86,11501.612
2018-12-18,18,4533.462,6957.714,11491.176
2018-12-18,19,4599.03,6866.64,11465.67
2018-12-18,20,4808.648,6868.208,11676.856
2018-12-18,21,4852.54,6931.78,11784.32
2018-12-18,22,4975.416,6920.886,11896.302
2018-12-18,23,5040.73,6941.566,11982.296
2018-12-18,24,4943.972,7025.234,11969.206
2018-12-18,25,4766.776,6926.14,11692.916
2018-12-18,26,4500.048,6710.346,11210.394
2018-12-18,27,4361.618,6277.672,10639.29
2018-12-18,28,4312.892,5469.786,9782.678
2018-12-18,29,3899.902,5410.142,9310.044
2018-12-18,30,3626.258,5664.178,9290.436
2018-12-18,31,3732.054,5468.876,9200.93
2018-12-18,32,3652.45,5331.678,8984.128
2018-12-18,33,3502.51,5129.196,8631.706
2018-12-18,34,3348.72,5163.166,8511.886
2018-12-18,35,3463.148,5407.04,8870.188
2018-12-18,36,3369.48,5547.444,8916.924
2018-12-18,37,3294.236,5609.91,8904.146
2018-12-18,38,3235.294,5577.408,8812.702
2018-12-18,39,3173.844,5604.126,8777.97
2018-12-18,40,3015.316,5559.396,8574.712
2018-12-18,41,2848.066,5541.442,8389.508
2018-12-18,42,2737.728,5417.982,8155.71
2018-12-18,43,2507.386,5326.112,7833.498
2018-12-18,44,2432.592,5278.71,7711.302
2018-12-18,45,2346.632,5071.194,7417.826
2018-12-18,46,2164.936,4934.632,7099.568
2018-12-18,47,2067.578,4936.69,7004.268
2018-12-18,48,1975.774,5109.328,7085.102
2018-12-19,1,1888.758,4993.06,6881.818
2018-12-19,2,1921.096,4752.91,6674.006
2018-12-19,3,1877.924,4662.8,6540.724
2018-12-19,4,1758.328,4278.652,6036.98
2018-12-19,5,1740.23,3935.934,5676.164
2018-12-19,6,1791.484,3825.918,5617.402
2018-12-19,7,1803.254,3761.978,5565.232
2018-12-19,8,1859.016,3819.082,5678.098
2018-12-19,9,1922.624,4090.066,6012.69
2018-12-19,10,1949.592,3923.802,5873.394
2018-12-19,11,2057.222,3902.618,5959.84
2018-12-19,12,2162.444,3950.64,6113.084
2018-12-19,13,2276.118,4011.568,6287.686
2018-12-19,14,2300.96,3980.618,6281.578
2018-12-19,15,2397.07,3964.476,6361.546
2018-12-19,16,2412.616,3984.078,6396.694
2018-12-19,17,2344.444,4215.518,6559.962
2018-12-19,18,2419.808,4134.532,6554.34
2018-12-19,19,2647.46,4099.466,6746.926
2018-12-19,20,2733.746,4379.398,7113.144
2018-12-19,21,2785.64,4485.174,7270.814
2018-12-19,22,3009.006,4054.354,7063.36
2018-12-19,23,3077.97,4024.314,7102.284
2018-12-19,24,3084.86,4328.422,7413.282
2018-12-19,25,3234.082,4269.378,7503.46
2018-12-19,26,3233.516,4311.97,7545.486
2018-12-19,27,3289.026,4291.696,7580.722
2018-12-19,28,3221.066,3980.61,7201.676
2018-12-19,29,3164.21,4141.118,7305.328
2018-12-19,30,3210.04,4232.178,7442.218
2018-12-19,31,3219.322,4445.792,7665.114
2018-12-19,32,3226.622,4432.432,7659.054
2018-12-19,33,3215.52,4542.86,7758.38
2018-12-19,34,3049.582,4663.758,7713.34
2018-12-19,35,3151.222,5095.24,8246.462
2018-12-19,36,3068.828,5420.298,8489.126
2018-12-19,37,3020.226,5571.574,8591.8
2018-12-19,38,3086.83,5711.644,8798.474
2018-12-19,39,2942.38,5539.004,8481.384
2018-12-19,40,2820.736,5620.244,8440.98
2018-12-19,41,2629.206,5524.15,8153.356
2018-12-19,42,2364.374,5286.908,7651.282
2018-12-19,43,2033.206,5316.672,7349.878
2018-12-19,44,1991.652,5181.504,7173.156
2018-12-19,45,1916.272,5219.494,7135.766
2018-12-19,46,1765.612,5100.292,6865.904
2018-12-19,47,1703.106,5256.874,6959.98
2018-12-19,48,1642.566,4989.394,6631.96
2018-12-20,1,1611.38,5117.598,6728.978
2018-12-20,2,1604.13,5243.89,6848.02
2018-12-20,3,1474.13,5313.658,6787.788
2018-12-20,4,1334.914,5218.622,6553.536
2018-12-20,5,1278.626,5114.578,6393.204
2018-12-20,6,1258.158,4964.898,6223.056
2018-12-20,7,1261.296,4976.278,6237.574
2018-12-20,8,1208.744,5037.456,6246.2
2018-12-20,9,1114.372,4740.872,5855.244
2018-12-20,10,1018.99,4737.722,5756.712
2018-12-20,11,944.142,4894.786,5838.928
2018-12-20,12,914.61,4804.89,5719.5
2018-12-20,13,884.438,4964.996,5849.434
2018-12-20,14,907.962,5265.032,6172.994
2018-12-20,15,985.424,5485.72,6471.144
2018-12-20,16,1119.918,5757.518,6877.436
2018-12-20,17,1238.448,5880.532,7118.98
2018-12-20,18,1310.046,5900.486,7210.532
2018-12-20,19,1380.808,5985.18,7365.988
2018-12-20,20,1487.494,6068.744,7556.238
2018-12-20,21,1545.146,6252.428,7797.574
2018-12-20,22,1547.724,6165.716,7713.44
2018-12-20,23,1644.902,6005.372,7650.274
2018-12-20,24,1724.748,6018.97,7743.718
2018-12-20,25,1834.352,6106.494,7940.846
2018-12-20,26,1929.796,6179.524,8109.32
2018-12-20,27,2068.622,6097.778,8166.4
2018-12-20,28,2026.142,5971.83,7997.972
2018-12-20,29,1945.214,6071.282,8016.496
2018-12-20,30,1876.248,6142.582,8018.83
2018-12-20,31,1909.222,6036.062,7945.284
2018-12-20,32,1919.966,6086.818,8006.784
2018-12-20,33,1872.176,5877.29,7749.466
2018-12-20,34,1838.524,6105.352,7943.876
2018-12-20,35,1916.46,6168.708,8085.168
2018-12-20,36,2045.6,6391.222,8436.822
2018-12-20,37,2035.8,6406.03,8441.83
2018-12-20,38,2201.266,6504.622,8705.888
2018-12-20,39,2148.074,6399.524,8547.598
2018-12-20,40,2027.514,6360.054,8387.568
2018-12-20,41,1939.22,6201.696,8140.916
2018-12-20,42,1882.372,6139.874,8022.246
2018-12-20,43,1841.222,5873.978,7715.2
2018-12-20,44,1744.234,5706.556,7450.79
2018-12-20,45,1727.552,5406.15,7133.702
2018-12-20,46,1788.78,5205.734,6994.514
2018-12-20,47,1783.538,4955.346,6738.884
2018-12-20,48,1729.47,4287.8,6017.27
2018-12-21,1,1597.06,3648.85,5245.91
2018-12-21,2,1467.344,3644.506,5111.85
2018-12-21,3,1328.828,3703.288,5032.116
2018-12-21,4,1220.228,3344.704,4564.932
2018-12-21,5,1068.542,3273.034,4341.576
2018-12-21,6,974.704,3257.526,4232.23
2018-12-21,7,808.146,3058.34,3866.486
2018-12-21,8,705.774,2927.96,3633.734
2018-12-21,9,574.402,2813.208,3387.61
2018-12-21,10,524.028,2654.52,3178.548
2018-12-21,11,474.806,2704.298,3179.104
2018-12-21,12,431.578,2673.406,3104.984
2018-12-21,13,435.332,2705.848,3141.18
2018-12-21,14,434.266,2849.966,3284.232
2018-12-21,15,480.964,2829.384,3310.348
2018-12-21,16,513.182,2878.124,3391.306
2018-12-21,17,570.2,2932.98,3503.18
2018-12-21,18,623.39,2839.414,3462.804
2018-12-21,19,664.66,2702.198,3366.858
2018-12-21,20,695.96,2574.636,3270.596
2018-12-21,21,730.814,2500.412,3231.226
2018-12-21,22,762.49,2486.044,3248.534
2018-12-21,23,863.668,2558.89,3422.558
2018-12-21,24,981.266,2511.982,3493.248
2018-12-21,25,1128.518,2502.778,3631.296
2018-12-21,26,1169.278,2531.304,3700.582
2018-12-21,27,1191.482,2625.958,3817.44
2018-12-21,28,1199.212,2927.688,4126.9
2018-12-21,29,1144.414,3180.264,4324.678
2018-12-21,30,1092.946,3465.74,4558.686
2018-12-21,31,1019.012,3415.248,4434.26
2018-12-21,32,981.336,3455.348,4436.684
2018-12-21,33,972.07,3711.326,4683.396
2018-12-21,34,885.87,3916.082,4801.952
2018-12-21,35,906.066,3940.644,4846.71
2018-12-21,36,845.292,3756.516,4601.808
2018-12-21,37,782.844,3802.142,4584.986
2018-12-21,38,743.21,4282.134,5025.344
2018-12-21,39,659.284,4565.614,5224.898
2018-12-21,40,610.348,4524.052,5134.4
2018-12-21,41,552.804,4462.016,5014.82
2018-12-21,42,504.124,4718.92,5223.044
2018-12-21,43,517.532,5221.07,5738.602
2018-12-21,44,548.604,5508.182,6056.786
2018-12-21,45,559.446,5779.666,6339.112
2018-12-21,46,608.914,6058.606,6667.52
2018-12-21,47,680.614,6015.538,6696.152
2018-12-21,48,794.378,5862.3,6656.678
2018-12-22,1,828.456,5632.474,6460.93
2018-12-22,2,896.81,5357.684,6254.494
2018-12-22,3,1003.076,5244.09,6247.166
2018-12-22,4,1004.936,5019.914,6024.85
2018-12-22,5,1013.16,4738.476,5751.636
2018-12-22,6,1038.324,5018.764,6057.088
2018-12-22,7,1099.038,5715.984,6815.022
2018-12-22,8,1134.718,5887.372,7022.09
2018-12-22,9,1250.42,6003.074,7253.494
2018-12-22,10,1319.972,6186.564,7506.536
2018-12-22,11,1303.518,6351.058,7654.576
2018-12-22,12,1489.03,6088.132,7577.162
2018-12-22,13,1570.73,6125.69,7696.42
2018-12-22,14,1587.528,6129.776,7717.304
2018-12-22,15,1599.646,6225.346,7824.992
2018-12-22,16,1691.046,6349.244,8040.29
2018-12-22,17,1840.374,6190.122,8030.496
2018-12-22,18,1856.886,6176.412,8033.298
2018-12-22,19,1766.95,6277.592,8044.542
2018-12-22,20,1877.278,6237.502,8114.78
2018-12-22,21,1867.582,6122.764,7990.346
2018-12-22,22,1881.57,6007.912,7889.482
2018-12-22,23,1894.506,5964.994,7859.5
2018-12-22,24,1945.924,5921.944,7867.868
2018-12-22,25,1972.802,5724.908,7697.71
2018-12-22,26,2104.826,5630.38,7735.206
2018-12-22,27,2238.248,5597.758,7836.006
2018-12-22,28,2204.282,5518.574,7722.856
2018-12-22,29,2208.53,5572.364,7780.894
2018-12-22,30,2177.812,5610.394,7788.206
2018-12-22,31,2146.176,5552.262,7698.438
2018-12-22,32,2070.258,5513.418,7583.676
2018-12-22,33,1982.99,5209.216,7192.206
2018-12-22,34,1924.866,4922.736,6847.602
2018-12-22,35,1846.82,4834.634,6681.454
2018-12-22,36,1781.58,4801.23,6582.81
2018-12-22,37,1747.522,4868.342,6615.864
2018-12-22,38,1672.678,4978.918,6651.596
2018-12-22,39,1663.416,4841.968,6505.384
2018-12-22,40,1694.1,4720.496,6414.596
2018-12-22,41,1654.188,4749.88,6404.068
2018-12-22,42,1595.756,4514.262,6110.018
2018-12-22,43,1555.596,4422.336,5977.932
2018-12-22,44,1421.438,4247.468,5668.906
2018-12-22,45,1365.144,3681.256,5046.4
2018-12-22,46,1281.214,3401.074,4682.288
2018-12-22,47,1154.288,3112.114,4266.402
2018-12-22,48,1078.38,2787.086,3865.466
2018-12-23,1,1019.396,2571.186,3590.582
2018-12-23,2,904.694,2191.444,3096.138
2018-12-23,3,787.74,1977.322,2765.062
2018-12-23,4,716.594,2191.79,2908.384
2018-12-23,5,662.02,2191.806,2853.826
2018-12-23,6,632.978,1995.184,2628.162
2018-12-23,7,560.778,1724.94,2285.718
2018-12-23,8,531.092,1450.772,1981.864
2018-12-23,9,515.338,1427.814,1943.152
2018-12-23,10,454.526,1316.874,1771.4
2018-12-23,11,386.75,1423.646,1810.396
2018-12-23,12,350.434,1352.388,1702.822
2018-12-23,13,329.24,1135.496,1464.736
2018-12-23,14,294.314,1081.864,1376.178
2018-12-23,15,251.742,1150.422,1402.164
2018-12-23,16,258.19,1167.632,1425.822
2018-12-23,17,271.834,1196.598,1468.432
2018-12-23,18,269.128,1324.32,1593.448
2018-12-23,19,250.71,1558.11,1808.82
2018-12-23,20,267.242,1780.542,2047.784
2018-12-23,21,254.624,1762.216,2016.84
2018-12-23,22,247.25,1698.42,1945.67
2018-12-23,23,245.712,1701.16,1946.872
2018-12-23,24,246.554,1560.066,1806.62
2018-12-23,25,248.204,1420.78,1668.984
2018-12-23,26,255.074,1320.034,1575.108
2018-12-23,27,270.514,1469.57,1740.084
2018-12-23,28,281.682,1810.714,2092.396
2018-12-23,29,301.686,2000.902,2302.588
2018-12-23,30,307.904,2067.898,2375.802
2018-12-23,31,341.56,2102.126,2443.686
2018-12-23,32,346.796,2129.972,2476.768
2018-12-23,33,383.156,2113.954,2497.11
2018-12-23,34,440.472,2167.986,2608.458
2018-12-23,35,479.53,2216.976,2696.506
2018-12-23,36,517.69,2422.79,2940.48
2018-12-23,37,484.722,2515.622,3000.344
2018-12-23,38,458.926,2590.3,3049.226
2018-12-23,39,449.992,2461.962,2911.954
2018-12-23,40,422.12,2359.13,2781.25
2018-12-23,41,450.024,2563.866,3013.89
2018-12-23,42,384.456,2459.21,2843.666
2018-12-23,43,340.632,2254.584,2595.216
2018-12-23,44,295.95,2222.99,2518.94
2018-12-23,45,256.766,2039.972,2296.738
2018-12-23,46,226.098,1833,2059.098
2018-12-23,47,216.356,1699.448,1915.804
2018-12-23,48,209.234,1673.42,1882.654
2018-12-24,1,217.66,1613.238,1830.898
2018-12-24,2,181.856,1523.46,1705.316
2018-12-24,3,195.036,1391.674,1586.71
2018-12-24,4,188.942,1281.004,1469.946
2018-12-24,5,182.832,1066.108,1248.94
2018-12-24,6,234.576,926.158,1160.734
2018-12-24,7,220.918,861.922,1082.84
2018-12-24,8,217.438,832.524,1049.962
2018-12-24,9,221.342,855.25,1076.592
2018-12-24,10,229.694,898.99,1128.684
2018-12-24,11,239.366,933.936,1173.302
2018-12-24,12,252.128,959.088,1211.216
2018-12-24,13,254.148,902.052,1156.2
2018-12-24,14,294.84,882.818,1177.658
2018-12-24,15,329.6,981.43,1311.03
2018-12-24,16,347.906,963.306,1311.212
2018-12-24,17,379.676,842.942,1222.618
2018-12-24,18,456.02,732.626,1188.646
2018-12-24,19,514.434,724.668,1239.102
2018-12-24,20,569.436,729.422,1298.858
2018-12-24,21,664.712,657.716,1322.428
2018-12-24,22,689.356,699.322,1388.678
2018-12-24,23,696.826,748.304,1445.13
2018-12-24,24,671.95,726.902,1398.852
2018-12-24,25,648.636,729.918,1378.554
2018-12-24,26,653.452,740.354,1393.806
2018-12-24,27,682.022,812.918,1494.94
2018-12-24,28,772,843.822,1615.822
2018-12-24,29,914.876,823.878,1738.754
2018-12-24,30,1060.15,791.016,1851.166
2018-12-24,31,1213.498,910.016,2123.514
2018-12-24,32,1268.058,890.538,2158.596
2018-12-24,33,1281.416,907.754,2189.17
2018-12-24,34,1247.734,969.678,2217.412
2018-12-24,35,1295.228,1087.424,2382.652
2018-12-24,36,1308.438,1107.8,2416.238
2018-12-24,37,1228.064,1077.476,2305.54
2018-12-24,38,1180.108,1085.8,2265.908
2018-12-24,39,1142.574,1044.272,2186.846
2018-12-24,40,1165.372,882.792,2048.164
2018-12-24,41,1070.42,799.85,1870.27
2018-12-24,42,981.556,765.414,1746.97
2018-12-24,43,934.252,676.648,1610.9
2018-12-24,44,923.478,595.43,1518.908
2018-12-24,45,966.392,598.232,1564.624
2018-12-24,46,1043.606,663.932,1707.538
2018-12-24,47,1084.198,741.978,1826.176
2018-12-24,48,1085.396,835.488,1920.884
2018-12-25,1,1116.762,958.56,2075.322
2018-12-25,2,1099.48,908.142,2007.622
2018-12-25,3,1156.74,793.378,1950.118
2018-12-25,4,1196.314,724.676,1920.99
2018-12-25,5,1167.218,709.26,1876.478
2018-12-25,6,1138.544,725.054,1863.598
2018-12-25,7,1145.306,712.144,1857.45
2018-12-25,8,1141.382,818.742,1960.124
2018-12-25,9,1148.97,928.296,2077.266
2018-12-25,10,1194.924,1039.384,2234.308
2018-12-25,11,1193.202,1001.03,2194.232
2018-12-25,12,1292.662,968.416,2261.078
2018-12-25,13,1303.246,980.778,2284.024
2018-12-25,14,1386.34,1120.662,2507.002
2018-12-25,15,1351.242,1084.028,2435.27
2018-12-25,16,1375.874,990.614,2366.488
2018-12-25,17,1468.02,1079.042,2547.062
2018-12-25,18,1430.968,1086.82,2517.788
2018-12-25,19,1406.96,1111.44,2518.4
2018-12-25,20,1456.546,1215.028,2671.574
2018-12-25,21,1399.238,1318.942,2718.18
2018-12-25,22,1501.718,1431.312,2933.03
2018-12-25,23,1506.49,1432.384,2938.874
2018-12-25,24,1484.56,1367.384,2851.944
2018-12-25,25,1390.692,1260.458,2651.15
2018-12-25,26,1407.702,1173.952,2581.654
2018-12-25,27,1513.916,1198.804,2712.72
2018-12-25,28,1638.078,1202.868,2840.946
2018-12-25,29,1812.444,1183.52,2995.964
2018-12-25,30,1798.948,1117.406,2916.354
2018-12-25,31,1872.4,1025.052,2897.452
2018-12-25,32,2004.916,956.378,2961.294
2018-12-25,33,2050.66,885.11,2935.77
2018-12-25,34,2110.174,802.018,2912.192
2018-12-25,35,2196.128,845.406,3041.534
2018-12-25,36,2312.604,911.142,3223.746
2018-12-25,37,2316.056,1028.402,3344.458
2018-12-25,38,2195.962,1036.916,3232.878
2018-12-25,39,2182.304,1089.806,3272.11
2018-12-25,40,2230.94,1135.184,3366.124
2018-12-25,41,2359.804,1254.418,3614.222
2018-12-25,42,2497.934,1189.376,3687.31
2018-12-25,43,2464.552,1127.578,3592.13
2018-12-25,44,2397.6,1058.612,3456.212
2018-12-25,45,2217.022,1093.534,3310.556
2018-12-25,46,2204.034,1163.48,3367.514
2018-12-25,47,2320.296,1265.562,3585.858
2018-12-25,48,2189.06,1334.018,3523.078
2018-12-26,1,2057.696,1218.76,3276.456
2018-12-26,2,2069.224,1167.168,3236.392
2018-12-26,3,2089.896,1256.972,3346.868
2018-12-26,4,2105.822,1415.134,3520.956
2018-12-26,5,2170.684,1384.574,3555.258
2018-12-26,6,2235.482,1457.364,3692.846
2018-12-26,7,2106.846,1498.4,3605.246
2018-12-26,8,1965.714,1430.88,3396.594
2018-12-26,9,1857.38,1469.798,3327.178
2018-12-26,10,1803.466,1569.698,3373.164
2018-12-26,11,1883.416,1564.09,3447.506
2018-12-26,12,1867.26,1487.994,3355.254
2018-12-26,13,1866.886,1356.554,3223.44
2018-12-26,14,1918.648,1279.052,3197.7
2018-12-26,15,1837.084,1282.436,3119.52
2018-12-26,16,1886.826,1237.59,3124.416
2018-12-26,17,1863.92,1150.246,3014.166
2018-12-26,18,1933.066,1116.596,3049.662
2018-12-26,19,2009.752,1102.852,3112.604
2018-12-26,20,2162.732,1065.25,3227.982
2018-12-26,21,2165.148,1064.956,3230.104
2018-12-26,22,2159.84,1162.736,3322.576
2018-12-26,23,2063.424,1156.04,3219.464
2018-12-26,24,2249.856,1118.892,3368.748
2018-12-26,25,2361.636,1125.056,3486.692
2018-12-26,26,2398.304,1125.066,3523.37
2018-12-26,27,2283.132,1289.996,3573.128
2018-12-26,28,2248.224,1293.216,3541.44
2018-12-26,29,2343.606,1295.068,3638.674
2018-12-26,30,2297.99,1287.574,3585.564
2018-12-26,31,2342.586,1311.418,3654.004
2018-12-26,32,2260.94,1201.448,3462.388
2018-12-26,33,2078.138,1099.078,3177.216
2018-12-26,34,2012.382,1154.312,3166.694
2018-12-26,35,1965.934,1234.366,3200.3
2018-12-26,36,1895.838,1323.852,3219.69
2018-12-26,37,1802.436,1359.772,3162.208
2018-12-26,38,1767.85,1328.28,3096.13
2018-12-26,39,1771.458,1219.23,2990.688
2018-12-26,40,1906.284,1090.192,2996.476
2018-12-26,41,2011.472,1028.138,3039.61
2018-12-26,42,1930.868,1142.008,3072.876
2018-12-26,43,1963.476,1121.69,3085.166
2018-12-26,44,1899.8,1070.094,2969.894
2018-12-26,45,2043.052,999.008,3042.06
2018-12-26,46,2307.044,951.39,3258.434
2018-12-26,47,2286.912,882.638,3169.55
2018-12-26,48,2288.448,881.57,3170.018
2018-12-27,1,2338.22,888.836,3227.056
2018-12-27,2,2433.606,871.248,3304.854
2018-12-27,3,2358.266,756.152,3114.418
2018-12-27,4,2238.382,631.238,2869.62
2018-12-27,5,2098.866,517.424,2616.29
2018-12-27,6,1987.45,433.62,2421.07
2018-12-27,7,1909.476,406.922,2316.398
2018-12-27,8,1800.694,353.308,2154.002
2018-12-27,9,1690.894,319.066,2009.96
2018-12-27,10,1604.082,341.322,1945.404
2018-12-27,11,1636.99,326.39,1963.38
2018-12-27,12,1634.148,313.27,1947.418
2018-12-27,13,1505.73,325.636,1831.366
2018-12-27,14,1447.742,346.542,1794.284
2018-12-27,15,1439.35,320.752,1760.102
2018-12-27,16,1378.66,260.638,1639.298
2018-12-27,17,1250.904,258.208,1509.112
2018-12-27,18,1249.546,255.638,1505.184
2018-12-27,19,1308.348,237.292,1545.64
2018-12-27,20,1385.66,236.256,1621.916
2018-12-27,21,1307.93,257.732,1565.662
2018-12-27,22,1241.74,309.258,1550.998
2018-12-27,23,1223.648,310.786,1534.434
2018-12-27,24,1076.218,257.802,1334.02
2018-12-27,25,1075.944,188.816,1264.76
2018-12-27,26,1121.598,166.494,1288.092
2018-12-27,27,1134.934,153.798,1288.732
2018-12-27,28,1160.46,142.116,1302.576
2018-12-27,29,1025.998,121.568,1147.566
2018-12-27,30,994.99,114.726,1109.716
2018-12-27,31,960.002,154.394,1114.396
2018-12-27,32,928.456,165.414,1093.87
2018-12-27,33,905.118,146.08,1051.198
2018-12-27,34,882.026,109.598,991.624
2018-12-27,35,859.238,89.264,948.502
2018-12-27,36,846.592,58.182,904.774
2018-12-27,37,772.696,53.942,826.638
2018-12-27,38,737.76,50.038,787.798
2018-12-27,39,741.81,40.67,782.48
2018-12-27,40,673.986,47.06,721.046
2018-12-27,41,664.762,47.868,712.63
2018-12-27,42,706.506,60.692,767.198
2018-12-27,43,740.154,77.88,818.034
2018-12-27,44,826.906,109.062,935.968
2018-12-27,45,909.222,180.856,1090.078
2018-12-27,46,1004.226,205.696,1209.922
2018-12-27,47,1092.712,278.856,1371.568
2018-12-27,48,1152.5,330.588,1483.088
2018-12-28,1,1258.722,374.542,1633.264
2018-12-28,2,1330.938,452.024,1782.962
2018-12-28,3,1473.542,519.024,1992.566
2018-12-28,4,1581.324,507.398,2088.722
2018-12-28,5,1764.762,550.77,2315.532
2018-12-28,6,1864.264,670.434,2534.698
2018-12-28,7,2081.544,835.448,2916.992
2018-12-28,8,2304.986,909.256,3214.242
2018-12-28,9,2606.914,960.526,3567.44
2018-12-28,10,2650.8,1037.632,3688.432
2018-12-28,11,2677.66,1060.682,3738.342
2018-12-28,12,2678.61,1211.48,3890.09
2018-12-28,13,2761.116,1326.312,4087.428
2018-12-28,14,2920.672,1321.824,4242.496
2018-12-28,15,3146.2,1406.814,4553.014
2018-12-28,16,3163.584,1673.476,4837.06
2018-12-28,17,3161.134,1970.06,5131.194
2018-12-28,18,3199.142,2105.004,5304.146
2018-12-28,19,3318.048,2407.688,5725.736
2018-12-28,20,3362.062,2517.692,5879.754
2018-12-28,21,3548.864,2396.438,5945.302
2018-12-28,22,3786.106,2420.866,6206.972
2018-12-28,23,3602.344,2759.762,6362.106
2018-12-28,24,3436.118,2607.868,6043.986
2018-12-28,25,3363.102,2463.206,5826.308
2018-12-28,26,3242.498,2352.09,5594.588
2018-12-28,27,2965.088,2125.842,5090.93
2018-12-28,28,2753.004,1957.374,4710.378
2018-12-28,29,2466.228,1605.666,4071.894
2018-12-28,30,2052.944,1576.98,3629.924
2018-12-28,31,1561.754,1309.268,2871.022
2018-12-28,32,1212.736,1344.332,2557.068
2018-12-28,33,1084.6,1192.372,2276.972
2018-12-28,34,897.752,1237.174,2134.926
2018-12-28,35,852.46,1213.49,2065.95
2018-12-28,36,827.404,1123.32,1950.724
2018-12-28,37,952.186,1155.19,2107.376
2018-12-28,38,1064.98,1079.682,2144.662
2018-12-28,39,1073.418,1101.306,2174.724
2018-12-28,40,1129.124,1204.11,2333.234
2018-12-28,41,1334.908,1502.744,2837.652
2018-12-28,42,1553.676,1971.88,3525.556
2018-12-28,43,1649.36,2029.75,3679.11
2018-12-28,44,1616.142,2369.9,3986.042
2018-12-28,45,2010.86,2581.05,4591.91
2018-12-28,46,2551.504,2729.028,5280.532
2018-12-28,47,2865.388,2962.078,5827.466
2018-12-28,48,3141.174,3280.936,6422.11
2018-12-29,1,3323.472,3350.734,6674.206
2018-12-29,2,3441.328,3315.684,6757.012
2018-12-29,3,3429.754,3386.908,6816.662
2018-12-29,4,3210.55,3526.326,6736.876
2018-12-29,5,3427.004,3926.426,7353.43
2018-12-29,6,3444.174,4288.864,7733.038
2018-12-29,7,3322.206,4633.484,7955.69
2018-12-29,8,3118.978,4915.344,8034.322
2018-12-29,9,2973.526,5173.108,8146.634
2018-12-29,10,2764.124,5077.18,7841.304
2018-12-29,11,3018.5,5236.164,8254.664
2018-12-29,12,3023.104,5553.934,8577.038
2018-12-29,13,3144.684,5726.884,8871.568
2018-12-29,14,3367.772,5908.78,9276.552
2018-12-29,15,3421.134,6179.288,9600.422
2018-12-29,16,3370.814,6154.288,9525.102
2018-12-29,17,3346.582,6231.44,9578.022
2018-12-29,18,3115.22,6473.456,9588.676
2018-12-29,19,3343.008,6613.978,9956.986
2018-12-29,20,3650.022,6621.514,10271.536
2018-12-29,21,4129.436,6488.488,10617.924
2018-12-29,22,4326.476,6415.424,10741.9
2018-12-29,23,4292.316,6341.274,10633.59
2018-12-29,24,4403.92,6131.2,10535.12
2018-12-29,25,4256.042,6076.214,10332.256
2018-12-29,26,4368.308,5941.572,10309.88
2018-12-29,27,4188.804,5992.424,10181.228
2018-12-29,28,4095.384,5862.734,9958.118
2018-12-29,29,3887.892,5818.708,9706.6
2018-12-29,30,3473.682,5523.59,8997.272
2018-12-29,31,3191.018,4948.884,8139.902
2018-12-29,32,3059.378,4618.648,7678.026
2018-12-29,33,2481.07,4435.478,6916.548
2018-12-29,34,2051.218,4160.006,6211.224
2018-12-29,35,2075.56,3787.322,5862.882
2018-12-29,36,1749.794,3288.308,5038.102
2018-12-29,37,1568.866,2921.392,4490.258
2018-12-29,38,1444.258,2690.032,4134.29
2018-12-29,39,1440.582,2465.49,3906.072
2018-12-29,40,1401.432,2251.564,3652.996
2018-12-29,41,1313.916,2189.878,3503.794
2018-12-29,42,1364.764,2228.606,3593.37
2018-12-29,43,1387.818,2225.84,3613.658
2018-12-29,44,1448.206,1924.782,3372.988
2018-12-29,45,1561.092,1553.414,3114.506
2018-12-29,46,1666.006,1304.6,2970.606
2018-12-29,47,1883.176,1048.044,2931.22
2018-12-29,48,2007.706,835.192,2842.898
2018-12-30,1,1801.25,869.422,2670.672
2018-12-30,2,1777.868,1161.202,2939.07
2018-12-30,3,1827.366,1465.25,3292.616
2018-12-30,4,1857.28,1736.936,3594.216
2018-12-30,5,1843.406,2075.59,3918.996
2018-12-30,6,1804.058,2201.63,4005.688
2018-12-30,7,1997.52,2229.168,4226.688
2018-12-30,8,2199.882,2345.704,4545.586
2018-12-30,9,2571.094,2376.908,4948.002
2018-12-30,10,2881.228,2329.034,5210.262
2018-12-30,11,3067.968,2323.366,5391.334
2018-12-30,12,3202.272,2356.476,5558.748
2018-12-30,13,3399.59,2496.788,5896.378
2018-12-30,14,3630.498,2443.718,6074.216
2018-12-30,15,3642.018,2421.542,6063.56
2018-12-30,16,3544.79,2648.904,6193.694
2018-12-30,17,3588.396,2714.404,6302.8
2018-12-30,18,3729.992,2915.356,6645.348
2018-12-30,19,3462.758,3097.582,6560.34
2018-12-30,20,3506.22,3196.952,6703.172
2018-12-30,21,3569.76,3248.184,6817.944
2018-12-30,22,3930.004,3392.398,7322.402
2018-12-30,23,4005.302,3204.18,7209.482
2018-12-30,24,4125.906,3117.424,7243.33
2018-12-30,25,4176.508,3227.92,7404.428
2018-12-30,26,4299.128,3097.882,7397.01
2018-12-30,27,4242.434,2902.828,7145.262
2018-12-30,28,4180.682,2596.096,6776.778
2018-12-30,29,4050.332,2359.566,6409.898
2018-12-30,30,3914.932,2173.138,6088.07
2018-12-30,31,3745.108,2084.846,5829.954
2018-12-30,32,3568.128,1943.25,5511.378
2018-12-30,33,3454.514,1969.692,5424.206
2018-12-30,34,3421.772,2014.48,5436.252
2018-12-30,35,3293.586,2191.854,5485.44
2018-12-30,36,3078.948,2524.692,5603.64
2018-12-30,37,3043.602,2525.012,5568.614
2018-12-30,38,2896.904,2487.23,5384.134
2018-12-30,39,2822.178,2607.076,5429.254
2018-12-30,40,2838.7,2548.776,5387.476
2018-12-30,41,2939.574,2496.062,5435.636
2018-12-30,42,2967.394,2202.158,5169.552
2018-12-30,43,2914.182,2239.834,5154.016
2018-12-30,44,2893.856,2322.35,5216.206
2018-12-30,45,2946.18,2167.594,5113.774
2018-12-30,46,2874.164,2187.658,5061.822
2018-12-30,47,2934.952,2325.83,5260.782
2018-12-30,48,3045.37,2286.744,5332.114
2018-12-31,1,3167.142,2298.974,5466.116
2018-12-31,2,3429.572,2192.846,5622.418
2018-12-31,3,3576.684,2229.11,5805.794
2018-12-31,4,3501.308,2136.04,5637.348
2018-12-31,5,3477.278,1955.782,5433.06
2018-12-31,6,3502.836,1968.904,5471.74
2018-12-31,7,3508.91,2045.848,5554.758
2018-12-31,8,3621.376,2173.448,5794.824
2018-12-31,9,3693.006,2082.37,5775.376
2018-12-31,10,3514.596,2056.072,5570.668
2018-12-31,11,3588.516,2126.238,5714.754
2018-12-31,12,3556.424,2227.088,5783.512
2018-12-31,13,3531.934,2135.642,5667.576
2018-12-31,14,3674.776,1944.446,5619.222
2018-12-31,15,3762.534,2072.754,5835.288
2018-12-31,16,3882.216,2360.856,6243.072
2018-12-31,17,4000.268,2525.24,6525.508
2018-12-31,18,4030.148,2413.826,6443.974
2018-12-31,19,4089.132,2386.738,6475.87
2018-12-31,20,4359.15,2427.514,6786.664
2018-12-31,21,4478.104,2499.442,6977.546
2018-12-31,22,4507.544,2276.9,6784.444
2018-12-31,23,4541.528,2371.122,6912.65
2018-12-31,24,4545.278,2456.772,7002.05
2018-12-31,25,4531.63,2602.484,7134.114
2018-12-31,26,4499.572,2827.226,7326.798
2018-12-31,27,4498.65,2984.016,7482.666
2018-12-31,28,4559.412,3239.734,7799.146
2018-12-31,29,4600.83,3341.658,7942.488
2018-12-31,30,4659.786,3483.688,8143.474
2018-12-31,31,4769.996,3593.972,8363.968
2018-12-31,32,4769.582,3612.17,8381.752
2018-12-31,33,4950.438,3722.892,8673.33
2018-12-31,34,5231.884,3965.8,9197.684
2018-12-31,35,5209.77,4033.986,9243.756
2018-12-31,36,5204.798,4075.142,9279.94
2018-12-31,37,5292.268,4097.574,9389.842
2018-12-31,38,5175.296,4193.266,9368.562
2018-12-31,39,5081.96,4318.778,9400.738
2018-12-31,40,5065.04,4447.54,9512.58
2018-12-31,41,4899.456,4613.912,9513.368
2018-12-31,42,4762.222,4756.148,9518.37
2018-12-31,43,4587.568,4851.284,9438.852
2018-12-31,44,4390.132,5020.238,9410.37
2018-12-31,45,4234.468,5167.296,9401.764
2018-12-31,46,4077.05,5213.332,9290.382
2018-12-31,47,4074.538,5257.092,9331.63
2018-12-31,48,3938.35,5387.872,9326.222
2019-01-01,1,3746.676,5488.888,9235.564
2019-01-01,2,3735.574,5561.734,9297.308
2019-01-01,3,3797.986,5557.786,9355.772
2019-01-01,4,3736.314,5398.334,9134.648
2019-01-01,5,3602.236,5309.918,8912.154
2019-01-01,6,3649.292,5317.052,8966.344
2019-01-01,7,3606.892,5114.828,8721.72
2019-01-01,8,3732.696,4961.144,8693.84
2019-01-01,9,3483.638,5091.736,8575.374
2019-01-01,10,3385.822,4943.444,8329.266
2019-01-01,11,3280.624,4889.192,8169.816
2019-01-01,12,3107.25,4818,7925.25
2019-01-01,13,2863.654,5001.502,7865.156
2019-01-01,14,2768.904,4839.532,7608.436
2019-01-01,15,2706.9,4870.598,7577.498
2019-01-01,16,2635.566,4750.61,7386.176
2019-01-01,17,2487.794,4615.394,7103.188
2019-01-01,18,2410.202,4103.002,6513.204
2019-01-01,19,2387.544,3630.084,6017.628
2019-01-01,20,2368.108,3461.986,5830.094
2019-01-01,21,2166.48,3559.474,5725.954
2019-01-01,22,2096.324,3625.668,5721.992
2019-01-01,23,2061.462,3474.998,5536.46
2019-01-01,24,1985.786,3594.474,5580.26
2019-01-01,25,1881.438,3854.888,5736.326
2019-01-01,26,1872.914,3586.748,5459.662
2019-01-01,27,1798.518,3329.674,5128.192
2019-01-01,28,1855.62,3319.908,5175.528
2019-01-01,29,1794.456,3330.604,5125.06
2019-01-01,30,1816.258,3334,5150.258
2019-01-01,31,1753.002,3510.022,5263.024
2019-01-01,32,1610.552,3520.274,5130.826
2019-01-01,33,1514.858,3351.55,4866.408
2019-01-01,34,1393.95,3396.932,4790.882
2019-01-01,35,1323.59,3446.982,4770.572
2019-01-01,36,1277.256,3455.256,4732.512
2019-01-01,37,1169.776,3526.424,4696.2
2019-01-01,38,1053.044,3588.108,4641.152
2019-01-01,39,1066.718,3626.726,4693.444
2019-01-01,40,1045.198,3663.282,4708.48
2019-01-01,41,974.166,3737.66,4711.826
2019-01-01,42,853.332,3809.292,4662.624
2019-01-01,43,782.686,3942.086,4724.772
2019-01-01,44,737.682,3891.036,4628.718
2019-01-01,45,699.846,3781.036,4480.882
2019-01-01,46,631.612,3684.01,4315.622
2019-01-01,47,585.284,3673.258,4258.542
2019-01-01,48,513.964,3645.192,4159.156
2019-01-02,1,426.554,3601.692,4028.246
2019-01-02,2,422.968,3515.62,3938.588
2019-01-02,3,382.238,3303.678,3685.916
2019-01-02,4,321.814,3240.146,3561.96
2019-01-02,5,284.136,3020.502,3304.638
2019-01-02,6,253.202,2919.808,3173.01
2019-01-02,7,225.956,2802.36,3028.316
2019-01-02,8,216.834,2850.368,3067.202
2019-01-02,9,222.322,2808.044,3030.366
2019-01-02,10,215.346,2717.242,2932.588
2019-01-02,11,207.962,2750.948,2958.91
2019-01-02,12,209.97,2759.01,2968.98
2019-01-02,13,205.892,2903.498,3109.39
2019-01-02,14,195.764,2787.02,2982.784
2019-01-02,15,172.07,2779.968,2952.038
2019-01-02,16,164.244,2501.154,2665.398
2019-01-02,17,174.318,2596.824,2771.142
2019-01-02,18,167.912,2590.742,2758.654
2019-01-02,19,161.138,2458.94,2620.078
2019-01-02,20,157.544,2159.806,2317.35
2019-01-02,21,161.06,2066.76,2227.82
2019-01-02,22,168.648,1880.808,2049.456
2019-01-02,23,184.332,1767.684,1952.016
2019-01-02,24,195.508,1577.696,1773.204
2019-01-02,25,192.39,1549.23,1741.62
2019-01-02,26,181.518,1495.252,1676.77
2019-01-02,27,179.982,1303.876,1483.858
2019-01-02,28,177.17,1264.57,1441.74
2019-01-02,29,177.19,1245.676,1422.866
2019-01-02,30,172.772,1221.878,1394.65
2019-01-02,31,152.258,1088.914,1241.172
2019-01-02,32,144.096,1108.678,1252.774
2019-01-02,33,155.568,869.106,1024.674
2019-01-02,34,171.084,1026.958,1198.042
2019-01-02,35,186.218,1105.342,1291.56
2019-01-02,36,222.3,1132.792,1355.092
2019-01-02,37,239.548,1167.178,1406.726
2019-01-02,38,253.684,1033.448,1287.132
2019-01-02,39,274.778,1047.63,1322.408
2019-01-02,40,301.606,1087.318,1388.924
2019-01-02,41,305.428,1071.094,1376.522
2019-01-02,42,276.226,1022.892,1299.118
2019-01-02,43,229.512,1112.582,1342.094
2019-01-02,44,237.602,1163.942,1401.544
2019-01-02,45,256.912,1041.692,1298.604
2019-01-02,46,270.23,972.048,1242.278
2019-01-02,47,294.978,982.02,1276.998
2019-01-02,48,360.01,1008.16,1368.17
2019-01-03,1,384.848,1099.692,1484.54
2019-01-03,2,363.36,1057.67,1421.03
2019-01-03,3,357.238,987.526,1344.764
2019-01-03,4,362.364,1000.738,1363.102
2019-01-03,5,374.184,954.788,1328.972
2019-01-03,6,381.844,942.878,1324.722
2019-01-03,7,385.348,996.06,1381.408
2019-01-03,8,380.138,910.808,1290.946
2019-01-03,9,357.084,894.024,1251.108
2019-01-03,10,384.416,977.114,1361.53
2019-01-03,11,419.814,1022.824,1442.638
2019-01-03,12,454.184,1013.842,1468.026
2019-01-03,13,423.542,1014.574,1438.116
2019-01-03,14,408.228,1077.614,1485.842
2019-01-03,15,417.774,1059.216,1476.99
2019-01-03,16,409.868,1004.452,1414.32
2019-01-03,17,375.862,967.448,1343.31
2019-01-03,18,357.884,873.598,1231.482
2019-01-03,19,343.498,847.438,1190.936
2019-01-03,20,347.558,802.292,1149.85
2019-01-03,21,400.988,788.548,1189.536
2019-01-03,22,447.01,795.606,1242.616
2019-01-03,23,463.852,768.288,1232.14
2019-01-03,24,446.504,765.982,1212.486
2019-01-03,25,460.67,760.856,1221.526
2019-01-03,26,503.866,776.436,1280.302
2019-01-03,27,518.044,821.992,1340.036
2019-01-03,28,495.262,809.512,1304.774
2019-01-03,29,486.9,806.522,1293.422
2019-01-03,30,487.528,898.364,1385.892
2019-01-03,31,492.984,876.634,1369.618
2019-01-03,32,517.442,841.522,1358.964
2019-01-03,33,534.814,777.93,1312.744
2019-01-03,34,562.318,843.166,1405.484
2019-01-03,35,577.162,855.502,1432.664
2019-01-03,36,595.29,914.494,1509.784
2019-01-03,37,627.854,908.97,1536.824
2019-01-03,38,644.662,856.146,1500.808
2019-01-03,39,702.244,859.8,1562.044
2019-01-03,40,716.316,821.704,1538.02
2019-01-03,41,659.81,753.402,1413.212
2019-01-03,42,679.296,765.644,1444.94
2019-01-03,43,709.06,782.918,1491.978
2019-01-03,44,714.894,728.268,1443.162
2019-01-03,45,698.154,660.846,1359
2019-01-03,46,681.528,636.244,1317.772
2019-01-03,47,695.27,668.596,1363.866
2019-01-03,48,723.078,627.562,1350.64
2019-01-04,1,781.702,650.646,1432.348
2019-01-04,2,811.622,718.046,1529.668
2019-01-04,3,931.93,684.828,1616.758
2019-01-04,4,1006.488,564.572,1571.06
2019-01-04,5,1016.21,473.756,1489.966
2019-01-04,6,1021.042,461.918,1482.96
2019-01-04,7,980.356,390.656,1371.012
2019-01-04,8,991.274,381.926,1373.2
2019-01-04,9,1064.316,442.424,1506.74
2019-01-04,10,1139.486,545.738,1685.224
2019-01-04,11,1199.602,625.108,1824.71
2019-01-04,12,1263.946,725.25,1989.196
2019-01-04,13,1280.056,780.836,2060.892
2019-01-04,14,1321.71,837.438,2159.148
2019-01-04,15,1327.846,989.244,2317.09
2019-01-04,16,1311.29,1159.442,2470.732
2019-01-04,17,1299.834,1321.22,2621.054
2019-01-04,18,1306.77,1297.356,2604.126
2019-01-04,19,1245.13,1343.584,2588.714
2019-01-04,20,1255.97,1384.794,2640.764
2019-01-04,21,1242.404,1360,2602.404
2019-01-04,22,1218.722,1318.144,2536.866
2019-01-04,23,1319.426,1296.354,2615.78
2019-01-04,24,1397.19,1285.436,2682.626
2019-01-04,25,1433.774,1292.76,2726.534
2019-01-04,26,1426.14,1441.234,2867.374
2019-01-04,27,1418.408,1360.492,2778.9
2019-01-04,28,1371.382,1354.724,2726.106
2019-01-04,29,1325.414,1449.46,2774.874
2019-01-04,30,1268.906,1493.932,2762.838
2019-01-04,31,1183.392,1644.428,2827.82
2019-01-04,32,1080.41,1676.582,2756.992
2019-01-04,33,1027.04,1732.478,2759.518
2019-01-04,34,1033.658,1806.178,2839.836
2019-01-04,35,1060.388,1851.082,2911.47
2019-01-04,36,1061.858,1769.918,2831.776
2019-01-04,37,1074.388,1839.582,2913.97
2019-01-04,38,1057.024,2044.714,3101.738
2019-01-04,39,1025.442,2125.828,3151.27
2019-01-04,40,1026.578,1984.106,3010.684
2019-01-04,41,1013.01,1874.44,2887.45
2019-01-04,42,1011.916,1649.054,2660.97
2019-01-04,43,1014.332,1565.274,2579.606
2019-01-04,44,965.9,1572.206,2538.106
2019-01-04,45,930.938,1639.108,2570.046
2019-01-04,46,915.452,1669.312,2584.764
2019-01-04,47,894.948,1698.364,2593.312
2019-01-04,48,872.148,1720.664,2592.812
2019-01-05,1,921.592,1823.366,2744.958
2019-01-05,2,874.668,1983.58,2858.248
2019-01-05,3,839.824,2059.118,2898.942
2019-01-05,4,787.142,2018.752,2805.894
2019-01-05,5,755.004,1987.962,2742.966
2019-01-05,6,765.688,1901.474,2667.162
2019-01-05,7,737.508,1812.63,2550.138
2019-01-05,8,699.55,1711.59,2411.14
2019-01-05,9,675.49,1723.364,2398.854
2019-01-05,10,649.056,1720.404,2369.46
2019-01-05,11,689.832,1692.87,2382.702
2019-01-05,12,693.604,1676.534,2370.138
2019-01-05,13,693.908,1617.944,2311.852
2019-01-05,14,690.61,1487.88,2178.49
2019-01-05,15,716.01,1407.796,2123.806
2019-01-05,16,670.546,1426.506,2097.052
2019-01-05,17,660.41,1553.462,2213.872
2019-01-05,18,749.014,1600.914,2349.928
2019-01-05,19,834.18,1625.752,2459.932
2019-01-05,20,880.814,1621.61,2502.424
2019-01-05,21,914.102,1718.162,2632.264
2019-01-05,22,940.674,1749.628,2690.302
2019-01-05,23,937.426,1956.6,2894.026
2019-01-05,24,945.694,2039.83,2985.524
2019-01-05,25,955.382,2167.276,3122.658
2019-01-05,26,985.794,2224.954,3210.748
2019-01-05,27,1096.584,2222.976,3319.56
2019-01-05,28,1205.764,2249.888,3455.652
2019-01-05,29,1173.67,2217.408,3391.078
2019-01-05,30,1083.712,2132.324,3216.036
2019-01-05,31,985.518,2120.268,3105.786
2019-01-05,32,875.512,2290.014,3165.526
2019-01-05,33,856.932,2318.544,3175.476
2019-01-05,34,871.906,2283.798,3155.704
2019-01-05,35,897.538,2147.542,3045.08
2019-01-05,36,814.414,1834.33,2648.744
2019-01-05,37,914.622,1662.864,2577.486
2019-01-05,38,1026.294,1688.942,2715.236
2019-01-05,39,997.236,1683.29,2680.526
2019-01-05,40,1043.702,1604.734,2648.436
2019-01-05,41,1090.762,1364.292,2455.054
2019-01-05,42,1103.886,1344.938,2448.824
2019-01-05,43,1132.028,1477.802,2609.83
2019-01-05,44,1138.832,1454.234,2593.066
2019-01-05,45,1107.08,1299.482,2406.562
2019-01-05,46,1056.194,1312.322,2368.516
2019-01-05,47,1054.902,1365.414,2420.316
2019-01-05,48,1158.678,1264.9,2423.578
2019-01-06,1,1151.616,1124.8,2276.416
2019-01-06,2,1129.534,1066.29,2195.824
2019-01-06,3,1083.16,871.574,1954.734
2019-01-06,4,1072.05,801.122,1873.172
2019-01-06,5,1017.73,805.232,1822.962
2019-01-06,6,1009.942,819.348,1829.29
2019-01-06,7,1050.252,773.11,1823.362
2019-01-06,8,1126.956,734.3,1861.256
2019-01-06,9,1183.466,763.622,1947.088
2019-01-06,10,1136.988,803.378,1940.366
2019-01-06,11,1028.168,832.378,1860.546
2019-01-06,12,979.46,965.592,1945.052
2019-01-06,13,886.672,1028.354,1915.026
2019-01-06,14,793.958,875.254,1669.212
2019-01-06,15,652.156,817.718,1469.874
2019-01-06,16,560.732,755.382,1316.114
2019-01-06,17,480.394,592.914,1073.308
2019-01-06,18,426.132,541.152,967.284
2019-01-06,19,362.536,597.714,960.25
2019-01-06,20,318.856,745.17,1064.026
2019-01-06,21,316.158,797.86,1114.018
2019-01-06,22,327.364,767.716,1095.08
2019-01-06,23,323.664,775.388,1099.052
2019-01-06,24,321.254,722.198,1043.452
2019-01-06,25,304.606,647.776,952.382
2019-01-06,26,277.08,624.126,901.206
2019-01-06,27,243.584,619.19,862.774
2019-01-06,28,204.912,595.516,800.428
2019-01-06,29,218.426,604.784,823.21
2019-01-06,30,230.956,595.692,826.648
2019-01-06,31,279.888,536.116,816.004
2019-01-06,32,332.164,518.568,850.732
2019-01-06,33,374.67,505.602,880.272
2019-01-06,34,419.19,592.698,1011.888
2019-01-06,35,473.472,602.006,1075.478
2019-01-06,36,536.316,707.706,1244.022
2019-01-06,37,595.548,847.686,1443.234
2019-01-06,38,617.874,820.534,1438.408
2019-01-06,39,676.778,836.706,1513.484
2019-01-06,40,779.866,752.17,1532.036
2019-01-06,41,914.15,807.928,1722.078
2019-01-06,42,1117.508,960.156,2077.664
2019-01-06,43,1278.13,1217.166,2495.296
2019-01-06,44,1527.378,1440.224,2967.602
2019-01-06,45,1727.158,1579.984,3307.142
2019-01-06,46,1921.04,1805.736,3726.776
2019-01-06,47,1998.386,1963.352,3961.738
2019-01-06,48,2166.09,2087.406,4253.496
2019-01-07,1,2501.826,2190.674,4692.5
2019-01-07,2,2787.772,2312.746,5100.518
2019-01-07,3,3017.44,2402.954,5420.394
2019-01-07,4,3336.182,2456.052,5792.234
2019-01-07,5,3368.326,2627.314,5995.64
2019-01-07,6,3402.244,2734.34,6136.584
2019-01-07,7,3655.018,2829.052,6484.07
2019-01-07,8,3866.02,2976.326,6842.346
2019-01-07,9,4112.736,3100.93,7213.666
2019-01-07,10,4462.456,3161.484,7623.94
2019-01-07,11,4664.554,3546.626,8211.18
2019-01-07,12,4773.884,3999.76,8773.644
2019-01-07,13,4975.564,4288.748,9264.312
2019-01-07,14,5213.082,4566.624,9779.706
2019-01-07,15,5331.83,4906.178,10238.008
2019-01-07,16,5287.92,5189.904,10477.824
2019-01-07,17,5213.704,5389.51,10603.214
2019-01-07,18,5236.424,5673.246,10909.67
2019-01-07,19,5253.916,5852.658,11106.574
2019-01-07,20,5193.714,5926.218,11119.932
2019-01-07,21,5235.42,6080.582,11316.002
2019-01-07,22,5162.958,6113.728,11276.686
2019-01-07,23,5125.636,6275.78,11401.416
2019-01-07,24,5281.35,6402.61,11683.96
2019-01-07,25,5355.964,6358.648,11714.612
2019-01-07,26,5291.934,6345.996,11637.93
2019-01-07,27,5264.102,6391.558,11655.66
2019-01-07,28,5234.934,6583.208,11818.142
2019-01-07,29,5089.106,6692.646,11781.752
2019-01-07,30,4937.78,6722.09,11659.87
2019-01-07,31,4930.692,6716.088,11646.78
2019-01-07,32,4907.208,6834.366,11741.574
2019-01-07,33,5023.376,6937.318,11960.694
2019-01-07,34,4972.316,6906.98,11879.296
2019-01-07,35,4908.938,6910.032,11818.97
2019-01-07,36,4931.994,6873.626,11805.62
2019-01-07,37,4912.886,6800.578,11713.464
2019-01-07,38,5061.338,6839.728,11901.066
2019-01-07,39,5234.5,6955.732,12190.232
2019-01-07,40,5386.082,6966.084,12352.166
2019-01-07,41,5431.836,6972.962,12404.798
2019-01-07,42,5449.952,6974.142,12424.094
2019-01-07,43,5353.552,6918.226,12271.778
2019-01-07,44,5158.926,6893.48,12052.406
2019-01-07,45,5115.944,6890.798,12006.742
2019-01-07,46,5087.876,6922.464,12010.34
2019-01-07,47,5102.13,6895.132,11997.262
2019-01-07,48,4869.758,6779.024,11648.782
2019-01-08,1,4830.766,6786.944,11617.71
2019-01-08,2,4883.132,6689.054,11572.186
2019-01-08,3,4822.264,6586.93,11409.194
2019-01-08,4,4804.41,6658.102,11462.512
2019-01-08,5,4783.99,6702.584,11486.574
2019-01-08,6,4811.53,6699.284,11510.814
2019-01-08,7,4788.736,6694.098,11482.834
2019-01-08,8,4769.084,6646.144,11415.228
2019-01-08,9,4637.592,6599.418,11237.01
2019-01-08,10,4482.392,6664.826,11147.218
2019-01-08,11,4238.274,6696.586,10934.86
2019-01-08,12,4017.984,6559.522,10577.506
2019-01-08,13,4041.342,6620.04,10661.382
2019-01-08,14,4119.69,6572.776,10692.466
2019-01-08,15,3905.792,6474.604,10380.396
2019-01-08,16,3616.428,6411.094,10027.522
2019-01-08,17,3454.008,6307.406,9761.414
2019-01-08,18,3396.054,6154.274,9550.328
2019-01-08,19,3356.664,6256.956,9613.62
2019-01-08,20,3301.332,6269.56,9570.892
2019-01-08,21,3273.998,6187.144,9461.142
2019-01-08,22,3334.992,6051.37,9386.362
2019-01-08,23,3279.746,5991.546,9271.292
2019-01-08,24,3089.892,5942.628,9032.52
2019-01-08,25,3080.42,6102.9,9183.32
2019-01-08,26,3041.386,6060.182,9101.568
2019-01-08,27,3186.642,5960.592,9147.234
2019-01-08,28,3369.176,5957.264,9326.44
2019-01-08,29,3297.13,5969.1,9266.23
2019-01-08,30,3133.936,5852.108,8986.044
2019-01-08,31,3084.874,5737.078,8821.952
2019-01-08,32,2959.616,5519.644,8479.26
2019-01-08,33,3030.834,5446.702,8477.536
2019-01-08,34,3157.312,5416.046,8573.358
2019-01-08,35,2996.496,5485.226,8481.722
2019-01-08,36,2797.694,5601.616,8399.31
2019-01-08,37,2635.794,5650.016,8285.81
2019-01-08,38,2661.212,5505.676,8166.888
2019-01-08,39,2566.002,5381.208,7947.21
2019-01-08,40,2390.586,5298.144,7688.73
2019-01-08,41,2259.408,5266.302,7525.71
2019-01-08,42,2180.48,5183.158,7363.638
2019-01-08,43,1881.462,5089.434,6970.896
2019-01-08,44,1715.314,4949.572,6664.886
2019-01-08,45,1641.416,4947.394,6588.81
2019-01-08,46,1540.85,4854.286,6395.136
2019-01-08,47,1429.456,4740.492,6169.948
2019-01-08,48,1478.172,4756.55,6234.722
2019-01-09,1,1462.36,4715.01,6177.37
2019-01-09,2,1367.664,4601.604,5969.268
2019-01-09,3,1282.856,4566.026,5848.882
2019-01-09,4,1227.226,4539.832,5767.058
2019-01-09,5,1159.348,4563.752,5723.1
2019-01-09,6,1168.432,4484.228,5652.66
2019-01-09,7,1023.656,4495.374,5519.03
2019-01-09,8,893.032,4412.326,5305.358
2019-01-09,9,753.538,4268.394,5021.932
2019-01-09,10,681.772,4118.912,4800.684
2019-01-09,11,651.352,4031.044,4682.396
2019-01-09,12,623.674,4003.476,4627.15
2019-01-09,13,563.95,3953.8,4517.75
2019-01-09,14,552.284,3957.564,4509.848
2019-01-09,15,505.9,4018.144,4524.044
2019-01-09,16,452.558,4035.716,4488.274
2019-01-09,17,413.122,4017.332,4430.454
2019-01-09,18,392.288,3923.546,4315.834
2019-01-09,19,385.39,3899.594,4284.984
2019-01-09,20,344.888,3833.27,4178.158
2019-01-09,21,312.188,3683.628,3995.816
2019-01-09,22,287.242,3659.644,3946.886
2019-01-09,23,266.28,3573.526,3839.806
2019-01-09,24,262.888,3526.872,3789.76
2019-01-09,25,261.718,3438.538,3700.256
2019-01-09,26,233,3456.952,3689.952
2019-01-09,27,238.722,3540.412,3779.134
2019-01-09,28,283.818,3350.112,3633.93
2019-01-09,29,330.53,3457.652,3788.182
2019-01-09,30,356.982,3369.19,3726.172
2019-01-09,31,403.47,3432.804,3836.274
2019-01-09,32,475.302,3249.512,3724.814
2019-01-09,33,525.916,3020.848,3546.764
2019-01-09,34,540.186,2986.55,3526.736
2019-01-09,35,544.356,2951.634,3495.99
2019-01-09,36,592.516,2986.202,3578.718
2019-01-09,37,659.088,2959.076,3618.164
2019-01-09,38,720.262,2896.22,3616.482
2019-01-09,39,722.628,2931.336,3653.964
2019-01-09,40,774.164,2964.432,3738.596
2019-01-09,41,822.32,2928.012,3750.332
2019-01-09,42,924.252,2797.224,3721.476
2019-01-09,43,925.45,2594.264,3519.714
2019-01-09,44,971.59,2330.606,3302.196
2019-01-09,45,1017.938,2221.204,3239.142
2019-01-09,46,1002.686,2129.83,3132.516
2019-01-09,47,1058.312,2023.866,3082.178
2019-01-09,48,1064.352,1861.702,2926.054
2019-01-10,1,1127.292,1751.528,2878.82
2019-01-10,2,1205.84,1568.386,2774.226
2019-01-10,3,1150.474,1541.258,2691.732
2019-01-10,4,1036.806,1483.02,2519.826
2019-01-10,5,1022.672,1551.222,2573.894
2019-01-10,6,1129.232,1470.618,2599.85
2019-01-10,7,1240.122,1346.206,2586.328
2019-01-10,8,1262.86,1250.102,2512.962
2019-01-10,9,1292.41,1220.246,2512.656
2019-01-10,10,1339.108,1145.402,2484.51
2019-01-10,11,1321.124,1143.562,2464.686
2019-01-10,12,1267.616,1102.368,2369.984
2019-01-10,13,1125.914,1047.5,2173.414
2019-01-10,14,1130.574,1092.366,2222.94
2019-01-10,15,1250.964,1043.894,2294.858
2019-01-10,16,1362.744,1138.66,2501.404
2019-01-10,17,1461.594,1195.862,2657.456
2019-01-10,18,1532.842,1157.772,2690.614
2019-01-10,19,1602.302,1069.692,2671.994
2019-01-10,20,1687.658,987.51,2675.168
2019-01-10,21,1661.872,855.08,2516.952
2019-01-10,22,1578.318,726.874,2305.192
2019-01-10,23,1525.516,678.316,2203.832
2019-01-10,24,1556.492,745.14,2301.632
2019-01-10,25,1680.69,760.546,2441.236
2019-01-10,26,1751.746,758.1,2509.846
2019-01-10,27,1926.53,861.69,2788.22
2019-01-10,28,1983.9,992.522,2976.422
2019-01-10,29,1869.638,1007.518,2877.156
2019-01-10,30,1859.67,1188.234,3047.904
2019-01-10,31,2038.62,1455.184,3493.804
2019-01-10,32,2107.616,1650.146,3757.762
2019-01-10,33,2204.132,1848.24,4052.372
2019-01-10,34,2175.938,1739.456,3915.394
2019-01-10,35,2075.158,1751.448,3826.606
2019-01-10,36,2012.11,1881.198,3893.308
2019-01-10,37,2048.462,2088.764,4137.226
2019-01-10,38,2177.598,2258.498,4436.096
2019-01-10,39,2135.984,2154.55,4290.534
2019-01-10,40,2221.04,2270.016,4491.056
2019-01-10,41,2150.726,2437.664,4588.39
2019-01-10,42,2230.888,2648.022,4878.91
2019-01-10,43,2253.416,2704.544,4957.96
2019-01-10,44,2234.968,2759.236,4994.204
2019-01-10,45,2188.79,2763.418,4952.208
2019-01-10,46,2188.14,2740.774,4928.914
2019-01-10,47,2279.082,2895.21,5174.292
2019-01-10,48,2260.712,2731.902,4992.614
2019-01-11,1,2257.548,2718.56,4976.108
2019-01-11,2,2305.952,2649.09,4955.042
2019-01-11,3,2359.612,2727.028,5086.64
2019-01-11,4,2416.932,2621.68,5038.612
2019-01-11,5,2522.476,2412.392,4934.868
2019-01-11,6,2519.126,2595.812,5114.938
2019-01-11,7,2500.818,2537.326,5038.144
2019-01-11,8,2455.098,2304.612,4759.71
2019-01-11,9,2467.58,2332.344,4799.924
2019-01-11,10,2496.136,2502.482,4998.618
2019-01-11,11,2400.49,2447.156,4847.646
2019-01-11,12,2324.112,2375.914,4700.026
2019-01-11,13,2365.562,2339.14,4704.702
2019-01-11,14,2236.198,2448.408,4684.606
2019-01-11,15,2195.354,2434.598,4629.952
2019-01-11,16,2115.326,2553.202,4668.528
2019-01-11,17,1878.494,2643.496,4521.99
2019-01-11,18,1752.812,2468.634,4221.446
2019-01-11,19,1712.218,2416.348,4128.566
2019-01-11,20,1678.224,2409.906,4088.13
2019-01-11,21,1619.812,2365.554,3985.366
2019-01-11,22,1605.646,2182.366,3788.012
2019-01-11,23,1644.686,2048.734,3693.42
2019-01-11,24,1583.352,1899.462,3482.814
2019-01-11,25,1486.882,1749.268,3236.15
2019-01-11,26,1555.848,1698.006,3253.854
2019-01-11,27,1642.606,1673.954,3316.56
2019-01-11,28,1852.572,1634.424,3486.996
2019-01-11,29,1942.488,1514.008,3456.496
2019-01-11,30,1983.074,1434.234,3417.308
2019-01-11,31,2059.008,1636.898,3695.906
2019-01-11,32,2159.122,1748.774,3907.896
2019-01-11,33,2317.348,1823.522,4140.87
2019-01-11,34,2341.448,1949.432,4290.88
2019-01-11,35,2347.278,2256.16,4603.438
2019-01-11,36,2443.642,2356.896,4800.538
2019-01-11,37,2514.61,2460.794,4975.404
2019-01-11,38,2770.936,2461.106,5232.042
2019-01-11,39,3113.026,2598.376,5711.402
2019-01-11,40,3048.81,2860.638,5909.448
2019-01-11,41,3232.842,3031.99,6264.832
2019-01-11,42,3445.394,3296.98,6742.374
2019-01-11,43,3910.778,3361.954,7272.732
2019-01-11,44,4178.948,3549.912,7728.86
2019-01-11,45,4486.02,3667.476,8153.496
2019-01-11,46,4597.082,3997.722,8594.804
2019-01-11,47,4382.884,4520.054,8902.938
2019-01-11,48,4386.3,4624.026,9010.326
2019-01-12,1,4367.444,4593.788,8961.232
2019-01-12,2,3969.726,4637.274,8607
2019-01-12,3,3888.952,4905.264,8794.216
2019-01-12,4,3872.028,5171.118,9043.146
2019-01-12,5,3947.562,5380.62,9328.182
2019-01-12,6,4048.508,5563.022,9611.53
2019-01-12,7,4091.662,5656.896,9748.558
2019-01-12,8,4030.472,5954.086,9984.558
2019-01-12,9,3966.154,6347.028,10313.182
2019-01-12,10,3844.272,6450.326,10294.598
2019-01-12,11,3950.37,6433.028,10383.398
2019-01-12,12,4032.518,6359.49,10392.008
2019-01-12,13,4142.992,6561.41,10704.402
2019-01-12,14,4219.268,6656.498,10875.766
2019-01-12,15,4331.714,6765.528,11097.242
2019-01-12,16,4580.898,6712.638,11293.536
2019-01-12,17,4550.254,6691.04,11241.294
2019-01-12,18,4511.994,6759.916,11271.91
2019-01-12,19,4512.452,6735.044,11247.496
2019-01-12,20,4563.702,6666.034,11229.736
2019-01-12,21,4710.182,6666.74,11376.922
2019-01-12,22,4926.428,6710.78,11637.208
2019-01-12,23,4909.888,6753.536,11663.424
2019-01-12,24,4990.752,6698.504,11689.256
2019-01-12,25,5003.55,6621.588,11625.138
2019-01-12,26,5121.686,6711.726,11833.412
2019-01-12,27,5105.072,6644.206,11749.278
2019-01-12,28,4934.02,6559.222,11493.242
2019-01-12,29,4862.628,6681.978,11544.606
2019-01-12,30,4766.652,6715.846,11482.498
2019-01-12,31,4679.556,6612.186,11291.742
2019-01-12,32,4860.562,6569.42,11429.982
2019-01-12,33,4982.118,6529.276,11511.394
2019-01-12,34,5132.624,6599.248,11731.872
2019-01-12,35,5140.23,6701.346,11841.576
2019-01-12,36,5124.244,6739.132,11863.376
2019-01-12,37,5204.242,6765.856,11970.098
2019-01-12,38,5069.41,6803.81,11873.22
2019-01-12,39,4803.268,6877.35,11680.618
2019-01-12,40,4442.074,6876.118,11318.192
2019-01-12,41,4223.88,6839.074,11062.954
2019-01-12,42,4188.112,6786.902,10975.014
2019-01-12,43,4155.634,6830.558,10986.192
2019-01-12,44,3779.164,6853.7,10632.864
2019-01-12,45,3599.392,6815.59,10414.982
2019-01-12,46,3550.898,6793.416,10344.314
2019-01-12,47,3435.086,6814.282,10249.368
2019-01-12,48,3368.808,6798.648,10167.456
2019-01-13,1,3272.47,6731.138,10003.608
2019-01-13,2,3196.824,6722.3,9919.124
2019-01-13,3,3076.786,6721.444,9798.23
2019-01-13,4,2977.898,6801.936,9779.834
2019-01-13,5,2909.586,6750.692,9660.278
2019-01-13,6,2865.784,6739.338,9605.122
2019-01-13,7,2908.086,6817.932,9726.018
2019-01-13,8,2964.2,6786.274,9750.474
2019-01-13,9,2967.752,6695.174,9662.926
2019-01-13,10,2949.364,6757.266,9706.63
2019-01-13,11,2818.892,6781.36,9600.252
2019-01-13,12,2819.402,6816.496,9635.898
2019-01-13,13,2841.29,6902.082,9743.372
2019-01-13,14,2836.808,6944.508,9781.316
2019-01-13,15,2893.25,6937.204,9830.454
2019-01-13,16,3147.186,6919.724,10066.91
2019-01-13,17,3381.26,6913.304,10294.564
2019-01-13,18,3436.558,6916.25,10352.808
2019-01-13,19,3657.726,6902.358,10560.084
2019-01-13,20,3839.048,6911.33,10750.378
2019-01-13,21,4034.522,6922.738,10957.26
2019-01-13,22,4109.728,6945.194,11054.922
2019-01-13,23,4168.918,6944.604,11113.522
2019-01-13,24,4296.534,6929.938,11226.472
2019-01-13,25,4379.046,6877.164,11256.21
2019-01-13,26,4531.954,6760.492,11292.446
2019-01-13,27,4497.402,6857.678,11355.08
2019-01-13,28,4437.888,6939.92,11377.808
2019-01-13,29,4402.888,6925.16,11328.048
2019-01-13,30,4458.448,6973.492,11431.94
2019-01-13,31,4452.17,6935.984,11388.154
2019-01-13,32,4547.902,6915.756,11463.658
2019-01-13,33,4641.294,7015.39,11656.684
2019-01-13,34,4797.412,6985.374,11782.786
2019-01-13,35,4947.93,6904.232,11852.162
2019-01-13,36,5024.52,6889.594,11914.114
2019-01-13,37,4876.402,6962.602,11839.004
2019-01-13,38,4888.158,6951.164,11839.322
2019-01-13,39,4764.972,6953.31,11718.282
2019-01-13,40,4705.572,6891.878,11597.45
2019-01-13,41,4534.24,6974.616,11508.856
2019-01-13,42,4301.812,7000.172,11301.984
2019-01-13,43,3991.682,6961.932,10953.614
2019-01-13,44,3656.91,6933.19,10590.1
2019-01-13,45,3308.476,6863.128,10171.604
2019-01-13,46,3004.222,6726.032,9730.254
2019-01-13,47,2773.534,6721.762,9495.296
2019-01-13,48,2478.608,6774.024,9252.632
2019-01-14,1,2369.066,6659.462,9028.528
2019-01-14,2,2553.332,6688.87,9242.202
2019-01-14,3,2500.43,6721.572,9222.002
2019-01-14,4,2464.268,6671.414,9135.682
2019-01-14,5,2424.316,6523.972,8948.288
2019-01-14,6,2464.134,6465.264,8929.398
2019-01-14,7,2435.664,6388.292,8823.956
2019-01-14,8,2258.008,6337.388,8595.396
2019-01-14,9,1853.522,6275.148,8128.67
2019-01-14,10,1560.976,6308.204,7869.18
2019-01-14,11,1462.928,6168.684,7631.612
2019-01-14,12,1390.266,6086.694,7476.96
2019-01-14,13,1319.604,5676.308,6995.912
2019-01-14,14,1113.834,5271.376,6385.21
2019-01-14,15,1072.558,5051.244,6123.802
2019-01-14,16,1104.256,4630.358,5734.614
2019-01-14,17,1089.2,4356.65,5445.85
2019-01-14,18,1062.886,4337.962,5400.848
2019-01-14,19,1069.732,4235.172,5304.904
2019-01-14,20,1031.94,3887.172,4919.112
2019-01-14,21,1040.302,3542.414,4582.716
2019-01-14,22,1157.402,3347.806,4505.208
2019-01-14,23,1261.368,2860.74,4122.108
2019-01-14,24,1441.084,2778.522,4219.606
2019-01-14,25,1615.918,2606.956,4222.874
2019-01-14,26,1889.54,2476.09,4365.63
2019-01-14,27,2063.816,2330.422,4394.238
2019-01-14,28,2433.162,2163.388,4596.55
2019-01-14,29,2465.842,1987.488,4453.33
2019-01-14,30,2341.49,1826.76,4168.25
2019-01-14,31,2212.574,1641.7,3854.274
2019-01-14,32,2339.538,1569.642,3909.18
2019-01-14,33,2494.946,1566.9,4061.846
2019-01-14,34,2614.018,1467.528,4081.546
2019-01-14,35,2680.772,1532.18,4212.952
2019-01-14,36,2754.792,1602.99,4357.782
2019-01-14,37,2978.066,1711.834,4689.9
2019-01-14,38,3243.076,1909.592,5152.668
2019-01-14,39,3201.072,2203.478,5404.55
2019-01-14,40,3373.012,2657.548,6030.56
2019-01-14,41,3577.866,2925.636,6503.502
2019-01-14,42,3897.524,3048.654,6946.178
2019-01-14,43,4178.274,3414.958,7593.232
2019-01-14,44,4330.442,3909.272,8239.714
2019-01-14,45,4464.51,4364.42,8828.93
2019-01-14,46,4543.432,4664.676,9208.108
2019-01-14,47,4637.016,5005.844,9642.86
2019-01-14,48,4763.734,5193.762,9957.496
2019-01-15,1,4682.302,5393.78,10076.082
2019-01-15,2,4482.184,5460.246,9942.43
2019-01-15,3,4236.378,5511.164,9747.542
2019-01-15,4,4060.95,5528.47,9589.42
2019-01-15,5,4063.974,5559.55,9623.524
2019-01-15,6,4142.196,5451.632,9593.828
2019-01-15,7,3994.628,5446.538,9441.166
2019-01-15,8,3788.626,5451.508,9240.134
2019-01-15,9,3667.522,5468.306,9135.828
2019-01-15,10,3652.022,5562.982,9215.004
2019-01-15,11,3669.082,5614.1,9283.182
2019-01-15,12,3884.33,5692.056,9576.386
2019-01-15,13,4215.35,5807.88,10023.23
2019-01-15,14,4283.706,5902.888,10186.594
2019-01-15,15,4206.552,6018.406,10224.958
2019-01-15,16,4172.328,6082.836,10255.164
2019-01-15,17,4082.686,6154.352,10237.038
2019-01-15,18,3913.592,6164.854,10078.446
2019-01-15,19,3753.072,6151.826,9904.898
2019-01-15,20,3551.722,6162.278,9714
2019-01-15,21,3363.028,5782.424,9145.452
2019-01-15,22,3359.228,5934.632,9293.86
2019-01-15,23,3424.502,5997.582,9422.084
2019-01-15,24,3510.338,5909.216,9419.554
2019-01-15,25,3715.218,5814.096,9529.314
2019-01-15,26,3870.864,5647.31,9518.174
2019-01-15,27,3963.854,5601.538,9565.392
2019-01-15,28,4044.03,5591.548,9635.578
2019-01-15,29,4119.716,5596.6,9716.316
2019-01-15,30,4115.052,5804.484,9919.536
2019-01-15,31,4150.048,5769.908,9919.956
2019-01-15,32,4193.604,5413.71,9607.314
2019-01-15,33,4404.346,5591.636,9995.982
2019-01-15,34,4554.872,5555.016,10109.888
2019-01-15,35,4572.472,5703.816,10276.288
2019-01-15,36,4657.56,5852.014,10509.574
2019-01-15,37,4733.638,5931.662,10665.3
2019-01-15,38,4460.42,5976.104,10436.524
2019-01-15,39,4280.96,5975.544,10256.504
2019-01-15,40,4459.982,5768.142,10228.124
2019-01-15,41,4456.814,5758.232,10215.046
2019-01-15,42,4397.348,5844.016,10241.364
2019-01-15,43,4132.798,6149.078,10281.876
2019-01-15,44,3386.03,6387.322,9773.352
2019-01-15,45,3161.936,6365.854,9527.79
2019-01-15,46,3336.9,6336.074,9672.974
2019-01-15,47,4012.912,6388.57,10401.482
2019-01-15,48,3661.368,6432.468,10093.836
2019-01-16,1,3607.498,6319.282,9926.78
2019-01-16,2,3578.23,6400.296,9978.526
2019-01-16,3,3520.562,6455.36,9975.922
2019-01-16,4,3571.304,6502.72,10074.024
2019-01-16,5,3520.19,6470.964,9991.154
2019-01-16,6,3470.316,6472.194,9942.51
2019-01-16,7,3534.336,6475.524,10009.86
2019-01-16,8,3530.896,6545.21,10076.106
2019-01-16,9,3306.46,6632.078,9938.538
2019-01-16,10,3421.544,6659.512,10081.056
2019-01-16,11,3278.344,6727.91,10006.254
2019-01-16,12,3149.164,6755.94,9905.104
2019-01-16,13,2990.386,6704.904,9695.29
2019-01-16,14,3038.97,6489.538,9528.508
2019-01-16,15,3104.916,6229.966,9334.882
2019-01-16,16,3255.172,6052.776,9307.948
2019-01-16,17,3083.036,6183.078,9266.114
2019-01-16,18,3018.452,6090.404,9108.856
2019-01-16,19,2916.046,5984.392,8900.438
2019-01-16,20,2959.398,5772.278,8731.676
2019-01-16,21,2907.876,5900.436,8808.312
2019-01-16,22,2816.762,5749.382,8566.144
2019-01-16,23,2904.582,5944.4,8848.982
2019-01-16,24,3117.628,6231.522,9349.15
2019-01-16,25,3212.604,6228.33,9440.934
2019-01-16,26,2985.626,6217.336,9202.962
2019-01-16,27,3019.09,6003.206,9022.296
2019-01-16,28,3020.964,5683.99,8704.954
2019-01-16,29,2971.38,5443.774,8415.154
2019-01-16,30,2820.83,5343.646,8164.476
2019-01-16,31,2634.904,5586.48,8221.384
2019-01-16,32,2639.326,5773.35,8412.676
2019-01-16,33,2800.518,5670.25,8470.768
2019-01-16,34,2682.74,5186.096,7868.836
2019-01-16,35,2883.846,4887.764,7771.61
2019-01-16,36,3031.506,4778.876,7810.382
2019-01-16,37,3156.42,4351.952,7508.372
2019-01-16,38,3238.452,3658.096,6896.548
2019-01-16,39,3503.842,3346.672,6850.514
2019-01-16,40,3587.82,3234.992,6822.812
2019-01-16,41,3732.92,3382.93,7115.85
2019-01-16,42,3675.972,3684.02,7359.992
2019-01-16,43,3644.612,3942.232,7586.844
2019-01-16,44,3713.396,4197.328,7910.724
2019-01-16,45,3673.542,4296.8,7970.342
2019-01-16,46,3746.152,4586.636,8332.788
2019-01-16,47,3976.916,4757.05,8733.966
2019-01-16,48,4078.368,4649.998,8728.366
2019-01-17,1,4077.866,5066.914,9144.78
2019-01-17,2,4084.572,5094.294,9178.866
2019-01-17,3,3763.754,5150.294,8914.048
2019-01-17,4,3608.916,5163.968,8772.884
2019-01-17,5,3724.954,5135.37,8860.324
2019-01-17,6,3878.68,5048.98,8927.66
2019-01-17,7,4044.344,5431.54,9475.884
2019-01-17,8,4194.064,5483.552,9677.616
2019-01-17,9,4165.87,5460.872,9626.742
2019-01-17,10,4193.814,5558.206,9752.02
2019-01-17,11,4231.704,5626.202,9857.906
2019-01-17,12,4153.224,5686.366,9839.59
2019-01-17,13,4347.234,6074.2,10421.434
2019-01-17,14,4335.574,6202.238,10537.812
2019-01-17,15,4096.21,6184.184,10280.394
2019-01-17,16,3885.608,6356.4,10242.008
2019-01-17,17,3592.754,6327.518,9920.272
2019-01-17,18,3185.634,6386.024,9571.658
2019-01-17,19,2893.798,6393.608,9287.406
2019-01-17,20,2571.976,6405.986,8977.962
2019-01-17,21,2336.528,6328.44,8664.968
2019-01-17,22,2162.974,6154.794,8317.768
2019-01-17,23,1873.232,5936.946,7810.178
2019-01-17,24,1765.858,5624.038,7389.896
2019-01-17,25,1719.578,5335.026,7054.604
2019-01-17,26,1629.42,5088.902,6718.322
2019-01-17,27,1487.05,4886.262,6373.312
2019-01-17,28,1287.364,4877.444,6164.808
2019-01-17,29,1186.224,4821.326,6007.55
2019-01-17,30,1067.606,4597.358,5664.964
2019-01-17,31,986.76,4460.3,5447.06
2019-01-17,32,913.118,4283.824,5196.942
2019-01-17,33,725.282,4048.722,4774.004
2019-01-17,34,610.406,3851.17,4461.576
2019-01-17,35,573.532,3736.25,4309.782
2019-01-17,36,585.228,3706.24,4291.468
2019-01-17,37,502.488,3656.832,4159.32
2019-01-17,38,512.158,3613.666,4125.824
2019-01-17,39,465.644,3554.372,4020.016
2019-01-17,40,501.124,3478.112,3979.236
2019-01-17,41,487.834,3263.66,3751.494
2019-01-17,42,500.248,2827.568,3327.816
2019-01-17,43,446.114,2565.972,3012.086
2019-01-17,44,379.688,2303.092,2682.78
2019-01-17,45,437.924,2010.272,2448.196
2019-01-17,46,472.554,1877.15,2349.704
2019-01-17,47,567.094,1780.924,2348.018
2019-01-17,48,713.528,1609.452,2322.98
2019-01-18,1,843.024,1429.712,2272.736
2019-01-18,2,976.298,1355.754,2332.052
2019-01-18,3,1051.512,1290.178,2341.69
2019-01-18,4,1149.034,1329.226,2478.26
2019-01-18,5,1299.472,1413.742,2713.214
2019-01-18,6,1457.256,1570.344,3027.6
2019-01-18,7,1634.076,1684.552,3318.628
2019-01-18,8,1745.202,1827.49,3572.692
2019-01-18,9,1883.672,1889.432,3773.104
2019-01-18,10,1972.936,1871.46,3844.396
2019-01-18,11,2048.2,2030.758,4078.958
2019-01-18,12,2176.302,2086.472,4262.774
2019-01-18,13,2315.132,2204.034,4519.166
2019-01-18,14,2408.554,2296.588,4705.142
2019-01-18,15,2461.62,2346.076,4807.696
2019-01-18,16,2570.886,2425.544,4996.43
2019-01-18,17,2640.868,2546.734,5187.602
2019-01-18,18,2639.642,2665.092,5304.734
2019-01-18,19,2775.162,2722.96,5498.122
2019-01-18,20,2803.748,2806.978,5610.726
2019-01-18,21,2741.508,2979.534,5721.042
2019-01-18,22,2880.048,3201.21,6081.258
2019-01-18,23,2887.616,3454.664,6342.28
2019-01-18,24,2893.416,3621.818,6515.234
2019-01-18,25,2936.736,3669.366,6606.102
2019-01-18,26,2893.392,3673.796,6567.188
2019-01-18,27,2905.57,3771.84,6677.41
2019-01-18,28,2886.3,3794.434,6680.734
2019-01-18,29,2937.596,3822.966,6760.562
2019-01-18,30,3055.208,4027.34,7082.548
2019-01-18,31,3180.828,4329.366,7510.194
2019-01-18,32,3226.184,4534.932,7761.116
2019-01-18,33,3145.014,4726.118,7871.132
2019-01-18,34,3134.794,4958.444,8093.238
2019-01-18,35,3197.438,5105.838,8303.276
2019-01-18,36,3154.71,5210.132,8364.842
2019-01-18,37,2992.856,5408.666,8401.522
2019-01-18,38,2862.536,5681.392,8543.928
2019-01-18,39,2759.854,5928.388,8688.242
2019-01-18,40,2574.808,5932.034,8506.842
2019-01-18,41,2437.456,5948.544,8386
2019-01-18,42,2319.688,6031.838,8351.526
2019-01-18,43,2301.012,5935.3,8236.312
2019-01-18,44,2165.666,5834.216,7999.882
2019-01-18,45,2115.434,5764.786,7880.22
2019-01-18,46,2017.088,5769.752,7786.84
2019-01-18,47,1921.262,5719.336,7640.598
2019-01-18,48,1857.836,5517.608,7375.444
2019-01-19,1,1762.312,5305.156,7067.468
2019-01-19,2,1677.584,5165.002,6842.586
2019-01-19,3,1562.034,5122.306,6684.34
2019-01-19,4,1526.63,5057.246,6583.876
2019-01-19,5,1417.884,4978.116,6396
2019-01-19,6,1295.166,5076.796,6371.962
2019-01-19,7,1224.472,4972.29,6196.762
2019-01-19,8,1085.39,4840.996,5926.386
2019-01-19,9,920.224,4676.534,5596.758
2019-01-19,10,853.152,4533.504,5386.656
2019-01-19,11,797.042,4475.944,5272.986
2019-01-19,12,723.114,4283.344,5006.458
2019-01-19,13,648.646,4235.666,4884.312
2019-01-19,14,606.028,4217.034,4823.062
2019-01-19,15,596.382,4290.154,4886.536
2019-01-19,16,562.326,4279.984,4842.31
2019-01-19,17,560.66,4187.98,4748.64
2019-01-19,18,511.68,4158.674,4670.354
2019-01-19,19,479.374,4118.05,4597.424
2019-01-19,20,434.64,4132.17,4566.81
2019-01-19,21,448.074,4112.734,4560.808
2019-01-19,22,447.89,4142.15,4590.04
2019-01-19,23,426.426,3945.008,4371.434
2019-01-19,24,420.464,3675.194,4095.658
2019-01-19,25,421.134,3426.084,3847.218
2019-01-19,26,418.996,3204.56,3623.556
2019-01-19,27,361.402,2967.88,3329.282
2019-01-19,28,300.942,2683.896,2984.838
2019-01-19,29,229.256,2541.222,2770.478
2019-01-19,30,205.07,2547.41,2752.48
2019-01-19,31,198.894,2441.326,2640.22
2019-01-19,32,198.082,2293.022,2491.104
2019-01-19,33,189.23,2191.656,2380.886
2019-01-19,34,177.142,2152.364,2329.506
2019-01-19,35,190.12,2121.606,2311.726
2019-01-19,36,200.598,2120.922,2321.52
2019-01-19,37,193.108,2158.664,2351.772
2019-01-19,38,199.034,2156.794,2355.828
2019-01-19,39,209.844,2113.44,2323.284
2019-01-19,40,204.186,2063.522,2267.708
2019-01-19,41,191.956,1955.626,2147.582
2019-01-19,42,200.062,1773.314,1973.376
2019-01-19,43,208.858,1615.95,1824.808
2019-01-19,44,203.702,1462.07,1665.772
2019-01-19,45,202.198,1346.266,1548.464
2019-01-19,46,202.77,1194.022,1396.792
2019-01-19,47,203.128,1074.442,1277.57
2019-01-19,48,198.586,964.39,1162.976
2019-01-20,1,204.566,872.226,1076.792
2019-01-20,2,215.504,763.572,979.076
2019-01-20,3,234.398,609.902,844.3
2019-01-20,4,233.078,477.554,710.632
2019-01-20,5,228.484,391.66,620.144
2019-01-20,6,272.272,358.854,631.126
2019-01-20,7,297.372,338.822,636.194
2019-01-20,8,306.926,346.014,652.94
2019-01-20,9,318.746,351.772,670.518
2019-01-20,10,316,365.832,681.832
2019-01-20,11,320.612,371.562,692.174
2019-01-20,12,341.126,391.454,732.58
2019-01-20,13,376.496,379.092,755.588
2019-01-20,14,472.766,315.596,788.362
2019-01-20,15,552.666,334.658,887.324
2019-01-20,16,620.922,325.316,946.238
2019-01-20,17,681.054,343.592,1024.646
2019-01-20,18,855.93,344.742,1200.672
2019-01-20,19,1058.604,323.114,1381.718
2019-01-20,20,1073.25,295.186,1368.436
2019-01-20,21,1244.976,277.834,1522.81
2019-01-20,22,1374.086,272.64,1646.726
2019-01-20,23,1518.994,273.454,1792.448
2019-01-20,24,1607.796,251.102,1858.898
2019-01-20,25,1715.678,217.788,1933.466
2019-01-20,26,1918.196,221.19,2139.386
2019-01-20,27,2168.736,220.174,2388.91
2019-01-20,28,2167.868,246.478,2414.346
2019-01-20,29,1987.87,264.736,2252.606
2019-01-20,30,2037.026,274.492,2311.518
2019-01-20,31,2165.238,279.13,2444.368
2019-01-20,32,2193.052,303.146,2496.198
2019-01-20,33,2266.908,434.058,2700.966
2019-01-20,34,1945.706,658.152,2603.858
2019-01-20,35,1981.9,974.838,2956.738
2019-01-20,36,1939.686,1116.956,3056.642
2019-01-20,37,1801.428,1326.102,3127.53
2019-01-20,38,1665.844,1734.106,3399.95
2019-01-20,39,1631.916,1609.824,3241.74
2019-01-20,40,1548.178,1543.866,3092.044
2019-01-20,41,1452.686,1465.626,2918.312
2019-01-20,42,1540.726,1393.786,2934.512
2019-01-20,43,1444.87,1290.552,2735.422
2019-01-20,44,1421.956,1253.056,2675.012
2019-01-20,45,1334.61,1172.328,2506.938
2019-01-20,46,1243.912,1187.25,2431.162
2019-01-20,47,1174.876,1160.742,2335.618
2019-01-20,48,1122.446,993.224,2115.67
2019-01-21,1,1111.704,830.888,1942.592
2019-01-21,2,1096.902,664.812,1761.714
2019-01-21,3,1123.85,451.998,1575.848
2019-01-21,4,1190.298,321.516,1511.814
2019-01-21,5,1239.44,321.866,1561.306
2019-01-21,6,1262.234,378.792,1641.026
2019-01-21,7,1188.858,450.606,1639.464
2019-01-21,8,1217.374,444.66,1662.034
2019-01-21,9,1252.104,354.962,1607.066
2019-01-21,10,1333.954,380.814,1714.768
2019-01-21,11,1364.424,410.622,1775.046
2019-01-21,12,1430.356,350.516,1780.872
2019-01-21,13,1509.77,334.442,1844.212
2019-01-21,14,1704.608,282.214,1986.822
2019-01-21,15,1918.968,208.456,2127.424
2019-01-21,16,2164.504,207.542,2372.046
2019-01-21,17,2369.262,234.608,2603.87
2019-01-21,18,2434.166,268.36,2702.526
2019-01-21,19,2560.178,346.348,2906.526
2019-01-21,20,2543.386,460.74,3004.126
2019-01-21,21,2690.224,538.168,3228.392
2019-01-21,22,2936.668,722.918,3659.586
2019-01-21,23,3061.808,1003.336,4065.144
2019-01-21,24,3442.628,1086.058,4528.686
2019-01-21,25,3641.172,1383.284,5024.456
2019-01-21,26,3638,1736.004,5374.004
2019-01-21,27,3748.294,1960.366,5708.66
2019-01-21,28,3980.582,2208.752,6189.334
2019-01-21,29,4042.232,2342.428,6384.66
2019-01-21,30,3944.172,2521.296,6465.468
2019-01-21,31,3910.93,2713.01,6623.94
2019-01-21,32,3815.172,2918.416,6733.588
2019-01-21,33,4268.576,3081.694,7350.27
2019-01-21,34,4591.602,3362.936,7954.538
2019-01-21,35,4701.004,3996.898,8697.902
2019-01-21,36,4853.028,4490.776,9343.804
2019-01-21,37,4859.946,4795.102,9655.048
2019-01-21,38,4931.052,5017.912,9948.964
2019-01-21,39,4894.904,5124.664,10019.568
2019-01-21,40,4586.338,5342.028,9928.366
2019-01-21,41,3752.644,5517.226,9269.87
2019-01-21,42,3293.902,5619.29,8913.192
2019-01-21,43,2853.718,5449.39,8303.108
2019-01-21,44,2266.602,5420.522,7687.124
2019-01-21,45,1956.75,5510.106,7466.856
2019-01-21,46,1773.404,5401.052,7174.456
2019-01-21,47,1529.256,5831.656,7360.912
2019-01-21,48,1523.424,6259.018,7782.442
2019-01-22,1,1581.508,6497.714,8079.222
2019-01-22,2,1780.168,6534.926,8315.094
2019-01-22,3,1920.528,6507.182,8427.71
2019-01-22,4,1907.978,6517.322,8425.3
2019-01-22,5,1885.878,6447.802,8333.68
2019-01-22,6,1891.944,6472.98,8364.924
2019-01-22,7,1768.448,6306.558,8075.006
2019-01-22,8,1843.822,5918.994,7762.816
2019-01-22,9,1938.5,5694.792,7633.292
2019-01-22,10,1694.744,5197.244,6891.988
2019-01-22,11,1758.802,5302.01,7060.812
2019-01-22,12,1802.578,5569.89,7372.468
2019-01-22,13,1820.688,5319.568,7140.256
2019-01-22,14,1836.896,4796.37,6633.266
2019-01-22,15,1722.212,4632.996,6355.208
2019-01-22,16,1611.47,4276.854,5888.324
2019-01-22,17,1590.944,4048.576,5639.52
2019-01-22,18,1588.302,3877.574,5465.876
2019-01-22,19,1385.784,3700.448,5086.232
2019-01-22,20,1259.464,3547.534,4806.998
2019-01-22,21,1230.974,3187.606,4418.58
2019-01-22,22,1240.486,2850.598,4091.084
2019-01-22,23,1185.234,2429.206,3614.44
2019-01-22,24,1057.622,1937.898,2995.52
2019-01-22,25,938.554,1902.782,2841.336
2019-01-22,26,1055.306,1897.242,2952.548
2019-01-22,27,1111.826,2125.966,3237.792
2019-01-22,28,1120.662,2269.908,3390.57
2019-01-22,29,986.926,1736.752,2723.678
2019-01-22,30,926.512,1450.81,2377.322
2019-01-22,31,936.924,1307.628,2244.552
2019-01-22,32,883.932,1495.012,2378.944
2019-01-22,33,761.46,1429.698,2191.158
2019-01-22,34,776.67,1138.786,1915.456
2019-01-22,35,750.808,1049.388,1800.196
2019-01-22,36,669.116,866.778,1535.894
2019-01-22,37,579.478,907.158,1486.636
2019-01-22,38,574.046,659.662,1233.708
2019-01-22,39,619.388,736.874,1356.262
2019-01-22,40,623.602,664.082,1287.684
2019-01-22,41,615.224,1086.084,1701.308
2019-01-22,42,558.086,1367.01,1925.096
2019-01-22,43,537.18,1271.432,1808.612
2019-01-22,44,530.094,1405.356,1935.45
2019-01-22,45,499.2,1583.818,2083.018
2019-01-22,46,538.088,1552.3,2090.388
2019-01-22,47,586.982,1577.176,2164.158
2019-01-22,48,579.494,1229.142,1808.636
2019-01-23,1,572.464,1066.28,1638.744
2019-01-23,2,581.658,1026.886,1608.544
2019-01-23,3,595.326,1037.634,1632.96
2019-01-23,4,652.066,1078.876,1730.942
2019-01-23,5,758.966,1318.012,2076.978
2019-01-23,6,857.652,1546.184,2403.836
2019-01-23,7,838.462,1537.598,2376.06
2019-01-23,8,853.938,1643.946,2497.884
2019-01-23,9,846.956,1664.99,2511.946
2019-01-23,10,746.08,1769.962,2516.042
2019-01-23,11,697.478,1650.252,2347.73
2019-01-23,12,572.622,1814.102,2386.724
2019-01-23,13,448.332,1840.698,2289.03
2019-01-23,14,414.542,1943.568,2358.11
2019-01-23,15,428.048,1610.21,2038.258
2019-01-23,16,402.548,1567.174,1969.722
2019-01-23,17,423.168,1536.09,1959.258
2019-01-23,18,461.004,1514.026,1975.03
2019-01-23,19,458.792,1445.486,1904.278
2019-01-23,20,418.152,1294.692,1712.844
2019-01-23,21,403.036,1185.958,1588.994
2019-01-23,22,412.57,1127.382,1539.952
2019-01-23,23,463.262,1026.602,1489.864
2019-01-23,24,481.678,890.788,1372.466
2019-01-23,25,502.598,885.7,1388.298
2019-01-23,26,522.62,821.02,1343.64
2019-01-23,27,519.032,832.176,1351.208
2019-01-23,28,507.2,817.152,1324.352
2019-01-23,29,479.212,825.316,1304.528
2019-01-23,30,448.87,858.364,1307.234
2019-01-23,31,440.892,820.686,1261.578
2019-01-23,32,478.68,784.88,1263.56
2019-01-23,33,491.118,782.308,1273.426
2019-01-23,34,476.62,894.296,1370.916
2019-01-23,35,463.572,911.97,1375.542
2019-01-23,36,478.682,859.37,1338.052
2019-01-23,37,512.606,794.894,1307.5
2019-01-23,38,570.668,835.398,1406.066
2019-01-23,39,590.446,824.428,1414.874
2019-01-23,40,554.108,817.614,1371.722
2019-01-23,41,518.476,793.446,1311.922
2019-01-23,42,508.536,734.018,1242.554
2019-01-23,43,497.048,707.994,1205.042
2019-01-23,44,489.514,689.06,1178.574
2019-01-23,45,537.348,616.412,1153.76
2019-01-23,46,575.216,527.334,1102.55
2019-01-23,47,493.97,439.432,933.402
2019-01-23,48,431.722,417.8,849.522
2019-01-24,1,427.75,253.118,680.868
2019-01-24,2,419.274,260.92,680.194
2019-01-24,3,428.922,289.692,718.614
2019-01-24,4,437.512,357.184,794.696
2019-01-24,5,479.764,371.054,850.818
2019-01-24,6,494.718,339.412,834.13
2019-01-24,7,527.688,246.454,774.142
2019-01-24,8,548.046,283.624,831.67
2019-01-24,9,515.714,272.304,788.018
2019-01-24,10,489.442,242.066,731.508
2019-01-24,11,442.226,271.34,713.566
2019-01-24,12,397.724,296.894,694.618
2019-01-24,13,353.45,259.032,612.482
2019-01-24,14,331.644,286.06,617.704
2019-01-24,15,288.666,233.942,522.608
2019-01-24,16,241.928,224.842,466.77
2019-01-24,17,200.832,197.906,398.738
2019-01-24,18,142.88,175.292,318.172
2019-01-24,19,124.43,187.104,311.534
2019-01-24,20,94.076,155.494,249.57
2019-01-24,21,89.132,145.362,234.494
2019-01-24,22,82.838,125.8,208.638
2019-01-24,23,84.068,135.41,219.478
2019-01-24,24,77.402,172.41,249.812
2019-01-24,25,76.62,219.754,296.374
2019-01-24,26,79.934,185.246,265.18
2019-01-24,27,84.16,181.958,266.118
2019-01-24,28,84.312,150.28,234.592
2019-01-24,29,88.398,125.986,214.384
2019-01-24,30,93.054,99.76,192.814
2019-01-24,31,104.834,106.174,211.008
2019-01-24,32,124.756,63.842,188.598
2019-01-24,33,152.542,53.728,206.27
2019-01-24,34,189.486,59.19,248.676
2019-01-24,35,240.232,58.816,299.048
2019-01-24,36,325.822,63.834,389.656
2019-01-24,37,405.808,48.218,454.026
2019-01-24,38,517.25,79.146,596.396
2019-01-24,39,630.792,126.63,757.422
2019-01-24,40,750.234,158.638,908.872
2019-01-24,41,822.848,214.412,1037.26
2019-01-24,42,906.852,254.48,1161.332
2019-01-24,43,1064.168,254.712,1318.88
2019-01-24,44,1201.266,292.986,1494.252
2019-01-24,45,1340.75,460.92,1801.67
2019-01-24,46,1523.27,570.258,2093.528
2019-01-24,47,1699.928,738.194,2438.122
2019-01-24,48,1866.06,1171.386,3037.446
2019-01-25,1,2084.666,1606.908,3691.574
2019-01-25,2,2414.524,2081.854,4496.378
2019-01-25,3,2605.47,2426.314,5031.784
2019-01-25,4,2871.414,2566.912,5438.326
2019-01-25,5,3079.71,2656.228,5735.938
2019-01-25,6,3318.108,2771.944,6090.052
2019-01-25,7,3509.68,2933.312,6442.992
2019-01-25,8,3611.958,3119.346,6731.304
2019-01-25,9,3737.51,3264.232,7001.742
2019-01-25,10,3800.338,3370.418,7170.756
2019-01-25,11,3761.998,3449.706,7211.704
2019-01-25,12,3598.68,3561.312,7159.992
2019-01-25,13,3912.608,3753.394,7666.002
2019-01-25,14,4177.67,3951.74,8129.41
2019-01-25,15,4377.842,4166.754,8544.596
2019-01-25,16,4580.406,4305.72,8886.126
2019-01-25,17,4569.888,4509.252,9079.14
2019-01-25,18,4544.556,4684.172,9228.728
2019-01-25,19,4580.27,5021.52,9601.79
2019-01-25,20,4583.698,5200.57,9784.268
2019-01-25,21,4636.788,5320.076,9956.864
2019-01-25,22,4787.612,5303.17,10090.782
2019-01-25,23,4946.116,5208.386,10154.502
2019-01-25,24,4950.62,5146.754,10097.374
2019-01-25,25,4994.594,5199.762,10194.356
2019-01-25,26,4850.388,5502.048,10352.436
2019-01-25,27,4674.714,5573.062,10247.776
2019-01-25,28,4612.15,5578.02,10190.17
2019-01-25,29,4464.214,5637.806,10102.02
2019-01-25,30,4407.362,5737.528,10144.89
2019-01-25,31,4358.262,5969.092,10327.354
2019-01-25,32,4479.68,5996.022,10475.702
2019-01-25,33,4719.838,6130.9,10850.738
2019-01-25,34,4812.078,6061.154,10873.232
2019-01-25,35,4758.318,5976.75,10735.068
2019-01-25,36,4753.396,5945.334,10698.73
2019-01-25,37,4856.62,5976.21,10832.83
2019-01-25,38,4804.34,6230.436,11034.776
2019-01-25,39,4709.264,6309.344,11018.608
2019-01-25,40,4615.406,6412.75,11028.156
2019-01-25,41,4580.566,6486.344,11066.91
2019-01-25,42,4508.866,6461.906,10970.772
2019-01-25,43,4191.946,6445.358,10637.304
2019-01-25,44,4044.768,6381.368,10426.136
2019-01-25,45,3875.152,6296.824,10171.976
2019-01-25,46,3794.448,6327.386,10121.834
2019-01-25,47,3613.504,6321.81,9935.314
2019-01-25,48,3424.38,6252.424,9676.804
2019-01-26,1,3365.306,6182.218,9547.524
2019-01-26,2,3482.994,6232.19,9715.184
2019-01-26,3,3500.236,6239.822,9740.058
2019-01-26,4,3343.778,6274.83,9618.608
2019-01-26,5,3212.112,6320.216,9532.328
2019-01-26,6,3181.544,6388.942,9570.486
2019-01-26,7,3203.89,6420.974,9624.864
2019-01-26,8,3227.31,6403.314,9630.624
2019-01-26,9,3374.034,6272.756,9646.79
2019-01-26,10,3319.774,6169.908,9489.682
2019-01-26,11,3231.804,6228.388,9460.192
2019-01-26,12,3185.3,5940.888,9126.188
2019-01-26,13,3197.43,5719.502,8916.932
2019-01-26,14,3328.708,5986.48,9315.188
2019-01-26,15,3325.906,6109.632,9435.538
2019-01-26,16,3371.326,6035.224,9406.55
2019-01-26,17,3332.304,5924.618,9256.922
2019-01-26,18,3615.778,5677.86,9293.638
2019-01-26,19,3888.848,5675.752,9564.6
2019-01-26,20,3956.044,5769.012,9725.056
2019-01-26,21,4074.978,5940.404,10015.382
2019-01-26,22,4131.926,6053.408,10185.334
2019-01-26,23,4130.04,6065.97,10196.01
2019-01-26,24,4139.904,6143.81,10283.714
2019-01-26,25,3866.174,6204.948,10071.122
2019-01-26,26,3655.366,6259.232,9914.598
2019-01-26,27,3679.146,6430.03,10109.176
2019-01-26,28,3620.502,6415.368,10035.87
2019-01-26,29,3263.994,6383.758,9647.752
2019-01-26,30,2620.368,6405.782,9026.15
2019-01-26,31,2344.6,6556.724,8901.324
2019-01-26,32,2277.584,6376.478,8654.062
2019-01-26,33,2270.732,6233.142,8503.874
2019-01-26,34,2269.838,5992.758,8262.596
2019-01-26,35,2361.66,5870.77,8232.43
2019-01-26,36,2479.57,5714.274,8193.844
2019-01-26,37,2524.306,5751.72,8276.026
2019-01-26,38,2602.982,5619.726,8222.708
2019-01-26,39,2724.078,5431.008,8155.086
2019-01-26,40,2889.754,5309.13,8198.884
2019-01-26,41,3603.036,5021.382,8624.418
2019-01-26,42,4107.356,4804.076,8911.432
2019-01-26,43,4201.282,4943.624,9144.906
2019-01-26,44,4444.106,4927.534,9371.64
2019-01-26,45,4297.55,4925.23,9222.78
2019-01-26,46,4045.24,5322.27,9367.51
2019-01-26,47,3763.93,5708.002,9471.932
2019-01-26,48,3349.638,5904.144,9253.782
2019-01-27,1,3191.172,6251.986,9443.158
2019-01-27,2,2974.748,6094.198,9068.946
2019-01-27,3,2925.166,6001.088,8926.254
2019-01-27,4,2835.146,6036.794,8871.94
2019-01-27,5,2847.76,6049.498,8897.258
2019-01-27,6,2967.642,5977.96,8945.602
2019-01-27,7,3298.696,5952.018,9250.714
2019-01-27,8,3032.572,6111.656,9144.228
2019-01-27,9,2900.556,6129.554,9030.11
2019-01-27,10,2886.774,6139.734,9026.508
2019-01-27,11,2866.558,6218.606,9085.164
2019-01-27,12,2881.324,6169.894,9051.218
2019-01-27,13,3178.952,6131.698,9310.65
2019-01-27,14,3275.922,6174.306,9450.228
2019-01-27,15,3169.192,6319.282,9488.474
2019-01-27,16,3140.358,6239.764,9380.122
2019-01-27,17,3414.204,6192.336,9606.54
2019-01-27,18,3625.108,6043.05,9668.158
2019-01-27,19,3869.102,6001.784,9870.886
2019-01-27,20,4055.834,6076.868,10132.702
2019-01-27,21,4187.042,5979.164,10166.206
2019-01-27,22,4429.79,6018.47,10448.26
2019-01-27,23,4537.866,5949.182,10487.048
2019-01-27,24,4756.044,6027.936,10783.98
2019-01-27,25,4856.08,6114.434,10970.514
2019-01-27,26,4736.87,6310.514,11047.384
2019-01-27,27,4555.742,6377.98,10933.722
2019-01-27,28,4388.656,6481.422,10870.078
2019-01-27,29,4335.586,6579.586,10915.172
2019-01-27,30,4173.054,6697.698,10870.752
2019-01-27,31,4268.246,6769.078,11037.324
2019-01-27,32,4499.712,6817.002,11316.714
2019-01-27,33,4692.604,6801.154,11493.758
2019-01-27,34,4798.474,6850.776,11649.25
2019-01-27,35,4564.346,6761.834,11326.18
2019-01-27,36,4285.68,6541.198,10826.878
2019-01-27,37,3987.77,6429.168,10416.938
2019-01-27,38,3782.814,6417.178,10199.992
2019-01-27,39,3398.48,6597.58,9996.06
2019-01-27,40,3171.694,6697.814,9869.508
2019-01-27,41,2968.794,6687.116,9655.91
2019-01-27,42,2845.87,6628.886,9474.756
2019-01-27,43,2794.42,6666.874,9461.294
2019-01-27,44,2803.024,6699.348,9502.372
2019-01-27,45,2705.594,6673.636,9379.23
2019-01-27,46,2724.22,6695.468,9419.688
2019-01-27,47,2529.81,6619.538,9149.348
2019-01-27,48,2533.97,6532.168,9066.138
2019-01-28,1,2479.954,6498.934,8978.888
2019-01-28,2,2446.444,6479.944,8926.388
2019-01-28,3,2034.894,6450.036,8484.93
2019-01-28,4,1969.144,6401.59,8370.734
2019-01-28,5,1963.628,6400.048,8363.676
2019-01-28,6,1935.716,6199.572,8135.288
2019-01-28,7,1850.944,6060.346,7911.29
2019-01-28,8,1823.344,6013.302,7836.646
2019-01-28,9,1766.92,5815.408,7582.328
2019-01-28,10,1705.056,5758.2,7463.256
2019-01-28,11,1493.938,5523.6,7017.538
2019-01-28,12,1344.626,5330.044,6674.67
2019-01-28,13,1320.144,5232.56,6552.704
2019-01-28,14,1265.73,5011.642,6277.372
2019-01-28,15,1130.67,4822.91,5953.58
2019-01-28,16,1079.316,4812.606,5891.922
2019-01-28,17,1103.608,4669.94,5773.548
2019-01-28,18,1166.368,4687.526,5853.894
2019-01-28,19,1275.182,4708.608,5983.79
2019-01-28,20,1478.11,4773.178,6251.288
2019-01-28,21,1433.482,4919.95,6353.432
2019-01-28,22,1285.84,4845.802,6131.642
2019-01-28,23,1129.172,4644.472,5773.644
2019-01-28,24,1028.888,4525.804,5554.692
2019-01-28,25,1003.442,4440.65,5444.092
2019-01-28,26,1018.878,4350.88,5369.758
2019-01-28,27,1110.068,4063.498,5173.566
2019-01-28,28,1292.084,3846.566,5138.65
2019-01-28,29,1393.282,3590.226,4983.508
2019-01-28,30,1532.344,3356.862,4889.206
2019-01-28,31,1573.942,3140.396,4714.338
2019-01-28,32,1557.986,3199.376,4757.362
2019-01-28,33,1736.24,3326.114,5062.354
2019-01-28,34,2013.606,3481.444,5495.05
2019-01-28,35,2044.222,3707.142,5751.364
2019-01-28,36,2131.886,3619.818,5751.704
2019-01-28,37,1858.098,3403.848,5261.946
2019-01-28,38,1770.124,3271.53,5041.654
2019-01-28,39,1750.494,3414.572,5165.066
2019-01-28,40,1958.838,3441,5399.838
2019-01-28,41,1937.566,3468.476,5406.042
2019-01-28,42,1954.924,3462.83,5417.754
2019-01-28,43,1957.078,3351.928,5309.006
2019-01-28,44,2108.166,3023.652,5131.818
2019-01-28,45,1989.498,2639.55,4629.048
2019-01-28,46,2073.974,2358.232,4432.206
2019-01-28,47,1947.568,2232.136,4179.704
2019-01-28,48,2029.884,2434.916,4464.8
2019-01-29,1,1937.1,2511.758,4448.858
2019-01-29,2,1923.894,2751.784,4675.678
2019-01-29,3,1897.31,2847.89,4745.2
2019-01-29,4,1851.898,2912.618,4764.516
2019-01-29,5,1791.288,2973.988,4765.276
2019-01-29,6,1695.946,3017.162,4713.108
2019-01-29,7,1502.79,3088.524,4591.314
2019-01-29,8,1342.49,3094.12,4436.61
2019-01-29,9,1298.122,3043.824,4341.946
2019-01-29,10,1230.592,3156.712,4387.304
2019-01-29,11,1188.806,3040.312,4229.118
2019-01-29,12,1131.94,2979.65,4111.59
2019-01-29,13,1054.552,2868.934,3923.486
2019-01-29,14,931.438,2925.918,3857.356
2019-01-29,15,828.884,3204.046,4032.93
2019-01-29,16,787.396,3294.554,4081.95
2019-01-29,17,728.762,3216.226,3944.988
2019-01-29,18,622.328,3243.948,3866.276
2019-01-29,19,519.422,3078.848,3598.27
2019-01-29,20,577.822,3104.43,3682.252
2019-01-29,21,587.746,2985.378,3573.124
2019-01-29,22,579.744,3139.076,3718.82
2019-01-29,23,598.582,3326.138,3924.72
2019-01-29,24,683.02,3366.144,4049.164
2019-01-29,25,766.204,3619.788,4385.992
2019-01-29,26,815.754,3633.16,4448.914
2019-01-29,27,766.194,3465.434,4231.628
2019-01-29,28,778.746,3169.37,3948.116
2019-01-29,29,777.91,3114.134,3892.044
2019-01-29,30,995.36,3297.776,4293.136
2019-01-29,31,1151.59,3771.156,4922.746
2019-01-29,32,1347.61,3978.624,5326.234
2019-01-29,33,1278.316,3657.66,4935.976
2019-01-29,34,1224.638,3904.786,5129.424
2019-01-29,35,1225.196,4188.582,5413.778
2019-01-29,36,1094.302,4197.71,5292.012
2019-01-29,37,1035.92,4434.174,5470.094
2019-01-29,38,1138.184,4467.362,5605.546
2019-01-29,39,1177.138,4267.746,5444.884
2019-01-29,40,1125.4,4018.372,5143.772
2019-01-29,41,1155.088,4010.72,5165.808
2019-01-29,42,1199.284,3963.922,5163.206
2019-01-29,43,1293.48,3800.634,5094.114
2019-01-29,44,1177.642,3784.3,4961.942
2019-01-29,45,1132.118,3523.036,4655.154
2019-01-29,46,1141.554,2939.746,4081.3
2019-01-29,47,1280.09,2672.406,3952.496
2019-01-29,48,1253.734,2426.598,3680.332
2019-01-30,1,1174.56,2575.206,3749.766
2019-01-30,2,1213.67,2131.482,3345.152
2019-01-30,3,1260.964,2159.856,3420.82
2019-01-30,4,1208.802,2363.646,3572.448
2019-01-30,5,1087.112,2608.754,3695.866
2019-01-30,6,1039.06,3008.664,4047.724
2019-01-30,7,1165.14,3150.074,4315.214
2019-01-30,8,1137.142,3151.554,4288.696
2019-01-30,9,988.664,3140.668,4129.332
2019-01-30,10,922.246,2912.424,3834.67
2019-01-30,11,918.45,2463.508,3381.958
2019-01-30,12,961.79,2215.778,3177.568
2019-01-30,13,911.73,1909.698,2821.428
2019-01-30,14,915.648,1854.338,2769.986
2019-01-30,15,919.494,1937.79,2857.284
2019-01-30,16,911.874,1912.528,2824.402
2019-01-30,17,831.884,1703.236,2535.12
2019-01-30,18,883.798,1554.488,2438.286
2019-01-30,19,982.184,1412.944,2395.128
2019-01-30,20,1005.74,1264.61,2270.35
2019-01-30,21,1172.24,1092.216,2264.456
2019-01-30,22,1177.454,875.014,2052.468
2019-01-30,23,1210.74,756.15,1966.89
2019-01-30,24,1361.172,765.618,2126.79
2019-01-30,25,1411.972,774.634,2186.606
2019-01-30,26,1404.992,773.31,2178.302
2019-01-30,27,1377.632,829.964,2207.596
2019-01-30,28,1384.734,710.304,2095.038
2019-01-30,29,1374.402,606.904,1981.306
2019-01-30,30,1356.53,583.648,1940.178
2019-01-30,31,1305.534,559.396,1864.93
2019-01-30,32,1310.278,561.576,1871.854
2019-01-30,33,1272.494,622.984,1895.478
2019-01-30,34,1284.832,670.73,1955.562
2019-01-30,35,1226.556,641.528,1868.084
2019-01-30,36,1115.122,632.89,1748.012
2019-01-30,37,1021.944,611.466,1633.41
2019-01-30,38,995.552,656.77,1652.322
2019-01-30,39,951.222,558.482,1509.704
2019-01-30,40,946.214,497.5,1443.714
2019-01-30,41,919.91,477.23,1397.14
2019-01-30,42,877.024,553.864,1430.888
2019-01-30,43,743.074,588.548,1331.622
2019-01-30,44,686.8,565.922,1252.722
2019-01-30,45,662.892,580.028,1242.92
2019-01-30,46,634.266,630.782,1265.048
2019-01-30,47,615.024,638.052,1253.076
2019-01-30,48,611.61,586.632,1198.242
2019-01-31,1,545.288,479.608,1024.896
2019-01-31,2,478.524,263.826,742.35
2019-01-31,3,406.58,230.154,636.734
2019-01-31,4,372.092,259.338,631.43
2019-01-31,5,353.048,262.982,616.03
2019-01-31,6,325.808,237.78,563.588
2019-01-31,7,350.348,234.646,584.994
2019-01-31,8,338.892,269.73,608.622
2019-01-31,9,336.668,342.138,678.806
2019-01-31,10,296.234,428.188,724.422
2019-01-31,11,293.974,521.276,815.25
2019-01-31,12,309.108,675.208,984.316
2019-01-31,13,319.22,805.834,1125.054
2019-01-31,14,327.502,857.812,1185.314
2019-01-31,15,370.228,984.514,1354.742
2019-01-31,16,388.82,1082.688,1471.508
2019-01-31,17,399.054,1191.222,1590.276
2019-01-31,18,445.074,1234.418,1679.492
2019-01-31,19,432.668,1269.658,1702.326
2019-01-31,20,367.918,1341.058,1708.976
2019-01-31,21,337.906,1312.588,1650.494
2019-01-31,22,346.26,1392.104,1738.364
2019-01-31,23,393.126,1455.532,1848.658
2019-01-31,24,422.558,1759.34,2181.898
2019-01-31,25,408.12,1966.766,2374.886
2019-01-31,26,409.606,2211.66,2621.266
2019-01-31,27,437.348,2421.52,2858.868
2019-01-31,28,463.064,2601.996,3065.06
2019-01-31,29,504.986,2779.512,3284.498
2019-01-31,30,546.008,2929.048,3475.056
2019-01-31,31,619.29,3217.904,3837.194
2019-01-31,32,681.024,3565.082,4246.106
2019-01-31,33,740.594,3866.152,4606.746
2019-01-31,34,855.91,4108.916,4964.826
2019-01-31,35,902.456,4267.182,5169.638
2019-01-31,36,938.672,4359.84,5298.512
2019-01-31,37,990.328,4525.236,5515.564
2019-01-31,38,1054.062,4636.208,5690.27
2019-01-31,39,1065.21,4800.108,5865.318
2019-01-31,40,1062.802,5022.458,6085.26
2019-01-31,41,1014.128,5095.486,6109.614
2019-01-31,42,988.33,5110.612,6098.942
2019-01-31,43,1002.528,5144.758,6147.286
2019-01-31,44,953.996,5192.232,6146.228
2019-01-31,45,996.05,5000.848,5996.898
2019-01-31,46,1038.362,4892.416,5930.778
2019-01-31,47,1176.112,4720.374,5896.486
2019-01-31,48,1172.438,4446.682,5619.12
2019-02-01,1,1049.42,4499.204,5548.624
2019-02-01,2,1039.416,4550.808,5590.224
2019-02-01,3,1025.52,4575.01,5600.53
2019-02-01,4,1069.624,4443.814,5513.438
2019-02-01,5,1125.212,4350.88,5476.092
2019-02-01,6,1095.674,4436.244,5531.918
2019-02-01,7,1073.292,4303.93,5377.222
2019-02-01,8,1085.498,4184.22,5269.718
2019-02-01,9,1100.982,4178.33,5279.312
2019-02-01,10,1102.802,4151.45,5254.252
2019-02-01,11,1108.634,4269.616,5378.25
2019-02-01,12,1151.988,4223.908,5375.896
2019-02-01,13,1175.98,4027.558,5203.538
2019-02-01,14,1183.196,3890.372,5073.568
2019-02-01,15,1175.686,3865.29,5040.976
2019-02-01,16,1166.422,3727.142,4893.564
2019-02-01,17,1234.9,3677.916,4912.816
2019-02-01,18,1224.346,3482.114,4706.46
2019-02-01,19,1261.384,3460.924,4722.308
2019-02-01,20,1191.032,3239.114,4430.146
2019-02-01,21,1161.426,3112.734,4274.16
2019-02-01,22,1090.87,2829.572,3920.442
2019-02-01,23,1005.982,2715.144,3721.126
2019-02-01,24,970.254,2875.23,3845.484
2019-02-01,25,944.82,2951.408,3896.228
2019-02-01,26,1007.044,2876.886,3883.93
2019-02-01,27,1004.766,2940.426,3945.192
2019-02-01,28,1063.092,3072.302,4135.394
2019-02-01,29,1183.16,3237.838,4420.998
2019-02-01,30,1284.472,3410.69,4695.162
2019-02-01,31,1480.728,3415.992,4896.72
2019-02-01,32,1548.582,3433.06,4981.642
2019-02-01,33,1545.906,3186.242,4732.148
2019-02-01,34,1476.744,3113.02,4589.764
2019-02-01,35,1455.95,3169.622,4625.572
2019-02-01,36,1435.266,3393.932,4829.198
2019-02-01,37,1532.87,3804.65,5337.52
2019-02-01,38,1654.104,3776.068,5430.172
2019-02-01,39,1839.62,3559.9,5399.52
2019-02-01,40,1874.884,3420.738,5295.622
2019-02-01,41,1759.33,3166.33,4925.66
2019-02-01,42,1841.832,3029.94,4871.772
2019-02-01,43,1997.648,3023.88,5021.528
2019-02-01,44,2250.332,2863.676,5114.008
2019-02-01,45,2232.616,2799.562,5032.178
2019-02-01,46,2228.99,2942.072,5171.062
2019-02-01,47,2198.888,2999.83,5198.718
2019-02-01,48,2199.758,3083.534,5283.292
2019-02-02,1,2203.884,3288.572,5492.456
2019-02-02,2,2127.128,3302.404,5429.532
2019-02-02,3,2208.174,3602.786,5810.96
2019-02-02,4,2256.888,3902.952,6159.84
2019-02-02,5,2154.632,3894.86,6049.492
2019-02-02,6,2054.52,3987.052,6041.572
2019-02-02,7,2012.44,4117.218,6129.658
2019-02-02,8,2076.844,4029.288,6106.132
2019-02-02,9,2119.158,4111.748,6230.906
2019-02-02,10,2044.206,4230.248,6274.454
2019-02-02,11,1995.344,4595.294,6590.638
2019-02-02,12,1914.188,4718.738,6632.926
2019-02-02,13,1791.586,4660.694,6452.28
2019-02-02,14,1703.466,4709.704,6413.17
2019-02-02,15,1649.564,4622.922,6272.486
2019-02-02,16,1665.334,4841.016,6506.35
2019-02-02,17,1635.238,4884.994,6520.232
2019-02-02,18,1541.48,4831.504,6372.984
2019-02-02,19,1500.258,4782.03,6282.288
2019-02-02,20,1399.532,4470.786,5870.318
2019-02-02,21,1496.334,4399.664,5895.998
2019-02-02,22,1458.956,4441.708,5900.664
2019-02-02,23,1250.372,4624.072,5874.444
2019-02-02,24,1217.52,4638.296,5855.816
2019-02-02,25,1290.124,4574.48,5864.604
2019-02-02,26,1300.284,4572.88,5873.164
2019-02-02,27,1274.054,4463.574,5737.628
2019-02-02,28,1342.674,4519.072,5861.746
2019-02-02,29,1362.796,4395.234,5758.03
2019-02-02,30,1187.47,4275.65,5463.12
2019-02-02,31,1110.91,4077.104,5188.014
2019-02-02,32,1074.452,3903.022,4977.474
2019-02-02,33,982.958,3819.168,4802.126
2019-02-02,34,994.302,3539.718,4534.02
2019-02-02,35,964.942,3333.652,4298.594
2019-02-02,36,908.892,3208.298,4117.19
2019-02-02,37,933.874,3345.938,4279.812
2019-02-02,38,825.774,3373.138,4198.912
2019-02-02,39,703.674,3283.906,3987.58
2019-02-02,40,630.72,3360.596,3991.316
2019-02-02,41,558.944,3481.896,4040.84
2019-02-02,42,513.312,3182.782,3696.094
2019-02-02,43,504.528,3217.628,3722.156
2019-02-02,44,514.16,3195.994,3710.154
2019-02-02,45,553.244,2876.078,3429.322
2019-02-02,46,585.708,2835.034,3420.742
2019-02-02,47,688.996,2877.53,3566.526
2019-02-02,48,843.47,2954.934,3798.404
2019-02-03,1,1042.672,2750.318,3792.99
2019-02-03,2,1250.544,2504.434,3754.978
2019-02-03,3,1398.06,2363.064,3761.124
2019-02-03,4,1488.368,2470.092,3958.46
2019-02-03,5,1628.586,2260.02,3888.606
2019-02-03,6,1678.618,2194.016,3872.634
2019-02-03,7,1688.502,2399.692,4088.194
2019-02-03,8,1707.404,2569.478,4276.882
2019-02-03,9,1692.652,2596.476,4289.128
2019-02-03,10,1739.014,2529.16,4268.174
2019-02-03,11,1858.676,2492.526,4351.202
2019-02-03,12,1924.856,2423.214,4348.07
2019-02-03,13,2032.152,2496.382,4528.534
2019-02-03,14,2104.06,2556.608,4660.668
2019-02-03,15,2191.688,2410.292,4601.98
2019-02-03,16,1909.642,2434.508,4344.15
2019-02-03,17,2020.294,2294.212,4314.506
2019-02-03,18,2230.368,2401.056,4631.424
2019-02-03,19,2205.29,2493.442,4698.732
2019-02-03,20,2483.098,2562.52,5045.618
2019-02-03,21,2966.282,2631.77,5598.052
2019-02-03,22,3369.402,2757.528,6126.93
2019-02-03,23,3586.236,2812.152,6398.388
2019-02-03,24,3532.974,2757.284,6290.258
2019-02-03,25,3317.936,2723.48,6041.416
2019-02-03,26,3074.388,3057.672,6132.06
2019-02-03,27,3024.988,3335.496,6360.484
2019-02-03,28,2694.58,3461.46,6156.04
2019-02-03,29,2434.97,3751.334,6186.304
2019-02-03,30,2277.206,4114.026,6391.232
2019-02-03,31,2048.094,4239.346,6287.44
2019-02-03,32,1865.752,4312.01,6177.762
2019-02-03,33,1804.544,4331.998,6136.542
2019-02-03,34,1712.672,4343.4,6056.072
2019-02-03,35,1608.836,4488.46,6097.296
2019-02-03,36,1689.794,4381.968,6071.762
2019-02-03,37,1732.626,4501.216,6233.842
2019-02-03,38,1923.096,4609.844,6532.94
2019-02-03,39,2070.07,4895.604,6965.674
2019-02-03,40,2136.102,5213.792,7349.894
2019-02-03,41,2246.494,5274.014,7520.508
2019-02-03,42,2504.538,5463.672,7968.21
2019-02-03,43,2580.298,5684.934,8265.232
2019-02-03,44,2899.542,5941.43,8840.972
2019-02-03,45,3034.928,6164.826,9199.754
2019-02-03,46,2941.846,6258.602,9200.448
2019-02-03,47,2715.524,6277.216,8992.74
2019-02-03,48,2343.992,6308.688,8652.68
2019-02-04,1,2184.152,6449.272,8633.424
2019-02-04,2,2564.42,6468.54,9032.96
2019-02-04,3,3194.402,6422.23,9616.632
2019-02-04,4,3327.568,6550.146,9877.714
2019-02-04,5,3330.242,6847.82,10178.062
2019-02-04,6,3232.266,6866.296,10098.562
2019-02-04,7,3086.01,6788.046,9874.056
2019-02-04,8,2865.204,6501.574,9366.778
2019-02-04,9,2851.038,6294.318,9145.356
2019-02-04,10,2815.566,6351.266,9166.832
2019-02-04,11,2852.34,6354.188,9206.528
2019-02-04,12,3147.026,6475.578,9622.604
2019-02-04,13,3386.924,6496.976,9883.9
2019-02-04,14,3493.104,6295.164,9788.268
2019-02-04,15,3581.714,6428.09,10009.804
2019-02-04,16,3808.434,6283.386,10091.82
2019-02-04,17,3824.56,6284.668,10109.228
2019-02-04,18,3705.618,6297.598,10003.216
2019-02-04,19,3698.92,6166.386,9865.306
2019-02-04,20,3719.408,6075.292,9794.7
2019-02-04,21,3535.054,5841.722,9376.776
2019-02-04,22,3484.828,5551.802,9036.63
2019-02-04,23,3666.76,5395.608,9062.368
2019-02-04,24,3774.126,5452.65,9226.776
2019-02-04,25,3651.704,5378.642,9030.346
2019-02-04,26,3506.144,5354.33,8860.474
2019-02-04,27,3291.166,5272.82,8563.986
2019-02-04,28,3127.91,5141.336,8269.246
2019-02-04,29,3021.288,4886.708,7907.996
2019-02-04,30,2812.604,4682.918,7495.522
2019-02-04,31,2591.668,4414.938,7006.606
2019-02-04,32,2374.636,4016.6,6391.236
2019-02-04,33,2245.256,3856.01,6101.266
2019-02-04,34,2148.56,3492.338,5640.898
2019-02-04,35,2130.998,3275.812,5406.81
2019-02-04,36,2111.74,3056.71,5168.45
2019-02-04,37,2015.992,2923.334,4939.326
2019-02-04,38,1958.85,2922.256,4881.106
2019-02-04,39,1864.352,2621.738,4486.09
2019-02-04,40,1765.692,2438.3,4203.992
2019-02-04,41,1696.826,2095.97,3792.796
2019-02-04,42,1600.774,1834.148,3434.922
2019-02-04,43,1612.992,1608.024,3221.016
2019-02-04,44,1507.084,1377.022,2884.106
2019-02-04,45,1416.07,1219.126,2635.196
2019-02-04,46,1251.586,1008.076,2259.662
2019-02-04,47,1160.818,862.078,2022.896
2019-02-04,48,1039.926,731.392,1771.318
2019-02-05,1,966.856,557.286,1524.142
2019-02-05,2,943.898,407.728,1351.626
2019-02-05,3,961.92,346.914,1308.834
2019-02-05,4,943.364,345.872,1289.236
2019-02-05,5,811.258,357.362,1168.62
2019-02-05,6,699.9,464.004,1163.904
2019-02-05,7,636.3,504.686,1140.986
2019-02-05,8,622.314,467.254,1089.568
2019-02-05,9,624.584,424.882,1049.466
2019-02-05,10,599.416,436.97,1036.386
2019-02-05,11,604.236,519.37,1123.606
2019-02-05,12,665.766,802.13,1467.896
2019-02-05,13,746.852,1054.756,1801.608
2019-02-05,14,808.562,1230.028,2038.59
2019-02-05,15,903.016,1457.808,2360.824
2019-02-05,16,1137.672,1775.718,2913.39
2019-02-05,17,1418.932,1860.192,3279.124
2019-02-05,18,1753.074,1841.484,3594.558
2019-02-05,19,2008.138,1769.928,3778.066
2019-02-05,20,2197.842,1909.408,4107.25
2019-02-05,21,2409.832,2036.372,4446.204
2019-02-05,22,2573.872,2103.736,4677.608
2019-02-05,23,2734.408,2399.716,5134.124
2019-02-05,24,2945.022,2670.29,5615.312
2019-02-05,25,3138.548,2772.444,5910.992
2019-02-05,26,3361.154,3217.78,6578.934
2019-02-05,27,3519.964,3425.176,6945.14
2019-02-05,28,3797.152,3681.45,7478.602
2019-02-05,29,3890.222,3927.378,7817.6
2019-02-05,30,4094.532,4465.142,8559.674
2019-02-05,31,4186.058,4704.09,8890.148
2019-02-05,32,4288.698,4746.662,9035.36
2019-02-05,33,4263.122,4865.464,9128.586
2019-02-05,34,4265.246,5149.268,9414.514
2019-02-05,35,4215.154,5703.306,9918.46
2019-02-05,36,3923.356,6092.152,10015.508
2019-02-05,37,3936.748,6205.87,10142.618
2019-02-05,38,4374.278,6245.098,10619.376
2019-02-05,39,4380.736,6374.358,10755.094
2019-02-05,40,4387.776,6432.252,10820.028
2019-02-05,41,4099.144,6258.47,10357.614
2019-02-05,42,3898.744,6417.512,10316.256
2019-02-05,43,3667.558,6381.81,10049.368
2019-02-05,44,3461.566,6239.934,9701.5
2019-02-05,45,3138.428,6262.364,9400.792
2019-02-05,46,3003.744,6245.668,9249.412
2019-02-05,47,3016.31,6370.206,9386.516
2019-02-05,48,2996.502,6258.85,9255.352
2019-02-06,1,3124.378,6162.114,9286.492
2019-02-06,2,3123.706,5791.502,8915.208
2019-02-06,3,3105.38,5678.36,8783.74
2019-02-06,4,3032.502,5581.058,8613.56
2019-02-06,5,3065.146,5493.184,8558.33
2019-02-06,6,3099.642,5291.824,8391.466
2019-02-06,7,3063.06,5206.294,8269.354
2019-02-06,8,2934.608,5131.706,8066.314
2019-02-06,9,2863.77,5002.914,7866.684
2019-02-06,10,2899.278,4728.68,7627.958
2019-02-06,11,2897.888,4423.444,7321.332
2019-02-06,12,2771.772,4054.798,6826.57
2019-02-06,13,2582.506,3658.988,6241.494
2019-02-06,14,2461.79,3676.098,6137.888
2019-02-06,15,2524.822,3655.004,6179.826
2019-02-06,16,2616.624,3580.398,6197.022
2019-02-06,17,2647.418,3408.438,6055.856
2019-02-06,18,2599.608,3302.664,5902.272
2019-02-06,19,2517.186,3180.922,5698.108
2019-02-06,20,2478.862,3183.434,5662.296
2019-02-06,21,2551.908,3060.794,5612.702
2019-02-06,22,2591.706,2788.57,5380.276
2019-02-06,23,2778.262,2474.252,5252.514
2019-02-06,24,2808.31,2508.33,5316.64
2019-02-06,25,3102.656,2606.038,5708.694
2019-02-06,26,3267.578,2478.89,5746.468
2019-02-06,27,3332.55,2341.586,5674.136
2019-02-06,28,3285.888,2321.676,5607.564
2019-02-06,29,3239.168,2287.908,5527.076
2019-02-06,30,3481.158,2344.306,5825.464
2019-02-06,31,3700.984,2334.18,6035.164
2019-02-06,32,3478.438,2183.262,5661.7
2019-02-06,33,3330.898,2229.496,5560.394
2019-02-06,34,3301.856,2135.136,5436.992
2019-02-06,35,3438.226,2143.27,5581.496
2019-02-06,36,3348.562,2057.266,5405.828
2019-02-06,37,3315.96,2149.38,5465.34
2019-02-06,38,3090.316,2079.55,5169.866
2019-02-06,39,3100.332,2330.022,5430.354
2019-02-06,40,2948.974,2702.214,5651.188
2019-02-06,41,2822.486,3009.818,5832.304
2019-02-06,42,2550.578,3189.474,5740.052
2019-02-06,43,2257.382,3218.71,5476.092
2019-02-06,44,2214.46,3844.938,6059.398
2019-02-06,45,2113.2,4068.352,6181.552
2019-02-06,46,1971.408,4715.51,6686.918
2019-02-06,47,1952.094,5077.804,7029.898
2019-02-06,48,1884.298,5114.198,6998.496
2019-02-07,1,1699.156,4934.916,6634.072
2019-02-07,2,1561.008,4899.398,6460.406
2019-02-07,3,1388.226,4747.362,6135.588
2019-02-07,4,1328.488,4451.558,5780.046
2019-02-07,5,1162.478,4192.674,5355.152
2019-02-07,6,970.496,4293.212,5263.708
2019-02-07,7,812.592,4431.69,5244.282
2019-02-07,8,684.86,4446.12,5130.98
2019-02-07,9,635.318,4377.654,5012.972
2019-02-07,10,599.576,4474.36,5073.936
2019-02-07,11,555.844,5049.972,5605.816
2019-02-07,12,502.734,5188.936,5691.67
2019-02-07,13,506.882,5214.106,5720.988
2019-02-07,14,618.182,5245.818,5864
2019-02-07,15,676.784,5355.022,6031.806
2019-02-07,16,844.516,5960.028,6804.544
2019-02-07,17,799.268,6601.026,7400.294
2019-02-07,18,882.378,6648.006,7530.384
2019-02-07,19,937.1,6656.86,7593.96
2019-02-07,20,915.85,6740.36,7656.21
2019-02-07,21,880.852,6771.976,7652.828
2019-02-07,22,1055.63,6787.474,7843.104
2019-02-07,23,1417.326,6786.05,8203.376
2019-02-07,24,1685.224,6749.056,8434.28
2019-02-07,25,1842.542,6738.796,8581.338
2019-02-07,26,1899.002,6797.85,8696.852
2019-02-07,27,2019.04,6809.33,8828.37
2019-02-07,28,2094.466,6739.846,8834.312
2019-02-07,29,2268.494,6807.766,9076.26
2019-02-07,30,2254.978,6750.804,9005.782
2019-02-07,31,2345.962,6755.158,9101.12
2019-02-07,32,2245.014,6670.48,8915.494
2019-02-07,33,2293.554,6566.556,8860.11
2019-02-07,34,2304.732,6469.06,8773.792
2019-02-07,35,2414.546,6382.964,8797.51
2019-02-07,36,2413.128,6354.296,8767.424
2019-02-07,37,2533.956,6160.012,8693.968
2019-02-07,38,2549.182,6232.89,8782.072
2019-02-07,39,2442.658,6271.554,8714.212
2019-02-07,40,2333.5,6084.994,8418.494
2019-02-07,41,2251.988,6224.178,8476.166
2019-02-07,42,2424.296,6169.8,8594.096
2019-02-07,43,2496.85,6042.332,8539.182
2019-02-07,44,2656.526,5687.172,8343.698
2019-02-07,45,2552.044,5533.956,8086
2019-02-07,46,2545.696,5633.98,8179.676
2019-02-07,47,2620.94,5719.11,8340.05
2019-02-07,48,2888.454,5713.84,8602.294
2019-02-08,1,2996.088,6018.956,9015.044
2019-02-08,2,3082.39,6250.408,9332.798
2019-02-08,3,3300.588,6399.996,9700.584
2019-02-08,4,3480.344,6485.308,9965.652
2019-02-08,5,3545.906,6635.61,10181.516
2019-02-08,6,3671.434,6692.16,10363.594
2019-02-08,7,3873.508,6759.152,10632.66
2019-02-08,8,3869.194,6825.22,10694.414
2019-02-08,9,4095.74,6894.292,10990.032
2019-02-08,10,4232.344,6934.896,11167.24
2019-02-08,11,4203.23,6958.358,11161.588
2019-02-08,12,4094.41,6978.696,11073.106
2019-02-08,13,4274.51,6966.076,11240.586
2019-02-08,14,4397.588,6994.014,11391.602
2019-02-08,15,4544.958,7018.436,11563.394
2019-02-08,16,4461.24,7023.04,11484.28
2019-02-08,17,4563.454,6980.13,11543.584
2019-02-08,18,4662.982,6997.294,11660.276
2019-02-08,19,4481.382,6992.654,11474.036
2019-02-08,20,4542.824,6987.952,11530.776
2019-02-08,21,4738.63,6956.33,11694.96
2019-02-08,22,4879.962,6890.196,11770.158
2019-02-08,23,4723.438,6912.326,11635.764
2019-02-08,24,4723.162,6961.036,11684.198
2019-02-08,25,4791.11,6966.766,11757.876
2019-02-08,26,4784.05,6911.68,11695.73
2019-02-08,27,4798.57,6931.454,11730.024
2019-02-08,28,4828.026,6938.322,11766.348
2019-02-08,29,4782.804,6935.328,11718.132
2019-02-08,30,4760.324,6919.906,11680.23
2019-02-08,31,4715.396,6917.604,11633
2019-02-08,32,4710.74,6928.954,11639.694
2019-02-08,33,4748.78,6946.848,11695.628
2019-02-08,34,4803.532,6973.732,11777.264
2019-02-08,35,4904.902,6978.698,11883.6
2019-02-08,36,5009.858,6934.19,11944.048
2019-02-08,37,5048.95,6950.124,11999.074
2019-02-08,38,5061.936,6947.252,12009.188
2019-02-08,39,4957.412,6996.502,11953.914
2019-02-08,40,4843.658,7002.18,11845.838
2019-02-08,41,4735.106,6995.87,11730.976
2019-02-08,42,4544.482,7006.422,11550.904
2019-02-08,43,4504.64,7018.404,11523.044
2019-02-08,44,4314.602,7027.538,11342.14
2019-02-08,45,4131.846,7017.772,11149.618
2019-02-08,46,4007.754,6975.314,10983.068
2019-02-08,47,3496.822,6497.064,9993.886
2019-02-08,48,3271.092,6268.864,9539.956
2019-02-09,1,3228.526,6052.278,9280.804
2019-02-09,2,3204.632,5749.2,8953.832
2019-02-09,3,3180.75,5446.14,8626.89
2019-02-09,4,3157.122,5151.032,8308.154
2019-02-09,5,3281.958,4957.656,8239.614
2019-02-09,6,3292.134,4826.512,8118.646
2019-02-09,7,3274.258,4872.202,8146.46
2019-02-09,8,3224.118,4732.966,7957.084
2019-02-09,9,3242.788,4817.42,8060.208
2019-02-09,10,3302.034,4989.27,8291.304
2019-02-09,11,3132.688,5187.83,8320.518
2019-02-09,12,3182.372,5597.512,8779.884
2019-02-09,13,3234.868,5929.398,9164.266
2019-02-09,14,3257.822,6328.918,9586.74
2019-02-09,15,3276.07,6567.894,9843.964
2019-02-09,16,3292.938,6443.31,9736.248
2019-02-09,17,3488.92,6525.094,10014.014
2019-02-09,18,3759.692,6768.842,10528.534
2019-02-09,19,4076.786,6828.474,10905.26
2019-02-09,20,4284.19,6895.008,11179.198
2019-02-09,21,4282.332,6911.178,11193.51
2019-02-09,22,4258.764,6902.602,11161.366
2019-02-09,23,4197.266,6909.954,11107.22
2019-02-09,24,4439.302,6937.52,11376.822
2019-02-09,25,4500.796,6947.444,11448.24
2019-02-09,26,4355.574,6880.24,11235.814
2019-02-09,27,4324.574,6974.02,11298.594
2019-02-09,28,4351.734,7014.342,11366.076
2019-02-09,29,4282.174,6912.802,11194.976
2019-02-09,30,4317.746,6880.162,11197.908
2019-02-09,31,4319.082,6766.964,11086.046
2019-02-09,32,4312.086,6632.458,10944.544
2019-02-09,33,4362.044,6625.36,10987.404
2019-02-09,34,4237.134,6445.166,10682.3
2019-02-09,35,4035.99,6253.106,10289.096
2019-02-09,36,3894.028,6252.076,10146.104
2019-02-09,37,3689.93,6345.014,10034.944
2019-02-09,38,3598.688,6266.534,9865.222
2019-02-09,39,3476.516,6249.412,9725.928
2019-02-09,40,3303.628,5880.154,9183.782
2019-02-09,41,3160.486,5756.576,8917.062
2019-02-09,42,3125.694,5542.236,8667.93
2019-02-09,43,2943.42,5503.298,8446.718
2019-02-09,44,2832.436,5100.22,7932.656
2019-02-09,45,2804.164,4630.688,7434.852
2019-02-09,46,2677.576,4245.322,6922.898
2019-02-09,47,2567.76,3892.038,6459.798
2019-02-09,48,2516.908,3293.124,5810.032
2019-02-10,1,2494.328,2690.786,5185.114
2019-02-10,2,2442.018,2089.642,4531.66
2019-02-10,3,2308.948,1854.818,4163.766
2019-02-10,4,2143.132,1681.286,3824.418
2019-02-10,5,1998.552,1305.746,3304.298
2019-02-10,6,1837.88,967.83,2805.71
2019-02-10,7,1775.246,799.432,2574.678
2019-02-10,8,1719.356,636.23,2355.586
2019-02-10,9,1684.688,474.276,2158.964
2019-02-10,10,1597.008,357.65,1954.658
2019-02-10,11,1608.72,492.852,2101.572
2019-02-10,12,1560.996,636.038,2197.034
2019-02-10,13,1512.7,979.378,2492.078
2019-02-10,14,1487.576,1233.376,2720.952
2019-02-10,15,1561.158,1412.132,2973.29
2019-02-10,16,1436.236,1496.612,2932.848
2019-02-10,17,1382.98,1634.942,3017.922
2019-02-10,18,1356.032,1804.082,3160.114
2019-02-10,19,1433.262,2117.876,3551.138
2019-02-10,20,1401.59,2593.622,3995.212
2019-02-10,21,1398.228,2927.516,4325.744
2019-02-10,22,1500.376,3747.822,5248.198
2019-02-10,23,1649.106,4244.146,5893.252
2019-02-10,24,1862.188,4943.002,6805.19
2019-02-10,25,1943.258,4990.244,6933.502
2019-02-10,26,1934.078,5428.898,7362.976
2019-02-10,27,1974.516,5550.624,7525.14
2019-02-10,28,2099.746,5857.56,7957.306
2019-02-10,29,2009.744,6111.75,8121.494
2019-02-10,30,1878.87,6254.484,8133.354
2019-02-10,31,1746.752,6201.962,7948.714
2019-02-10,32,1604.516,6170.6,7775.116
2019-02-10,33,1395.698,5980.132,7375.83
2019-02-10,34,1149.154,6150.378,7299.532
2019-02-10,35,1206.858,5896.49,7103.348
2019-02-10,36,1235.928,5554.444,6790.372
2019-02-10,37,1202.754,5295.546,6498.3
2019-02-10,38,1292.572,5629.796,6922.368
2019-02-10,39,1441.062,5551.99,6993.052
2019-02-10,40,1439.814,5161.502,6601.316
2019-02-10,41,1565.586,4966.768,6532.354
2019-02-10,42,1653.102,4733.948,6387.05
2019-02-10,43,1804.108,4316.804,6120.912
2019-02-10,44,2026.706,4152.52,6179.226
2019-02-10,45,2266.836,4201.618,6468.454
2019-02-10,46,2263.544,4415.854,6679.398
2019-02-10,47,2378.69,4675.472,7054.162
2019-02-10,48,1966.366,4369.04,6335.406
2019-02-11,1,1699.206,4105.708,5804.914
2019-02-11,2,1573.288,4024.104,5597.392
2019-02-11,3,1537.044,4114.64,5651.684
2019-02-11,4,1475.9,3790.914,5266.814
2019-02-11,5,1280.776,3099.778,4380.554
2019-02-11,6,1086.478,3076.796,4163.274
2019-02-11,7,1077.09,3671.522,4748.612
2019-02-11,8,918.31,4147.178,5065.488
2019-02-11,9,885.298,4289.228,5174.526
2019-02-11,10,840.352,3712.374,4552.726
2019-02-11,11,764.65,3085.608,3850.258
2019-02-11,12,697.008,2727.814,3424.822
2019-02-11,13,657.512,2459.326,3116.838
2019-02-11,14,506.158,2486.416,2992.574
2019-02-11,15,381.642,2420.852,2802.494
2019-02-11,16,335.712,2291.114,2626.826
2019-02-11,17,326.932,2297.33,2624.262
2019-02-11,18,313.568,2006.816,2320.384
2019-02-11,19,324.974,1444.404,1769.378
2019-02-11,20,292.954,1065.03,1357.984
2019-02-11,21,284.39,872.04,1156.43
2019-02-11,22,292.112,737.632,1029.744
2019-02-11,23,304.972,701.034,1006.006
2019-02-11,24,296.52,723.98,1020.5
2019-02-11,25,322.304,898.6,1220.904
2019-02-11,26,430.308,855.096,1285.404
2019-02-11,27,551.2,795.936,1347.136
2019-02-11,28,574.766,651.438,1226.204
2019-02-11,29,625.406,566.218,1191.624
2019-02-11,30,672.342,463.142,1135.484
2019-02-11,31,674.182,324.026,998.208
2019-02-11,32,757.584,269.406,1026.99
2019-02-11,33,806.988,249.33,1056.318
2019-02-11,34,920.748,234.122,1154.87
2019-02-11,35,1036.666,171.238,1207.904
2019-02-11,36,1142.486,111.814,1254.3
2019-02-11,37,1187.546,113.466,1301.012
2019-02-11,38,1305.026,161.898,1466.924
2019-02-11,39,1428.534,197.394,1625.928
2019-02-11,40,1479.984,230.224,1710.208
2019-02-11,41,1606.632,355.654,1962.286
2019-02-11,42,1757.57,510.252,2267.822
2019-02-11,43,2017.394,633.162,2650.556
2019-02-11,44,2158.098,838.22,2996.318
2019-02-11,45,2248.928,1029.802,3278.73
2019-02-11,46,2344.26,1201.284,3545.544
2019-02-11,47,2379.418,1364.47,3743.888
2019-02-11,48,2704.318,1527.206,4231.524
2019-02-12,1,2811.502,1636.806,4448.308
2019-02-12,2,3029.178,1760.25,4789.428
2019-02-12,3,3361.732,1871.572,5233.304
2019-02-12,4,3466.042,2032.986,5499.028
2019-02-12,5,3520.972,2140.884,5661.856
2019-02-12,6,3848.748,2362.046,6210.794
2019-02-12,7,3973.084,2363.412,6336.496
2019-02-12,8,3942.788,2407.236,6350.024
2019-02-12,9,4048.814,2585.438,6634.252
2019-02-12,10,4328.254,2559.294,6887.548
2019-02-12,11,4301.828,2669.988,6971.816
2019-02-12,12,4373.588,2890.186,7263.774
2019-02-12,13,4296.524,3116.948,7413.472
2019-02-12,14,4306.758,3223.098,7529.856
2019-02-12,15,4304.356,3325.424,7629.78
2019-02-12,16,4415.444,3470.158,7885.602
2019-02-12,17,4511.486,3558.876,8070.362
2019-02-12,18,4466.174,3668.662,8134.836
2019-02-12,19,4464.264,3936.844,8401.108
2019-02-12,20,4433.062,4123.82,8556.882
2019-02-12,21,4461.57,4216.91,8678.48
2019-02-12,22,4608.68,4375.682,8984.362
2019-02-12,23,4591.61,4622.948,9214.558
2019-02-12,24,4691.594,4768.146,9459.74
2019-02-12,25,4831.48,4763.72,9595.2
2019-02-12,26,4977.108,4658.89,9635.998
2019-02-12,27,4879.332,4784.202,9663.534
2019-02-12,28,4643.03,4870.638,9513.668
2019-02-12,29,4587.06,5065.58,9652.64
2019-02-12,30,4348.308,5061.012,9409.32
2019-02-12,31,3978.446,4978.89,8957.336
2019-02-12,32,3811.284,4993.008,8804.292
2019-02-12,33,3712.324,4973.584,8685.908
2019-02-12,34,3807.858,5220.958,9028.816
2019-02-12,35,3768.24,5262.764,9031.004
2019-02-12,36,3675.978,5112.572,8788.55
2019-02-12,37,3688.336,5172.226,8860.562
2019-02-12,38,3647.658,5266.248,8913.906
2019-02-12,39,3488.446,5294.892,8783.338
2019-02-12,40,3426.282,5365.134,8791.416
2019-02-12,41,3289.414,5325.87,8615.284
2019-02-12,42,3088.148,5100.708,8188.856
2019-02-12,43,2899.126,4962.094,7861.22
2019-02-12,44,2893.46,4839.538,7732.998
2019-02-12,45,2861.746,4811.272,7673.018
2019-02-12,46,2739.766,4753.166,7492.932
2019-02-12,47,2585.956,4721.836,7307.792
2019-02-12,48,2483.572,4663.872,7147.444
2019-02-13,1,2467.238,4614.924,7082.162
2019-02-13,2,2538.45,4500.418,7038.868
2019-02-13,3,2801.696,4450.422,7252.118
2019-02-13,4,3050.878,4337.934,7388.812
2019-02-13,5,3274.856,4550.972,7825.828
2019-02-13,6,3590.37,4321.636,7912.006
2019-02-13,7,3699.114,4143.806,7842.92
2019-02-13,8,3885.846,4199.598,8085.444
2019-02-13,9,3840.2,4306.004,8146.204
2019-02-13,10,3865.176,4342.39,8207.566
2019-02-13,11,3928.64,4477.418,8406.058
2019-02-13,12,3952.312,4634.204,8586.516
2019-02-13,13,3985.576,4574.214,8559.79
2019-02-13,14,4087.374,4600.2,8687.574
2019-02-13,15,4148.628,4626.23,8774.858
2019-02-13,16,4228.71,4722.49,8951.2
2019-02-13,17,4257.428,4723.292,8980.72
2019-02-13,18,4216.476,4742.278,8958.754
2019-02-13,19,4202.118,4575.106,8777.224
2019-02-13,20,4149.472,4415.458,8564.93
2019-02-13,21,4144.012,4300.35,8444.362
2019-02-13,22,4141.736,4285.992,8427.728
2019-02-13,23,4183.07,4231.538,8414.608
2019-02-13,24,4184.666,4274.67,8459.336
2019-02-13,25,4443.786,4179.766,8623.552
2019-02-13,26,4414.92,4014.948,8429.868
2019-02-13,27,4596.246,4069.702,8665.948
2019-02-13,28,4546.608,4225.054,8771.662
2019-02-13,29,4579.288,4007.34,8586.628
2019-02-13,30,4676.522,3888.926,8565.448
2019-02-13,31,4652.034,4077.198,8729.232
2019-02-13,32,4641.426,4028.316,8669.742
2019-02-13,33,4556.91,4210.646,8767.556
2019-02-13,34,4617.178,4322.26,8939.438
2019-02-13,35,4574.728,4311.168,8885.896
2019-02-13,36,4624.982,4387.274,9012.256
2019-02-13,37,4819.488,4592.906,9412.394
2019-02-13,38,4912.656,4485.554,9398.21
2019-02-13,39,5035.27,4545.234,9580.504
2019-02-13,40,4848.068,4547.186,9395.254
2019-02-13,41,4858.99,4655.27,9514.26
2019-02-13,42,4808.294,4775.82,9584.114
2019-02-13,43,4550.262,4723.166,9273.428
2019-02-13,44,4511.716,4190.536,8702.252
2019-02-13,45,4448.412,4412.368,8860.78
2019-02-13,46,4470.334,3895.174,8365.508
2019-02-13,47,4428.342,3686.722,8115.064
2019-02-13,48,4310.448,3790.546,8100.994
2019-02-14,1,4140.388,3635.106,7775.494
2019-02-14,2,4044.708,3712.842,7757.55
2019-02-14,3,4106.05,3719.308,7825.358
2019-02-14,4,4049.868,3593.956,7643.824
2019-02-14,5,3921.886,3674.668,7596.554
2019-02-14,6,3983.424,3521.822,7505.246
2019-02-14,7,4129.618,3400.848,7530.466
2019-02-14,8,4266.786,3266.49,7533.276
2019-02-14,9,4232.754,3271.502,7504.256
2019-02-14,10,4214.35,3317.416,7531.766
2019-02-14,11,4067.248,3078.536,7145.784
2019-02-14,12,3976.006,2796.43,6772.436
2019-02-14,13,3805.456,2640.884,6446.34
2019-02-14,14,3679.618,2462.036,6141.654
2019-02-14,15,3689.488,2081.196,5770.684
2019-02-14,16,3673.588,1954.962,5628.55
2019-02-14,17,3632.438,1826.878,5459.316
2019-02-14,18,3742.788,1663.484,5406.272
2019-02-14,19,3531.324,1465.036,4996.36
2019-02-14,20,3575.468,1374.64,4950.108
2019-02-14,21,3639.038,1113.816,4752.854
2019-02-14,22,3701.654,942.414,4644.068
2019-02-14,23,3695.508,917.876,4613.384
2019-02-14,24,3752.974,942.334,4695.308
2019-02-14,25,3778.444,949.2,4727.644
2019-02-14,26,3784.61,784.92,4569.53
2019-02-14,27,3740.512,725.894,4466.406
2019-02-14,28,3522.624,829.328,4351.952
2019-02-14,29,3540.634,831.13,4371.764
2019-02-14,30,3419.67,837.806,4257.476
2019-02-14,31,3136.588,816.448,3953.036
2019-02-14,32,2971.78,796.79,3768.57
2019-02-14,33,2912.446,794.036,3706.482
2019-02-14,34,2823.436,933.206,3756.642
2019-02-14,35,2932.188,1048.52,3980.708
2019-02-14,36,2953.274,1204.806,4158.08
2019-02-14,37,2947.508,1394.45,4341.958
2019-02-14,38,2781.31,1687.858,4469.168
2019-02-14,39,2827.948,1930.944,4758.892
2019-02-14,40,2910.342,1987.864,4898.206
2019-02-14,41,3023.532,1950.154,4973.686
2019-02-14,42,3041.06,1950.662,4991.722
2019-02-14,43,3186.25,1951.326,5137.576
2019-02-14,44,3278.118,1936.824,5214.942
2019-02-14,45,3216.308,2035.886,5252.194
2019-02-14,46,3292.206,2095.732,5387.938
2019-02-14,47,3371.68,2116.092,5487.772
2019-02-14,48,3392.356,1971.632,5363.988
2019-02-15,1,3563.37,1872.816,5436.186
2019-02-15,2,3644.32,1793.242,5437.562
2019-02-15,3,3539.58,1836.828,5376.408
2019-02-15,4,3425.88,1727.806,5153.686
2019-02-15,5,3355.1,1616.548,4971.648
2019-02-15,6,3326.4,1462.43,4788.83
2019-02-15,7,3342.44,1357.48,4699.92
2019-02-15,8,3343.53,1240.95,4584.48
2019-02-15,9,3489.622,1216.916,4706.538
2019-02-15,10,3652.452,1193.424,4845.876
2019-02-15,11,3635.988,1193.748,4829.736
2019-02-15,12,3786.766,1300.704,5087.47
2019-02-15,13,3863.954,1340.716,5204.67
2019-02-15,14,4015.868,1405.356,5421.224
2019-02-15,15,4070.186,1477.95,5548.136
2019-02-15,16,3996,1525.954,5521.954
2019-02-15,17,4012.152,1639.194,5651.346
2019-02-15,18,4098.164,1766.322,5864.486
2019-02-15,19,4138.812,1789.156,5927.968
2019-02-15,20,4151.368,1715.066,5866.434
2019-02-15,21,4173.792,1620.54,5794.332
2019-02-15,22,4349.27,1485.22,5834.49
2019-02-15,23,4248.916,1576.12,5825.036
2019-02-15,24,4398.542,1664.552,6063.094
2019-02-15,25,4511.322,1706.784,6218.106
2019-02-15,26,4545.846,1739.712,6285.558
2019-02-15,27,4470.918,1853.862,6324.78
2019-02-15,28,4560.56,2007.87,6568.43
2019-02-15,29,4606.818,2319.108,6925.926
2019-02-15,30,4513.188,2518.412,7031.6
2019-02-15,31,4504.912,2733.276,7238.188
2019-02-15,32,4344.662,2913.94,7258.602
2019-02-15,33,4436.944,3191.48,7628.424
2019-02-15,34,4457.794,3481.624,7939.418
2019-02-15,35,4582.248,3656.432,8238.68
2019-02-15,36,4539.662,3906.34,8446.002
2019-02-15,37,4718.352,4104.988,8823.34
2019-02-15,38,4666.28,4296.76,8963.04
2019-02-15,39,4614.774,4479.062,9093.836
2019-02-15,40,4584.594,4661.7,9246.294
2019-02-15,41,4578.142,4765.792,9343.934
2019-02-15,42,4614.72,5030.158,9644.878
2019-02-15,43,4689.902,5202.958,9892.86
2019-02-15,44,4542.71,5184.26,9726.97
2019-02-15,45,4224.962,5397.982,9622.944
2019-02-15,46,4100.392,5152.052,9252.444
2019-02-15,47,4192.27,5118.278,9310.548
2019-02-15,48,3812.25,5225.68,9037.93
2019-02-16,1,3814.032,5422.948,9236.98
2019-02-16,2,3862.998,5657.6,9520.598
2019-02-16,3,3683.096,5546.024,9229.12
2019-02-16,4,3529.918,5536.636,9066.554
2019-02-16,5,3637.274,5550.046,9187.32
2019-02-16,6,3623.37,5540.476,9163.846
2019-02-16,7,3444.95,5391.148,8836.098
2019-02-16,8,3413.89,5181.676,8595.566
2019-02-16,9,3301.878,4985.76,8287.638
2019-02-16,10,3174.506,4842.854,8017.36
2019-02-16,11,2938.5,4575.816,7514.316
2019-02-16,12,2858.216,4474.494,7332.71
2019-02-16,13,2686.82,4193.788,6880.608
2019-02-16,14,2523.926,4079.394,6603.32
2019-02-16,15,2383.28,3969.718,6352.998
2019-02-16,16,2450.268,3987.962,6438.23
2019-02-16,17,2540.328,3949.48,6489.808
2019-02-16,18,2723.168,3937.854,6661.022
2019-02-16,19,2654.234,3834.56,6488.794
2019-02-16,20,2789.264,3920.292,6709.556
2019-02-16,21,3034.272,3890.484,6924.756
2019-02-16,22,3218.328,4016.596,7234.924
2019-02-16,23,3362.472,4010.65,7373.122
2019-02-16,24,3402.638,3919.608,7322.246
2019-02-16,25,3663.598,3958.608,7622.206
2019-02-16,26,3623.148,3993.904,7617.052
2019-02-16,27,3787.41,4092.264,7879.674
2019-02-16,28,3872.808,4052.44,7925.248
2019-02-16,29,3871.366,4042.39,7913.756
2019-02-16,30,3839.388,3751.95,7591.338
2019-02-16,31,3832.482,3718.41,7550.892
2019-02-16,32,3743.16,3772.912,7516.072
2019-02-16,33,3779.264,3832.79,7612.054
2019-02-16,34,3911.79,3896.76,7808.55
2019-02-16,35,3924.252,4066.94,7991.192
2019-02-16,36,3739.782,4022.802,7762.584
2019-02-16,37,3778.276,4018.684,7796.96
2019-02-16,38,3827.652,4420.76,8248.412
2019-02-16,39,4060.522,4753.45,8813.972
2019-02-16,40,4061.392,4779.934,8841.326
2019-02-16,41,4097.268,4784.538,8881.806
2019-02-16,42,3908.586,4770.682,8679.268
2019-02-16,43,4063.666,4542.466,8606.132
2019-02-16,44,4338.692,4421.74,8760.432
2019-02-16,45,4459.206,4376.162,8835.368
2019-02-16,46,4418.298,4317.35,8735.648
2019-02-16,47,4525.274,4383.122,8908.396
2019-02-16,48,4508.204,4327.828,8836.032
2019-02-17,1,4548.548,4235.504,8784.052
2019-02-17,2,4409.93,4386.198,8796.128
2019-02-17,3,4257.192,4657.874,8915.066
2019-02-17,4,4199.094,4601.126,8800.22
2019-02-17,5,4211.044,4540.498,8751.542
2019-02-17,6,4166.674,4584.498,8751.172
2019-02-17,7,4100.718,4467.56,8568.278
2019-02-17,8,4036.724,4339.15,8375.874
2019-02-17,9,4159.184,4425.332,8584.516
2019-02-17,10,4211.336,4472.132,8683.468
2019-02-17,11,4320.886,4625.634,8946.52
2019-02-17,12,4175.656,4837.816,9013.472
2019-02-17,13,4051.716,4832.624,8884.34
2019-02-17,14,4082.33,4961.09,9043.42
2019-02-17,15,4111.124,5122.574,9233.698
2019-02-17,16,4322.27,5234.794,9557.064
2019-02-17,17,4475.054,5405.354,9880.408
2019-02-17,18,4640.116,5542.796,10182.912
2019-02-17,19,4643.448,5583.758,10227.206
2019-02-17,20,4835.55,5644.86,10480.41
2019-02-17,21,4859.374,5735.118,10594.492
2019-02-17,22,4870.602,5716.974,10587.576
2019-02-17,23,5124.304,5626.07,10750.374
2019-02-17,24,5220.85,5852.008,11072.858
2019-02-17,25,5119.408,5499.102,10618.51
2019-02-17,26,4942.418,5734.788,10677.206
2019-02-17,27,4873.09,5821.608,10694.698
2019-02-17,28,4834.658,5902.708,10737.366
2019-02-17,29,4505.812,6063.276,10569.088
2019-02-17,30,4416.986,5951.39,10368.376
2019-02-17,31,4474.898,5830.072,10304.97
2019-02-17,32,4606.382,5704.758,10311.14
2019-02-17,33,4717.044,5786.536,10503.58
2019-02-17,34,4877.888,5714.724,10592.612
2019-02-17,35,5230.494,5298.436,10528.93
2019-02-17,36,5219.694,5155.82,10375.514
2019-02-17,37,5155.786,5584.986,10740.772
2019-02-17,38,5215.052,5744.546,10959.598
2019-02-17,39,5202.532,5659.742,10862.274
2019-02-17,40,5110.016,5448.91,10558.926
2019-02-17,41,5115.232,5525.486,10640.718
2019-02-17,42,5031.124,5552.222,10583.346
2019-02-17,43,4760.652,5411.63,10172.282
2019-02-17,44,4635.254,5356.448,9991.702
2019-02-17,45,4539.264,5274.136,9813.4
2019-02-17,46,4647.622,5241.542,9889.164
2019-02-17,47,4169.26,5343.072,9512.332
2019-02-17,48,4070.288,5487.702,9557.99
2019-02-18,1,4088.458,5552.26,9640.718
2019-02-18,2,4150.328,5436.024,9586.352
2019-02-18,3,4120.026,5299.19,9419.216
2019-02-18,4,4152.948,5126.632,9279.58
2019-02-18,5,4135.86,4972.092,9107.952
2019-02-18,6,4102.57,4886.782,8989.352
2019-02-18,7,4007.298,4823.712,8831.01
2019-02-18,8,4077.05,4625.14,8702.19
2019-02-18,9,4032.362,4720.048,8752.41
2019-02-18,10,3899.402,4785.848,8685.25
2019-02-18,11,3758.29,4638.542,8396.832
2019-02-18,12,3811.634,4727.908,8539.542
2019-02-18,13,3941.838,4810.096,8751.934
2019-02-18,14,4220.968,4720.476,8941.444
2019-02-18,15,4383.524,4453.268,8836.792
2019-02-18,16,4385.24,4370.89,8756.13
2019-02-18,17,4487.6,4367.818,8855.418
2019-02-18,18,4796.49,4348.818,9145.308
2019-02-18,19,4882.462,4463.288,9345.75
2019-02-18,20,4958.71,4530.992,9489.702
2019-02-18,21,5049.04,4617.05,9666.09
2019-02-18,22,5102.866,4823.446,9926.312
2019-02-18,23,5138.14,4764.214,9902.354
2019-02-18,24,5055.966,4694.826,9750.792
2019-02-18,25,5060.904,4867.656,9928.56
2019-02-18,26,5028.226,4798.102,9826.328
2019-02-18,27,4902.202,4971.154,9873.356
2019-02-18,28,4880.01,4863.494,9743.504
2019-02-18,29,4765.162,4786.89,9552.052
2019-02-18,30,4656.178,4659.804,9315.982
2019-02-18,31,4685.058,4824.384,9509.442
2019-02-18,32,4910.644,4824.32,9734.964
2019-02-18,33,4852.09,4890.182,9742.272
2019-02-18,34,4636.694,4839.49,9476.184
2019-02-18,35,4504.408,4932.078,9436.486
2019-02-18,36,4392.874,5010.612,9403.486
2019-02-18,37,4354.022,5277.05,9631.072
2019-02-18,38,4350.848,5490.332,9841.18
2019-02-18,39,4327.434,5608.798,9936.232
2019-02-18,40,4073.022,5680.488,9753.51
2019-02-18,41,4097.996,5771.088,9869.084
2019-02-18,42,4182.304,5998.802,10181.106
2019-02-18,43,4161.146,6104.814,10265.96
2019-02-18,44,4043.534,6145.196,10188.73
2019-02-18,45,3991.756,6123.744,10115.5
2019-02-18,46,3879.684,6089.922,9969.606
2019-02-18,47,3656.268,6036.622,9692.89
2019-02-18,48,3617.512,6038.56,9656.072
2019-02-19,1,3634.968,5934.512,9569.48
2019-02-19,2,3439.008,5942.914,9381.922
2019-02-19,3,3393.922,6016.116,9410.038
2019-02-19,4,3425.732,6064.122,9489.854
2019-02-19,5,3398.34,6078.766,9477.106
2019-02-19,6,3210.954,5992.006,9202.96
2019-02-19,7,3061.612,5781.286,8842.898
2019-02-19,8,2996.998,5451.564,8448.562
2019-02-19,9,2825.148,5264.116,8089.264
2019-02-19,10,2548.674,5273.44,7822.114
2019-02-19,11,2560.628,5009.296,7569.924
2019-02-19,12,2479.3,4722.796,7202.096
2019-02-19,13,2326.588,4691.75,7018.338
2019-02-19,14,2227.222,4670.028,6897.25
2019-02-19,15,1977.244,4572.33,6549.574
2019-02-19,16,1803.32,4318.3,6121.62
2019-02-19,17,1690.52,4005.17,5695.69
2019-02-19,18,1465.496,4024.634,5490.13
2019-02-19,19,1372.998,3929.116,5302.114
2019-02-19,20,1339.732,3633.078,4972.81
2019-02-19,21,1250.396,3445.432,4695.828
2019-02-19,22,1197.402,3319.698,4517.1
2019-02-19,23,1212.106,3166.792,4378.898
2019-02-19,24,1238.334,3062.744,4301.078
2019-02-19,25,1230.246,3030.49,4260.736
2019-02-19,26,1319.464,3161.272,4480.736
2019-02-19,27,1461.774,3318.014,4779.788
2019-02-19,28,1580.42,3306.768,4887.188
2019-02-19,29,1716.176,3364.528,5080.704
2019-02-19,30,1744.974,3580.64,5325.614
2019-02-19,31,1760.406,3781.72,5542.126
2019-02-19,32,1840.374,3686.848,5527.222
2019-02-19,33,2055.742,3514.502,5570.244
2019-02-19,34,2250.298,3346.81,5597.108
2019-02-19,35,2361.298,3476.516,5837.814
2019-02-19,36,2614.776,3718.286,6333.062
2019-02-19,37,3014.504,4111.882,7126.386
2019-02-19,38,3108.402,4262.708,7371.11
2019-02-19,39,3249.41,4632.654,7882.064
2019-02-19,40,3473.75,4984.558,8458.308
2019-02-19,41,3607.478,5153.532,8761.01
2019-02-19,42,3795.728,5344.704,9140.432
2019-02-19,43,3904.738,5294.046,9198.784
2019-02-19,44,3646.9,5436.344,9083.244
2019-02-19,45,3451.644,5680.89,9132.534
2019-02-19,46,3384.892,5759.476,9144.368
2019-02-19,47,3290.916,5697.082,8987.998
2019-02-19,48,3068.772,5740.796,8809.568
2019-02-20,1,2844.112,5691.034,8535.146
2019-02-20,2,2798.066,5729.34,8527.406
2019-02-20,3,2793.68,5666.466,8460.146
2019-02-20,4,2961.846,5580.376,8542.222
2019-02-20,5,3124.44,5646.666,8771.106
2019-02-20,6,3285.728,5512.89,8798.618
2019-02-20,7,3307.896,5431.75,8739.646
2019-02-20,8,3199.29,5403.964,8603.254
2019-02-20,9,3144.414,5508.786,8653.2
2019-02-20,10,3092.348,5532.18,8624.528
2019-02-20,11,3006.14,5731.596,8737.736
2019-02-20,12,3119.552,5840.386,8959.938
2019-02-20,13,3338.266,5845.808,9184.074
2019-02-20,14,3399.9,5806.57,9206.47
2019-02-20,15,3411.58,5767.484,9179.064
2019-02-20,16,3625.342,5796.628,9421.97
2019-02-20,17,3627.422,5950.702,9578.124
2019-02-20,18,3321.446,5955.706,9277.152
2019-02-20,19,3355.344,5983.638,9338.982
2019-02-20,20,3568.488,5966.638,9535.126
2019-02-20,21,3884.474,5933.07,9817.544
2019-02-20,22,4032.568,5932.43,9964.998
2019-02-20,23,4291.9,6033.082,10324.982
2019-02-20,24,4069.574,6106.718,10176.292
2019-02-20,25,4158.802,6097.468,10256.27
2019-02-20,26,4173.89,5720.828,9894.718
2019-02-20,27,4110.592,5501.238,9611.83
2019-02-20,28,3904.116,5557.664,9461.78
2019-02-20,29,3947.018,5619.604,9566.622
2019-02-20,30,4018.234,5530.294,9548.528
2019-02-20,31,4005.63,5489.768,9495.398
2019-02-20,32,4041.374,5537.698,9579.072
2019-02-20,33,3932.766,5720.394,9653.16
2019-02-20,34,3865.64,5802.852,9668.492
2019-02-20,35,3960.552,5879.772,9840.324
2019-02-20,36,3954.47,5609.692,9564.162
2019-02-20,37,3725.828,5674.408,9400.236
2019-02-20,38,3390.232,5829.252,9219.484
2019-02-20,39,2977.51,5857.71,8835.22
2019-02-20,40,2977.544,5768.468,8746.012
2019-02-20,41,3062.802,5713.268,8776.07
2019-02-20,42,3137.838,5868.602,9006.44
2019-02-20,43,3170.494,5875.814,9046.308
2019-02-20,44,3033.548,5579.248,8612.796
2019-02-20,45,2944.74,5321.258,8265.998
2019-02-20,46,2835.074,5389.048,8224.122
2019-02-20,47,2875.294,5446.512,8321.806
2019-02-20,48,2786.892,5359.224,8146.116
2019-02-21,1,2692.146,5324.484,8016.63
2019-02-21,2,2565.14,5268.392,7833.532
2019-02-21,3,2479.104,5140.304,7619.408
2019-02-21,4,2415.962,4989.502,7405.464
2019-02-21,5,2538.008,4880.324,7418.332
2019-02-21,6,2328.676,4916.084,7244.76
2019-02-21,7,2162.728,4885.626,7048.354
2019-02-21,8,2147.854,4597.284,6745.138
2019-02-21,9,1990.222,4664.202,6654.424
2019-02-21,10,2155.402,4583.024,6738.426
2019-02-21,11,2152.234,4648.878,6801.112
2019-02-21,12,2260.02,4921.826,7181.846
2019-02-21,13,2252.548,4826.078,7078.626
2019-02-21,14,2231.16,4819.518,7050.678
2019-02-21,15,2254.24,4707.3,6961.54
2019-02-21,16,2315.196,4651.102,6966.298
2019-02-21,17,2496.402,4302.348,6798.75
2019-02-21,18,2542.62,4190.55,6733.17
2019-02-21,19,2698.138,4133.64,6831.778
2019-02-21,20,2608.458,3835.674,6444.132
2019-02-21,21,2551.698,3740.05,6291.748
2019-02-21,22,2613.792,3502.602,6116.394
2019-02-21,23,2743.246,3424.574,6167.82
2019-02-21,24,3007.308,3325.128,6332.436
2019-02-21,25,3034.934,3424.526,6459.46
2019-02-21,26,3176.382,3391.104,6567.486
2019-02-21,27,3279.26,2984.97,6264.23
2019-02-21,28,3312.636,2592.988,5905.624
2019-02-21,29,3248.764,2493.48,5742.244
2019-02-21,30,3269.542,2364.268,5633.81
2019-02-21,31,3319.276,2186.202,5505.478
2019-02-21,32,3211.018,2081.452,5292.47
2019-02-21,33,3021.702,2043.908,5065.61
2019-02-21,34,3100.32,1849.816,4950.136
2019-02-21,35,3110.468,1603.568,4714.036
2019-02-21,36,3095.686,1346.878,4442.564
2019-02-21,37,3186.926,1235.652,4422.578
2019-02-21,38,3235.22,1254.874,4490.094
2019-02-21,39,3376.852,1296.654,4673.506
2019-02-21,40,3716.058,1392.67,5108.728
2019-02-21,41,3590.548,1550.982,5141.53
2019-02-21,42,3549.794,1703.53,5253.324
2019-02-21,43,3749.974,1901.354,5651.328
2019-02-21,44,3692.196,2048.39,5740.586
2019-02-21,45,3792.556,2248.756,6041.312
2019-02-21,46,3746.822,2319.928,6066.75
2019-02-21,47,3693.7,2313.012,6006.712
2019-02-21,48,3779.978,2243.19,6023.168
2019-02-22,1,3763.626,2185.664,5949.29
2019-02-22,2,3902.988,2015.424,5918.412
2019-02-22,3,3973.12,1754.81,5727.93
2019-02-22,4,3983.896,1698.52,5682.416
2019-02-22,5,3763.314,1802.466,5565.78
2019-02-22,6,3778.926,1866.302,5645.228
2019-02-22,7,3716.388,1945.964,5662.352
2019-02-22,8,3562.446,1917.332,5479.778
2019-02-22,9,3604.894,2027.064,5631.958
2019-02-22,10,3622.314,2155.716,5778.03
2019-02-22,11,3502.11,2277.048,5779.158
2019-02-22,12,3508.864,2251.878,5760.742
2019-02-22,13,3594.346,2179.07,5773.416
2019-02-22,14,3499.058,2069.28,5568.338
2019-02-22,15,3714.006,1858.768,5572.774
2019-02-22,16,4263.194,1585.268,5848.462
2019-02-22,17,4493.59,1420.158,5913.748
2019-02-22,18,4427.152,1358.37,5785.522
2019-02-22,19,4255.37,1205.05,5460.42
2019-02-22,20,4348.978,1008.692,5357.67
2019-02-22,21,4217.7,982.664,5200.364
2019-02-22,22,4132.618,1057.16,5189.778
2019-02-22,23,4205.492,1080.088,5285.58
2019-02-22,24,4304.816,1130.62,5435.436
2019-02-22,25,4211.98,1273.258,5485.238
2019-02-22,26,4175.954,1526.36,5702.314
2019-02-22,27,3979.52,1733.906,5713.426
2019-02-22,28,3867.208,1716.24,5583.448
2019-02-22,29,3967.922,1934.48,5902.402
2019-02-22,30,4032.63,2065.206,6097.836
2019-02-22,31,3987.702,2258.966,6246.668
2019-02-22,32,3903.394,2288.012,6191.406
2019-02-22,33,3934.49,2495.61,6430.1
2019-02-22,34,3964.586,2763.682,6728.268
2019-02-22,35,4002.762,2729.574,6732.336
2019-02-22,36,4180.45,2830.668,7011.118
2019-02-22,37,4092.06,3186.034,7278.094
2019-02-22,38,4198.778,3471.448,7670.226
2019-02-22,39,4371.43,3615.198,7986.628
2019-02-22,40,4481.042,3600.456,8081.498
2019-02-22,41,4478.274,3890.624,8368.898
2019-02-22,42,4258.278,4061.036,8319.314
2019-02-22,43,4111.778,4121.204,8232.982
2019-02-22,44,3739.63,4332.224,8071.854
2019-02-22,45,3666.886,4354.958,8021.844
2019-02-22,46,3803.934,4403.736,8207.67
2019-02-22,47,3798.744,4429.822,8228.566
2019-02-22,48,3829.384,4313.392,8142.776
2019-02-23,1,3744.832,4125.808,7870.64
2019-02-23,2,3654.884,4026.498,7681.382
2019-02-23,3,3733.528,4003.166,7736.694
2019-02-23,4,3867.164,3808.126,7675.29
2019-02-23,5,3810.642,3787.16,7597.802
2019-02-23,6,3811.97,3836.426,7648.396
2019-02-23,7,3966.82,4052.058,8018.878
2019-02-23,8,3948.944,4224.276,8173.22
2019-02-23,9,4005.274,4312.408,8317.682
2019-02-23,10,3879.766,4555.676,8435.442
2019-02-23,11,3545.514,4489.412,8034.926
2019-02-23,12,3554.522,4257.722,7812.244
2019-02-23,13,3632.904,4025.358,7658.262
2019-02-23,14,3716.878,3760.508,7477.386
2019-02-23,15,3574.158,3569.528,7143.686
2019-02-23,16,3645.268,3595.312,7240.58
2019-02-23,17,3690.098,3542.016,7232.114
2019-02-23,18,3909.982,3363.69,7273.672
2019-02-23,19,4206.536,3102.818,7309.354
2019-02-23,20,4146.252,2988.474,7134.726
2019-02-23,21,3959.876,3011.794,6971.67
2019-02-23,22,3888.142,3068.418,6956.56
2019-02-23,23,3801.922,3064.73,6866.652
2019-02-23,24,3881.352,2957.296,6838.648
2019-02-23,25,3881.814,2949.468,6831.282
2019-02-23,26,3857.936,2853.798,6711.734
2019-02-23,27,3882.66,2778.524,6661.184
2019-02-23,28,3866.994,2574.062,6441.056
2019-02-23,29,3973.382,2464.358,6437.74
2019-02-23,30,3899.802,2557.274,6457.076
2019-02-23,31,3762.754,2577.258,6340.012
2019-02-23,32,3571.636,2749.924,6321.56
2019-02-23,33,3251.864,3036.09,6287.954
2019-02-23,34,3170.636,2909.426,6080.062
2019-02-23,35,3102.048,2855.754,5957.802
2019-02-23,36,2964.592,2673.73,5638.322
2019-02-23,37,2946.204,2374.53,5320.734
2019-02-23,38,2861.422,2110.146,4971.568
2019-02-23,39,2904.128,1897.91,4802.038
2019-02-23,40,2890.778,1693.786,4584.564
2019-02-23,41,2841.878,1522.928,4364.806
2019-02-23,42,2767.698,1280.902,4048.6
2019-02-23,43,2523.466,1070.54,3594.006
2019-02-23,44,2269.872,997.012,3266.884
2019-02-23,45,1895.906,959.278,2855.184
2019-02-23,46,1716.17,869.314,2585.484
2019-02-23,47,1275.232,749.394,2024.626
2019-02-23,48,1065.68,716.614,1782.294
2019-02-24,1,969.36,662.118,1631.478
2019-02-24,2,871.008,578.424,1449.432
2019-02-24,3,897.44,480.636,1378.076
2019-02-24,4,810.362,315.854,1126.216
2019-02-24,5,759.686,160,919.686
2019-02-24,6,709.998,160.33,870.328
2019-02-24,7,640.132,221.588,861.72
2019-02-24,8,587.848,218.934,806.782
2019-02-24,9,529.306,158.346,687.652
2019-02-24,10,480.19,50.722,530.912
2019-02-24,11,425.264,72.864,498.128
2019-02-24,12,398.978,114.186,513.164
2019-02-24,13,438.856,265.49,704.346
2019-02-24,14,544.552,380.65,925.202
2019-02-24,15,675.954,546.426,1222.38
2019-02-24,16,811.094,512.9,1323.994
2019-02-24,17,996.572,404.846,1401.418
2019-02-24,18,1159.572,428.896,1588.468
2019-02-24,19,1190.538,426.58,1617.118
2019-02-24,20,1175.126,514.344,1689.47
2019-02-24,21,1292.758,482.172,1774.93
2019-02-24,22,1340.098,466.742,1806.84
2019-02-24,23,1578.494,531.742,2110.236
2019-02-24,24,1980.434,571.172,2551.606
2019-02-24,25,2243.398,598.508,2841.906
2019-02-24,26,2405.726,639.63,3045.356
2019-02-24,27,2531.584,711.256,3242.84
2019-02-24,28,2495.238,778.936,3274.174
2019-02-24,29,2416.24,901.198,3317.438
2019-02-24,30,2346.652,947.5,3294.152
2019-02-24,31,2324.59,924.374,3248.964
2019-02-24,32,2353.704,910.102,3263.806
2019-02-24,33,2518.436,805.048,3323.484
2019-02-24,34,2508.438,811.228,3319.666
2019-02-24,35,2519.28,999.824,3519.104
2019-02-24,36,2734.04,1047.888,3781.928
2019-02-24,37,2685.878,918.208,3604.086
2019-02-24,38,2785.524,945.044,3730.568
2019-02-24,39,2959.088,980.39,3939.478
2019-02-24,40,2997.496,871.544,3869.04
2019-02-24,41,2788.262,891.508,3679.77
2019-02-24,42,2770.396,927.622,3698.018
2019-02-24,43,2795.862,983.336,3779.198
2019-02-24,44,2920.738,825.326,3746.064
2019-02-24,45,2807.218,742.25,3549.468
2019-02-24,46,2523.97,891.048,3415.018
2019-02-24,47,2290.404,999.454,3289.858
2019-02-24,48,2156.494,990.142,3146.636
2019-02-25,1,2018.08,943.426,2961.506
2019-02-25,2,2037.002,872.94,2909.942
2019-02-25,3,1999.802,721.57,2721.372
2019-02-25,4,1943.774,667.866,2611.64
2019-02-25,5,1784.714,605.334,2390.048
2019-02-25,6,1523.746,508.196,2031.942
2019-02-25,7,1558.072,395.508,1953.58
2019-02-25,8,1438.092,298.124,1736.216
2019-02-25,9,1304.444,272.062,1576.506
2019-02-25,10,1224.028,334.964,1558.992
2019-02-25,11,1010.134,347.264,1357.398
2019-02-25,12,963.95,317.312,1281.262
2019-02-25,13,1000.39,289.89,1290.28
2019-02-25,14,963.436,302.214,1265.65
2019-02-25,15,1022.138,376.098,1398.236
2019-02-25,16,1129.532,399.998,1529.53
2019-02-25,17,1214.476,437.634,1652.11
2019-02-25,18,1205.278,472.59,1677.868
2019-02-25,19,1152.12,545.738,1697.858
2019-02-25,20,1019.08,713.482,1732.562
2019-02-25,21,896.762,753.958,1650.72
2019-02-25,22,807.944,637.44,1445.384
2019-02-25,23,746.61,623.036,1369.646
2019-02-25,24,764.432,543.02,1307.452
2019-02-25,25,883.606,467.304,1350.91
2019-02-25,26,794.748,462.704,1257.452
2019-02-25,27,833.802,398.066,1231.868
2019-02-25,28,837.066,322.866,1159.932
2019-02-25,29,871.906,292.404,1164.31
2019-02-25,30,978.184,322.21,1300.394
2019-02-25,31,1035.694,400.294,1435.988
2019-02-25,32,1120.27,514.878,1635.148
2019-02-25,33,1317.538,606.79,1924.328
2019-02-25,34,1523.686,656.388,2180.074
2019-02-25,35,1797.166,797.064,2594.23
2019-02-25,36,1920.71,970.222,2890.932
2019-02-25,37,1969.962,1064.064,3034.026
2019-02-25,38,2043.298,1211.002,3254.3
2019-02-25,39,2092.526,1289.244,3381.77
2019-02-25,40,2077.286,1313.746,3391.032
2019-02-25,41,2171.094,1095.69,3266.784
2019-02-25,42,2326.394,816.378,3142.772
2019-02-25,43,2368.846,572.65,2941.496
2019-02-25,44,2373.92,522.406,2896.326
2019-02-25,45,2449.822,508.886,2958.708
2019-02-25,46,2571.882,504.004,3075.886
2019-02-25,47,2814.102,477.83,3291.932
2019-02-25,48,2827.064,374.924,3201.988
2019-02-26,1,2803.802,342.86,3146.662
2019-02-26,2,2631.426,274.784,2906.21
2019-02-26,3,2495.58,223.628,2719.208
2019-02-26,4,2378.134,183.688,2561.822
2019-02-26,5,2297.852,159.856,2457.708
2019-02-26,6,2325.142,145.372,2470.514
2019-02-26,7,2373.266,170.838,2544.104
2019-02-26,8,2183.168,330.322,2513.49
2019-02-26,9,2044.756,387.498,2432.254
2019-02-26,10,1979.3,395.374,2374.674
2019-02-26,11,1726.37,315.656,2042.026
2019-02-26,12,1587.98,243.526,1831.506
2019-02-26,13,1585.272,250.952,1836.224
2019-02-26,14,1657.732,237.294,1895.026
2019-02-26,15,1514.028,290.43,1804.458
2019-02-26,16,1354.124,343.942,1698.066
2019-02-26,17,1142.196,333.864,1476.06
2019-02-26,18,1119.064,328.178,1447.242
2019-02-26,19,997.11,326.922,1324.032
2019-02-26,20,833.74,362.39,1196.13
2019-02-26,21,669.47,450.196,1119.666
2019-02-26,22,572.06,558.878,1130.938
2019-02-26,23,521.006,535.01,1056.016
2019-02-26,24,481.256,486.296,967.552
2019-02-26,25,453.02,444.898,897.918
2019-02-26,26,404.024,393.982,798.006
2019-02-26,27,404.544,373.874,778.418
2019-02-26,28,394.92,404.444,799.364
2019-02-26,29,337.558,461.136,798.694
2019-02-26,30,297.696,553.672,851.368
2019-02-26,31,292.156,598.646,890.802
2019-02-26,32,294.102,587.474,881.576
2019-02-26,33,305.068,597.654,902.722
2019-02-26,34,357.666,617.352,975.018
2019-02-26,35,410.55,631.794,1042.344
2019-02-26,36,485.668,729.796,1215.464
2019-02-26,37,546.91,874.232,1421.142
2019-02-26,38,650.164,1169.628,1819.792
2019-02-26,39,768.75,1432.002,2200.752
2019-02-26,40,836.346,1697.716,2534.062
2019-02-26,41,852.712,1714.502,2567.214
2019-02-26,42,829.496,1743.064,2572.56
2019-02-26,43,837.33,1659.046,2496.376
2019-02-26,44,984.188,1502.148,2486.336
2019-02-26,45,1088.306,1432.042,2520.348
2019-02-26,46,1198.858,1337.942,2536.8
2019-02-26,47,1273.282,1214.848,2488.13
2019-02-26,48,1224.908,1110.614,2335.522
2019-02-27,1,1165.912,1073.41,2239.322
2019-02-27,2,1103.966,987.326,2091.292
2019-02-27,3,1081.812,856.358,1938.17
2019-02-27,4,1019.69,783.798,1803.488
2019-02-27,5,967.222,684.798,1652.02
2019-02-27,6,816.14,524.478,1340.618
2019-02-27,7,816.008,478.812,1294.82
2019-02-27,8,748.88,428.156,1177.036
2019-02-27,9,627.414,407.2,1034.614
2019-02-27,10,565.562,362.896,928.458
2019-02-27,11,616.008,376.22,992.228
2019-02-27,12,697.956,360.906,1058.862
2019-02-27,13,787.06,330.312,1117.372
2019-02-27,14,736.288,286.804,1023.092
2019-02-27,15,749.81,250.962,1000.772
2019-02-27,16,746.906,194.762,941.668
2019-02-27,17,749.064,189.718,938.782
2019-02-27,18,704.026,217.632,921.658
2019-02-27,19,652.548,220.874,873.422
2019-02-27,20,624.016,215.944,839.96
2019-02-27,21,618.372,212.002,830.374
2019-02-27,22,680.862,237.948,918.81
2019-02-27,23,732.036,234.956,966.992
2019-02-27,24,839.088,228.792,1067.88
2019-02-27,25,849.91,222.968,1072.878
2019-02-27,26,868.048,216.894,1084.942
2019-02-27,27,813.374,233.004,1046.378
2019-02-27,28,697.796,240.142,937.938
2019-02-27,29,711.508,293.192,1004.7
2019-02-27,30,714.052,375.448,1089.5
2019-02-27,31,741.132,422.402,1163.534
2019-02-27,32,661.43,518.146,1179.576
2019-02-27,33,579.324,609.156,1188.48
2019-02-27,34,553.28,688.438,1241.718
2019-02-27,35,559.116,555.996,1115.112
2019-02-27,36,598.802,421.582,1020.384
2019-02-27,37,546.45,369.97,916.42
2019-02-27,38,463.59,374.432,838.022
2019-02-27,39,409.262,364.628,773.89
2019-02-27,40,409.002,411.984,820.986
2019-02-27,41,334.53,481.712,816.242
2019-02-27,42,256.088,518.176,774.264
2019-02-27,43,221.496,515.866,737.362
2019-02-27,44,188.51,512.868,701.378
2019-02-27,45,171.312,405.318,576.63
2019-02-27,46,162.978,427.52,590.498
2019-02-27,47,180.474,409.872,590.346
2019-02-27,48,221.996,390.534,612.53
2019-02-28,1,316.676,359.52,676.196
2019-02-28,2,396.604,306.46,703.064
2019-02-28,3,413.3,321,734.3
2019-02-28,4,423.952,372.454,796.406
2019-02-28,5,435.578,485,920.578
2019-02-28,6,459.052,465.252,924.304
2019-02-28,7,493.806,370.084,863.89
2019-02-28,8,570.292,446.19,1016.482
2019-02-28,9,602.574,614.092,1216.666
2019-02-28,10,640.264,547.106,1187.37
2019-02-28,11,699.126,458.878,1158.004
2019-02-28,12,766.074,636.448,1402.522
2019-02-28,13,818.948,793.064,1612.012
2019-02-28,14,800.772,694.462,1495.234
2019-02-28,15,788.54,928.35,1716.89
2019-02-28,16,741.48,1134.658,1876.138
2019-02-28,17,717.902,1394.862,2112.764
2019-02-28,18,666.284,1568.318,2234.602
2019-02-28,19,612.99,1587.166,2200.156
2019-02-28,20,581.668,1596.704,2178.372
2019-02-28,21,568.004,1549.44,2117.444
2019-02-28,22,565.588,1690.586,2256.174
2019-02-28,23,576.816,1728.936,2305.752
2019-02-28,24,535.77,1874.79,2410.56
2019-02-28,25,460.868,1849.568,2310.436
2019-02-28,26,419.27,1928.696,2347.966
2019-02-28,27,396.638,2070.828,2467.466
2019-02-28,28,375.546,2284.356,2659.902
2019-02-28,29,366.328,2200.584,2566.912
2019-02-28,30,347.962,2246.208,2594.17
2019-02-28,31,315.742,2307.074,2622.816
2019-02-28,32,283.368,2233.572,2516.94
2019-02-28,33,255.464,2139.782,2395.246
2019-02-28,34,240.05,2055.42,2295.47
2019-02-28,35,239.086,1902.796,2141.882
2019-02-28,36,245.78,2014.362,2260.142
2019-02-28,37,230.17,2121.346,2351.516
2019-02-28,38,224.828,2085.204,2310.032
2019-02-28,39,203.652,2005.88,2209.532
2019-02-28,40,205.962,1894.084,2100.046
2019-02-28,41,201.028,2028.168,2229.196
2019-02-28,42,207.77,2129.026,2336.796
2019-02-28,43,217.662,1988.67,2206.332
2019-02-28,44,191.372,1708.046,1899.418
2019-02-28,45,195.938,1486.984,1682.922
2019-02-28,46,190.142,1601.106,1791.248
2019-02-28,47,193.364,1804.712,1998.076
2019-02-28,48,199.384,1863.462,2062.846
2019-03-01,1,197.372,1786.892,1984.264
2019-03-01,2,197,1761.558,1958.558
2019-03-01,3,201.556,1702.488,1904.044
2019-03-01,4,197.52,1713.408,1910.928
2019-03-01,5,192.962,1805.792,1998.754
2019-03-01,6,200.164,1775.07,1975.234
2019-03-01,7,210.38,1626.044,1836.424
2019-03-01,8,209.364,1656.208,1865.572
2019-03-01,9,237.364,1510.368,1747.732
2019-03-01,10,242.932,1361.222,1604.154
2019-03-01,11,238.374,1421.724,1660.098
2019-03-01,12,225.788,1241.406,1467.194
2019-03-01,13,215.448,1103.58,1319.028
2019-03-01,14,242.628,1036.472,1279.1
2019-03-01,15,255.834,904.402,1160.236
2019-03-01,16,312.724,657.318,970.042
2019-03-01,17,415.548,392.166,807.714
2019-03-01,18,519.622,360.188,879.81
2019-03-01,19,613.052,277.81,890.862
2019-03-01,20,595.694,310.012,905.706
2019-03-01,21,608.104,264.67,872.774
2019-03-01,22,625.508,196.886,822.394
2019-03-01,23,582.56,96.558,679.118
2019-03-01,24,610.804,85.084,695.888
2019-03-01,25,665.55,93.332,758.882
2019-03-01,26,750.072,96.318,846.39
2019-03-01,27,850.512,144.49,995.002
2019-03-01,28,919.588,128.236,1047.824
2019-03-01,29,1007.962,116.07,1124.032
2019-03-01,30,1120.22,151.544,1271.764
2019-03-01,31,1264.732,263.74,1528.472
2019-03-01,32,1405.192,412.854,1818.046
2019-03-01,33,1438.958,575.894,2014.852
2019-03-01,34,1633.782,705.78,2339.562
2019-03-01,35,1836.352,817.994,2654.346
2019-03-01,36,1983.284,863.01,2846.294
2019-03-01,37,2119.272,787.314,2906.586
2019-03-01,38,2166.234,828.318,2994.552
2019-03-01,39,2197.366,993.978,3191.344
2019-03-01,40,2206.112,1093.44,3299.552
2019-03-01,41,2210.79,1184.52,3395.31
2019-03-01,42,2089.766,1311.296,3401.062
2019-03-01,43,1917.19,1552.712,3469.902
2019-03-01,44,1683.376,1801.184,3484.56
2019-03-01,45,1710.436,2031.322,3741.758
2019-03-01,46,1727.514,2220.198,3947.712
2019-03-01,47,1753.38,2600.448,4353.828
2019-03-01,48,1639.616,3135.588,4775.204
2019-03-02,1,1487.586,3420.668,4908.254
2019-03-02,2,1364.228,3754.058,5118.286
2019-03-02,3,1310.946,3526.446,4837.392
2019-03-02,4,1277.702,3483.746,4761.448
2019-03-02,5,1209.522,3565.09,4774.612
2019-03-02,6,1199.884,3236.804,4436.688
2019-03-02,7,1226.1,2948.514,4174.614
2019-03-02,8,1137.576,3174.436,4312.012
2019-03-02,9,1067.638,3413.156,4480.794
2019-03-02,10,902.942,3324.144,4227.086
2019-03-02,11,839.33,3458.356,4297.686
2019-03-02,12,696.886,3461.926,4158.812
2019-03-02,13,595.118,3090.202,3685.32
2019-03-02,14,629.238,3108.312,3737.55
2019-03-02,15,688.292,2983.686,3671.978
2019-03-02,16,892.032,2911.232,3803.264
2019-03-02,17,1068.92,2715.468,3784.388
2019-03-02,18,1270.416,2518.258,3788.674
2019-03-02,19,1662.308,2496.914,4159.222
2019-03-02,20,2285.622,2775.61,5061.232
2019-03-02,21,2796.41,2965.452,5761.862
2019-03-02,22,3299.248,3346.342,6645.59
2019-03-02,23,3774.806,3853.596,7628.402
2019-03-02,24,4098.026,4100.87,8198.896
2019-03-02,25,4397.052,4460.038,8857.09
2019-03-02,26,4511.51,4935.82,9447.33
2019-03-02,27,4615.442,5102.334,9717.776
2019-03-02,28,4609.946,5057.64,9667.586
2019-03-02,29,4598.868,5281.86,9880.728
2019-03-02,30,4465.236,5619.884,10085.12
2019-03-02,31,4318.708,6079.33,10398.038
2019-03-02,32,4139.238,6436.692,10575.93
2019-03-02,33,4071.936,6756.022,10827.958
2019-03-02,34,3974.386,6938.76,10913.146
2019-03-02,35,3869.078,6960.63,10829.708
2019-03-02,36,3688.11,6969.71,10657.82
2019-03-02,37,3814.49,6905.352,10719.842
2019-03-02,38,3902.888,6953.562,10856.45
2019-03-02,39,3998.124,6979.668,10977.792
2019-03-02,40,4118.648,7024.192,11142.84
2019-03-02,41,4033.556,7024.356,11057.912
2019-03-02,42,3822.598,6997.442,10820.04
2019-03-02,43,3726.148,6977.568,10703.716
2019-03-02,44,3531.474,6989.882,10521.356
2019-03-02,45,3391.45,6979.682,10371.132
2019-03-02,46,3332.556,6980.22,10312.776
2019-03-02,47,3104.754,6955.112,10059.866
2019-03-02,48,3159.644,6772.342,9931.986
2019-03-03,1,3061.526,6717.384,9778.91
2019-03-03,2,3094.188,6840.514,9934.702
2019-03-03,3,3022.45,6962.818,9985.268
2019-03-03,4,2994.58,6938.602,9933.182
2019-03-03,5,3023.584,6912.486,9936.07
2019-03-03,6,2931.436,6889.582,9821.018
2019-03-03,7,2957.646,6805.286,9762.932
2019-03-03,8,2987.606,6704.308,9691.914
2019-03-03,9,3017.636,6586.962,9604.598
2019-03-03,10,3032.51,6384.52,9417.03
2019-03-03,11,3062.17,6246.228,9308.398
2019-03-03,12,3158.948,6132.088,9291.036
2019-03-03,13,3062.65,6041.324,9103.974
2019-03-03,14,3108.64,5620.3,8728.94
2019-03-03,15,2898.382,5345.254,8243.636
2019-03-03,16,3064.512,5078.1,8142.612
2019-03-03,17,3125.828,5134.142,8259.97
2019-03-03,18,3277.534,5374.876,8652.41
2019-03-03,19,3916.936,5235.738,9152.674
2019-03-03,20,4075.74,4978.376,9054.116
2019-03-03,21,4308.392,4834.132,9142.524
2019-03-03,22,4350.864,4519.192,8870.056
2019-03-03,23,4314.84,4277.79,8592.63
2019-03-03,24,4331.286,3685.142,8016.428
2019-03-03,25,4542.592,3071.316,7613.908
2019-03-03,26,4237.376,2675.322,6912.698
2019-03-03,27,3918.25,2600.302,6518.552
2019-03-03,28,3445.784,2800.946,6246.73
2019-03-03,29,3033.856,3343.598,6377.454
2019-03-03,30,2498.586,4350.294,6848.88
2019-03-03,31,2180.144,5294.806,7474.95
2019-03-03,32,1755.848,5962.718,7718.566
2019-03-03,33,1493.118,6442.794,7935.912
2019-03-03,34,1248.324,6558.838,7807.162
2019-03-03,35,1058.126,6718.934,7777.06
2019-03-03,36,874.55,6520.842,7395.392
2019-03-03,37,819.416,6587.734,7407.15
2019-03-03,38,839.424,6735.322,7574.746
2019-03-03,39,853.166,6883.272,7736.438
2019-03-03,40,851.574,6820.066,7671.64
2019-03-03,41,915.172,6964.626,7879.798
2019-03-03,42,877.3,7010.132,7887.432
2019-03-03,43,994.966,7045.432,8040.398
2019-03-03,44,1248.686,6951.22,8199.906
2019-03-03,45,1494.924,6844.516,8339.44
2019-03-03,46,1661.51,6794.284,8455.794
2019-03-03,47,1799.766,6628.702,8428.468
2019-03-03,48,2046.344,6519.864,8566.208
2019-03-04,1,2291.526,6679.828,8971.354
2019-03-04,2,2499.82,6586.756,9086.576
2019-03-04,3,2756.668,6612.772,9369.44
2019-03-04,4,2935.504,6494.03,9429.534
2019-03-04,5,2983.552,6521.962,9505.514
2019-03-04,6,3047.108,6503.502,9550.61
2019-03-04,7,3117.996,6271.066,9389.062
2019-03-04,8,3274.016,6087.588,9361.604
2019-03-04,9,3410.292,6052.114,9462.406
2019-03-04,10,3416.22,6442.472,9858.692
2019-03-04,11,3318.256,6507.248,9825.504
2019-03-04,12,3349.652,6292.162,9641.814
2019-03-04,13,3254.29,6073.926,9328.216
2019-03-04,14,3331.884,6626.844,9958.728
2019-03-04,15,3378.362,6887.474,10265.836
2019-03-04,16,3447.324,7023.776,10471.1
2019-03-04,17,3448.362,6970.934,10419.296
2019-03-04,18,3498.608,6833.252,10331.86
2019-03-04,19,3573.242,6731.574,10304.816
2019-03-04,20,3614.582,6475.09,10089.672
2019-03-04,21,3756.55,6291.084,10047.634
2019-03-04,22,3833.634,6183.768,10017.402
2019-03-04,23,3955.188,5849.572,9804.76
2019-03-04,24,3945.784,5796.418,9742.202
2019-03-04,25,3964.636,5897.272,9861.908
2019-03-04,26,3953.822,5950.482,9904.304
2019-03-04,27,3828.448,5636.44,9464.888
2019-03-04,28,3783.454,5872.776,9656.23
2019-03-04,29,3694.146,6222.174,9916.32
2019-03-04,30,3573.784,6195.93,9769.714
2019-03-04,31,3478.394,6227.26,9705.654
2019-03-04,32,3554.772,6221.448,9776.22
2019-03-04,33,3491.348,6180.49,9671.838
2019-03-04,34,3228.678,5932.088,9160.766
2019-03-04,35,2955.44,6492.918,9448.358
2019-03-04,36,2970.464,6638.03,9608.494
2019-03-04,37,2833.156,6616.664,9449.82
2019-03-04,38,2702.568,6386.164,9088.732
2019-03-04,39,2669.722,5982.436,8652.158
2019-03-04,40,2775.092,5685.194,8460.286
2019-03-04,41,2646.894,5843.782,8490.676
2019-03-04,42,2652.26,6066.396,8718.656
2019-03-04,43,2585.636,6320.582,8906.218
2019-03-04,44,2484.378,6406.09,8890.468
2019-03-04,45,2396.72,6303.98,8700.7
2019-03-04,46,2216.09,6194.488,8410.578
2019-03-04,47,2277.446,6128.63,8406.076
2019-03-04,48,2212.04,5941.252,8153.292
2019-03-05,1,1965.814,5783.982,7749.796
2019-03-05,2,1807.782,5787.846,7595.628
2019-03-05,3,1645.036,6035.668,7680.704
2019-03-05,4,1555.546,6064.116,7619.662
2019-03-05,5,1554.462,6064.88,7619.342
2019-03-05,6,1501.372,6171.666,7673.038
2019-03-05,7,1421.2,6144.414,7565.614
2019-03-05,8,1410.084,6007.662,7417.746
2019-03-05,9,1230.466,5818.472,7048.938
2019-03-05,10,1128.088,5690.702,6818.79
2019-03-05,11,1080.73,5637.726,6718.456
2019-03-05,12,974.98,5817.514,6792.494
2019-03-05,13,919.944,5814.872,6734.816
2019-03-05,14,894.776,5968.302,6863.078
2019-03-05,15,933.194,6162.186,7095.38
2019-03-05,16,915.788,6285.316,7201.104
2019-03-05,17,879.486,6112.098,6991.584
2019-03-05,18,829.356,6150.748,6980.104
2019-03-05,19,840.416,6100.976,6941.392
2019-03-05,20,800.752,6027.914,6828.666
2019-03-05,21,802.88,5918.864,6721.744
2019-03-05,22,840.44,5810.858,6651.298
2019-03-05,23,747.244,5898.778,6646.022
2019-03-05,24,586.994,5912.34,6499.334
2019-03-05,25,618.372,5798.342,6416.714
2019-03-05,26,683.508,5863.37,6546.878
2019-03-05,27,646.716,5797.946,6444.662
2019-03-05,28,677.408,5823.52,6500.928
2019-03-05,29,631.848,5632.682,6264.53
2019-03-05,30,572.864,5535.9,6108.764
2019-03-05,31,510.128,5288.14,5798.268
2019-03-05,32,472.234,5365.138,5837.372
2019-03-05,33,402.386,5423.628,5826.014
2019-03-05,34,351.63,5487.75,5839.38
2019-03-05,35,264.914,5502.916,5767.83
2019-03-05,36,243.02,5094.714,5337.734
2019-03-05,37,224.26,4558.984,4783.244
2019-03-05,38,197.304,4499.282,4696.586
2019-03-05,39,204.238,4173.078,4377.316
2019-03-05,40,193.134,3973.38,4166.514
2019-03-05,41,191.164,3931.31,4122.474
2019-03-05,42,215.926,4061.242,4277.168
2019-03-05,43,246.244,4374.304,4620.548
2019-03-05,44,287.374,4653.322,4940.696
2019-03-05,45,336.228,4978.792,5315.02
2019-03-05,46,410.566,5509.686,5920.252
2019-03-05,47,548.266,5941.93,6490.196
2019-03-05,48,741.772,6237.052,6978.824
2019-03-06,1,1012.33,6422.874,7435.204
2019-03-06,2,1425.29,6525.084,7950.374
2019-03-06,3,1754.078,6680.424,8434.502
2019-03-06,4,2068.554,6663.28,8731.834
2019-03-06,5,2392.08,6625.24,9017.32
2019-03-06,6,2612.844,6741.318,9354.162
2019-03-06,7,2863.594,6652.98,9516.574
2019-03-06,8,3183.528,6596.514,9780.042
2019-03-06,9,3441.17,6609.65,10050.82
2019-03-06,10,3622.638,6491.694,10114.332
2019-03-06,11,3767.16,6369.95,10137.11
2019-03-06,12,3902.562,6460.56,10363.122
2019-03-06,13,3988.878,6739.948,10728.826
2019-03-06,14,3956.506,6794.904,10751.41
2019-03-06,15,3869.89,6706.162,10576.052
2019-03-06,16,3867.68,6702.994,10570.674
2019-03-06,17,3794.376,6595.134,10389.51
2019-03-06,18,3612.236,6502.874,10115.11
2019-03-06,19,3380.844,6351.868,9732.712
2019-03-06,20,3290.044,6211.164,9501.208
2019-03-06,21,3312.946,5909.88,9222.826
2019-03-06,22,3359.822,5518.752,8878.574
2019-03-06,23,3259.718,5300.678,8560.396
2019-03-06,24,3259.66,5234.39,8494.05
2019-03-06,25,3378.686,5171.1,8549.786
2019-03-06,26,3311.906,5080.922,8392.828
2019-03-06,27,3256.422,5498.534,8754.956
2019-03-06,28,3205.33,5442.184,8647.514
2019-03-06,29,3032.12,5282.62,8314.74
2019-03-06,30,2789.488,5131.058,7920.546
2019-03-06,31,2517.268,5156.002,7673.27
2019-03-06,32,2357.948,5239.428,7597.376
2019-03-06,33,2193.688,5654.65,7848.338
2019-03-06,34,2128.302,6058.062,8186.364
2019-03-06,35,2081.878,6124.034,8205.912
2019-03-06,36,1997.846,5584.016,7581.862
2019-03-06,37,1919.19,5533.582,7452.772
2019-03-06,38,1790.284,5396.716,7187
2019-03-06,39,1720.234,5348.242,7068.476
2019-03-06,40,1691.004,5172.23,6863.234
2019-03-06,41,1772.57,5449.256,7221.826
2019-03-06,42,1804.526,5804.824,7609.35
2019-03-06,43,1893.072,6213.622,8106.694
2019-03-06,44,1898.436,6358.454,8256.89
2019-03-06,45,1894.632,6617.824,8512.456
2019-03-06,46,1919.72,6807.238,8726.958
2019-03-06,47,1992.484,6867.232,8859.716
2019-03-06,48,2095.122,6691.726,8786.848
2019-03-07,1,2080.246,6712.284,8792.53
2019-03-07,2,1943.322,6672.634,8615.956
2019-03-07,3,1891.902,6602.584,8494.486
2019-03-07,4,1868.938,6338.29,8207.228
2019-03-07,5,1948.57,6064.846,8013.416
2019-03-07,6,1943.882,6128.856,8072.738
2019-03-07,7,1882.062,6331.484,8213.546
2019-03-07,8,1912.928,6519.538,8432.466
2019-03-07,9,1905.82,6634.52,8540.34
2019-03-07,10,1947.53,6656.92,8604.45
2019-03-07,11,2092.562,6672.362,8764.924
2019-03-07,12,2137.866,6735.01,8872.876
2019-03-07,13,2126.012,6792.404,8918.416
2019-03-07,14,2340.878,6832.072,9172.95
2019-03-07,15,2684.658,6860.854,9545.512
2019-03-07,16,2867.064,6900.022,9767.086
2019-03-07,17,3144.4,6857.444,10001.844
2019-03-07,18,3606.216,6865.346,10471.562
2019-03-07,19,3800.002,6855.846,10655.848
2019-03-07,20,4051.778,6798.676,10850.454
2019-03-07,21,4230.638,6858.502,11089.14
2019-03-07,22,4345.342,6951.438,11296.78
2019-03-07,23,4390.608,6984.198,11374.806
2019-03-07,24,4358.082,7005.082,11363.164
2019-03-07,25,4308.136,6977.388,11285.524
2019-03-07,26,4333.208,6945.642,11278.85
2019-03-07,27,4253.28,6967.746,11221.026
2019-03-07,28,4250.672,6972.614,11223.286
2019-03-07,29,4187.222,6991.07,11178.292
2019-03-07,30,4103.958,6970.312,11074.27
2019-03-07,31,3999.354,6970.15,10969.504
2019-03-07,32,3999.116,6991.75,10990.866
2019-03-07,33,4036.416,6951.506,10987.922
2019-03-07,34,4056.482,6968.38,11024.862
2019-03-07,35,4109.296,6983.948,11093.244
2019-03-07,36,3973.468,6931.65,10905.118
2019-03-07,37,3932.664,6938.066,10870.73
2019-03-07,38,3685.39,6967.134,10652.524
2019-03-07,39,3562.024,6962.14,10524.164
2019-03-07,40,3272.788,6905.312,10178.1
2019-03-07,41,3061.416,6834.558,9895.974
2019-03-07,42,2847.778,6780.66,9628.438
2019-03-07,43,2702.354,6730.062,9432.416
2019-03-07,44,2366.212,6447.236,8813.448
2019-03-07,45,2140.014,6089.592,8229.606
2019-03-07,46,1956.362,5844.842,7801.204
2019-03-07,47,1647.174,5519.9,7167.074
2019-03-07,48,1302.2,4705.756,6007.956
2019-03-08,1,975.854,4180.924,5156.778
2019-03-08,2,901.436,4106.96,5008.396
2019-03-08,3,762.572,4061.312,4823.884
2019-03-08,4,590.462,3841.978,4432.44
2019-03-08,5,627.786,3584.128,4211.914
2019-03-08,6,668.884,3363.96,4032.844
2019-03-08,7,551.232,3226.952,3778.184
2019-03-08,8,503.514,2948.17,3451.684
2019-03-08,9,510.46,2916.182,3426.642
2019-03-08,10,519.384,2798.518,3317.902
2019-03-08,11,534.416,2410.252,2944.668
2019-03-08,12,587.722,1942.932,2530.654
2019-03-08,13,724.738,1490.128,2214.866
2019-03-08,14,801.136,1147.416,1948.552
2019-03-08,15,972.792,937.596,1910.388
2019-03-08,16,1150.478,870.428,2020.906
2019-03-08,17,1352.472,1018.666,2371.138
2019-03-08,18,1635.61,1102.692,2738.302
2019-03-08,19,2031.654,1241.956,3273.61
2019-03-08,20,2306.71,1599.028,3905.738
2019-03-08,21,2387.572,1919.284,4306.856
2019-03-08,22,2647.45,2518.834,5166.284
2019-03-08,23,2972.776,3059.664,6032.44
2019-03-08,24,3301.522,3108.656,6410.178
2019-03-08,25,3551.994,3312.64,6864.634
2019-03-08,26,3857.022,3677.906,7534.928
2019-03-08,27,3903.862,4187.518,8091.38
2019-03-08,28,3878.682,4595.914,8474.596
2019-03-08,29,4012.722,4853.02,8865.742
2019-03-08,30,4003.202,5074.952,9078.154
2019-03-08,31,3959.826,5317.31,9277.136
2019-03-08,32,3963.278,5553.126,9516.404
2019-03-08,33,3977.02,5735.914,9712.934
2019-03-08,34,4015.986,6013.94,10029.926
2019-03-08,35,4188.7,6182.502,10371.202
2019-03-08,36,4390.224,6494.81,10885.034
2019-03-08,37,4318.68,6571.016,10889.696
2019-03-08,38,4409.532,6777.558,11187.09
2019-03-08,39,4263.516,6923.086,11186.602
2019-03-08,40,4079.028,6949.224,11028.252
2019-03-08,41,3750.548,7014.128,10764.676
2019-03-08,42,3555.46,6920.692,10476.152
2019-03-08,43,3532.158,6891.006,10423.164
2019-03-08,44,3424.918,6888.684,10313.602
2019-03-08,45,3166.418,6916.438,10082.856
2019-03-08,46,3372.09,6748.178,10120.268
2019-03-08,47,3234.532,6593.48,9828.012
2019-03-08,48,3123.862,6717.578,9841.44
2019-03-09,1,3042.086,6630.95,9673.036
2019-03-09,2,3040.354,6706.442,9746.796
2019-03-09,3,3074.424,6789.524,9863.948
2019-03-09,4,3063.39,6797.774,9861.164
2019-03-09,5,3039.278,6678.254,9717.532
2019-03-09,6,2940.534,6551.738,9492.272
2019-03-09,7,2945.258,6408.938,9354.196
2019-03-09,8,2863.606,6381.686,9245.292
2019-03-09,9,2804.12,6635.01,9439.13
2019-03-09,10,2810.216,6831.656,9641.872
2019-03-09,11,2924.268,6556.72,9480.988
2019-03-09,12,2963.194,6439.754,9402.948
2019-03-09,13,3036.384,6462.594,9498.978
2019-03-09,14,3126.092,6661.614,9787.706
2019-03-09,15,3165.464,6593.014,9758.478
2019-03-09,16,3465.756,6634.024,10099.78
2019-03-09,17,3534.806,6606.204,10141.01
2019-03-09,18,3705.568,6801.148,10506.716
2019-03-09,19,3774.042,6928.524,10702.566
2019-03-09,20,3721.596,6934.292,10655.888
2019-03-09,21,3556.31,6962.658,10518.968
2019-03-09,22,3740.224,6942.256,10682.48
2019-03-09,23,3823.456,6659.338,10482.794
2019-03-09,24,3858.378,5998.848,9857.226
2019-03-09,25,3866.82,5931.236,9798.056
2019-03-09,26,3930.422,6218.356,10148.778
2019-03-09,27,3746.806,6523.258,10270.064
2019-03-09,28,3682.224,6677.148,10359.372
2019-03-09,29,3734.166,6719.25,10453.416
2019-03-09,30,3704.298,6670.642,10374.94
2019-03-09,31,3755.6,6568.43,10324.03
2019-03-09,32,3852.472,6378.748,10231.22
2019-03-09,33,3758.802,6454.418,10213.22
2019-03-09,34,4137.164,5948.544,10085.708
2019-03-09,35,4338.494,5748.848,10087.342
2019-03-09,36,4175.718,6002.152,10177.87
2019-03-09,37,3798.794,5682.528,9481.322
2019-03-09,38,3637.218,4956.964,8594.182
2019-03-09,39,3592.054,4415.4,8007.454
2019-03-09,40,3454.186,4030.128,7484.314
2019-03-09,41,3270.606,3469.762,6740.368
2019-03-09,42,2915.574,2961.478,5877.052
2019-03-09,43,2359.388,2471.618,4831.006
2019-03-09,44,2059.132,2095.85,4154.982
2019-03-09,45,2005.898,2003.248,4009.146
2019-03-09,46,2045.458,1587.886,3633.344
2019-03-09,47,1926.07,1450.252,3376.322
2019-03-09,48,1705.33,1456.902,3162.232
2019-03-10,1,1766.86,1083.106,2849.966
2019-03-10,2,1688.472,870.944,2559.416
2019-03-10,3,1457.012,711.768,2168.78
2019-03-10,4,1102.094,653.762,1755.856
2019-03-10,5,940.742,809.734,1750.476
2019-03-10,6,793.234,1031.482,1824.716
2019-03-10,7,532.424,1204.444,1736.868
2019-03-10,8,510.192,1260.276,1770.468
2019-03-10,9,611.95,1287.192,1899.142
2019-03-10,10,576.97,1489.256,2066.226
2019-03-10,11,597,1449.642,2046.642
2019-03-10,12,692.284,1422.152,2114.436
2019-03-10,13,781.852,1385.938,2167.79
2019-03-10,14,983.6,1641.59,2625.19
2019-03-10,15,1399.978,2047.12,3447.098
2019-03-10,16,1572.214,2618.916,4191.13
2019-03-10,17,1732.598,3324.066,5056.664
2019-03-10,18,2160.274,4161.502,6321.776
2019-03-10,19,2431.342,4329.446,6760.788
2019-03-10,20,2714.936,4628.678,7343.614
2019-03-10,21,2956.106,4484.166,7440.272
2019-03-10,22,3285.372,4691.49,7976.862
2019-03-10,23,3556.922,5110.584,8667.506
2019-03-10,24,3855.712,5467.102,9322.814
2019-03-10,25,4108.676,5888.084,9996.76
2019-03-10,26,4089.386,6646.192,10735.578
2019-03-10,27,4010.5,6863.3,10873.8
2019-03-10,28,4154.278,6783.558,10937.836
2019-03-10,29,4100.87,6838.066,10938.936
2019-03-10,30,4036.544,6872.756,10909.3
2019-03-10,31,4049.814,6883.424,10933.238
2019-03-10,32,3972.814,6950.592,10923.406
2019-03-10,33,3867.514,6974.474,10841.988
2019-03-10,34,3903.356,6942.59,10845.946
2019-03-10,35,3833.594,6944.924,10778.518
2019-03-10,36,4037.094,6967.096,11004.19
2019-03-10,37,4010.294,6970.92,10981.214
2019-03-10,38,4082.878,6949.106,11031.984
2019-03-10,39,4225.354,6929.632,11154.986
2019-03-10,40,4058.83,6915.97,10974.8
2019-03-10,41,3918.652,6695.128,10613.78
2019-03-10,42,3835.712,6714.32,10550.032
2019-03-10,43,3709.06,6918.502,10627.562
2019-03-10,44,3572.354,6950.296,10522.65
2019-03-10,45,3612.326,6950.576,10562.902
2019-03-10,46,3469.654,6976.278,10445.932
2019-03-10,47,3385.514,6968.01,10353.524
2019-03-10,48,3410.606,6961.486,10372.092
2019-03-11,1,3487.616,6958.894,10446.51
2019-03-11,2,3456.626,6946.71,10403.336
2019-03-11,3,3395.72,6925.988,10321.708
2019-03-11,4,3496.324,6905.086,10401.41
2019-03-11,5,3631.098,6889.654,10520.752
2019-03-11,6,3566.038,6910.414,10476.452
2019-03-11,7,3587.176,6915.054,10502.23
2019-03-11,8,3312.656,6897.722,10210.378
2019-03-11,9,3220.83,6915.164,10135.994
2019-03-11,10,3386.488,6921.204,10307.692
2019-03-11,11,3323.524,6898.33,10221.854
2019-03-11,12,3437.7,6864.88,10302.58
2019-03-11,13,3475.626,6854.356,10329.982
2019-03-11,14,3719.436,6838.378,10557.814
2019-03-11,15,3737.454,6839.072,10576.526
2019-03-11,16,3664.77,6787.422,10452.192
2019-03-11,17,3465.86,6789.73,10255.59
2019-03-11,18,3380.82,6722.602,10103.422
2019-03-11,19,3317.872,6705.108,10022.98
2019-03-11,20,3445.666,6574.74,10020.406
2019-03-11,21,3538.814,6180.688,9719.502
2019-03-11,22,3382.138,5938.302,9320.44
2019-03-11,23,3355.94,6063.058,9418.998
2019-03-11,24,3265.33,6271.876,9537.206
2019-03-11,25,3288.076,6112.49,9400.566
2019-03-11,26,3221.674,5881.684,9103.358
2019-03-11,27,3283.546,5776.842,9060.388
2019-03-11,28,3190.996,5496.586,8687.582
2019-03-11,29,3045.446,5205.946,8251.392
2019-03-11,30,3084.206,4774.396,7858.602
2019-03-11,31,2837.828,4415.7,7253.528
2019-03-11,32,3128.99,4541.9,7670.89
2019-03-11,33,3554.528,4364.666,7919.194
2019-03-11,34,3660.204,4370.12,8030.324
2019-03-11,35,4016.562,3864.8,7881.362
2019-03-11,36,4160.466,3739.014,7899.48
2019-03-11,37,4312.148,3839.798,8151.946
2019-03-11,38,4435.476,3795.756,8231.232
2019-03-11,39,4292.036,3879.12,8171.156
2019-03-11,40,3923.712,4051.204,7974.916
2019-03-11,41,3683.75,4428.108,8111.858
2019-03-11,42,3599.676,4868.4,8468.076
2019-03-11,43,3551.34,5480.57,9031.91
2019-03-11,44,3399.606,5820.876,9220.482
2019-03-11,45,3280.296,6205.866,9486.162
2019-03-11,46,3145.508,6415.87,9561.378
2019-03-11,47,3058.762,6509.598,9568.36
2019-03-11,48,2892.288,6541.578,9433.866
2019-03-12,1,2837.156,6626.474,9463.63
2019-03-12,2,2763.122,6790.532,9553.654
2019-03-12,3,2691.722,6881.774,9573.496
2019-03-12,4,2604.914,6948.084,9552.998
2019-03-12,5,2660.616,6954.474,9615.09
2019-03-12,6,2594.96,6941.236,9536.196
2019-03-12,7,2523.248,6960.272,9483.52
2019-03-12,8,2433.866,7009.838,9443.704
2019-03-12,9,2391.002,7044.748,9435.75
2019-03-12,10,2327.678,6979.794,9307.472
2019-03-12,11,2448.112,6927.362,9375.474
2019-03-12,12,2723.39,6836.186,9559.576
2019-03-12,13,2953.13,6848.542,9801.672
2019-03-12,14,3346.958,6918.778,10265.736
2019-03-12,15,3352.954,6982.348,10335.302
2019-03-12,16,3572.648,6867.35,10439.998
2019-03-12,17,3978.076,6925.128,10903.204
2019-03-12,18,3862.954,6877.824,10740.778
2019-03-12,19,3808.352,6658.216,10466.568
2019-03-12,20,4081.106,6556.01,10637.116
2019-03-12,21,4021.75,6607.474,10629.224
2019-03-12,22,3882.13,6597.222,10479.352
2019-03-12,23,3735.934,6548.34,10284.274
2019-03-12,24,3657.274,6368.96,10026.234
2019-03-12,25,3895.554,6471.268,10366.822
2019-03-12,26,3815.77,6177.362,9993.132
2019-03-12,27,3669.1,6224.9,9894
2019-03-12,28,3637.484,6007.268,9644.752
2019-03-12,29,3565.102,6310.298,9875.4
2019-03-12,30,3603.764,6636.252,10240.016
2019-03-12,31,3545.63,6553.95,10099.58
2019-03-12,32,3611.734,6448.158,10059.892
2019-03-12,33,3750.362,6592.744,10343.106
2019-03-12,34,3943.562,6899.912,10843.474
2019-03-12,35,4205.508,7023.874,11229.382
2019-03-12,36,4211.55,6905.786,11117.336
2019-03-12,37,4291.238,6957.248,11248.486
2019-03-12,38,4159.952,6727.282,10887.234
2019-03-12,39,4028.918,6591.708,10620.626
2019-03-12,40,3877.372,6686.82,10564.192
2019-03-12,41,3736.486,6511.418,10247.904
2019-03-12,42,3475.104,6461.222,9936.326
2019-03-12,43,3198.524,6328.642,9527.166
2019-03-12,44,2942.244,6348.752,9290.996
2019-03-12,45,2705.864,6188.728,8894.592
2019-03-12,46,2412.356,6018.012,8430.368
2019-03-12,47,2606.922,5920.728,8527.65
2019-03-12,48,3035.522,5999.722,9035.244
2019-03-13,1,2944.016,6073.63,9017.646
2019-03-13,2,2873.61,6101.588,8975.198
2019-03-13,3,2931.248,6155.04,9086.288
2019-03-13,4,2835.23,6398.512,9233.742
2019-03-13,5,2765.682,6406.918,9172.6
2019-03-13,6,2663.608,6424.218,9087.826
2019-03-13,7,2610.796,6303.212,8914.008
2019-03-13,8,2715.666,6323.446,9039.112
2019-03-13,9,2578.176,6481.75,9059.926
2019-03-13,10,2569.024,6749.482,9318.506
2019-03-13,11,2603.658,6872.794,9476.452
2019-03-13,12,2603.39,6853.58,9456.97
2019-03-13,13,2612.784,6855.85,9468.634
2019-03-13,14,2910.622,6968.772,9879.394
2019-03-13,15,2949.752,6999.96,9949.712
2019-03-13,16,3246.794,7022.85,10269.644
2019-03-13,17,3666.3,7031.3,10697.6
2019-03-13,18,3608.696,6994.79,10603.486
2019-03-13,19,3692.542,7069.224,10761.766
2019-03-13,20,3718.252,7033.266,10751.518
2019-03-13,21,3732.978,6981.182,10714.16
2019-03-13,22,3714.218,7035.998,10750.216
2019-03-13,23,3743.138,7070.554,10813.692
2019-03-13,24,3775.46,7115.73,10891.19
2019-03-13,25,3737.132,7074.658,10811.79
2019-03-13,26,3621.618,7078.096,10699.714
2019-03-13,27,3613.676,7084.834,10698.51
2019-03-13,28,3599.72,6982.482,10582.202
2019-03-13,29,3587.732,6963.64,10551.372
2019-03-13,30,3636.734,6973.96,10610.694
2019-03-13,31,3591.686,6993.71,10585.396
2019-03-13,32,3695.942,6979.97,10675.912
2019-03-13,33,3647.692,6986.92,10634.612
2019-03-13,34,3503.108,6971.18,10474.288
2019-03-13,35,3655.04,6935.192,10590.232
2019-03-13,36,3576.598,6976.42,10553.018
2019-03-13,37,3398.76,6958.718,10357.478
2019-03-13,38,3583.412,6972.536,10555.948
2019-03-13,39,3758.646,6950.046,10708.692
2019-03-13,40,4154.15,6998.974,11153.124
2019-03-13,41,4326.006,7024.652,11350.658
2019-03-13,42,4060.698,7033.844,11094.542
2019-03-13,43,3883.29,6974.366,10857.656
2019-03-13,44,3569.172,7013.304,10582.476
2019-03-13,45,3328.1,7060.188,10388.288
2019-03-13,46,3256.94,6984.992,10241.932
2019-03-13,47,3075.872,6982.07,10057.942
2019-03-13,48,2904.934,6966.314,9871.248
2019-03-14,1,2831.672,7049.844,9881.516
2019-03-14,2,2757.698,7075.756,9833.454
2019-03-14,3,2750.358,6965.906,9716.264
2019-03-14,4,2727.61,6991.51,9719.12
2019-03-14,5,2714.922,6964.902,9679.824
2019-03-14,6,2717.1,6981.318,9698.418
2019-03-14,7,2637.014,7031.168,9668.182
2019-03-14,8,2659.226,7054.466,9713.692
2019-03-14,9,2738.934,7052.736,9791.67
2019-03-14,10,2753.248,7048.286,9801.534
2019-03-14,11,2984.112,7030.79,10014.902
2019-03-14,12,3106.336,6932.084,10038.42
2019-03-14,13,3203.068,6950.072,10153.14
2019-03-14,14,3495.9,7051.918,10547.818
2019-03-14,15,3738.406,7101.02,10839.426
2019-03-14,16,3792.414,7122.838,10915.252
2019-03-14,17,3835.724,7125.362,10961.086
2019-03-14,18,3655.074,7128.778,10783.852
2019-03-14,19,3567.732,7107.564,10675.296
2019-03-14,20,3616.192,7095.818,10712.01
2019-03-14,21,3675.484,7110.964,10786.448
2019-03-14,22,3521.014,7109.408,10630.422
2019-03-14,23,2586.618,7021.09,9607.708
2019-03-14,24,2370.382,6987.734,9358.116
2019-03-14,25,2419.152,6959.942,9379.094
2019-03-14,26,2464.248,6897.966,9362.214
2019-03-14,27,2381.402,6941.002,9322.404
2019-03-14,28,2294.826,6927.418,9222.244
2019-03-14,29,2334.668,6862.794,9197.462
2019-03-14,30,2296.746,6772.916,9069.662
2019-03-14,31,2438.452,6738.338,9176.79
2019-03-14,32,2744.112,6683.448,9427.56
2019-03-14,33,2992.082,6576.74,9568.822
2019-03-14,34,3283.48,6474.904,9758.384
2019-03-14,35,3641.774,6681.096,10322.87
2019-03-14,36,4009.122,6678.088,10687.21
2019-03-14,37,3930.892,6606.616,10537.508
2019-03-14,38,4071.688,6524.228,10595.916
2019-03-14,39,3822.578,6417.46,10240.038
2019-03-14,40,3401.096,6513.428,9914.524
2019-03-14,41,3530.37,6305.332,9835.702
2019-03-14,42,3488.26,6059.236,9547.496
2019-03-14,43,3411.058,6164.788,9575.846
2019-03-14,44,3297.392,6047.156,9344.548
2019-03-14,45,3374.168,5950.84,9325.008
2019-03-14,46,3351.184,5957.998,9309.182
2019-03-14,47,3125.462,5599.236,8724.698
2019-03-14,48,3116.916,5528.166,8645.082
2019-03-15,1,2996.536,5541.988,8538.524
2019-03-15,2,2900.77,5647.398,8548.168
2019-03-15,3,2842.474,6135.992,8978.466
2019-03-15,4,2750.882,6299.912,9050.794
2019-03-15,5,2828.174,6379.572,9207.746
2019-03-15,6,2795.276,6497.526,9292.802
2019-03-15,7,2834.056,6283.14,9117.196
2019-03-15,8,2769.822,6277.528,9047.35
2019-03-15,9,2737.294,6745.73,9483.024
2019-03-15,10,2457.676,6990.786,9448.462
2019-03-15,11,2635.628,7099.478,9735.106
2019-03-15,12,2747.902,7115.756,9863.658
2019-03-15,13,2838.17,7098.52,9936.69
2019-03-15,14,2952.946,7013.402,9966.348
2019-03-15,15,3053.158,7065.916,10119.074
2019-03-15,16,3288,7074.348,10362.348
2019-03-15,17,3332.99,7034.726,10367.716
2019-03-15,18,3415.41,7028.526,10443.936
2019-03-15,19,3485.354,6963.684,10449.038
2019-03-15,20,3485.606,6982.36,10467.966
2019-03-15,21,3551.276,6950.012,10501.288
2019-03-15,22,3558.994,6954.646,10513.64
2019-03-15,23,3475.648,6969.768,10445.416
2019-03-15,24,3507.19,6863.798,10370.988
2019-03-15,25,3547.216,6758.748,10305.964
2019-03-15,26,3565.41,6734.012,10299.422
2019-03-15,27,3565.56,6795.792,10361.352
2019-03-15,28,3513.516,6832.506,10346.022
2019-03-15,29,3482.84,6854.86,10337.7
2019-03-15,30,3477.274,6697.262,10174.536
2019-03-15,31,3450.502,6655.464,10105.966
2019-03-15,32,3364.444,6581.078,9945.522
2019-03-15,33,3433.036,6306.16,9739.196
2019-03-15,34,3631.408,6088.216,9719.624
2019-03-15,35,3866.578,5689.65,9556.228
2019-03-15,36,4116.248,5667.466,9783.714
2019-03-15,37,4212.508,5480.866,9693.374
2019-03-15,38,4438.672,4977.29,9415.962
2019-03-15,39,4405.398,4579.122,8984.52
2019-03-15,40,4354.602,4283.318,8637.92
2019-03-15,41,4200.15,4275.404,8475.554
2019-03-15,42,4047.904,4377.948,8425.852
2019-03-15,43,3831.128,4309.184,8140.312
2019-03-15,44,3584.918,4466.688,8051.606
2019-03-15,45,3399.044,4147.332,7546.376
2019-03-15,46,3167.634,3955.44,7123.074
2019-03-15,47,3220.228,3589.186,6809.414
2019-03-15,48,3104.976,2942.24,6047.216
2019-03-16,1,2845.53,2764.358,5609.888
2019-03-16,2,2552.676,2141.752,4694.428
2019-03-16,3,2176.996,1877.304,4054.3
2019-03-16,4,1833.1,2027.504,3860.604
2019-03-16,5,1541.39,2233.356,3774.746
2019-03-16,6,1294.992,2413.778,3708.77
2019-03-16,7,1087.502,3391.758,4479.26
2019-03-16,8,942.03,3946.192,4888.222
2019-03-16,9,921.838,4212.68,5134.518
2019-03-16,10,984.422,4478.462,5462.884
2019-03-16,11,1021.432,5473.382,6494.814
2019-03-16,12,1112.414,6366.628,7479.042
2019-03-16,13,1196.068,6631.686,7827.754
2019-03-16,14,1275.976,6740.962,8016.938
2019-03-16,15,1322.434,6833.186,8155.62
2019-03-16,16,1408.59,6851.18,8259.77
2019-03-16,17,1457.316,6928.612,8385.928
2019-03-16,18,1657.038,6972.634,8629.672
2019-03-16,19,1917.734,6925.672,8843.406
2019-03-16,20,2052.494,6783.916,8836.41
2019-03-16,21,2149.546,6624.162,8773.708
2019-03-16,22,2184.058,6616.846,8800.904
2019-03-16,23,2208.332,6672.984,8881.316
2019-03-16,24,2241.044,6641.74,8882.784
2019-03-16,25,2291.874,6533.874,8825.748
2019-03-16,26,2340.386,6584.834,8925.22
2019-03-16,27,2451.89,6681.656,9133.546
2019-03-16,28,2441.716,6753.102,9194.818
2019-03-16,29,2497.112,6791.214,9288.326
2019-03-16,30,2432.7,6896.67,9329.37
2019-03-16,31,2563.38,6952.134,9515.514
2019-03-16,32,2726.488,6951.876,9678.364
2019-03-16,33,2801.598,6940.52,9742.118
2019-03-16,34,2987.434,6952.432,9939.866
2019-03-16,35,3096.342,6946.948,10043.29
2019-03-16,36,3211.736,6944.402,10156.138
2019-03-16,37,3177.71,6933.48,10111.19
2019-03-16,38,3207.06,6871.676,10078.736
2019-03-16,39,3146.108,6738.09,9884.198
2019-03-16,40,3178.216,6451.908,9630.124
2019-03-16,41,3134.366,6483.006,9617.372
2019-03-16,42,3181.622,6524.996,9706.618
2019-03-16,43,3120.762,6609.792,9730.554
2019-03-16,44,3067.672,6644.386,9712.058
2019-03-16,45,3393.232,6756.654,10149.886
2019-03-16,46,3765.842,6717.768,10483.61
2019-03-16,47,3786.072,6704.448,10490.52
2019-03-16,48,3743.222,6708.72,10451.942
2019-03-17,1,3738.336,6686.194,10424.53
2019-03-17,2,3857.218,6701.618,10558.836
2019-03-17,3,3832.09,6526.194,10358.284
2019-03-17,4,3579.316,6515.948,10095.264
2019-03-17,5,3694.88,6357.216,10052.096
2019-03-17,6,3666.2,6523.188,10189.388
2019-03-17,7,3549.196,6615.874,10165.07
2019-03-17,8,3580.05,6713,10293.05
2019-03-17,9,3574.938,6610.68,10185.618
2019-03-17,10,3611.834,6682.214,10294.048
2019-03-17,11,3172.852,6719.606,9892.458
2019-03-17,12,3436.97,6665.61,10102.58
2019-03-17,13,3595.524,6659.282,10254.806
2019-03-17,14,3468.09,6620.712,10088.802
2019-03-17,15,3268.888,6638.036,9906.924
2019-03-17,16,2859.742,6344.724,9204.466
2019-03-17,17,2599.486,5502.608,8102.094
2019-03-17,18,2261.03,5763.366,8024.396
2019-03-17,19,2148.688,6107.324,8256.012
2019-03-17,20,1999.616,6387.554,8387.17
2019-03-17,21,2067.554,6500.27,8567.824
2019-03-17,22,2398.782,6429.844,8828.626
2019-03-17,23,2450.638,6516.166,8966.804
2019-03-17,24,2910.878,6514.588,9425.466
2019-03-17,25,3242.586,6503.238,9745.824
2019-03-17,26,3419.53,6251.054,9670.584
2019-03-17,27,3434.836,5723.74,9158.576
2019-03-17,28,3421.04,5534.774,8955.814
2019-03-17,29,3209.124,5307.836,8516.96
2019-03-17,30,3233.468,5366.678,8600.146
2019-03-17,31,3140.796,5377.906,8518.702
2019-03-17,32,3226.936,5739.262,8966.198
2019-03-17,33,3512.586,5939.052,9451.638
2019-03-17,34,3655.6,6040.368,9695.968
2019-03-17,35,3558.07,6158.332,9716.402
2019-03-17,36,3490.412,6223.81,9714.222
2019-03-17,37,3682.262,5959.82,9642.082
2019-03-17,38,3652.286,5858.394,9510.68
2019-03-17,39,3506.18,5666.474,9172.654
2019-03-17,40,3214.686,5786.888,9001.574
2019-03-17,41,2977.022,5547.002,8524.024
2019-03-17,42,2774.56,5511.716,8286.276
2019-03-17,43,2624.822,5666.792,8291.614
2019-03-17,44,2319.784,5683.912,8003.696
2019-03-17,45,2152.122,5488.252,7640.374
2019-03-17,46,2038.634,5233.226,7271.86
2019-03-17,47,1873.118,4848.118,6721.236
2019-03-17,48,1824.61,4518.244,6342.854
2019-03-18,1,1739.978,4336.172,6076.15
2019-03-18,2,1692.664,4259.108,5951.772
2019-03-18,3,1520.482,4143.666,5664.148
2019-03-18,4,1464.76,3846.974,5311.734
2019-03-18,5,1369.378,3910.042,5279.42
2019-03-18,6,1288.744,3598.696,4887.44
2019-03-18,7,1217.07,3662.028,4879.098
2019-03-18,8,1157.242,3772.398,4929.64
2019-03-18,9,1074.282,3600.776,4675.058
2019-03-18,10,969.788,3211.058,4180.846
2019-03-18,11,901.528,3065.82,3967.348
2019-03-18,12,762.574,2872.838,3635.412
2019-03-18,13,645.41,2867.414,3512.824
2019-03-18,14,585.638,2809.488,3395.126
2019-03-18,15,468.318,2527.478,2995.796
2019-03-18,16,444.25,2188.394,2632.644
2019-03-18,17,408.05,1865.214,2273.264
2019-03-18,18,385.346,1505.152,1890.498
2019-03-18,19,376.294,1064.984,1441.278
2019-03-18,20,395.898,1025.178,1421.076
2019-03-18,21,386.992,1020.782,1407.774
2019-03-18,22,385.95,1054.592,1440.542
2019-03-18,23,410.82,960.044,1370.864
2019-03-18,24,415.322,939.206,1354.528
2019-03-18,25,445.57,780.624,1226.194
2019-03-18,26,492.19,638.634,1130.824
2019-03-18,27,540.274,554.018,1094.292
2019-03-18,28,550.422,715.38,1265.802
2019-03-18,29,527.642,867.488,1395.13
2019-03-18,30,492.064,901.814,1393.878
2019-03-18,31,463.974,953.272,1417.246
2019-03-18,32,451.378,976.804,1428.182
2019-03-18,33,435.364,953.928,1389.292
2019-03-18,34,460.054,987.954,1448.008
2019-03-18,35,481.054,882.036,1363.09
2019-03-18,36,528.894,809.418,1338.312
2019-03-18,37,594.216,728.67,1322.886
2019-03-18,38,585.918,586.17,1172.088
2019-03-18,39,583.552,534.022,1117.574
2019-03-18,40,587.748,492.422,1080.17
2019-03-18,41,592.932,478.414,1071.346
2019-03-18,42,600.992,450.47,1051.462
2019-03-18,43,586.878,366.136,953.014
2019-03-18,44,578.652,367.33,945.982
2019-03-18,45,571.274,357.568,928.842
2019-03-18,46,570.76,289.918,860.678
2019-03-18,47,579.056,226.986,806.042
2019-03-18,48,618.076,235.784,853.86
2019-03-19,1,689.966,231.276,921.242
2019-03-19,2,747.284,216.618,963.902
2019-03-19,3,821.796,231.006,1052.802
2019-03-19,4,875.466,135.226,1010.692
2019-03-19,5,951.06,72.608,1023.668
2019-03-19,6,980.868,91.636,1072.504
2019-03-19,7,1042.048,131.416,1173.464
2019-03-19,8,1139.892,119.298,1259.19
2019-03-19,9,1237.1,134.764,1371.864
2019-03-19,10,1353.172,167.588,1520.76
2019-03-19,11,1404.682,237.084,1641.766
2019-03-19,12,1596.27,266.494,1862.764
2019-03-19,13,1608.334,305.58,1913.914
2019-03-19,14,1656.616,374.858,2031.474
2019-03-19,15,1741.62,474.308,2215.928
2019-03-19,16,1831.72,439.55,2271.27
2019-03-19,17,1954.802,415.212,2370.014
2019-03-19,18,2218.806,524.398,2743.204
2019-03-19,19,2461.908,644.644,3106.552
2019-03-19,20,2713.248,576.306,3289.554
2019-03-19,21,2885.574,567.742,3453.316
2019-03-19,22,3010.41,565.086,3575.496
2019-03-19,23,3038.418,518.344,3556.762
2019-03-19,24,3093.704,581.468,3675.172
2019-03-19,25,3261.054,798.392,4059.446
2019-03-19,26,3345.47,1049.484,4394.954
2019-03-19,27,3481.51,1364.546,4846.056
2019-03-19,28,3382.982,1486.884,4869.866
2019-03-19,29,3313.484,1744.384,5057.868
2019-03-19,30,3461.312,1921.992,5383.304
2019-03-19,31,3443.04,2089.9,5532.94
2019-03-19,32,3294.876,2402.136,5697.012
2019-03-19,33,3372.914,2769.57,6142.484
2019-03-19,34,3359.494,2931.73,6291.224
2019-03-19,35,3389.724,3148.378,6538.102
2019-03-19,36,3460.222,3206.796,6667.018
2019-03-19,37,3394.768,3149.704,6544.472
2019-03-19,38,3345.514,2992.41,6337.924
2019-03-19,39,3354.348,2833.134,6187.482
2019-03-19,40,3383.166,2802.518,6185.684
2019-03-19,41,3378.542,2792.602,6171.144
2019-03-19,42,3474.914,2933.416,6408.33
2019-03-19,43,3510.052,2961.968,6472.02
2019-03-19,44,3339.3,2925.48,6264.78
2019-03-19,45,3128.412,2948.53,6076.942
2019-03-19,46,2971.35,2877.602,5848.952
2019-03-19,47,2892.982,2696.66,5589.642
2019-03-19,48,2684.21,2474.208,5158.418
2019-03-20,1,2467.632,2238.914,4706.546
2019-03-20,2,2392.148,2225.548,4617.696
2019-03-20,3,2445.756,2288.562,4734.318
2019-03-20,4,2485.436,2242.308,4727.744
2019-03-20,5,2498.814,2176.026,4674.84
2019-03-20,6,2452.328,2001.604,4453.932
2019-03-20,7,2329.762,1860.682,4190.444
2019-03-20,8,2169.29,1770.042,3939.332
2019-03-20,9,2147.902,1684.166,3832.068
2019-03-20,10,2092.11,1645.488,3737.598
2019-03-20,11,2035.488,1536.716,3572.204
2019-03-20,12,2013.93,1234.52,3248.45
2019-03-20,13,2006.554,1146.066,3152.62
2019-03-20,14,1960.412,1170.592,3131.004
2019-03-20,15,1893.976,1314.716,3208.692
2019-03-20,16,2014.216,1360.748,3374.964
2019-03-20,17,2014.376,1474.122,3488.498
2019-03-20,18,1994.638,1508.784,3503.422
2019-03-20,19,1990.978,1464.926,3455.904
2019-03-20,20,2059.346,1410.192,3469.538
2019-03-20,21,2204.162,1372.756,3576.918
2019-03-20,22,2281.014,1396.9,3677.914
2019-03-20,23,2347.518,1479.234,3826.752
2019-03-20,24,2655.238,1459.998,4115.236
2019-03-20,25,2869.488,1455.912,4325.4
2019-03-20,26,3013.126,1612.264,4625.39
2019-03-20,27,3188.378,1765.008,4953.386
2019-03-20,28,3524.512,1820.448,5344.96
2019-03-20,29,3455.85,1949.85,5405.7
2019-03-20,30,3343.288,1984.718,5328.006
2019-03-20,31,3387.648,1993.846,5381.494
2019-03-20,32,3446.462,1998.844,5445.306
2019-03-20,33,3663.59,2132.77,5796.36
2019-03-20,34,3625.186,2329.198,5954.384
2019-03-20,35,3527.566,2644.646,6172.212
2019-03-20,36,3545.676,2939.034,6484.71
2019-03-20,37,3525.638,2947.384,6473.022
2019-03-20,38,3584.444,2984.218,6568.662
2019-03-20,39,3735.19,2997.416,6732.606
2019-03-20,40,3534.91,3143.136,6678.046
2019-03-20,41,3552.076,3236.96,6789.036
2019-03-20,42,3496.738,3583.236,7079.974
2019-03-20,43,3346.664,3801.008,7147.672
2019-03-20,44,3107.556,3949.288,7056.844
2019-03-20,45,2760.51,3817.804,6578.314
2019-03-20,46,2732.826,3784.58,6517.406
2019-03-20,47,2629.988,3595.35,6225.338
2019-03-20,48,2583.008,3629.152,6212.16
2019-03-21,1,2620.756,3561.244,6182
2019-03-21,2,2538.89,3431.504,5970.394
2019-03-21,3,2412.964,3311.876,5724.84
2019-03-21,4,2351.908,3045.198,5397.106
2019-03-21,5,2374.886,2757.06,5131.946
2019-03-21,6,2365.624,2421.44,4787.064
2019-03-21,7,2457.766,2227.238,4685.004
2019-03-21,8,2589.412,2162.326,4751.738
2019-03-21,9,2636.658,1952.594,4589.252
2019-03-21,10,2539.186,1874.526,4413.712
2019-03-21,11,2528.564,1991.656,4520.22
2019-03-21,12,2671.502,2318.688,4990.19
2019-03-21,13,2785.958,2308.236,5094.194
2019-03-21,14,2906.152,2109.42,5015.572
2019-03-21,15,3041.524,2028.854,5070.378
2019-03-21,16,2776.624,1843.5,4620.124
2019-03-21,17,2527.96,1627.676,4155.636
2019-03-21,18,2049.252,1432.442,3481.694
2019-03-21,19,1748.994,1208.506,2957.5
2019-03-21,20,1518.588,1161.944,2680.532
2019-03-21,21,1418.95,1024.678,2443.628
2019-03-21,22,1416.988,939.736,2356.724
2019-03-21,23,1430.744,797.73,2228.474
2019-03-21,24,1391.524,742.492,2134.016
2019-03-21,25,1424.938,677.918,2102.856
2019-03-21,26,1340.906,587.126,1928.032
2019-03-21,27,1262.748,445.132,1707.88
2019-03-21,28,1178.198,368.912,1547.11
2019-03-21,29,1088.634,311.124,1399.758
2019-03-21,30,1002.408,255.706,1258.114
2019-03-21,31,934.774,217.244,1152.018
2019-03-21,32,887.794,183.402,1071.196
2019-03-21,33,944.37,195.512,1139.882
2019-03-21,34,1133.572,198.148,1331.72
2019-03-21,35,1531.706,208.57,1740.276
2019-03-21,36,1841.892,194.17,2036.062
2019-03-21,37,2208.868,194.066,2402.934
2019-03-21,38,2461.198,260.75,2721.948
2019-03-21,39,2822.486,322.506,3144.992
2019-03-21,40,2943.854,317.848,3261.702
2019-03-21,41,3140.652,302.744,3443.396
2019-03-21,42,3306.6,412.926,3719.526
2019-03-21,43,3361.9,591.906,3953.806
2019-03-21,44,3369.08,865.12,4234.2
2019-03-21,45,2932.372,1004.412,3936.784
2019-03-21,46,2825.918,1088.358,3914.276
2019-03-21,47,2766.724,1273.26,4039.984
2019-03-21,48,2649.93,1362,4011.93
2019-03-22,1,2784.142,1470.064,4254.206
2019-03-22,2,2755.024,1656.688,4411.712
2019-03-22,3,2686.506,1624.672,4311.178
2019-03-22,4,2763.07,1677.968,4441.038
2019-03-22,5,2695.002,1893.76,4588.762
2019-03-22,6,2575.224,2072.172,4647.396
2019-03-22,7,2549.952,2146.438,4696.39
2019-03-22,8,2483.65,2145.496,4629.146
2019-03-22,9,2498.812,2079.44,4578.252
2019-03-22,10,2731.986,2306.388,5038.374
2019-03-22,11,2783.954,2541.798,5325.752
2019-03-22,12,2816.858,2631.038,5447.896
2019-03-22,13,2864.674,2695.652,5560.326
2019-03-22,14,2991.074,3104.98,6096.054
2019-03-22,15,3058.7,3559.518,6618.218
2019-03-22,16,3189.416,3698.458,6887.874
2019-03-22,17,3237.846,3622.136,6859.982
2019-03-22,18,3383.736,3630.02,7013.756
2019-03-22,19,3334.634,3555.268,6889.902
2019-03-22,20,3346.306,3562.258,6908.564
2019-03-22,21,3331.128,3508.782,6839.91
2019-03-22,22,3277.276,3779.356,7056.632
2019-03-22,23,3215.08,3986.566,7201.646
2019-03-22,24,3515.124,4064.804,7579.928
2019-03-22,25,3697.47,4156.394,7853.864
2019-03-22,26,4150.928,4376.352,8527.28
2019-03-22,27,4307.152,4407.836,8714.988
2019-03-22,28,4066.878,4514.914,8581.792
2019-03-22,29,4028.066,4483.774,8511.84
2019-03-22,30,3963.156,4583.578,8546.734
2019-03-22,31,3932.366,4583.736,8516.102
2019-03-22,32,3977.646,4497.71,8475.356
2019-03-22,33,3919.27,4438.152,8357.422
2019-03-22,34,3974.142,4102.138,8076.28
2019-03-22,35,4145.63,3713.668,7859.298
2019-03-22,36,4448.566,3456.622,7905.188
2019-03-22,37,4267.082,3558.758,7825.84
2019-03-22,38,4306.39,3165.156,7471.546
2019-03-22,39,4495.576,2911.134,7406.71
2019-03-22,40,4674.282,2900.65,7574.932
2019-03-22,41,4684.956,2727.126,7412.082
2019-03-22,42,4741.088,2488.464,7229.552
2019-03-22,43,4656.21,2362.546,7018.756
2019-03-22,44,4377.894,2358.74,6736.634
2019-03-22,45,4308.758,2252.082,6560.84
2019-03-22,46,4107.642,2183.61,6291.252
2019-03-22,47,3977.53,1866.184,5843.714
2019-03-22,48,3842.986,1709.124,5552.11
2019-03-23,1,3747.03,1806.718,5553.748
2019-03-23,2,3775.838,1796.168,5572.006
2019-03-23,3,3719.29,1719.894,5439.184
2019-03-23,4,3834.794,1711.54,5546.334
2019-03-23,5,3784.094,1767.048,5551.142
2019-03-23,6,3651.358,1776.156,5427.514
2019-03-23,7,3656.078,1714.874,5370.952
2019-03-23,8,3683.058,1768.636,5451.694
2019-03-23,9,3658.904,1907.98,5566.884
2019-03-23,10,3623.516,1847.494,5471.01
2019-03-23,11,3677.728,1519.566,5197.294
2019-03-23,12,3625.444,1434.766,5060.21
2019-03-23,13,3532.228,1392.136,4924.364
2019-03-23,14,3493.974,1356.294,4850.268
2019-03-23,15,3372.046,1273.28,4645.326
2019-03-23,16,3392.504,1235.362,4627.866
2019-03-23,17,3513.98,1111.91,4625.89
2019-03-23,18,3835.892,1242.222,5078.114
2019-03-23,19,3803.39,1290.024,5093.414
2019-03-23,20,3776.894,1182.18,4959.074
2019-03-23,21,3735.928,1251.602,4987.53
2019-03-23,22,3625.448,1301.872,4927.32
2019-03-23,23,3582.786,1205.416,4788.202
2019-03-23,24,3422.374,990.94,4413.314
2019-03-23,25,3438.694,897.89,4336.584
2019-03-23,26,3425.774,933.898,4359.672
2019-03-23,27,3179.734,971.148,4150.882
2019-03-23,28,3089.738,968.424,4058.162
2019-03-23,29,2949.476,861.498,3810.974
2019-03-23,30,2778.238,781.212,3559.45
2019-03-23,31,2823.202,784.682,3607.884
2019-03-23,32,2741.78,818.328,3560.108
2019-03-23,33,2504.318,789.32,3293.638
2019-03-23,34,2379.678,789.704,3169.382
2019-03-23,35,2262.996,775.714,3038.71
2019-03-23,36,2265.688,831.582,3097.27
2019-03-23,37,2275.89,759.578,3035.468
2019-03-23,38,2223.788,678.048,2901.836
2019-03-23,39,2385.348,614.732,3000.08
2019-03-23,40,2440.272,541.166,2981.438
2019-03-23,41,2595.81,532.54,3128.35
2019-03-23,42,2623.2,549.35,3172.55
2019-03-23,43,2482.936,460.414,2943.35
2019-03-23,44,2527.32,413.71,2941.03
2019-03-23,45,2623.58,386.62,3010.2
2019-03-23,46,2664.822,365.534,3030.356
2019-03-23,47,2690.876,338.008,3028.884
2019-03-23,48,2827.342,352.734,3180.076
2019-03-24,1,2953.666,372.358,3326.024
2019-03-24,2,3196.278,414.728,3611.006
2019-03-24,3,3382.304,430.518,3812.822
2019-03-24,4,3498.216,410.76,3908.976
2019-03-24,5,3620.528,437.89,4058.418
2019-03-24,6,3781.372,455.568,4236.94
2019-03-24,7,3908.988,448.858,4357.846
2019-03-24,8,4170.268,532.556,4702.824
2019-03-24,9,4289.158,627.142,4916.3
2019-03-24,10,4397.434,769.276,5166.71
2019-03-24,11,4557.114,964.46,5521.574
2019-03-24,12,4566.574,1269.738,5836.312
2019-03-24,13,4513.008,1548.216,6061.224
2019-03-24,14,4380.982,1827.048,6208.03
2019-03-24,15,4368.518,2242.854,6611.372
2019-03-24,16,4428.258,2385.41,6813.668
2019-03-24,17,4508.056,2408.496,6916.552
2019-03-24,18,4459.72,2445.702,6905.422
2019-03-24,19,4486.11,2502.666,6988.776
2019-03-24,20,4397.348,2695.074,7092.422
2019-03-24,21,4495.836,2819.62,7315.456
2019-03-24,22,4260.258,2996.212,7256.47
2019-03-24,23,3992.228,3102.79,7095.018
2019-03-24,24,3514.094,3164.936,6679.03
2019-03-24,25,3380.046,3345.236,6725.282
2019-03-24,26,3225.556,3435.118,6660.674
2019-03-24,27,2896.006,3443.808,6339.814
2019-03-24,28,2540.97,3552.324,6093.294
2019-03-24,29,2499.418,3648.65,6148.068
2019-03-24,30,2916.022,3911.35,6827.372
2019-03-24,31,3418.404,3960.606,7379.01
2019-03-24,32,3827.762,4335.728,8163.49
2019-03-24,33,4068.374,4517.102,8585.476
2019-03-24,34,4243.944,4633.766,8877.71
2019-03-24,35,4368.374,4744.056,9112.43
2019-03-24,36,4491.464,4985.512,9476.976
2019-03-24,37,4553.76,5145.768,9699.528
2019-03-24,38,4627.66,5297.044,9924.704
2019-03-24,39,4706.564,5429.534,10136.098
2019-03-24,40,4532.74,5407.234,9939.974
2019-03-24,41,4588.81,5545.406,10134.216
2019-03-24,42,4808.242,5865.462,10673.704
2019-03-24,43,4753.516,6120.952,10874.468
2019-03-24,44,4466.27,6167.49,10633.76
2019-03-24,45,4423.068,6117.748,10540.816
2019-03-24,46,4282.604,6125.502,10408.106
2019-03-24,47,4197.242,6179.2,10376.442
2019-03-24,48,4073.098,6307.074,10380.172
2019-03-25,1,3908.106,6342.112,10250.218
2019-03-25,2,3694.43,6353.16,10047.59
2019-03-25,3,3679.744,6392.682,10072.426
2019-03-25,4,3913.026,6227.944,10140.97
2019-03-25,5,3851.58,6402.442,10254.022
2019-03-25,6,3651.726,6356.866,10008.592
2019-03-25,7,3626.972,6363.776,9990.748
2019-03-25,8,3482.07,6401.176,9883.246
2019-03-25,9,3367.684,6373.348,9741.032
2019-03-25,10,3160.562,6263.652,9424.214
2019-03-25,11,3068.024,6205.224,9273.248
2019-03-25,12,3054.434,6034.696,9089.13
2019-03-25,13,3033.436,5995.844,9029.28
2019-03-25,14,2813.17,5938.202,8751.372
2019-03-25,15,2467.71,5899.398,8367.108
2019-03-25,16,2017.586,5769.896,7787.482
2019-03-25,17,1750.566,5558.088,7308.654
2019-03-25,18,1700.114,5115.32,6815.434
2019-03-25,19,1689.724,4669.938,6359.662
2019-03-25,20,1679.686,4263.108,5942.794
2019-03-25,21,1574.08,4126.548,5700.628
2019-03-25,22,1494.374,3916.998,5411.372
2019-03-25,23,1523.45,3726.014,5249.464
2019-03-25,24,1491.138,3703.566,5194.704
2019-03-25,25,1562.404,3713.254,5275.658
2019-03-25,26,1782.604,3702.624,5485.228
2019-03-25,27,1773.288,3556.332,5329.62
2019-03-25,28,1857.118,3373.596,5230.714
2019-03-25,29,1965.666,3267.994,5233.66
2019-03-25,30,1845.28,3281.38,5126.66
2019-03-25,31,1731.74,3260.512,4992.252
2019-03-25,32,1771.852,3271.39,5043.242
2019-03-25,33,1707.096,3181.054,4888.15
2019-03-25,34,1624.17,3042.242,4666.412
2019-03-25,35,1481.42,3093.878,4575.298
2019-03-25,36,1231.358,3051.386,4282.744
2019-03-25,37,1184.056,3096.138,4280.194
2019-03-25,38,1177.946,2973.078,4151.024
2019-03-25,39,1128.516,2708.106,3836.622
2019-03-25,40,1062.45,2468.964,3531.414
2019-03-25,41,1101.12,2003.12,3104.24
2019-03-25,42,1232.06,1511.952,2744.012
2019-03-25,43,1266.046,1371.41,2637.456
2019-03-25,44,1240.976,1174.866,2415.842
2019-03-25,45,1290.002,1086.458,2376.46
2019-03-25,46,1351.072,878.95,2230.022
2019-03-25,47,1420.172,629.134,2049.306
2019-03-25,48,1546.374,458.606,2004.98
2019-03-26,1,1528.338,470.454,1998.792
2019-03-26,2,1686.06,591.352,2277.412
2019-03-26,3,1777.766,799.572,2577.338
2019-03-26,4,1968.5,888.172,2856.672
2019-03-26,5,2059.984,908.412,2968.396
2019-03-26,6,2369.064,976.48,3345.544
2019-03-26,7,2597.87,1052.828,3650.698
2019-03-26,8,2679.12,1087.026,3766.146
2019-03-26,9,2751.578,1060.838,3812.416
2019-03-26,10,2788.134,1047.196,3835.33
2019-03-26,11,2985.946,1146.172,4132.118
2019-03-26,12,3076.602,1236.326,4312.928
2019-03-26,13,3111.114,1240.362,4351.476
2019-03-26,14,3177.038,1256.468,4433.506
2019-03-26,15,3278.824,1260.91,4539.734
2019-03-26,16,3193.66,1260.44,4454.1
2019-03-26,17,3243.714,1383.344,4627.058
2019-03-26,18,3361.002,1428.79,4789.792
2019-03-26,19,3442.304,1323.95,4766.254
2019-03-26,20,3438.96,1318.89,4757.85
2019-03-26,21,3359.776,1343.226,4703.002
2019-03-26,22,3421.762,1221.852,4643.614
2019-03-26,23,3452.662,1215.476,4668.138
2019-03-26,24,3495.788,1142.2,4637.988
2019-03-26,25,3656.006,1069.87,4725.876
2019-03-26,26,3772.67,1082.548,4855.218
2019-03-26,27,3565.866,1124.942,4690.808
2019-03-26,28,3418.354,1229.412,4647.766
2019-03-26,29,3366.006,1287.762,4653.768
2019-03-26,30,3315.914,1306.23,4622.144
2019-03-26,31,3294.568,1188.646,4483.214
2019-03-26,32,3279.312,1136.998,4416.31
2019-03-26,33,3323.71,1057.824,4381.534
2019-03-26,34,3365.84,962.632,4328.472
2019-03-26,35,3258.578,911.28,4169.858
2019-03-26,36,3145.68,904.438,4050.118
2019-03-26,37,3060.442,910.592,3971.034
2019-03-26,38,3190.948,811.324,4002.272
2019-03-26,39,3164.14,734.504,3898.644
2019-03-26,40,3090.93,727.524,3818.454
2019-03-26,41,2896.226,800.202,3696.428
2019-03-26,42,2835.718,871.544,3707.262
2019-03-26,43,2770.82,871.484,3642.304
2019-03-26,44,2856.784,878.546,3735.33
2019-03-26,45,2867.202,934.076,3801.278
2019-03-26,46,2749.118,965.964,3715.082
2019-03-26,47,2668.152,988.272,3656.424
2019-03-26,48,2618.316,1023.15,3641.466
2019-03-27,1,2590.49,1075.764,3666.254
2019-03-27,2,2554.018,1226.322,3780.34
2019-03-27,3,2612.26,1284.096,3896.356
2019-03-27,4,2651.602,1363.554,4015.156
2019-03-27,5,2597.578,1252.166,3849.744
2019-03-27,6,2486.6,1168.122,3654.722
2019-03-27,7,2457.142,1211.202,3668.344
2019-03-27,8,2406.256,1252.62,3658.876
2019-03-27,9,2365.754,1191.764,3557.518
2019-03-27,10,2423.684,1132.75,3556.434
2019-03-27,11,2505.09,1073.836,3578.926
2019-03-27,12,2595.514,986.592,3582.106
2019-03-27,13,2596.17,945.51,3541.68
2019-03-27,14,2673.37,886.508,3559.878
2019-03-27,15,2671.162,829.616,3500.778
2019-03-27,16,2673.452,922.992,3596.444
2019-03-27,17,2615.45,916.762,3532.212
2019-03-27,18,2637.112,921.626,3558.738
2019-03-27,19,2774.714,1048.282,3822.996
2019-03-27,20,2882.032,1234.31,4116.342
2019-03-27,21,2952.658,1235.904,4188.562
2019-03-27,22,2920.788,1257.766,4178.554
2019-03-27,23,2844.31,1351.936,4196.246
2019-03-27,24,3004.012,1463.08,4467.092
2019-03-27,25,3236.318,1588.622,4824.94
2019-03-27,26,3315.02,1676.996,4992.016
2019-03-27,27,3272.516,1668.532,4941.048
2019-03-27,28,3276.526,1620.93,4897.456
2019-03-27,29,3318.974,1558.414,4877.388
2019-03-27,30,3353.806,1547.112,4900.918
2019-03-27,31,3406.604,1534.842,4941.446
2019-03-27,32,3431.49,1499.912,4931.402
2019-03-27,33,3319.904,1419.798,4739.702
2019-03-27,34,3188.318,1325.244,4513.562
2019-03-27,35,2947.314,1148.704,4096.018
2019-03-27,36,2717.506,999.064,3716.57
2019-03-27,37,2558.498,940.89,3499.388
2019-03-27,38,2537.926,835.984,3373.91
2019-03-27,39,2558.888,734.882,3293.77
2019-03-27,40,2512.424,648.694,3161.118
2019-03-27,41,2548.582,614.648,3163.23
2019-03-27,42,2455.294,618.028,3073.322
2019-03-27,43,2418.8,562.774,2981.574
2019-03-27,44,2422.674,618.886,3041.56
2019-03-27,45,2485.012,693.236,3178.248
2019-03-27,46,2467.92,790.118,3258.038
2019-03-27,47,2505.994,852.28,3358.274
2019-03-27,48,2510.422,854.218,3364.64
2019-03-28,1,2494.72,763.248,3257.968
2019-03-28,2,2468.69,729.784,3198.474
2019-03-28,3,2496.17,644.49,3140.66
2019-03-28,4,2747.6,570.178,3317.778
2019-03-28,5,2752.992,569.016,3322.008
2019-03-28,6,2665.2,594.234,3259.434
2019-03-28,7,2579.876,525.898,3105.774
2019-03-28,8,2490.864,494.284,2985.148
2019-03-28,9,2581.548,414.724,2996.272
2019-03-28,10,2554.218,349.112,2903.33
2019-03-28,11,2494.184,317.452,2811.636
2019-03-28,12,2529.004,302.932,2831.936
2019-03-28,13,2503.028,282.198,2785.226
2019-03-28,14,2408.76,300.536,2709.296
2019-03-28,15,2435.02,333.406,2768.426
2019-03-28,16,2536.064,370.712,2906.776
2019-03-28,17,2590.676,360.318,2950.994
2019-03-28,18,2769.916,354.38,3124.296
2019-03-28,19,2991.836,433.204,3425.04
2019-03-28,20,3069.234,369.236,3438.47
2019-03-28,21,3130.528,326.352,3456.88
2019-03-28,22,3206.55,343.904,3550.454
2019-03-28,23,3074.706,275.938,3350.644
2019-03-28,24,3072.884,223.978,3296.862
2019-03-28,25,3184.434,254.732,3439.166
2019-03-28,26,3299.012,273.99,3573.002
2019-03-28,27,3472.482,279.912,3752.394
2019-03-28,28,3503.816,315.594,3819.41
2019-03-28,29,3598.392,357.786,3956.178
2019-03-28,30,3700.274,459.694,4159.968
2019-03-28,31,3701.114,615.268,4316.382
2019-03-28,32,3547.684,752.348,4300.032
2019-03-28,33,3549.59,742.262,4291.852
2019-03-28,34,3554.58,664.888,4219.468
2019-03-28,35,3462.882,565.636,4028.518
2019-03-28,36,3249.198,487.226,3736.424
2019-03-28,37,3225.088,498.318,3723.406
2019-03-28,38,3297.49,599.376,3896.866
2019-03-28,39,3291.07,629.274,3920.344
2019-03-28,40,3331.266,694.28,4025.546
2019-03-28,41,3512.37,872.096,4384.466
2019-03-28,42,3646.246,1159.306,4805.552
2019-03-28,43,3767.646,1347.562,5115.208
2019-03-28,44,3765.92,1498.08,5264
2019-03-28,45,3790.836,1642.412,5433.248
2019-03-28,46,3801.8,1723.184,5524.984
2019-03-28,47,3879.982,1660.11,5540.092
2019-03-28,48,3897.94,1537.436,5435.376
2019-03-29,1,3712.86,1449.94,5162.8
2019-03-29,2,3529.956,1487.998,5017.954
2019-03-29,3,3617.948,1525.226,5143.174
2019-03-29,4,3601.394,1529.868,5131.262
2019-03-29,5,3537.28,1461.338,4998.618
2019-03-29,6,3724.87,1387.404,5112.274
2019-03-29,7,3702.28,1378.972,5081.252
2019-03-29,8,3770.256,1434.742,5204.998
2019-03-29,9,3733.636,1505.442,5239.078
2019-03-29,10,3643.516,1523.948,5167.464
2019-03-29,11,3522.54,1550.976,5073.516
2019-03-29,12,3512.166,1501.186,5013.352
2019-03-29,13,3439.5,1421.888,4861.388
2019-03-29,14,3159.154,1411.776,4570.93
2019-03-29,15,3113.76,1291.146,4404.906
2019-03-29,16,3176.502,1188.43,4364.932
2019-03-29,17,3324.232,1198.844,4523.076
2019-03-29,18,3402.072,1105.646,4507.718
2019-03-29,19,3342.894,957.662,4300.556
2019-03-29,20,3255.796,896.4,4152.196
2019-03-29,21,3202.064,850.34,4052.404
2019-03-29,22,3283.888,787.416,4071.304
2019-03-29,23,3392.994,771.448,4164.442
2019-03-29,24,3499.328,799.12,4298.448
2019-03-29,25,3515.588,816.006,4331.594
2019-03-29,26,3536.474,819.922,4356.396
2019-03-29,27,3560.228,753.298,4313.526
2019-03-29,28,3488.59,667.172,4155.762
2019-03-29,29,3406.402,553.176,3959.578
2019-03-29,30,3410.12,538.468,3948.588
2019-03-29,31,3168.808,595.934,3764.742
2019-03-29,32,2798.53,704.492,3503.022
2019-03-29,33,2432.496,777.632,3210.128
2019-03-29,34,2282.098,796.794,3078.892
2019-03-29,35,2052.688,733.606,2786.294
2019-03-29,36,1882.954,663.438,2546.392
2019-03-29,37,1729.38,630.024,2359.404
2019-03-29,38,1562.678,626.112,2188.79
2019-03-29,39,1538.648,659.916,2198.564
2019-03-29,40,1449.906,667.516,2117.422
2019-03-29,41,1397.032,735.75,2132.782
2019-03-29,42,1394.366,835.084,2229.45
2019-03-29,43,1421.114,871.386,2292.5
2019-03-29,44,1422.024,903.566,2325.59
2019-03-29,45,1372.342,1043.268,2415.61
2019-03-29,46,1280.432,1124.054,2404.486
2019-03-29,47,1283.528,1017.882,2301.41
2019-03-29,48,1307.49,946.844,2254.334
2019-03-30,1,1321.562,918.152,2239.714
2019-03-30,2,1339.022,797.532,2136.554
2019-03-30,3,1337.884,637.008,1974.892
2019-03-30,4,1283.8,563.728,1847.528
2019-03-30,5,1248.252,550.112,1798.364
2019-03-30,6,1245.214,517.72,1762.934
2019-03-30,7,1226.368,498.214,1724.582
2019-03-30,8,1212.034,494.25,1706.284
2019-03-30,9,1238.736,515.824,1754.56
2019-03-30,10,1264.93,450.704,1715.634
2019-03-30,11,1363.602,375.364,1738.966
2019-03-30,12,1403.588,336.594,1740.182
2019-03-30,13,1381.134,318.496,1699.63
2019-03-30,14,1385.152,304.516,1689.668
2019-03-30,15,1437.228,287.294,1724.522
2019-03-30,16,1476.16,286.812,1762.972
2019-03-30,17,1611.866,270.296,1882.162
2019-03-30,18,1652.246,230.132,1882.378
2019-03-30,19,1776.796,219.8,1996.596
2019-03-30,20,1905.114,199.284,2104.398
2019-03-30,21,2095.76,199.554,2295.314
2019-03-30,22,2203.398,212.328,2415.726
2019-03-30,23,2386.156,209.322,2595.478
2019-03-30,24,2484.06,254.874,2738.934
2019-03-30,25,2612.782,264.82,2877.602
2019-03-30,26,2760.63,222.862,2983.492
2019-03-30,27,2815.83,205.008,3020.838
2019-03-30,28,2928.956,193.816,3122.772
2019-03-30,29,2852.178,168.002,3020.18
2019-03-30,30,2846.676,168.73,3015.406
2019-03-30,31,2786.636,228.61,3015.246
2019-03-30,32,2846.428,284.302,3130.73
2019-03-30,33,2751.948,465.772,3217.72
2019-03-30,34,2719.95,574.632,3294.582
2019-03-30,35,2480.586,687.632,3168.218
2019-03-30,36,2185.096,850.782,3035.878
2019-03-30,37,1910.346,996.494,2906.84
2019-03-30,38,1618.638,1095.086,2713.724
2019-03-30,39,1600.15,1048.886,2649.036
2019-03-30,40,1485.582,1005.386,2490.968
2019-03-30,41,1345.878,939.382,2285.26
2019-03-30,42,1215.01,948.572,2163.582
2019-03-30,43,1212.986,1067.128,2280.114
2019-03-30,44,1173.712,1087.644,2261.356
2019-03-30,45,1123.964,1257.04,2381.004
2019-03-30,46,1077.744,1484.454,2562.198
2019-03-30,47,1072.122,1655.656,2727.778
2019-03-30,48,1042.184,1599.78,2641.964
2019-03-31,1,922.618,1520.972,2443.59
2019-03-31,2,874.654,1689.064,2563.718
2019-03-31,3,794.634,1894.706,2689.34
2019-03-31,4,790.674,2072.02,2862.694
2019-03-31,5,772.09,2313.544,3085.634
2019-03-31,6,759.006,2639.096,3398.102
2019-03-31,7,720.34,2937.236,3657.576
2019-03-31,8,661.846,3010.588,3672.434
2019-03-31,9,617.816,3141.294,3759.11
2019-03-31,10,611.794,3419.69,4031.484
2019-03-31,11,596.886,3740.54,4337.426
2019-03-31,12,567.458,3870.632,4438.09
2019-03-31,13,525.204,3844.036,4369.24
2019-03-31,14,519.94,3813.72,4333.66
2019-03-31,15,526.988,3807.61,4334.598
2019-03-31,16,522.508,3754.398,4276.906
2019-03-31,17,541.22,3620.176,4161.396
2019-03-31,18,571.56,3560.364,4131.924
2019-03-31,19,540.168,3536.476,4076.644
2019-03-31,20,538.486,3472.344,4010.83
2019-03-31,21,521.226,3322.46,3843.686
2019-03-31,22,485.702,3206.654,3692.356
2019-03-31,23,464.624,3032.342,3496.966
2019-03-31,24,481.252,2967.712,3448.964
2019-03-31,25,471.274,2962.076,3433.35
2019-03-31,26,476.112,2972.184,3448.296
2019-03-31,27,496.506,2983.616,3480.122
2019-03-31,28,519.982,3066.45,3586.432
2019-03-31,29,537.12,3093.088,3630.208
2019-03-31,30,604.012,3162.616,3766.628
2019-03-31,31,653.514,3174.8,3828.314
2019-03-31,32,679.002,3264.354,3943.356
2019-03-31,33,706.642,3372.432,4079.074
2019-03-31,34,698.896,3520.972,4219.868
2019-03-31,35,729.382,3674.084,4403.466
2019-03-31,36,748.904,3854.542,4603.446
2019-03-31,37,787.604,4057.148,4844.752
2019-03-31,38,871.064,4162.466,5033.53
2019-03-31,39,1016.066,4317.436,5333.502
2019-03-31,40,1143.1,4365.126,5508.226
2019-03-31,41,1164.806,4549.822,5714.628
2019-03-31,42,1198.6,4643.632,5842.232
2019-03-31,43,1200.324,4606.752,5807.076
2019-03-31,44,1203.846,4730.918,5934.764
2019-03-31,45,1156.242,4702.124,5858.366
2019-03-31,46,1134.626,4602.778,5737.404
