Sett_Date,Sett_Period,Scottish Wind Output,England/Wales Wind Output,Total
2019-04-01,1,1171.722,4469.666,5641.388
2019-04-01,2,1209.986,4331.886,5541.872
2019-04-01,3,1250.194,4265.432,5515.626
2019-04-01,4,1356.724,4188.982,5545.706
2019-04-01,5,1379.478,4078.468,5457.946
2019-04-01,6,1398.63,4051.722,5450.352
2019-04-01,7,1425.684,3982.49,5408.174
2019-04-01,8,1473.126,3842.364,5315.49
2019-04-01,9,1599.136,3814.718,5413.854
2019-04-01,10,1644.11,3854.7,5498.81
2019-04-01,11,1737.8,3866.28,5604.08
2019-04-01,12,1808.386,3913.584,5721.97
2019-04-01,13,1972.01,4112.14,6084.15
2019-04-01,14,1981.746,4264.968,6246.714
2019-04-01,15,2023.456,4393.88,6417.336
2019-04-01,16,2071.138,4300.13,6371.268
2019-04-01,17,2210.764,4202.634,6413.398
2019-04-01,18,2309.158,4119.832,6428.99
2019-04-01,19,2380.42,3932.412,6312.832
2019-04-01,20,2566.122,3682.214,6248.336
2019-04-01,21,2707.954,3399.05,6107.004
2019-04-01,22,2804.462,3156.694,5961.156
2019-04-01,23,3010.322,2948.77,5959.092
2019-04-01,24,3249.712,2670.734,5920.446
2019-04-01,25,3452.756,2619.982,6072.738
2019-04-01,26,3452.37,2462.486,5914.856
2019-04-01,27,3532.184,2262.478,5794.662
2019-04-01,28,3522.21,2075.05,5597.26
2019-04-01,29,3563.246,1889.362,5452.608
2019-04-01,30,3502.608,1665.582,5168.19
2019-04-01,31,3450.214,1492.12,4942.334
2019-04-01,32,3505.702,1436.114,4941.816
2019-04-01,33,3516.856,1379.82,4896.676
2019-04-01,34,3619.828,1250.076,4869.904
2019-04-01,35,3509.778,1170.428,4680.206
2019-04-01,36,3347.182,1074.956,4422.138
2019-04-01,37,3322.384,939.346,4261.73
2019-04-01,38,3197.698,874.146,4071.844
2019-04-01,39,3089.296,764.65,3853.946
2019-04-01,40,2977.24,741.818,3719.058
2019-04-01,41,2715.964,774.266,3490.23
2019-04-01,42,2649.764,813.742,3463.506
2019-04-01,43,2571.012,841.79,3412.802
2019-04-01,44,2552.56,933.198,3485.758
2019-04-01,45,2532.492,1225.302,3757.794
2019-04-01,46,2356.89,1363.648,3720.538
2019-04-01,47,2104.246,1365.4,3469.646
2019-04-01,48,1893.602,1454.946,3348.548
2019-04-02,1,1668.79,1291.742,2960.532
2019-04-02,2,1554.378,964.49,2518.868
2019-04-02,3,1199.532,786.224,1985.756
2019-04-02,4,922.728,817.756,1740.484
2019-04-02,5,864.816,929.942,1794.758
2019-04-02,6,772.74,995.302,1768.042
2019-04-02,7,782.098,1060.944,1843.042
2019-04-02,8,775.034,1118.086,1893.12
2019-04-02,9,838.328,1207.2,2045.528
2019-04-02,10,775.922,1299.22,2075.142
2019-04-02,11,619.738,1656.266,2276.004
2019-04-02,12,635.71,1925.814,2561.524
2019-04-02,13,619.072,1989.94,2609.012
2019-04-02,14,654.34,1944.508,2598.848
2019-04-02,15,637.78,1915.23,2553.01
2019-04-02,16,554.216,1807.038,2361.254
2019-04-02,17,518.768,1855.984,2374.752
2019-04-02,18,518.714,1651.464,2170.178
2019-04-02,19,495.772,1653.17,2148.942
2019-04-02,20,545.638,1869.096,2414.734
2019-04-02,21,574.648,1855.592,2430.24
2019-04-02,22,515.22,1740.232,2255.452
2019-04-02,23,535.56,1653.514,2189.074
2019-04-02,24,582.898,1668.204,2251.102
2019-04-02,25,707.26,1569.828,2277.088
2019-04-02,26,632.596,1463.176,2095.772
2019-04-02,27,619.746,1673.278,2293.024
2019-04-02,28,723.126,1681.382,2404.508
2019-04-02,29,858.204,1704.272,2562.476
2019-04-02,30,972.134,1988.754,2960.888
2019-04-02,31,947.788,2247.604,3195.392
2019-04-02,32,1052.092,2331.138,3383.23
2019-04-02,33,1156.99,1814.608,2971.598
2019-04-02,34,1397.788,1501.048,2898.836
2019-04-02,35,1468.958,1315.736,2784.694
2019-04-02,36,1662.456,1365.608,3028.064
2019-04-02,37,1765.672,1371.484,3137.156
2019-04-02,38,1677.906,1216.91,2894.816
2019-04-02,39,1889.33,980.858,2870.188
2019-04-02,40,1981.648,1305.958,3287.606
2019-04-02,41,2192.404,1103.596,3296
2019-04-02,42,2211.556,805.02,3016.576
2019-04-02,43,2427.594,837.084,3264.678
2019-04-02,44,2614.994,1071.32,3686.314
2019-04-02,45,2789.278,1005.03,3794.308
2019-04-02,46,2898.134,960.49,3858.624
2019-04-02,47,2903.004,1032.056,3935.06
2019-04-02,48,2988.136,891.51,3879.646
2019-04-03,1,3151.996,897.42,4049.416
2019-04-03,2,3399.516,636.004,4035.52
2019-04-03,3,3759.898,435.094,4194.992
2019-04-03,4,3954.23,447.726,4401.956
2019-04-03,5,3898.378,662.932,4561.31
2019-04-03,6,4030.242,1021.286,5051.528
2019-04-03,7,3885.5,1264.806,5150.306
2019-04-03,8,3353.768,1789.778,5143.546
2019-04-03,9,3154.196,1707.186,4861.382
2019-04-03,10,3295.926,1332.118,4628.044
2019-04-03,11,3528.754,1834.582,5363.336
2019-04-03,12,3120.996,2517.796,5638.792
2019-04-03,13,2954.486,2518.546,5473.032
2019-04-03,14,3362.996,2427.622,5790.618
2019-04-03,15,3396.676,2490.99,5887.666
2019-04-03,16,3620.532,2512.498,6133.03
2019-04-03,17,3639.576,2383.708,6023.284
2019-04-03,18,3960.326,2332.51,6292.836
2019-04-03,19,4260.824,2378.244,6639.068
2019-04-03,20,4282.11,2337.342,6619.452
2019-04-03,21,4083.226,2325.456,6408.682
2019-04-03,22,3767.552,2351.86,6119.412
2019-04-03,23,3653.984,2287.756,5941.74
2019-04-03,24,3521.426,2121.542,5642.968
2019-04-03,25,3350.746,1929.782,5280.528
2019-04-03,26,3268.44,1403.694,4672.134
2019-04-03,27,3107.18,863.218,3970.398
2019-04-03,28,2858.154,495.766,3353.92
2019-04-03,29,2575.438,260.072,2835.51
2019-04-03,30,2459.886,232.076,2691.962
2019-04-03,31,2486.284,362.306,2848.59
2019-04-03,32,2397.5,298.434,2695.934
2019-04-03,33,2313.486,244.728,2558.214
2019-04-03,34,2268.932,287.674,2556.606
2019-04-03,35,2330.774,339.754,2670.528
2019-04-03,36,2486.882,389.896,2876.778
2019-04-03,37,2590.75,488.38,3079.13
2019-04-03,38,2785.59,528.132,3313.722
2019-04-03,39,2807.06,414.032,3221.092
2019-04-03,40,2768.912,366.034,3134.946
2019-04-03,41,2754.038,434.522,3188.56
2019-04-03,42,2734.502,636.61,3371.112
2019-04-03,43,2735.092,876.704,3611.796
2019-04-03,44,2773.354,1311.77,4085.124
2019-04-03,45,2656.92,1611.372,4268.292
2019-04-03,46,2536.144,1987.836,4523.98
2019-04-03,47,2628.898,1892.216,4521.114
2019-04-03,48,2673.978,1737.068,4411.046
2019-04-04,1,2488.792,1716.384,4205.176
2019-04-04,2,2518.574,1618.398,4136.972
2019-04-04,3,2591.096,1573.362,4164.458
2019-04-04,4,2526.796,1759.982,4286.778
2019-04-04,5,2502.07,1975.19,4477.26
2019-04-04,6,2589.736,2092.556,4682.292
2019-04-04,7,2635.19,2080.282,4715.472
2019-04-04,8,2606.068,1969.844,4575.912
2019-04-04,9,2558.224,2199.598,4757.822
2019-04-04,10,2414.208,2245.604,4659.812
2019-04-04,11,2247.45,2180.376,4427.826
2019-04-04,12,2091.07,2402.418,4493.488
2019-04-04,13,2049.54,2593.852,4643.392
2019-04-04,14,2066.596,3005.802,5072.398
2019-04-04,15,1927.332,3056.696,4984.028
2019-04-04,16,1824.036,3035.916,4859.952
2019-04-04,17,1811.836,3578.45,5390.286
2019-04-04,18,1731.696,3767.442,5499.138
2019-04-04,19,1713.026,3739.996,5453.022
2019-04-04,20,1680.24,3967.646,5647.886
2019-04-04,21,1662.144,4258.668,5920.812
2019-04-04,22,1812.156,4544.922,6357.078
2019-04-04,23,2028.026,4930.24,6958.266
2019-04-04,24,2240.282,5144.15,7384.432
2019-04-04,25,2347.23,5296.854,7644.084
2019-04-04,26,2223.562,5443.422,7666.984
2019-04-04,27,2268.426,5542.236,7810.662
2019-04-04,28,2447.44,5588.812,8036.252
2019-04-04,29,2743.118,5686.438,8429.556
2019-04-04,30,3034.282,5697.876,8732.158
2019-04-04,31,3224.864,5644.938,8869.802
2019-04-04,32,3429.03,5514.898,8943.928
2019-04-04,33,3594.576,5475.006,9069.582
2019-04-04,34,3886.65,5003.144,8889.794
2019-04-04,35,4117.084,5037.492,9154.576
2019-04-04,36,4215.048,5166.67,9381.718
2019-04-04,37,4214.138,5091.19,9305.328
2019-04-04,38,4284.34,5235.912,9520.252
2019-04-04,39,4202.762,5356.17,9558.932
2019-04-04,40,4164.04,5481.6,9645.64
2019-04-04,41,4282.84,5501.17,9784.01
2019-04-04,42,4311.228,5586.49,9897.718
2019-04-04,43,4166.054,5783.794,9949.848
2019-04-04,44,3936.456,5787.358,9723.814
2019-04-04,45,3893.032,5964.076,9857.108
2019-04-04,46,3893.008,5978.486,9871.494
2019-04-04,47,3905.814,5988.79,9894.604
2019-04-04,48,3750.494,5863.322,9613.816
2019-04-05,1,3762.032,5847.73,9609.762
2019-04-05,2,3744.602,5675.782,9420.384
2019-04-05,3,3771.124,5584.646,9355.77
2019-04-05,4,3684.448,5450.09,9134.538
2019-04-05,5,3704.498,5351.746,9056.244
2019-04-05,6,3847.16,5446.734,9293.894
2019-04-05,7,3772.24,5278.816,9051.056
2019-04-05,8,3759.522,5252.326,9011.848
2019-04-05,9,3739.842,5081.75,8821.592
2019-04-05,10,3734.92,4998.606,8733.526
2019-04-05,11,3708.162,4946.354,8654.516
2019-04-05,12,3904.154,4864.824,8768.978
2019-04-05,13,3900.924,4896.362,8797.286
2019-04-05,14,3897.058,4965.6,8862.658
2019-04-05,15,3865.898,4879.482,8745.38
2019-04-05,16,3826.574,4790.032,8616.606
2019-04-05,17,3758.604,4624.01,8382.614
2019-04-05,18,3565.882,4458.786,8024.668
2019-04-05,19,3495.204,4666.67,8161.874
2019-04-05,20,3615.3,4835.442,8450.742
2019-04-05,21,3785.344,4713.554,8498.898
2019-04-05,22,3864.904,4498.136,8363.04
2019-04-05,23,4049,4497.828,8546.828
2019-04-05,24,4190.104,4409.068,8599.172
2019-04-05,25,4225.612,4364.686,8590.298
2019-04-05,26,4220.446,4401.504,8621.95
2019-04-05,27,4007.11,4459.354,8466.464
2019-04-05,28,3931.504,4488.062,8419.566
2019-04-05,29,3711.672,4411.758,8123.43
2019-04-05,30,3670.86,4071.282,7742.142
2019-04-05,31,3493.772,3683.01,7176.782
2019-04-05,32,3284.826,3662.228,6947.054
2019-04-05,33,3221.14,3624.584,6845.724
2019-04-05,34,3160,3731.71,6891.71
2019-04-05,35,3049.186,3815.658,6864.844
2019-04-05,36,2692.514,3555.618,6248.132
2019-04-05,37,2398.682,3039.728,5438.41
2019-04-05,38,2276.92,2767.882,5044.802
2019-04-05,39,2253.048,2926.53,5179.578
2019-04-05,40,2372.904,3228.908,5601.812
2019-04-05,41,2316.31,3954.596,6270.906
2019-04-05,42,2280.638,4220.952,6501.59
2019-04-05,43,2186.348,4492.468,6678.816
2019-04-05,44,1968.576,4802.406,6770.982
2019-04-05,45,1803.018,4721.394,6524.412
2019-04-05,46,1713.906,4655.01,6368.916
2019-04-05,47,1569.732,4389.56,5959.292
2019-04-05,48,1535.454,3962.236,5497.69
2019-04-06,1,1523.09,3605.066,5128.156
2019-04-06,2,1384.438,3282.528,4666.966
2019-04-06,3,1372.124,3180.382,4552.506
2019-04-06,4,1332.01,2991.826,4323.836
2019-04-06,5,1271.92,2869.672,4141.592
2019-04-06,6,1239.438,2914.58,4154.018
2019-04-06,7,1233.394,2565.756,3799.15
2019-04-06,8,1182.948,2393.114,3576.062
2019-04-06,9,1074.336,2287.048,3361.384
2019-04-06,10,937.598,2141.356,3078.954
2019-04-06,11,970.848,1789.424,2760.272
2019-04-06,12,920.728,1756.484,2677.212
2019-04-06,13,968.186,1705.672,2673.858
2019-04-06,14,938.938,1620.824,2559.762
2019-04-06,15,956.72,1658.502,2615.222
2019-04-06,16,1020.154,1735.73,2755.884
2019-04-06,17,1056.208,1644.61,2700.818
2019-04-06,18,1122.21,1623.004,2745.214
2019-04-06,19,1142.298,1406.77,2549.068
2019-04-06,20,1167.998,1192.592,2360.59
2019-04-06,21,1216.818,1058.46,2275.278
2019-04-06,22,1209.29,876.062,2085.352
2019-04-06,23,1254.734,815.608,2070.342
2019-04-06,24,1247.968,795.244,2043.212
2019-04-06,25,1306.538,766.668,2073.206
2019-04-06,26,1341.04,761.378,2102.418
2019-04-06,27,1352.406,748.806,2101.212
2019-04-06,28,1433.764,680.266,2114.03
2019-04-06,29,1510.596,654.138,2164.734
2019-04-06,30,1596.964,677.782,2274.746
2019-04-06,31,1661.298,780.218,2441.516
2019-04-06,32,1724.888,763.47,2488.358
2019-04-06,33,1769.862,786.664,2556.526
2019-04-06,34,1743.54,815.806,2559.346
2019-04-06,35,1745.522,920.56,2666.082
2019-04-06,36,1763.176,1089.236,2852.412
2019-04-06,37,1847.258,1170.41,3017.668
2019-04-06,38,1923.656,1205.858,3129.514
2019-04-06,39,2125.376,1183.626,3309.002
2019-04-06,40,2296.002,1276.112,3572.114
2019-04-06,41,2454.826,1359.782,3814.608
2019-04-06,42,2526.5,1307.422,3833.922
2019-04-06,43,2565.052,1242.146,3807.198
2019-04-06,44,2590.784,1150.344,3741.128
2019-04-06,45,2648.926,1205.798,3854.724
2019-04-06,46,2622.246,1110.422,3732.668
2019-04-06,47,2603.338,1193.344,3796.682
2019-04-06,48,2611.04,1298.726,3909.766
2019-04-07,1,2620.382,1220.74,3841.122
2019-04-07,2,2691.038,1216.524,3907.562
2019-04-07,3,2607.762,1335.594,3943.356
2019-04-07,4,2507.856,1378.516,3886.372
2019-04-07,5,2431.466,1292.464,3723.93
2019-04-07,6,2467.012,1258.752,3725.764
2019-04-07,7,2465.862,1258.386,3724.248
2019-04-07,8,2492.866,1184,3676.866
2019-04-07,9,2515.748,1271.934,3787.682
2019-04-07,10,2483.632,1285.164,3768.796
2019-04-07,11,2508.352,1221.086,3729.438
2019-04-07,12,2506.356,1323.11,3829.466
2019-04-07,13,2456.636,1353.564,3810.2
2019-04-07,14,2325.214,1349.092,3674.306
2019-04-07,15,2286.126,1422.424,3708.55
2019-04-07,16,2311.738,1323.386,3635.124
2019-04-07,17,2381.654,1372.368,3754.022
2019-04-07,18,2436.378,1421.892,3858.27
2019-04-07,19,2360.346,1488.538,3848.884
2019-04-07,20,2413.376,1586.058,3999.434
2019-04-07,21,2366.548,1579.784,3946.332
2019-04-07,22,2412.608,1856.07,4268.678
2019-04-07,23,2370.844,2167.014,4537.858
2019-04-07,24,2315.182,2287.036,4602.218
2019-04-07,25,2334.856,2253.302,4588.158
2019-04-07,26,2325.186,2049.092,4374.278
2019-04-07,27,2297.072,1835.666,4132.738
2019-04-07,28,2322.254,1817.536,4139.79
2019-04-07,29,2227.534,1906.934,4134.468
2019-04-07,30,2226.712,1833.892,4060.604
2019-04-07,31,2212.876,1667.534,3880.41
2019-04-07,32,2196.002,1549.072,3745.074
2019-04-07,33,2236.252,1485.942,3722.194
2019-04-07,34,2188.888,1404.482,3593.37
2019-04-07,35,2226.244,1277.48,3503.724
2019-04-07,36,2224.826,1151.372,3376.198
2019-04-07,37,2222.622,1085.55,3308.172
2019-04-07,38,2267.032,1111.5,3378.532
2019-04-07,39,2304.864,1144.44,3449.304
2019-04-07,40,2371.988,1116.332,3488.32
2019-04-07,41,2425.81,1119.588,3545.398
2019-04-07,42,2428.924,1238.852,3667.776
2019-04-07,43,2511.266,1316.748,3828.014
2019-04-07,44,2558.238,1298.304,3856.542
2019-04-07,45,2591.324,1167.972,3759.296
2019-04-07,46,2697.312,1096.566,3793.878
2019-04-07,47,2673.59,1202.138,3875.728
2019-04-07,48,2650.24,1201.036,3851.276
2019-04-08,1,2798.256,1178.87,3977.126
2019-04-08,2,2771.58,1200.192,3971.772
2019-04-08,3,2726.938,1206.424,3933.362
2019-04-08,4,2737.346,1171.568,3908.914
2019-04-08,5,2814.306,1176.352,3990.658
2019-04-08,6,2793.914,1123.428,3917.342
2019-04-08,7,2773.384,1063.11,3836.494
2019-04-08,8,2692.774,1019.844,3712.618
2019-04-08,9,2558.236,999.284,3557.52
2019-04-08,10,2455.214,1035.664,3490.878
2019-04-08,11,2394.968,1037.084,3432.052
2019-04-08,12,2333.408,1152.07,3485.478
2019-04-08,13,2280.376,1275.078,3555.454
2019-04-08,14,2275.788,1472.272,3748.06
2019-04-08,15,2222.15,1504.382,3726.532
2019-04-08,16,2104.648,1451.95,3556.598
2019-04-08,17,2001.91,1438.102,3440.012
2019-04-08,18,1920.338,1536.428,3456.766
2019-04-08,19,1891.074,1542.35,3433.424
2019-04-08,20,1894.2,1456.788,3350.988
2019-04-08,21,1871.604,1473.29,3344.894
2019-04-08,22,1827.352,1569.292,3396.644
2019-04-08,23,1801.95,1569.484,3371.434
2019-04-08,24,1753.168,1565.81,3318.978
2019-04-08,25,1796.026,1668.738,3464.764
2019-04-08,26,1745.89,1804.106,3549.996
2019-04-08,27,1717.786,1831.692,3549.478
2019-04-08,28,1667.54,1753.16,3420.7
2019-04-08,29,1689.116,1652.524,3341.64
2019-04-08,30,1724.456,1649.176,3373.632
2019-04-08,31,1791.802,1834.08,3625.882
2019-04-08,32,1826.618,2046.31,3872.928
2019-04-08,33,1846.95,2241.384,4088.334
2019-04-08,34,1782.326,2451.724,4234.05
2019-04-08,35,1779.04,2656.714,4435.754
2019-04-08,36,1772.852,2756.522,4529.374
2019-04-08,37,1752.832,2883.118,4635.95
2019-04-08,38,1781.578,2972.23,4753.808
2019-04-08,39,1694.022,3058.716,4752.738
2019-04-08,40,1648.822,3007.696,4656.518
2019-04-08,41,1688.58,3127.876,4816.456
2019-04-08,42,1780.606,3191.96,4972.566
2019-04-08,43,1841.606,2991.25,4832.856
2019-04-08,44,1934.096,2926.498,4860.594
2019-04-08,45,1922.422,2874.932,4797.354
2019-04-08,46,2044.466,2848.634,4893.1
2019-04-08,47,2235.322,2857.758,5093.08
2019-04-08,48,2330.79,2781.49,5112.28
2019-04-09,1,2408.73,2945.006,5353.736
2019-04-09,2,2428.56,2959.65,5388.21
2019-04-09,3,2397.77,2945.414,5343.184
2019-04-09,4,2459.47,3187.718,5647.188
2019-04-09,5,2529.688,3225.098,5754.786
2019-04-09,6,2481.168,3249.28,5730.448
2019-04-09,7,2455.71,3261.722,5717.432
2019-04-09,8,2428.81,3369.36,5798.17
2019-04-09,9,2361.002,3319.144,5680.146
2019-04-09,10,2415.81,3351.398,5767.208
2019-04-09,11,2335.678,3307.802,5643.48
2019-04-09,12,2172.976,3374.344,5547.32
2019-04-09,13,2096.734,3140.032,5236.766
2019-04-09,14,2121.03,3219.934,5340.964
2019-04-09,15,2062.666,3324.634,5387.3
2019-04-09,16,2051.97,3388.212,5440.182
2019-04-09,17,2081.25,3475.256,5556.506
2019-04-09,18,1970.264,3549.878,5520.142
2019-04-09,19,1902.256,3740.49,5642.746
2019-04-09,20,1841.924,3889.68,5731.604
2019-04-09,21,1844.978,4056.542,5901.52
2019-04-09,22,1818.558,4204.396,6022.954
2019-04-09,23,1834.666,4211.3,6045.966
2019-04-09,24,1747.012,4135.042,5882.054
2019-04-09,25,1685.552,3941.922,5627.474
2019-04-09,26,1652.13,3659.59,5311.72
2019-04-09,27,1574.566,3621.942,5196.508
2019-04-09,28,1531.14,3722.368,5253.508
2019-04-09,29,1524.108,3838.774,5362.882
2019-04-09,30,1470.972,3853.72,5324.692
2019-04-09,31,1427.29,3865.28,5292.57
2019-04-09,32,1391.172,3963.824,5354.996
2019-04-09,33,1394.664,3965.244,5359.908
2019-04-09,34,1344.77,3958.208,5302.978
2019-04-09,35,1314.432,4227.01,5541.442
2019-04-09,36,1301.348,4424.194,5725.542
2019-04-09,37,1289.798,4542.48,5832.278
2019-04-09,38,1224.362,4761.826,5986.188
2019-04-09,39,1153.616,5004.656,6158.272
2019-04-09,40,1063.174,5321.48,6384.654
2019-04-09,41,1029.504,5439.918,6469.422
2019-04-09,42,991.18,5455.642,6446.822
2019-04-09,43,985.09,5369.91,6355
2019-04-09,44,946.528,5422.612,6369.14
2019-04-09,45,885.414,5389.964,6275.378
2019-04-09,46,864.002,5333.93,6197.932
2019-04-09,47,808.324,5055.404,5863.728
2019-04-09,48,764.83,5009.064,5773.894
2019-04-10,1,713.016,4861.636,5574.652
2019-04-10,2,705.076,4562.946,5268.022
2019-04-10,3,669.058,4307.902,4976.96
2019-04-10,4,600.862,4246.898,4847.76
2019-04-10,5,616.672,4138.722,4755.394
2019-04-10,6,628.612,4101.004,4729.616
2019-04-10,7,580.434,4019.454,4599.888
2019-04-10,8,492.068,3916.48,4408.548
2019-04-10,9,464.09,3796.388,4260.478
2019-04-10,10,472.294,3770.192,4242.486
2019-04-10,11,467.902,3798.494,4266.396
2019-04-10,12,460.064,3630.776,4090.84
2019-04-10,13,417.154,3428.854,3846.008
2019-04-10,14,377.892,3387.058,3764.95
2019-04-10,15,326.878,3417.884,3744.762
2019-04-10,16,272.854,3375.79,3648.644
2019-04-10,17,216.002,3281.35,3497.352
2019-04-10,18,188.92,3191.902,3380.822
2019-04-10,19,189.564,3178.434,3367.998
2019-04-10,20,201.806,3075.512,3277.318
2019-04-10,21,202.012,3132.982,3334.994
2019-04-10,22,194.652,3062.734,3257.386
2019-04-10,23,192.392,2929.108,3121.5
2019-04-10,24,193.618,2844.578,3038.196
2019-04-10,25,185.196,2874.574,3059.77
2019-04-10,26,192.342,2854.558,3046.9
2019-04-10,27,212.206,2877.356,3089.562
2019-04-10,28,206.656,3004.292,3210.948
2019-04-10,29,206.336,3046.578,3252.914
2019-04-10,30,221.568,3057.136,3278.704
2019-04-10,31,223.118,2864.206,3087.324
2019-04-10,32,218.962,2872.438,3091.4
2019-04-10,33,226.402,2851.064,3077.466
2019-04-10,34,216.954,2784.16,3001.114
2019-04-10,35,216.9,2760.718,2977.618
2019-04-10,36,225.862,2711.342,2937.204
2019-04-10,37,235.422,2688.924,2924.346
2019-04-10,38,236.496,2703.14,2939.636
2019-04-10,39,266.09,2785.084,3051.174
2019-04-10,40,269.474,2829.862,3099.336
2019-04-10,41,287.252,2814.114,3101.366
2019-04-10,42,302.506,2864.03,3166.536
2019-04-10,43,316.45,2915.82,3232.27
2019-04-10,44,330.282,3020.358,3350.64
2019-04-10,45,360.024,3152.002,3512.026
2019-04-10,46,360.594,3439.354,3799.948
2019-04-10,47,344.246,3563.378,3907.624
2019-04-10,48,358.102,3617.116,3975.218
2019-04-11,1,356.012,3500.008,3856.02
2019-04-11,2,347.11,3414.274,3761.384
2019-04-11,3,341.03,3392.586,3733.616
2019-04-11,4,325.978,3248.316,3574.294
2019-04-11,5,341.294,3141.39,3482.684
2019-04-11,6,346.586,3146.712,3493.298
2019-04-11,7,344.434,2975.47,3319.904
2019-04-11,8,366.95,2792.316,3159.266
2019-04-11,9,399.358,2707.51,3106.868
2019-04-11,10,462.444,2503.164,2965.608
2019-04-11,11,470.54,2387.374,2857.914
2019-04-11,12,457.734,2255.788,2713.522
2019-04-11,13,445.73,2114.82,2560.55
2019-04-11,14,445.662,2164.236,2609.898
2019-04-11,15,434.702,2074.428,2509.13
2019-04-11,16,413.852,2108.628,2522.48
2019-04-11,17,395.784,2058.386,2454.17
2019-04-11,18,372.876,1992.374,2365.25
2019-04-11,19,386.812,2012.768,2399.58
2019-04-11,20,412.572,2045.604,2458.176
2019-04-11,21,446.532,2074.492,2521.024
2019-04-11,22,455.262,1849.65,2304.912
2019-04-11,23,461.942,1609.574,2071.516
2019-04-11,24,470.44,1354.816,1825.256
2019-04-11,25,445.812,1210.064,1655.876
2019-04-11,26,412.698,1000.722,1413.42
2019-04-11,27,397.364,906.484,1303.848
2019-04-11,28,383.048,850.376,1233.424
2019-04-11,29,368.2,792.206,1160.406
2019-04-11,30,357.356,767.17,1124.526
2019-04-11,31,364.844,728.572,1093.416
2019-04-11,32,363.248,742.038,1105.286
2019-04-11,33,352.186,837.722,1189.908
2019-04-11,34,333.572,894.006,1227.578
2019-04-11,35,334.742,917.888,1252.63
2019-04-11,36,332.48,943.108,1275.588
2019-04-11,37,329.604,1056.456,1386.06
2019-04-11,38,317.638,1061.02,1378.658
2019-04-11,39,315.084,1061.048,1376.132
2019-04-11,40,328.076,1147.916,1475.992
2019-04-11,41,347.468,1285.602,1633.07
2019-04-11,42,341.496,1374.36,1715.856
2019-04-11,43,326.144,1356.534,1682.678
2019-04-11,44,303.248,1386.306,1689.554
2019-04-11,45,275.328,1307.68,1583.008
2019-04-11,46,261.118,1324.718,1585.836
2019-04-11,47,264.518,1267.316,1531.834
2019-04-11,48,277.638,1349.196,1626.834
2019-04-12,1,293.53,1597.096,1890.626
2019-04-12,2,332.154,1807.358,2139.512
2019-04-12,3,351.418,1867.706,2219.124
2019-04-12,4,377.586,1973.02,2350.606
2019-04-12,5,425.006,2064.596,2489.602
2019-04-12,6,477.854,1952.358,2430.212
2019-04-12,7,538.098,1886.626,2424.724
2019-04-12,8,582.81,1877.748,2460.558
2019-04-12,9,605.484,1951.688,2557.172
2019-04-12,10,595.43,2062.202,2657.632
2019-04-12,11,573.14,2021.434,2594.574
2019-04-12,12,589.774,1963.61,2553.384
2019-04-12,13,661.996,1995.316,2657.312
2019-04-12,14,781.912,2069.106,2851.018
2019-04-12,15,975.136,2171.604,3146.74
2019-04-12,16,1206.592,2355.74,3562.332
2019-04-12,17,1392.97,2428.156,3821.126
2019-04-12,18,1510.25,2303.378,3813.628
2019-04-12,19,1669.744,2260.996,3930.74
2019-04-12,20,1752.558,2061.024,3813.582
2019-04-12,21,1867.02,2217.306,4084.326
2019-04-12,22,1941.8,2121.604,4063.404
2019-04-12,23,2058.4,2048.382,4106.782
2019-04-12,24,2209.53,1962.916,4172.446
2019-04-12,25,2336.232,1767.732,4103.964
2019-04-12,26,2359.182,1461.768,3820.95
2019-04-12,27,2422.454,1259.956,3682.41
2019-04-12,28,2518.658,1230.472,3749.13
2019-04-12,29,2637.456,1122.96,3760.416
2019-04-12,30,2726.958,1065.216,3792.174
2019-04-12,31,2872.046,992.928,3864.974
2019-04-12,32,2893.772,1094.72,3988.492
2019-04-12,33,2912.514,1254.052,4166.566
2019-04-12,34,3014.116,1675.074,4689.19
2019-04-12,35,3060.394,1885.91,4946.304
2019-04-12,36,3055.726,1922.492,4978.218
2019-04-12,37,2972.652,2026.462,4999.114
2019-04-12,38,2831.672,2100.136,4931.808
2019-04-12,39,2788.052,2080.292,4868.344
2019-04-12,40,2793.322,2128.336,4921.658
2019-04-12,41,2812.15,2552.614,5364.764
2019-04-12,42,2820.656,2802.226,5622.882
2019-04-12,43,2866.346,2786.954,5653.3
2019-04-12,44,2982.912,3156.98,6139.892
2019-04-12,45,3036.758,3465.462,6502.22
2019-04-12,46,2942.598,3463.002,6405.6
2019-04-12,47,2911.042,3399.19,6310.232
2019-04-12,48,2945.406,3073.912,6019.318
2019-04-13,1,2906.652,2825.12,5731.772
2019-04-13,2,2860.652,2821.354,5682.006
2019-04-13,3,2962.628,2896.47,5859.098
2019-04-13,4,2991.928,3083.122,6075.05
2019-04-13,5,2967.75,3065.9,6033.65
2019-04-13,6,2913.196,3043.162,5956.358
2019-04-13,7,2905.036,3001.72,5906.756
2019-04-13,8,2842.916,3013.5,5856.416
2019-04-13,9,2927.39,2746.01,5673.4
2019-04-13,10,3007.602,2752.36,5759.962
2019-04-13,11,3141.904,2848.816,5990.72
2019-04-13,12,3242.616,2971.584,6214.2
2019-04-13,13,3318.008,2888.678,6206.686
2019-04-13,14,3376.486,2564.952,5941.438
2019-04-13,15,3301.526,2719.574,6021.1
2019-04-13,16,3264.006,2804.842,6068.848
2019-04-13,17,3514.718,2886.26,6400.978
2019-04-13,18,3627.868,3182.758,6810.626
2019-04-13,19,3860.002,3237.446,7097.448
2019-04-13,20,3967.754,3465.05,7432.804
2019-04-13,21,3649.222,3376.294,7025.516
2019-04-13,22,3354.518,3444.618,6799.136
2019-04-13,23,3403.81,3392.65,6796.46
2019-04-13,24,3589.378,3396.92,6986.298
2019-04-13,25,3541.08,3300.862,6841.942
2019-04-13,26,3689.152,3341.442,7030.594
2019-04-13,27,3535.574,3212.204,6747.778
2019-04-13,28,3542.048,3083.262,6625.31
2019-04-13,29,3379.434,3079.73,6459.164
2019-04-13,30,3298.538,3011.072,6309.61
2019-04-13,31,3296.592,2601.378,5897.97
2019-04-13,32,3194.066,2868.61,6062.676
2019-04-13,33,3248.722,2957.844,6206.566
2019-04-13,34,3402.842,3127.354,6530.196
2019-04-13,35,3490.65,3288.894,6779.544
2019-04-13,36,3465.414,3807.918,7273.332
2019-04-13,37,3345.182,3947.544,7292.726
2019-04-13,38,3332.994,4105.994,7438.988
2019-04-13,39,3182.508,4293.35,7475.858
2019-04-13,40,3118.824,4452.992,7571.816
2019-04-13,41,3211.566,4681.202,7892.768
2019-04-13,42,3388.998,4656.784,8045.782
2019-04-13,43,3512.08,4954.402,8466.482
2019-04-13,44,3524.064,5022.858,8546.922
2019-04-13,45,3499.468,5019.494,8518.962
2019-04-13,46,3470.948,4849.698,8320.646
2019-04-13,47,3337.236,5062.638,8399.874
2019-04-13,48,3230.866,4960.024,8190.89
2019-04-14,1,3195.592,4903.898,8099.49
2019-04-14,2,3226.522,4845.212,8071.734
2019-04-14,3,3206.67,5058.958,8265.628
2019-04-14,4,3244.914,5033.882,8278.796
2019-04-14,5,3297.904,4606.614,7904.518
2019-04-14,6,3195.646,4595.77,7791.416
2019-04-14,7,3236.668,4304.634,7541.302
2019-04-14,8,3254.998,4117.71,7372.708
2019-04-14,9,3295.232,4035.434,7330.666
2019-04-14,10,3379.052,4123.86,7502.912
2019-04-14,11,3452.91,4113.294,7566.204
2019-04-14,12,3308.73,4420.218,7728.948
2019-04-14,13,3272.5,4509.484,7781.984
2019-04-14,14,3320.96,4448.656,7769.616
2019-04-14,15,3389.674,4252.486,7642.16
2019-04-14,16,3465.95,4125.816,7591.766
2019-04-14,17,3579.212,3830.512,7409.724
2019-04-14,18,3786.376,3663.182,7449.558
2019-04-14,19,3809.856,3590.828,7400.684
2019-04-14,20,3953.226,3540.714,7493.94
2019-04-14,21,3997.622,3983.788,7981.41
2019-04-14,22,4074.286,4179.374,8253.66
2019-04-14,23,4108.878,4251.234,8360.112
2019-04-14,24,4124.316,4240.088,8364.404
2019-04-14,25,3985.284,4324.8,8310.084
2019-04-14,26,3972.194,4258.694,8230.888
2019-04-14,27,3752.91,4227.642,7980.552
2019-04-14,28,3591.6,4261.484,7853.084
2019-04-14,29,3539.524,4253.91,7793.434
2019-04-14,30,3703.184,4009.142,7712.326
2019-04-14,31,4130.422,3669.868,7800.29
2019-04-14,32,4178.754,3516.474,7695.228
2019-04-14,33,4069.028,3234.8,7303.828
2019-04-14,34,4242.366,3319.934,7562.3
2019-04-14,35,4289.268,3626.174,7915.442
2019-04-14,36,4289.672,3980.348,8270.02
2019-04-14,37,4165.02,4364.618,8529.638
2019-04-14,38,3924.77,4812.528,8737.298
2019-04-14,39,3828.224,4555.25,8383.474
2019-04-14,40,3829.002,4481.306,8310.308
2019-04-14,41,3685.906,4696.356,8382.262
2019-04-14,42,3875.094,4989.476,8864.57
2019-04-14,43,3853.504,5175.236,9028.74
2019-04-14,44,3896.908,5376.06,9272.968
2019-04-14,45,3663.416,5584.534,9247.95
2019-04-14,46,3465.952,5728.22,9194.172
2019-04-14,47,3367.278,5884.38,9251.658
2019-04-14,48,3088.208,6045.114,9133.322
2019-04-15,1,2941.37,6041.868,8983.238
2019-04-15,2,2698.792,5909.122,8607.914
2019-04-15,3,2578.448,5906.844,8485.292
2019-04-15,4,2534.442,5971.188,8505.63
2019-04-15,5,2589.414,5825.204,8414.618
2019-04-15,6,2560.438,5869.672,8430.11
2019-04-15,7,2596.642,5920.17,8516.812
2019-04-15,8,2660.846,5884.016,8544.862
2019-04-15,9,3018.046,5887.606,8905.652
2019-04-15,10,2896.534,5652.236,8548.77
2019-04-15,11,2844.73,5493.004,8337.734
2019-04-15,12,2851.124,5435.796,8286.92
2019-04-15,13,2891.438,5301.856,8193.294
2019-04-15,14,3072.104,5224.562,8296.666
2019-04-15,15,3378.952,5267.254,8646.206
2019-04-15,16,3655.054,5400.328,9055.382
2019-04-15,17,4037.954,5361.722,9399.676
2019-04-15,18,4059.48,5306.768,9366.248
2019-04-15,19,3945.71,5309.118,9254.828
2019-04-15,20,3846.15,5353.506,9199.656
2019-04-15,21,3897.088,5365.72,9262.808
2019-04-15,22,3828.048,5190.096,9018.144
2019-04-15,23,3795.018,5238.992,9034.01
2019-04-15,24,3806.388,5301.344,9107.732
2019-04-15,25,3736.484,5271.6,9008.084
2019-04-15,26,3635.808,5373.75,9009.558
2019-04-15,27,3612.808,5362.414,8975.222
2019-04-15,28,3538,5441.874,8979.874
2019-04-15,29,3491.71,5435.606,8927.316
2019-04-15,30,3454.334,5423.47,8877.804
2019-04-15,31,3479.282,5585.506,9064.788
2019-04-15,32,3478.736,5464.332,8943.068
2019-04-15,33,3533.458,5379.482,8912.94
2019-04-15,34,3587.902,5481.754,9069.656
2019-04-15,35,3634.814,5387.012,9021.826
2019-04-15,36,3688.558,5302.546,8991.104
2019-04-15,37,3739.362,5023.57,8762.932
2019-04-15,38,3561.498,4713.284,8274.782
2019-04-15,39,3428.782,4595.548,8024.33
2019-04-15,40,3445.79,4691.624,8137.414
2019-04-15,41,3459.158,4844.266,8303.424
2019-04-15,42,3444.234,5038.442,8482.676
2019-04-15,43,3391.912,5195.472,8587.384
2019-04-15,44,3339.874,5469.722,8809.596
2019-04-15,45,3268.148,5689.442,8957.59
2019-04-15,46,3053.406,5784.372,8837.778
2019-04-15,47,2740.992,5897.422,8638.414
2019-04-15,48,2558.882,5862.87,8421.752
2019-04-16,1,2640.76,5783.15,8423.91
2019-04-16,2,2694.162,5582.182,8276.344
2019-04-16,3,2670.594,5380.998,8051.592
2019-04-16,4,2648.746,5291.83,7940.576
2019-04-16,5,2571.762,5057.368,7629.13
2019-04-16,6,2461.702,4687.1,7148.802
2019-04-16,7,2468.358,4346.972,6815.33
2019-04-16,8,2489.59,4120.538,6610.128
2019-04-16,9,2438.818,3840.518,6279.336
2019-04-16,10,2545.528,3551.232,6096.76
2019-04-16,11,2602.366,3408.394,6010.76
2019-04-16,12,2549.884,3186.12,5736.004
2019-04-16,13,2443.73,3058.616,5502.346
2019-04-16,14,2321.754,3098.242,5419.996
2019-04-16,15,2281.742,2967.684,5249.426
2019-04-16,16,2148.23,2763.792,4912.022
2019-04-16,17,2146.958,2588.69,4735.648
2019-04-16,18,2218.74,2683.98,4902.72
2019-04-16,19,2333.632,2550.376,4884.008
2019-04-16,20,2484.534,2432.664,4917.198
2019-04-16,21,2553.154,2375.448,4928.602
2019-04-16,22,2610.074,2384.92,4994.994
2019-04-16,23,2674.75,2275.35,4950.1
2019-04-16,24,2713.898,2240.494,4954.392
2019-04-16,25,2740.474,2172.314,4912.788
2019-04-16,26,2705.34,2124.356,4829.696
2019-04-16,27,2683.096,2063.454,4746.55
2019-04-16,28,2659.052,2027.148,4686.2
2019-04-16,29,2720.466,2115.2,4835.666
2019-04-16,30,2751.112,2120.956,4872.068
2019-04-16,31,2773.602,2018.322,4791.924
2019-04-16,32,2750.492,1870.854,4621.346
2019-04-16,33,2580.23,1792.026,4372.256
2019-04-16,34,2453.368,1868,4321.368
2019-04-16,35,2486.68,1916.058,4402.738
2019-04-16,36,2517.172,1780.468,4297.64
2019-04-16,37,2545.708,1772.264,4317.972
2019-04-16,38,2649.862,1835.392,4485.254
2019-04-16,39,2695.146,2007.224,4702.37
2019-04-16,40,2699.674,1999.066,4698.74
2019-04-16,41,2769.416,1983.35,4752.766
2019-04-16,42,2784.502,2057.152,4841.654
2019-04-16,43,2800.838,2048.352,4849.19
2019-04-16,44,2809.598,2065.568,4875.166
2019-04-16,45,2830.116,2138.808,4968.924
2019-04-16,46,2743.878,2161.412,4905.29
2019-04-16,47,2689.686,2145.362,4835.048
2019-04-16,48,2341.004,2078.952,4419.956
2019-04-17,1,2348.572,2014.294,4362.866
2019-04-17,2,2440.33,1944.1,4384.43
2019-04-17,3,2354.374,1951.97,4306.344
2019-04-17,4,2429.14,1905.118,4334.258
2019-04-17,5,2461.226,1927.396,4388.622
2019-04-17,6,2366.126,1960.416,4326.542
2019-04-17,7,2300.14,1929.518,4229.658
2019-04-17,8,2174.84,1695.194,3870.034
2019-04-17,9,2047.632,1634.81,3682.442
2019-04-17,10,1934.702,1532.784,3467.486
2019-04-17,11,1908.39,1403.68,3312.07
2019-04-17,12,1885.498,1331.346,3216.844
2019-04-17,13,1889.456,1325.396,3214.852
2019-04-17,14,1855.22,1263.95,3119.17
2019-04-17,15,1936.898,1122.234,3059.132
2019-04-17,16,1939.84,1024.724,2964.564
2019-04-17,17,1929.94,995.41,2925.35
2019-04-17,18,1928.174,916.506,2844.68
2019-04-17,19,1935.192,839.84,2775.032
2019-04-17,20,1918.208,825.884,2744.092
2019-04-17,21,1838.416,811.074,2649.49
2019-04-17,22,1830.124,722.16,2552.284
2019-04-17,23,1811.352,759.704,2571.056
2019-04-17,24,1851.41,751.022,2602.432
2019-04-17,25,1886.958,776.298,2663.256
2019-04-17,26,1918.462,829.04,2747.502
2019-04-17,27,1892.082,877.252,2769.334
2019-04-17,28,1860.94,986.674,2847.614
2019-04-17,29,1920.24,1043.864,2964.104
2019-04-17,30,2044.894,1017.736,3062.63
2019-04-17,31,2020.4,1063.21,3083.61
2019-04-17,32,2064.166,1078.916,3143.082
2019-04-17,33,2024.108,1090.376,3114.484
2019-04-17,34,2006.292,1133.96,3140.252
2019-04-17,35,1994.246,1220.706,3214.952
2019-04-17,36,1980.104,1342.76,3322.864
2019-04-17,37,1919.102,1559.634,3478.736
2019-04-17,38,1901.332,1794.216,3695.548
2019-04-17,39,1847.912,2058.06,3905.972
2019-04-17,40,1974.792,2480.4,4455.192
2019-04-17,41,2142.424,2839.242,4981.666
2019-04-17,42,2287.324,3061.426,5348.75
2019-04-17,43,2353.684,3211.39,5565.074
2019-04-17,44,2279.808,3320.378,5600.186
2019-04-17,45,2303.368,3289.808,5593.176
2019-04-17,46,2380.892,3222.99,5603.882
2019-04-17,47,2159.402,3125.636,5285.038
2019-04-17,48,2008.65,3151.588,5160.238
2019-04-18,1,1933.968,3245.744,5179.712
2019-04-18,2,1936.498,3301.97,5238.468
2019-04-18,3,1933.33,3263.844,5197.174
2019-04-18,4,1905.33,3013.946,4919.276
2019-04-18,5,1872.084,2841.37,4713.454
2019-04-18,6,1728.38,2686.166,4414.546
2019-04-18,7,1673.252,2571.428,4244.68
2019-04-18,8,1665.122,2432.494,4097.616
2019-04-18,9,1606.972,2434.832,4041.804
2019-04-18,10,1519.448,2434.106,3953.554
2019-04-18,11,1555.188,2286.808,3841.996
2019-04-18,12,1584.6,2242.978,3827.578
2019-04-18,13,1594.934,2184.51,3779.444
2019-04-18,14,1721.38,2234.978,3956.358
2019-04-18,15,1735.446,2300.508,4035.954
2019-04-18,16,1645.906,2254.846,3900.752
2019-04-18,17,1605.698,2209.824,3815.522
2019-04-18,18,1528.456,2211.016,3739.472
2019-04-18,19,1517.774,2185.238,3703.012
2019-04-18,20,1488.782,2265.524,3754.306
2019-04-18,21,1494.966,2396.068,3891.034
2019-04-18,22,1571.954,2365.878,3937.832
2019-04-18,23,1719.846,2347.39,4067.236
2019-04-18,24,1965.698,2436.944,4402.642
2019-04-18,25,2151.838,2410.106,4561.944
2019-04-18,26,2214.132,2372.278,4586.41
2019-04-18,27,2311.504,2395.298,4706.802
2019-04-18,28,2508.24,2506.882,5015.122
2019-04-18,29,2705.854,2618.154,5324.008
2019-04-18,30,2682.24,2717.05,5399.29
2019-04-18,31,2700.148,3142.366,5842.514
2019-04-18,32,2691.362,3489.962,6181.324
2019-04-18,33,2591.228,3655.006,6246.234
2019-04-18,34,2536.166,3572.632,6108.798
2019-04-18,35,2395.772,3495.516,5891.288
2019-04-18,36,2191.216,3484.664,5675.88
2019-04-18,37,2026.538,3476.48,5503.018
2019-04-18,38,1865.084,3539.634,5404.718
2019-04-18,39,1803.116,3615.7,5418.816
2019-04-18,40,1785.27,3757.488,5542.758
2019-04-18,41,1773.826,4075.322,5849.148
2019-04-18,42,1770.142,4244.092,6014.234
2019-04-18,43,1786.602,4257.938,6044.54
2019-04-18,44,1796.646,4234.016,6030.662
2019-04-18,45,1842.216,4111.606,5953.822
2019-04-18,46,1855.748,4053.758,5909.506
2019-04-18,47,1907.122,4114.384,6021.506
2019-04-18,48,1866.444,4109.912,5976.356
2019-04-19,1,1901.63,4006.714,5908.344
2019-04-19,2,1986.878,3922.296,5909.174
2019-04-19,3,1972.378,3831.742,5804.12
2019-04-19,4,1944.442,3565.802,5510.244
2019-04-19,5,1965.634,3308.376,5274.01
2019-04-19,6,2034.01,2967.488,5001.498
2019-04-19,7,1998.474,2652.748,4651.222
2019-04-19,8,1872.89,2413.06,4285.95
2019-04-19,9,1832.308,2198.288,4030.596
2019-04-19,10,1714.074,2053.542,3767.616
2019-04-19,11,1669.704,1995.778,3665.482
2019-04-19,12,1599.468,1935.902,3535.37
2019-04-19,13,1577.844,1902.592,3480.436
2019-04-19,14,1543.944,1872.336,3416.28
2019-04-19,15,1486.908,1882.202,3369.11
2019-04-19,16,1511.894,1879.304,3391.198
2019-04-19,17,1453.952,1854.584,3308.536
2019-04-19,18,1402.672,1754.15,3156.822
2019-04-19,19,1503.172,1562.014,3065.186
2019-04-19,20,1659.68,1374.064,3033.744
2019-04-19,21,1777.372,1238.566,3015.938
2019-04-19,22,1896.492,1176.8,3073.292
2019-04-19,23,1981.322,1152.548,3133.87
2019-04-19,24,2101.044,1128.61,3229.654
2019-04-19,25,2211.928,1113.156,3325.084
2019-04-19,26,2324.818,1089.002,3413.82
2019-04-19,27,2406.222,1067.164,3473.386
2019-04-19,28,2441.192,1122.892,3564.084
2019-04-19,29,2440.848,1161.824,3602.672
2019-04-19,30,2425.24,1168.06,3593.3
2019-04-19,31,2379.27,1149.494,3528.764
2019-04-19,32,2285.256,1130.096,3415.352
2019-04-19,33,2182.812,1088.24,3271.052
2019-04-19,34,2101.842,1035.172,3137.014
2019-04-19,35,1941.778,1011.038,2952.816
2019-04-19,36,1871.714,977.93,2849.644
2019-04-19,37,1800.232,937.036,2737.268
2019-04-19,38,1724.344,953.926,2678.27
2019-04-19,39,1585.034,984.236,2569.27
2019-04-19,40,1597.288,977.814,2575.102
2019-04-19,41,1694.324,1026.86,2721.184
2019-04-19,42,1737.884,1075.13,2813.014
2019-04-19,43,1752.71,1079.576,2832.286
2019-04-19,44,1730.514,1094.592,2825.106
2019-04-19,45,1688.816,1144.178,2832.994
2019-04-19,46,1764.104,1204.21,2968.314
2019-04-19,47,1747.856,1217.314,2965.17
2019-04-19,48,1678.054,1252.656,2930.71
2019-04-20,1,1601.588,1299.992,2901.58
2019-04-20,2,1505.448,1377.968,2883.416
2019-04-20,3,1408.712,1492.86,2901.572
2019-04-20,4,1333.412,1510.4,2843.812
2019-04-20,5,1300.426,1488.45,2788.876
2019-04-20,6,1265.252,1407.85,2673.102
2019-04-20,7,1244.73,1285.934,2530.664
2019-04-20,8,1239.114,1142.956,2382.07
2019-04-20,9,1210.898,1111.93,2322.828
2019-04-20,10,1209.268,1112.572,2321.84
2019-04-20,11,1119.87,1141.432,2261.302
2019-04-20,12,1103.468,1168.612,2272.08
2019-04-20,13,1059.69,1188.326,2248.016
2019-04-20,14,981.73,1209.648,2191.378
2019-04-20,15,921.438,1204.864,2126.302
2019-04-20,16,899.258,1159.492,2058.75
2019-04-20,17,805.98,1085.854,1891.834
2019-04-20,18,762.174,993.208,1755.382
2019-04-20,19,711.444,892.374,1603.818
2019-04-20,20,692.8,754.742,1447.542
2019-04-20,21,660.932,663.612,1324.544
2019-04-20,22,627.94,592.504,1220.444
2019-04-20,23,612.534,560.93,1173.464
2019-04-20,24,624.938,549.308,1174.246
2019-04-20,25,634.09,520.776,1154.866
2019-04-20,26,644.16,503.42,1147.58
2019-04-20,27,666.818,497.038,1163.856
2019-04-20,28,745.334,547.746,1293.08
2019-04-20,29,787.924,635.282,1423.206
2019-04-20,30,817.494,680.774,1498.268
2019-04-20,31,816.41,724.99,1541.4
2019-04-20,32,773.822,739.55,1513.372
2019-04-20,33,711.242,744.018,1455.26
2019-04-20,34,663.752,727.832,1391.584
2019-04-20,35,672.652,760.418,1433.07
2019-04-20,36,663.508,807.834,1471.342
2019-04-20,37,565.464,909.972,1475.436
2019-04-20,38,506.466,991.142,1497.608
2019-04-20,39,453.274,1086.68,1539.954
2019-04-20,40,433.21,1109.706,1542.916
2019-04-20,41,495.358,1203.182,1698.54
2019-04-20,42,512.22,1319.928,1832.148
2019-04-20,43,510.518,1313.916,1824.434
2019-04-20,44,419.274,1402.182,1821.456
2019-04-20,45,326.4,1359,1685.4
2019-04-20,46,414.94,1223.732,1638.672
2019-04-20,47,548.612,1051.416,1600.028
2019-04-20,48,583.934,986.292,1570.226
2019-04-21,1,667.03,968.84,1635.87
2019-04-21,2,766.29,914.228,1680.518
2019-04-21,3,798.646,908.43,1707.076
2019-04-21,4,870.936,873.146,1744.082
2019-04-21,5,917.816,842.416,1760.232
2019-04-21,6,970.836,832.062,1802.898
2019-04-21,7,1012.564,796.15,1808.714
2019-04-21,8,1024.028,744.572,1768.6
2019-04-21,9,1067.714,696.11,1763.824
2019-04-21,10,1143.336,655.034,1798.37
2019-04-21,11,1196.376,575.446,1771.822
2019-04-21,12,1163.178,496.896,1660.074
2019-04-21,13,1179.862,444.822,1624.684
2019-04-21,14,1162.378,421.51,1583.888
2019-04-21,15,1206.912,409.972,1616.884
2019-04-21,16,1213.68,382.58,1596.26
2019-04-21,17,1111.352,380.96,1492.312
2019-04-21,18,1059.26,353.336,1412.596
2019-04-21,19,1030.694,349.424,1380.118
2019-04-21,20,1085.444,374.546,1459.99
2019-04-21,21,1227.184,466.37,1693.554
2019-04-21,22,1458.858,548.856,2007.714
2019-04-21,23,1772.84,589.114,2361.954
2019-04-21,24,2044.058,683.988,2728.046
2019-04-21,25,2350.812,813.014,3163.826
2019-04-21,26,2671.956,904.966,3576.922
2019-04-21,27,2882.098,1012.192,3894.29
2019-04-21,28,2966.732,1107.374,4074.106
2019-04-21,29,3106.24,1184.094,4290.334
2019-04-21,30,3272.636,1229.12,4501.756
2019-04-21,31,3286.598,1261.436,4548.034
2019-04-21,32,3285.058,1346.648,4631.706
2019-04-21,33,3263.79,1375.704,4639.494
2019-04-21,34,3273.918,1304.578,4578.496
2019-04-21,35,3349.326,1255.54,4604.866
2019-04-21,36,3292.898,1236.784,4529.682
2019-04-21,37,3237.154,1317.09,4554.244
2019-04-21,38,2984.694,1366.07,4350.764
2019-04-21,39,2757.272,1445.764,4203.036
2019-04-21,40,2493.284,1429.866,3923.15
2019-04-21,41,2566.78,1429.182,3995.962
2019-04-21,42,2627.124,1362.104,3989.228
2019-04-21,43,2545.652,1252.094,3797.746
2019-04-21,44,2851.616,1216.786,4068.402
2019-04-21,45,2929.524,1307.812,4237.336
2019-04-21,46,2879.156,1291.12,4170.276
2019-04-21,47,3057.764,1214.838,4272.602
2019-04-21,48,3132.574,1176.24,4308.814
2019-04-22,1,3123.606,1137.822,4261.428
2019-04-22,2,3150.726,1078.754,4229.48
2019-04-22,3,3238.6,1074.078,4312.678
2019-04-22,4,3036.34,1110.658,4146.998
2019-04-22,5,2976.858,1043.966,4020.824
2019-04-22,6,2823.398,1076.91,3900.308
2019-04-22,7,2701.812,1047.118,3748.93
2019-04-22,8,2671.69,1087.99,3759.68
2019-04-22,9,2617.518,1115.078,3732.596
2019-04-22,10,2515.966,1126.726,3642.692
2019-04-22,11,2438.772,1237.46,3676.232
2019-04-22,12,2374.75,1455.386,3830.136
2019-04-22,13,2316.706,1739.078,4055.784
2019-04-22,14,2272.382,1899.844,4172.226
2019-04-22,15,2256.438,1972.98,4229.418
2019-04-22,16,2250.034,1977.16,4227.194
2019-04-22,17,2253.084,2022.036,4275.12
2019-04-22,18,2293.35,2096.306,4389.656
2019-04-22,19,2341.998,2246.894,4588.892
2019-04-22,20,2547.688,2342.14,4889.828
2019-04-22,21,2771.206,2434.456,5205.662
2019-04-22,22,3067.584,2403.484,5471.068
2019-04-22,23,3273.402,2316.874,5590.276
2019-04-22,24,3307.498,2325.65,5633.148
2019-04-22,25,3348.778,2453.876,5802.654
2019-04-22,26,3346.776,2406.78,5753.556
2019-04-22,27,3166.346,2400.276,5566.622
2019-04-22,28,3021.558,2588.85,5610.408
2019-04-22,29,2880.374,2659.674,5540.048
2019-04-22,30,2951.36,2696.348,5647.708
2019-04-22,31,2776.188,2634.708,5410.896
2019-04-22,32,2720.534,2691.904,5412.438
2019-04-22,33,2584.092,2708.196,5292.288
2019-04-22,34,2664.44,2696.122,5360.562
2019-04-22,35,2786.642,2795.202,5581.844
2019-04-22,36,2796.388,3079.57,5875.958
2019-04-22,37,2714.254,3417.736,6131.99
2019-04-22,38,2621.958,3516.762,6138.72
2019-04-22,39,2350.952,3745.23,6096.182
2019-04-22,40,2094.074,3790.962,5885.036
2019-04-22,41,2074.946,3846.306,5921.252
2019-04-22,42,2174.984,3914.502,6089.486
2019-04-22,43,2323.272,4044.374,6367.646
2019-04-22,44,2302.464,4178.92,6481.384
2019-04-22,45,2237.964,4342.294,6580.258
2019-04-22,46,2174.49,4426.338,6600.828
2019-04-22,47,2139.162,4436.67,6575.832
2019-04-22,48,2182.696,4439.252,6621.948
2019-04-23,1,2170.198,4495.054,6665.252
2019-04-23,2,2211.278,4490.17,6701.448
2019-04-23,3,2232.53,4313.144,6545.674
2019-04-23,4,2188.7,4166.622,6355.322
2019-04-23,5,2133.56,4058.55,6192.11
2019-04-23,6,2119.242,4018.65,6137.892
2019-04-23,7,2118.614,3962.93,6081.544
2019-04-23,8,2015.128,3841.37,5856.498
2019-04-23,9,1980.092,3707.028,5687.12
2019-04-23,10,1831.558,3583.828,5415.386
2019-04-23,11,1776.868,3579.46,5356.328
2019-04-23,12,1821.926,3592.148,5414.074
2019-04-23,13,1769.742,3504.904,5274.646
2019-04-23,14,1829.434,3465.888,5295.322
2019-04-23,15,1833.316,3544.418,5377.734
2019-04-23,16,1808.45,3470.462,5278.912
2019-04-23,17,1837.328,3377.838,5215.166
2019-04-23,18,1815.044,3318.542,5133.586
2019-04-23,19,1831.008,3278.368,5109.376
2019-04-23,20,1941.694,3203.898,5145.592
2019-04-23,21,2130.46,3052.724,5183.184
2019-04-23,22,2288.78,2944.206,5232.986
2019-04-23,23,2612.424,3023.79,5636.214
2019-04-23,24,2826.236,3025.74,5851.976
2019-04-23,25,3078.948,3054.16,6133.108
2019-04-23,26,3128.604,3041.454,6170.058
2019-04-23,27,3223.526,3060.062,6283.588
2019-04-23,28,3313.372,3055.22,6368.592
2019-04-23,29,3169.76,2970,6139.76
2019-04-23,30,2985.37,2906.774,5892.144
2019-04-23,31,2934.968,3125.458,6060.426
2019-04-23,32,3050.984,3379.396,6430.38
2019-04-23,33,3034.362,3507.044,6541.406
2019-04-23,34,2958.726,3535.198,6493.924
2019-04-23,35,2933.834,3664.552,6598.386
2019-04-23,36,2906.148,3722.16,6628.308
2019-04-23,37,2838.624,3605.198,6443.822
2019-04-23,38,2812.232,3685.13,6497.362
2019-04-23,39,2659.3,3672.136,6331.436
2019-04-23,40,2686.084,3536.852,6222.936
2019-04-23,41,2678.882,3544.634,6223.516
2019-04-23,42,2763.476,3496.664,6260.14
2019-04-23,43,2758.852,3446.214,6205.066
2019-04-23,44,2900.024,3345.378,6245.402
2019-04-23,45,2883.458,3195.686,6079.144
2019-04-23,46,2911.126,3083.65,5994.776
2019-04-23,47,2990.336,2932.734,5923.07
2019-04-23,48,2845.062,2656.698,5501.76
2019-04-24,1,2682.904,2338.842,5021.746
2019-04-24,2,2546.27,2099.364,4645.634
2019-04-24,3,2505.316,2025.804,4531.12
2019-04-24,4,2459.918,1932.756,4392.674
2019-04-24,5,2367.22,1935.688,4302.908
2019-04-24,6,2316.878,1939.704,4256.582
2019-04-24,7,2269.73,1984.11,4253.84
2019-04-24,8,2263.838,1984.93,4248.768
2019-04-24,9,2258.764,1970.102,4228.866
2019-04-24,10,2344.152,1891.058,4235.21
2019-04-24,11,2382.85,1843.89,4226.74
2019-04-24,12,2455.476,1992.022,4447.498
2019-04-24,13,2523.856,2171.79,4695.646
2019-04-24,14,2738.032,2419.638,5157.67
2019-04-24,15,2942.832,2444.772,5387.604
2019-04-24,16,3225.702,2624.724,5850.426
2019-04-24,17,3381.198,2431.778,5812.976
2019-04-24,18,3390.86,2389.216,5780.076
2019-04-24,19,3524.852,2524.36,6049.212
2019-04-24,20,3598.804,2507.752,6106.556
2019-04-24,21,3776.708,2650.39,6427.098
2019-04-24,22,3788.806,2841.516,6630.322
2019-04-24,23,3694.724,3077.81,6772.534
2019-04-24,24,3633.128,3161.35,6794.478
2019-04-24,25,3576.412,3135.736,6712.148
2019-04-24,26,3430.36,3375.474,6805.834
2019-04-24,27,3453.378,3784.79,7238.168
2019-04-24,28,3513.092,4027.74,7540.832
2019-04-24,29,3660.402,4176.272,7836.674
2019-04-24,30,3450.336,4408.442,7858.778
2019-04-24,31,3305.384,4665.96,7971.344
2019-04-24,32,3363.7,4801.322,8165.022
2019-04-24,33,3461.448,4448.068,7909.516
2019-04-24,34,3639.31,4470.51,8109.82
2019-04-24,35,3660.344,4584.246,8244.59
2019-04-24,36,3550.548,4973.33,8523.878
2019-04-24,37,3354.032,5068.268,8422.3
2019-04-24,38,3108.094,5103.408,8211.502
2019-04-24,39,2986.51,4921.276,7907.786
2019-04-24,40,2920.276,4438.4,7358.676
2019-04-24,41,2956.774,3933.22,6889.994
2019-04-24,42,2988.436,3311.804,6300.24
2019-04-24,43,2902.166,2799.472,5701.638
2019-04-24,44,2718.578,2797.92,5516.498
2019-04-24,45,2689.158,3038.65,5727.808
2019-04-24,46,2537.818,2897.352,5435.17
2019-04-24,47,2451.226,2736.352,5187.578
2019-04-24,48,2246.262,2477.83,4724.092
2019-04-25,1,2021.15,2367.814,4388.964
2019-04-25,2,1941.344,2566.214,4507.558
2019-04-25,3,1762.944,2714.594,4477.538
2019-04-25,4,1650.502,3027.814,4678.316
2019-04-25,5,1633.888,2922.822,4556.71
2019-04-25,6,1547.826,2663.908,4211.734
2019-04-25,7,1559.268,2664.872,4224.14
2019-04-25,8,1514.698,2729.71,4244.408
2019-04-25,9,1433.62,3209.654,4643.274
2019-04-25,10,1346.194,3818.266,5164.46
2019-04-25,11,1349.92,3821.422,5171.342
2019-04-25,12,1389.032,3505.282,4894.314
2019-04-25,13,1386.324,3469.726,4856.05
2019-04-25,14,1413.246,3590.48,5003.726
2019-04-25,15,1237.864,3902.842,5140.706
2019-04-25,16,1012.57,4389.642,5402.212
2019-04-25,17,1074.712,4813.812,5888.524
2019-04-25,18,1315.828,4773.464,6089.292
2019-04-25,19,1506.19,4908.71,6414.9
2019-04-25,20,1675.686,5059.952,6735.638
2019-04-25,21,1805.332,4728.212,6533.544
2019-04-25,22,1989.696,4248.39,6238.086
2019-04-25,23,2174.084,3768.566,5942.65
2019-04-25,24,2358.448,3288.75,5647.198
2019-04-25,25,2572.838,3015.694,5588.532
2019-04-25,26,2665.084,3211.228,5876.312
2019-04-25,27,2779.706,3185.846,5965.552
2019-04-25,28,2794.76,3810.132,6604.892
2019-04-25,29,2936.422,3732.662,6669.084
2019-04-25,30,3107.152,4050.598,7157.75
2019-04-25,31,2829.2,4046.084,6875.284
2019-04-25,32,2734.174,3647.46,6381.634
2019-04-25,33,2797.46,4011.048,6808.508
2019-04-25,34,2752.144,3622.41,6374.554
2019-04-25,35,2828.584,3166.524,5995.108
2019-04-25,36,2808.64,2970.902,5779.542
2019-04-25,37,2636.798,3385.422,6022.22
2019-04-25,38,2347.33,3780.11,6127.44
2019-04-25,39,2006.918,3786.746,5793.664
2019-04-25,40,1792.98,3731.778,5524.758
2019-04-25,41,1826.04,3893.194,5719.234
2019-04-25,42,1764.464,3723.39,5487.854
2019-04-25,43,1789.646,3435.538,5225.184
2019-04-25,44,1831.246,3710.366,5541.612
2019-04-25,45,1722.774,4170.384,5893.158
2019-04-25,46,1717.872,4189.296,5907.168
2019-04-25,47,1768.81,4108.128,5876.938
2019-04-25,48,1896.898,4141.252,6038.15
2019-04-26,1,1924.654,4202.668,6127.322
2019-04-26,2,2125.95,4125.444,6251.394
2019-04-26,3,2529.292,3954.972,6484.264
2019-04-26,4,2594.71,3876.78,6471.49
2019-04-26,5,2560.132,3686.054,6246.186
2019-04-26,6,2551.608,3435.654,5987.262
2019-04-26,7,2595.142,3278.88,5874.022
2019-04-26,8,2525.76,3048.338,5574.098
2019-04-26,9,2440.128,3017.712,5457.84
2019-04-26,10,2426.45,2690.884,5117.334
2019-04-26,11,2661.79,2493.334,5155.124
2019-04-26,12,2922.056,2723.706,5645.762
2019-04-26,13,2908.598,2888.076,5796.674
2019-04-26,14,2965.946,3067.944,6033.89
2019-04-26,15,3194.858,3380.584,6575.442
2019-04-26,16,3182.132,3382.762,6564.894
2019-04-26,17,3363.93,3369.1,6733.03
2019-04-26,18,3397.532,3323.412,6720.944
2019-04-26,19,3426.642,3379.982,6806.624
2019-04-26,20,3579.412,3372.978,6952.39
2019-04-26,21,3488.326,3515.63,7003.956
2019-04-26,22,3296.918,3703.764,7000.682
2019-04-26,23,3486.702,3573.132,7059.834
2019-04-26,24,3366.918,3476.476,6843.394
2019-04-26,25,3196.826,3666.154,6862.98
2019-04-26,26,3237.012,3962.2,7199.212
2019-04-26,27,3484.282,4282.848,7767.13
2019-04-26,28,3538.06,4220.462,7758.522
2019-04-26,29,3249.972,4417.244,7667.216
2019-04-26,30,3328.398,4525.306,7853.704
2019-04-26,31,3246.578,4599.168,7845.746
2019-04-26,32,3179.792,4965.106,8144.898
2019-04-26,33,3056.762,5422.664,8479.426
2019-04-26,34,3001.932,5876.132,8878.064
2019-04-26,35,2996.576,6130.77,9127.346
2019-04-26,36,2966.54,6456.77,9423.31
2019-04-26,37,2962.27,6534.032,9496.302
2019-04-26,38,2861.306,6524.242,9385.548
2019-04-26,39,2809.842,6328.884,9138.726
2019-04-26,40,2823.488,6549.35,9372.838
2019-04-26,41,2850.954,6872.036,9722.99
2019-04-26,42,2768.858,6827.128,9595.986
2019-04-26,43,2822.994,6959.602,9782.596
2019-04-26,44,2849.042,6965.066,9814.108
2019-04-26,45,2790.658,6961.494,9752.152
2019-04-26,46,2693.428,7133.626,9827.054
2019-04-26,47,2635.85,6993.854,9629.704
2019-04-26,48,2395.158,6933.824,9328.982
2019-04-27,1,1961.418,6973.768,8935.186
2019-04-27,2,1569.064,6571.388,8140.452
2019-04-27,3,1237.724,6898.154,8135.878
2019-04-27,4,1139.716,7062.736,8202.452
2019-04-27,5,879.108,7016.94,7896.048
2019-04-27,6,725.894,6905.85,7631.744
2019-04-27,7,829.548,7116.11,7945.658
2019-04-27,8,658.52,7044.914,7703.434
2019-04-27,9,574.868,6501.148,7076.016
2019-04-27,10,674.08,5660.278,6334.358
2019-04-27,11,662.31,5801.79,6464.1
2019-04-27,12,562.742,6351.706,6914.448
2019-04-27,13,508.456,6367.672,6876.128
2019-04-27,14,484.292,6258.67,6742.962
2019-04-27,15,412.62,6313.022,6725.642
2019-04-27,16,445.696,6336.97,6782.666
2019-04-27,17,482.262,6480.066,6962.328
2019-04-27,18,508.882,6815.944,7324.826
2019-04-27,19,523.766,6916.984,7440.75
2019-04-27,20,579.286,6996.264,7575.55
2019-04-27,21,653.218,7014.086,7667.304
2019-04-27,22,679.46,7123.202,7802.662
2019-04-27,23,761.696,7171.94,7933.636
2019-04-27,24,743.618,7192.916,7936.534
2019-04-27,25,762.976,7203.95,7966.926
2019-04-27,26,786.162,7231.644,8017.806
2019-04-27,27,742.3,7288.214,8030.514
2019-04-27,28,841.466,7256.924,8098.39
2019-04-27,29,1038.38,7179.29,8217.67
2019-04-27,30,1472.27,7179.166,8651.436
2019-04-27,31,1866.132,7180.522,9046.654
2019-04-27,32,1758.188,7246.162,9004.35
2019-04-27,33,1728.014,7205.322,8933.336
2019-04-27,34,1793.998,7254.716,9048.714
2019-04-27,35,1782.432,7233.858,9016.29
2019-04-27,36,1854.106,7162.53,9016.636
2019-04-27,37,1857.144,7086.232,8943.376
2019-04-27,38,1859.222,7006.032,8865.254
2019-04-27,39,1929.506,7072.002,9001.508
2019-04-27,40,1947.784,7030.736,8978.52
2019-04-27,41,1822.992,6948.894,8771.886
2019-04-27,42,1660.93,6991.164,8652.094
2019-04-27,43,1432.604,7046.282,8478.886
2019-04-27,44,1225.004,7099.814,8324.818
2019-04-27,45,1160.072,7060.542,8220.614
2019-04-27,46,1151.392,6958.234,8109.626
2019-04-27,47,1185.628,6868.086,8053.714
2019-04-27,48,1194.142,6839.37,8033.512
2019-04-28,1,1166.02,6795.258,7961.278
2019-04-28,2,1076.462,6732.788,7809.25
2019-04-28,3,1014.098,6689.526,7703.624
2019-04-28,4,917.626,6616.244,7533.87
2019-04-28,5,849.656,6566.98,7416.636
2019-04-28,6,755.378,6563.922,7319.3
2019-04-28,7,679.098,6548.156,7227.254
2019-04-28,8,618.378,6498.192,7116.57
2019-04-28,9,580.712,6497.108,7077.82
2019-04-28,10,531.866,6288.988,6820.854
2019-04-28,11,486.578,6208.646,6695.224
2019-04-28,12,411.324,6209.256,6620.58
2019-04-28,13,322.608,6009.198,6331.806
2019-04-28,14,259.144,5965.14,6224.284
2019-04-28,15,220.228,5818.574,6038.802
2019-04-28,16,179.566,5390.474,5570.04
2019-04-28,17,151.124,4986.024,5137.148
2019-04-28,18,133.704,4488.682,4622.386
2019-04-28,19,111.996,3936.202,4048.198
2019-04-28,20,110.068,3396.076,3506.144
2019-04-28,21,114.744,2869.404,2984.148
2019-04-28,22,124.838,2414.09,2538.928
2019-04-28,23,122.012,2132.75,2254.762
2019-04-28,24,135.478,2129.002,2264.48
2019-04-28,25,167.786,1870.442,2038.228
2019-04-28,26,209.168,1888.978,2098.146
2019-04-28,27,247.3,1812.512,2059.812
2019-04-28,28,262.81,1589.81,1852.62
2019-04-28,29,254.14,1426.69,1680.83
2019-04-28,30,273.312,1196.518,1469.83
2019-04-28,31,296.796,1039.428,1336.224
2019-04-28,32,314.684,1013.078,1327.762
2019-04-28,33,333.222,1153.892,1487.114
2019-04-28,34,380.752,1382.024,1762.776
2019-04-28,35,417.73,1303.098,1720.828
2019-04-28,36,471.324,1166.944,1638.268
2019-04-28,37,470.872,1079.582,1550.454
2019-04-28,38,553.28,955.002,1508.282
2019-04-28,39,653.42,777.39,1430.81
2019-04-28,40,663.264,623.946,1287.21
2019-04-28,41,673.03,514.994,1188.024
2019-04-28,42,650.46,425.934,1076.394
2019-04-28,43,587.828,310.868,898.696
2019-04-28,44,545.846,249.792,795.638
2019-04-28,45,517.556,262.464,780.02
2019-04-28,46,488.144,283.996,772.14
2019-04-28,47,453.61,262.31,715.92
2019-04-28,48,415.62,216.728,632.348
2019-04-29,1,419.452,150.362,569.814
2019-04-29,2,444.446,110.422,554.868
2019-04-29,3,445.558,87.946,533.504
2019-04-29,4,455.986,55.386,511.372
2019-04-29,5,499.202,40.144,539.346
2019-04-29,6,510.264,32.896,543.16
2019-04-29,7,530.65,32.236,562.886
2019-04-29,8,575.434,82.288,657.722
2019-04-29,9,567.762,141.9,709.662
2019-04-29,10,535.462,196.974,732.436
2019-04-29,11,493.2,217.328,710.528
2019-04-29,12,486.052,213.416,699.468
2019-04-29,13,479.848,244.15,723.998
2019-04-29,14,482.094,253.566,735.66
2019-04-29,15,509.192,236.29,745.482
2019-04-29,16,522.652,265.1,787.752
2019-04-29,17,608.814,247.45,856.264
2019-04-29,18,680.222,266.652,946.874
2019-04-29,19,739.17,259.518,998.688
2019-04-29,20,679.664,274.892,954.556
2019-04-29,21,597.774,290.378,888.152
2019-04-29,22,592.214,301.754,893.968
2019-04-29,23,628.488,381.916,1010.404
2019-04-29,24,662.644,355.834,1018.478
2019-04-29,25,695.418,391.592,1087.01
2019-04-29,26,766.338,423.702,1190.04
2019-04-29,27,823.83,426.304,1250.134
2019-04-29,28,853.278,400.354,1253.632
2019-04-29,29,968.404,367.218,1335.622
2019-04-29,30,1048.576,339.316,1387.892
2019-04-29,31,1118.05,341.756,1459.806
2019-04-29,32,1201.55,390.542,1592.092
2019-04-29,33,1231.964,445.204,1677.168
2019-04-29,34,1261.034,493.84,1754.874
2019-04-29,35,1244.794,504.858,1749.652
2019-04-29,36,1167.71,499.35,1667.06
2019-04-29,37,1157.798,487.212,1645.01
2019-04-29,38,1073.292,499.476,1572.768
2019-04-29,39,1023.128,554.44,1577.568
2019-04-29,40,919.482,594.214,1513.696
2019-04-29,41,879.962,640.834,1520.796
2019-04-29,42,909.064,686.964,1596.028
2019-04-29,43,945.286,699.394,1644.68
2019-04-29,44,1002.18,730.706,1732.886
2019-04-29,45,992.43,781.092,1773.522
2019-04-29,46,940.02,847.052,1787.072
2019-04-29,47,851.66,936.71,1788.37
2019-04-29,48,776.888,1095.652,1872.54
2019-04-30,1,845.25,1110.596,1955.846
2019-04-30,2,955.024,1081.212,2036.236
2019-04-30,3,1022.492,1105.392,2127.884
2019-04-30,4,1074.372,1107.796,2182.168
2019-04-30,5,1160.768,1111.158,2271.926
2019-04-30,6,1073.63,1067.274,2140.904
2019-04-30,7,1025.122,1002.196,2027.318
2019-04-30,8,997.9,901.716,1899.616
2019-04-30,9,1008.444,782.042,1790.486
2019-04-30,10,992.276,684.43,1676.706
2019-04-30,11,1002.626,568.204,1570.83
2019-04-30,12,922.386,469.568,1391.954
2019-04-30,13,902.998,415.836,1318.834
2019-04-30,14,949.742,335.432,1285.174
2019-04-30,15,956.018,282.054,1238.072
2019-04-30,16,910.896,248.87,1159.766
2019-04-30,17,950.578,206.096,1156.674
2019-04-30,18,866.362,150.838,1017.2
2019-04-30,19,799.67,137.644,937.314
2019-04-30,20,827.756,127.594,955.35
2019-04-30,21,824.824,147.154,971.978
2019-04-30,22,878.572,102.872,981.444
2019-04-30,23,875.168,64.15,939.318
2019-04-30,24,825.138,80.28,905.418
2019-04-30,25,823.192,76.102,899.294
2019-04-30,26,815.72,82.932,898.652
2019-04-30,27,815.14,79.682,894.822
2019-04-30,28,819.992,68.3,888.292
2019-04-30,29,867.288,111.69,978.978
2019-04-30,30,843.344,116.186,959.53
2019-04-30,31,819.978,100.246,920.224
2019-04-30,32,852.24,106.888,959.128
2019-04-30,33,851.834,116.646,968.48
2019-04-30,34,804.344,147.844,952.188
2019-04-30,35,751.976,135.174,887.15
2019-04-30,36,658.498,152.358,810.856
2019-04-30,37,555.094,191.106,746.2
2019-04-30,38,488.004,238.778,726.782
2019-04-30,39,407.582,283.318,690.9
2019-04-30,40,359.262,327.42,686.682
2019-04-30,41,346.592,302.462,649.054
2019-04-30,42,324.182,289.87,614.052
2019-04-30,43,318.32,252.588,570.908
2019-04-30,44,317.096,231.324,548.42
2019-04-30,45,319.458,201.284,520.742
2019-04-30,46,326.792,166.092,492.884
2019-04-30,47,337.802,152.452,490.254
2019-04-30,48,340.29,137.778,478.068
2019-05-01,1,307.374,163.148,470.522
2019-05-01,2,271.65,175.048,446.698
2019-05-01,3,234.864,196.87,431.734
2019-05-01,4,224.628,208.654,433.282
2019-05-01,5,216.58,211.984,428.564
2019-05-01,6,206.986,204.628,411.614
2019-05-01,7,222.038,202.972,425.01
2019-05-01,8,213.164,188.062,401.226
2019-05-01,9,219.698,165.852,385.55
2019-05-01,10,212.358,121.848,334.206
2019-05-01,11,218.214,106.054,324.268
2019-05-01,12,206.574,95.92,302.494
2019-05-01,13,181.308,81.572,262.88
2019-05-01,14,155.522,64.464,219.986
2019-05-01,15,147.502,52.26,199.762
2019-05-01,16,135.74,38.998,174.738
2019-05-01,17,136.094,37.66,173.754
2019-05-01,18,132.09,47.056,179.146
2019-05-01,19,129.03,23.262,152.292
2019-05-01,20,127.814,15.696,143.51
2019-05-01,21,124.618,34.052,158.67
2019-05-01,22,124.234,49.842,174.076
2019-05-01,23,122.97,72.09,195.06
2019-05-01,24,124.098,110.006,234.104
2019-05-01,25,126.738,147.094,273.832
2019-05-01,26,132.63,175.312,307.942
2019-05-01,27,141.204,190.72,331.924
2019-05-01,28,142.242,153.468,295.71
2019-05-01,29,147.764,146.486,294.25
2019-05-01,30,154.26,150.14,304.4
2019-05-01,31,159.488,111.092,270.58
2019-05-01,32,194.276,84.934,279.21
2019-05-01,33,186.702,107.236,293.938
2019-05-01,34,214.468,221.714,436.182
2019-05-01,35,266.944,244.784,511.728
2019-05-01,36,355.116,288.67,643.786
2019-05-01,37,443.51,339.634,783.144
2019-05-01,38,452.088,278.578,730.666
2019-05-01,39,459.282,238.15,697.432
2019-05-01,40,461.806,295.82,757.626
2019-05-01,41,456.992,337.78,794.772
2019-05-01,42,478.152,387.674,865.826
2019-05-01,43,491.79,637.552,1129.342
2019-05-01,44,545.122,723.082,1268.204
2019-05-01,45,566.658,794.158,1360.816
2019-05-01,46,611.088,849.226,1460.314
2019-05-01,47,668.298,973.958,1642.256
2019-05-01,48,656.344,1050.302,1706.646
2019-05-02,1,658.836,1183.576,1842.412
2019-05-02,2,695.686,1143.432,1839.118
2019-05-02,3,688.09,1048.43,1736.52
2019-05-02,4,743.492,978.11,1721.602
2019-05-02,5,726.112,978.764,1704.876
2019-05-02,6,732.906,1182.96,1915.866
2019-05-02,7,796.428,1433.982,2230.41
2019-05-02,8,882.942,1522.688,2405.63
2019-05-02,9,978.64,1637.514,2616.154
2019-05-02,10,937.428,1511.768,2449.196
2019-05-02,11,947.916,1454.126,2402.042
2019-05-02,12,865.378,1638.35,2503.728
2019-05-02,13,867.356,1688.092,2555.448
2019-05-02,14,944.94,1660.91,2605.85
2019-05-02,15,975.282,1693.158,2668.44
2019-05-02,16,930.494,1769.388,2699.882
2019-05-02,17,1037.802,1839.14,2876.942
2019-05-02,18,1017.272,1771.048,2788.32
2019-05-02,19,960.618,1667.71,2628.328
2019-05-02,20,985.3,1601.51,2586.81
2019-05-02,21,1091.946,1543.89,2635.836
2019-05-02,22,1094.236,1355.366,2449.602
2019-05-02,23,1116.884,1178.406,2295.29
2019-05-02,24,1130.08,1116.326,2246.406
2019-05-02,25,1265.824,1057.496,2323.32
2019-05-02,26,1242.824,1123.602,2366.426
2019-05-02,27,1351.548,1298.676,2650.224
2019-05-02,28,1509.204,1308.344,2817.548
2019-05-02,29,1535.426,1235.378,2770.804
2019-05-02,30,1619.388,1129.746,2749.134
2019-05-02,31,1498.57,1081.698,2580.268
2019-05-02,32,1624.776,1060.124,2684.9
2019-05-02,33,1686.496,1169.068,2855.564
2019-05-02,34,1670.872,1319.486,2990.358
2019-05-02,35,1844.15,1389.508,3233.658
2019-05-02,36,1889.136,1236.092,3125.228
2019-05-02,37,1836.144,1348.048,3184.192
2019-05-02,38,1919.012,1582.59,3501.602
2019-05-02,39,1810.544,1453.334,3263.878
2019-05-02,40,1730.416,1430.514,3160.93
2019-05-02,41,1654.568,1299.944,2954.512
2019-05-02,42,1576.692,1273.112,2849.804
2019-05-02,43,1520.788,1250.402,2771.19
2019-05-02,44,1428.344,1195.454,2623.798
2019-05-02,45,1282.014,1126.842,2408.856
2019-05-02,46,1186.11,1030.396,2216.506
2019-05-02,47,1151.478,968.472,2119.95
2019-05-02,48,1173.06,1086.418,2259.478
2019-05-03,1,1084.054,1310.016,2394.07
2019-05-03,2,1089.526,1451.026,2540.552
2019-05-03,3,1037.584,1382.678,2420.262
2019-05-03,4,1050.552,1235.886,2286.438
2019-05-03,5,985.598,1148.53,2134.128
2019-05-03,6,816.362,1049.638,1866
2019-05-03,7,735.38,1041.136,1776.516
2019-05-03,8,793.108,897.32,1690.428
2019-05-03,9,836.976,835.93,1672.906
2019-05-03,10,893.464,746.51,1639.974
2019-05-03,11,966.914,611.928,1578.842
2019-05-03,12,988.31,518.078,1506.388
2019-05-03,13,1051.108,510.064,1561.172
2019-05-03,14,1228.808,464.9,1693.708
2019-05-03,15,1212.818,437.528,1650.346
2019-05-03,16,1343.066,455.964,1799.03
2019-05-03,17,1567.918,478.734,2046.652
2019-05-03,18,1704.404,375.058,2079.462
2019-05-03,19,1925.236,306.976,2232.212
2019-05-03,20,1921.266,247.248,2168.514
2019-05-03,21,2165.336,223.074,2388.41
2019-05-03,22,2286.308,241.6,2527.908
2019-05-03,23,2362.47,231.448,2593.918
2019-05-03,24,2459.95,202.438,2662.388
2019-05-03,25,2420.702,314.894,2735.596
2019-05-03,26,2393.252,457.298,2850.55
2019-05-03,27,2412.076,648.936,3061.012
2019-05-03,28,2423.012,747.624,3170.636
2019-05-03,29,2291,883.38,3174.38
2019-05-03,30,2290.604,895.584,3186.188
2019-05-03,31,2119.516,1068.062,3187.578
2019-05-03,32,2216.582,1528.82,3745.402
2019-05-03,33,2155.818,1870.28,4026.098
2019-05-03,34,2295.426,2239.552,4534.978
2019-05-03,35,2377.36,2628.348,5005.708
2019-05-03,36,2577.302,2807.072,5384.374
2019-05-03,37,2419.614,3015.52,5435.134
2019-05-03,38,2291.332,2921.238,5212.57
2019-05-03,39,2273.388,3065.938,5339.326
2019-05-03,40,2090.664,3483.54,5574.204
2019-05-03,41,2051.364,3888.974,5940.338
2019-05-03,42,2351.342,3756.5,6107.842
2019-05-03,43,2375.394,3747.538,6122.932
2019-05-03,44,2336.836,3507.998,5844.834
2019-05-03,45,2371.066,3480.67,5851.736
2019-05-03,46,2235.176,3396.35,5631.526
2019-05-03,47,2412.808,3891.452,6304.26
2019-05-03,48,2547.464,4347.924,6895.388
2019-05-04,1,2467.664,4307.156,6774.82
2019-05-04,2,2447.624,3879.234,6326.858
2019-05-04,3,2462.406,4173.47,6635.876
2019-05-04,4,2458.228,4476.156,6934.384
2019-05-04,5,2475.812,4530.342,7006.154
2019-05-04,6,2430.502,4344.916,6775.418
2019-05-04,7,2376.894,4557.324,6934.218
2019-05-04,8,2459.786,4919.56,7379.346
2019-05-04,9,2414.384,5223.304,7637.688
2019-05-04,10,2445.706,5018.076,7463.782
2019-05-04,11,2548.85,4908.53,7457.38
2019-05-04,12,2646.204,5082.53,7728.734
2019-05-04,13,2692.8,5253.08,7945.88
2019-05-04,14,2602.702,5465.83,8068.532
2019-05-04,15,2493.396,5497.586,7990.982
2019-05-04,16,2532.762,5717.688,8250.45
2019-05-04,17,2696.934,5836.044,8532.978
2019-05-04,18,2827.126,5766.302,8593.428
2019-05-04,19,3030.286,5685.66,8715.946
2019-05-04,20,3259.276,5531.918,8791.194
2019-05-04,21,3418.782,5418.946,8837.728
2019-05-04,22,3346.114,5304.536,8650.65
2019-05-04,23,3335.734,5212.286,8548.02
2019-05-04,24,3309.702,5005.978,8315.68
2019-05-04,25,3185.714,5089.986,8275.7
2019-05-04,26,3044.152,5426.008,8470.16
2019-05-04,27,2971.484,5547.996,8519.48
2019-05-04,28,2896.3,5620.108,8516.408
2019-05-04,29,2666.614,5640.566,8307.18
2019-05-04,30,2597.248,5649.964,8247.212
2019-05-04,31,2442.294,5428.694,7870.988
2019-05-04,32,2469.006,5395.642,7864.648
2019-05-04,33,2462.204,5344.504,7806.708
2019-05-04,34,2340.956,5391.868,7732.824
2019-05-04,35,2420.1,5382.91,7803.01
2019-05-04,36,2354.486,5331.584,7686.07
2019-05-04,37,2392.51,4950.016,7342.526
2019-05-04,38,2147.496,4773.08,6920.576
2019-05-04,39,1904.158,4942.912,6847.07
2019-05-04,40,1770.97,5051.136,6822.106
2019-05-04,41,1580.574,5223.056,6803.63
2019-05-04,42,1373.904,5084.362,6458.266
2019-05-04,43,1258.048,5131.964,6390.012
2019-05-04,44,1087.61,5257.366,6344.976
2019-05-04,45,1008.19,5159.908,6168.098
2019-05-04,46,877.126,4881.93,5759.056
2019-05-04,47,848.244,4521.872,5370.116
2019-05-04,48,861.01,4419.21,5280.22
2019-05-05,1,978.708,4274.95,5253.658
2019-05-05,2,952.864,4000.894,4953.758
2019-05-05,3,1044.194,3844.77,4888.964
2019-05-05,4,1046.552,3743.782,4790.334
2019-05-05,5,1100.378,3738.904,4839.282
2019-05-05,6,1185.73,3476.378,4662.108
2019-05-05,7,1261.874,3460.514,4722.388
2019-05-05,8,1291.604,3290.108,4581.712
2019-05-05,9,1303.304,3062.966,4366.27
2019-05-05,10,1218.77,3062.566,4281.336
2019-05-05,11,1316.366,3043.374,4359.74
2019-05-05,12,1321.138,2991.498,4312.636
2019-05-05,13,1335.918,3087.086,4423.004
2019-05-05,14,1545.94,2896.13,4442.07
2019-05-05,15,1536.936,2914.35,4451.286
2019-05-05,16,1554.528,2779.444,4333.972
2019-05-05,17,1751.828,2728.866,4480.694
2019-05-05,18,1951.374,2414.284,4365.658
2019-05-05,19,2121.878,2352.25,4474.128
2019-05-05,20,2311.16,2513.712,4824.872
2019-05-05,21,2391.276,2443.008,4834.284
2019-05-05,22,2454.054,2420.83,4874.884
2019-05-05,23,2550.228,2121.85,4672.078
2019-05-05,24,2576.244,1805.946,4382.19
2019-05-05,25,2577.542,1872.954,4450.496
2019-05-05,26,2730.022,2028.21,4758.232
2019-05-05,27,2948.146,1790.072,4738.218
2019-05-05,28,2973.912,1598.552,4572.464
2019-05-05,29,2960.516,1378.914,4339.43
2019-05-05,30,3085.736,1337.456,4423.192
2019-05-05,31,3092.634,1454.826,4547.46
2019-05-05,32,3079.37,1509.048,4588.418
2019-05-05,33,3042.04,1473.884,4515.924
2019-05-05,34,3093.438,1524.798,4618.236
2019-05-05,35,3065.13,1340.104,4405.234
2019-05-05,36,3042.552,1230.444,4272.996
2019-05-05,37,3030.966,1360.106,4391.072
2019-05-05,38,2854.406,1414.352,4268.758
2019-05-05,39,2840,1270.904,4110.904
2019-05-05,40,2714.002,1318.97,4032.972
2019-05-05,41,2674.394,1429.048,4103.442
2019-05-05,42,2530.99,1450.804,3981.794
2019-05-05,43,2355.768,1410.776,3766.544
2019-05-05,44,2286.934,1483.054,3769.988
2019-05-05,45,2169.198,1514.688,3683.886
2019-05-05,46,2027.352,1601.664,3629.016
2019-05-05,47,1882.46,1776.398,3658.858
2019-05-05,48,1658.152,1897.338,3555.49
2019-05-06,1,1591.684,1959.354,3551.038
2019-05-06,2,1532.7,2005.706,3538.406
2019-05-06,3,1428.176,1927.808,3355.984
2019-05-06,4,1399.246,1970.168,3369.414
2019-05-06,5,1248.52,1971.006,3219.526
2019-05-06,6,1127.576,2008.858,3136.434
2019-05-06,7,1114.934,1847.51,2962.444
2019-05-06,8,1095.688,1588.29,2683.978
2019-05-06,9,1096.276,1425.868,2522.144
2019-05-06,10,1095.294,1490.554,2585.848
2019-05-06,11,1077.29,1536.95,2614.24
2019-05-06,12,1093.41,1607.384,2700.794
2019-05-06,13,992.576,1570.436,2563.012
2019-05-06,14,1017.082,1625.524,2642.606
2019-05-06,15,954.006,1611.634,2565.64
2019-05-06,16,840.276,1497.986,2338.262
2019-05-06,17,787.238,1526.4,2313.638
2019-05-06,18,813.606,1359.32,2172.926
2019-05-06,19,785.15,1213.34,1998.49
2019-05-06,20,770.608,1079.798,1850.406
2019-05-06,21,725.054,989.508,1714.562
2019-05-06,22,643.578,942.098,1585.676
2019-05-06,23,680.78,942.428,1623.208
2019-05-06,24,672.806,902.834,1575.64
2019-05-06,25,630.962,1079.68,1710.642
2019-05-06,26,613.454,1046.604,1660.058
2019-05-06,27,608.158,1125.49,1733.648
2019-05-06,28,532.192,1061.498,1593.69
2019-05-06,29,522.498,996.108,1518.606
2019-05-06,30,555.516,841.828,1397.344
2019-05-06,31,526.48,786.614,1313.094
2019-05-06,32,448.002,730.764,1178.766
2019-05-06,33,420.264,632.336,1052.6
2019-05-06,34,472.784,548.504,1021.288
2019-05-06,35,442.48,520.834,963.314
2019-05-06,36,438.234,515.208,953.442
2019-05-06,37,456.482,465.28,921.762
2019-05-06,38,495.622,436.272,931.894
2019-05-06,39,398.914,421.328,820.242
2019-05-06,40,393.182,374.308,767.49
2019-05-06,41,374.048,329.616,703.664
2019-05-06,42,283.86,275.776,559.636
2019-05-06,43,269.548,227.622,497.17
2019-05-06,44,279.022,163.412,442.434
2019-05-06,45,294.512,112.67,407.182
2019-05-06,46,273.54,95.498,369.038
2019-05-06,47,305.77,87.77,393.54
2019-05-06,48,315.562,74.792,390.354
2019-05-07,1,305.896,69.762,375.658
2019-05-07,2,305.822,68.836,374.658
2019-05-07,3,305.784,67.806,373.59
2019-05-07,4,344.966,80.054,425.02
2019-05-07,5,380.612,102.414,483.026
2019-05-07,6,317.784,180.066,497.85
2019-05-07,7,268.444,208.696,477.14
2019-05-07,8,267.576,225.118,492.694
2019-05-07,9,296.498,200.502,497
2019-05-07,10,303.75,123.178,426.928
2019-05-07,11,284.81,112.856,397.666
2019-05-07,12,283.512,125.11,408.622
2019-05-07,13,302.196,133.486,435.682
2019-05-07,14,312.632,145.91,458.542
2019-05-07,15,310.788,171.292,482.08
2019-05-07,16,304.494,207.008,511.502
2019-05-07,17,281.35,245.452,526.802
2019-05-07,18,258.49,269.884,528.374
2019-05-07,19,261.216,310.502,571.718
2019-05-07,20,244.092,367.162,611.254
2019-05-07,21,236.998,410.144,647.142
2019-05-07,22,247.606,421.916,669.522
2019-05-07,23,268.76,487.28,756.04
2019-05-07,24,284.322,508.43,792.752
2019-05-07,25,266.598,500.428,767.026
2019-05-07,26,278.076,498.714,776.79
2019-05-07,27,302.704,416.756,719.46
2019-05-07,28,332.628,397.03,729.658
2019-05-07,29,322.234,401.502,723.736
2019-05-07,30,398.292,308.16,706.452
2019-05-07,31,478.274,337.302,815.576
2019-05-07,32,472.378,379.974,852.352
2019-05-07,33,427.724,478.862,906.586
2019-05-07,34,425.296,492.842,918.138
2019-05-07,35,419.506,576.478,995.984
2019-05-07,36,388.312,649.346,1037.658
2019-05-07,37,384.192,785.134,1169.326
2019-05-07,38,389.586,778.764,1168.35
2019-05-07,39,414.6,800.802,1215.402
2019-05-07,40,412.312,891.53,1303.842
2019-05-07,41,401.65,1006.078,1407.728
2019-05-07,42,395.818,1173.502,1569.32
2019-05-07,43,405.842,1615.164,2021.006
2019-05-07,44,444.93,1965.716,2410.646
2019-05-07,45,511.752,2109.044,2620.796
2019-05-07,46,604.046,2328.152,2932.198
2019-05-07,47,620.616,2794.836,3415.452
2019-05-07,48,653.72,3074.5,3728.22
2019-05-08,1,696.688,3306.19,4002.878
2019-05-08,2,727.958,3484.456,4212.414
2019-05-08,3,791.534,3644.75,4436.284
2019-05-08,4,885.608,3733.042,4618.65
2019-05-08,5,968.124,3821.908,4790.032
2019-05-08,6,942.848,3811.17,4754.018
2019-05-08,7,920.22,4142.472,5062.692
2019-05-08,8,927.462,4279.882,5207.344
2019-05-08,9,879.918,4153.516,5033.434
2019-05-08,10,852.138,4204.882,5057.02
2019-05-08,11,938.94,4375.09,5314.03
2019-05-08,12,1018.096,4543.55,5561.646
2019-05-08,13,1166.968,4764.08,5931.048
2019-05-08,14,1327.462,5042.568,6370.03
2019-05-08,15,1456.348,5146.714,6603.062
2019-05-08,16,1453.742,5255.816,6709.558
2019-05-08,17,1561.816,5832.56,7394.376
2019-05-08,18,1731.856,5679.402,7411.258
2019-05-08,19,1845.18,5515.918,7361.098
2019-05-08,20,1958.924,5963.238,7922.162
2019-05-08,21,2204.85,6239.786,8444.636
2019-05-08,22,2383.454,6246.526,8629.98
2019-05-08,23,2459.102,5934.912,8394.014
2019-05-08,24,2561.226,5550.814,8112.04
2019-05-08,25,2596.442,5093.346,7689.788
2019-05-08,26,2676.456,5170.536,7846.992
2019-05-08,27,2780.894,5049.026,7829.92
2019-05-08,28,2814.818,5168.956,7983.774
2019-05-08,29,2844.654,5276.992,8121.646
2019-05-08,30,2830.116,5007.362,7837.478
2019-05-08,31,2793.554,4661.602,7455.156
2019-05-08,32,2789.154,4614.352,7403.506
2019-05-08,33,2835.528,4744.588,7580.116
2019-05-08,34,2827.782,4716.948,7544.73
2019-05-08,35,2896.616,4848.236,7744.852
2019-05-08,36,2855.636,4590.514,7446.15
2019-05-08,37,2792.542,4501.868,7294.41
2019-05-08,38,2852.916,4362.67,7215.586
2019-05-08,39,2807.542,4259.708,7067.25
2019-05-08,40,2835.412,4512.056,7347.468
2019-05-08,41,2813.102,4159.964,6973.066
2019-05-08,42,2836.236,4268.926,7105.162
2019-05-08,43,2810.296,4262.79,7073.086
2019-05-08,44,2781.06,4347.832,7128.892
2019-05-08,45,2792.838,4450.742,7243.58
2019-05-08,46,2746.972,4293.914,7040.886
2019-05-08,47,2565.516,4226.292,6791.808
2019-05-08,48,2436.848,4083.024,6519.872
2019-05-09,1,2301.44,3958.73,6260.17
2019-05-09,2,2264.776,3755.676,6020.452
2019-05-09,3,2171.252,3680.964,5852.216
2019-05-09,4,2192.714,3412.432,5605.146
2019-05-09,5,2153.254,3177.188,5330.442
2019-05-09,6,2215.516,3051.238,5266.754
2019-05-09,7,2139.504,3133.07,5272.574
2019-05-09,8,2170.79,3097.536,5268.326
2019-05-09,9,2239.352,2799.126,5038.478
2019-05-09,10,2222.732,2626.536,4849.268
2019-05-09,11,2070.682,2401.452,4472.134
2019-05-09,12,1999.832,2229.842,4229.674
2019-05-09,13,1959.838,2387.106,4346.944
2019-05-09,14,1908.584,2363.056,4271.64
2019-05-09,15,1873.016,2268.34,4141.356
2019-05-09,16,1893.686,2288.14,4181.826
2019-05-09,17,1913.41,2317.728,4231.138
2019-05-09,18,1879.824,2207.172,4086.996
2019-05-09,19,1865.174,2228.882,4094.056
2019-05-09,20,1684.898,2024.22,3709.118
2019-05-09,21,1579.346,1858.024,3437.37
2019-05-09,22,1495.244,1926.768,3422.012
2019-05-09,23,1397.694,2007.574,3405.268
2019-05-09,24,1269.904,1876.29,3146.194
2019-05-09,25,1166.96,1761.704,2928.664
2019-05-09,26,1085.718,1629.908,2715.626
2019-05-09,27,1016.642,1545.222,2561.864
2019-05-09,28,917.14,1487.052,2404.192
2019-05-09,29,838.064,1597.082,2435.146
2019-05-09,30,757.574,1690.316,2447.89
2019-05-09,31,689.762,1878.72,2568.482
2019-05-09,32,658.3,1867.528,2525.828
2019-05-09,33,603.492,1780.536,2384.028
2019-05-09,34,586.18,1574.502,2160.682
2019-05-09,35,561.848,1562.556,2124.404
2019-05-09,36,550.922,1627.624,2178.546
2019-05-09,37,474.478,1638.96,2113.438
2019-05-09,38,482.618,1614.33,2096.948
2019-05-09,39,472.374,1640.6,2112.974
2019-05-09,40,433.716,1647.596,2081.312
2019-05-09,41,375.91,1660.902,2036.812
2019-05-09,42,376.82,1623.162,1999.982
2019-05-09,43,374.574,1526.554,1901.128
2019-05-09,44,382.268,1389.414,1771.682
2019-05-09,45,302.044,1229.014,1531.058
2019-05-09,46,312.546,1192.388,1504.934
2019-05-09,47,263.386,1157.26,1420.646
2019-05-09,48,218.52,1130.738,1349.258
2019-05-10,1,224.004,1087.332,1311.336
2019-05-10,2,230.798,943.306,1174.104
2019-05-10,3,248.096,889.83,1137.926
2019-05-10,4,227.2,811.264,1038.464
2019-05-10,5,213.404,739.098,952.502
2019-05-10,6,200.454,667.132,867.586
2019-05-10,7,189.696,569.93,759.626
2019-05-10,8,176.83,526.088,702.918
2019-05-10,9,184.462,565.062,749.524
2019-05-10,10,193.25,559.044,752.294
2019-05-10,11,202.852,510.526,713.378
2019-05-10,12,220.42,489.526,709.946
2019-05-10,13,225.798,490.12,715.918
2019-05-10,14,239.346,514.686,754.032
2019-05-10,15,239.01,514.476,753.486
2019-05-10,16,228.558,513.06,741.618
2019-05-10,17,255.18,545.596,800.776
2019-05-10,18,277.44,519.12,796.56
2019-05-10,19,266.43,487.55,753.98
2019-05-10,20,274.766,426.024,700.79
2019-05-10,21,225.398,388.108,613.506
2019-05-10,22,230.25,398.764,629.014
2019-05-10,23,235.024,430.052,665.076
2019-05-10,24,244.694,344.504,589.198
2019-05-10,25,279.126,310.706,589.832
2019-05-10,26,267.46,295.976,563.436
2019-05-10,27,255.156,223.886,479.042
2019-05-10,28,244.22,166.436,410.656
2019-05-10,29,255.548,152.978,408.526
2019-05-10,30,277.948,167.66,445.608
2019-05-10,31,266.508,213.07,479.578
2019-05-10,32,305.3,271.052,576.352
2019-05-10,33,287.292,351.132,638.424
2019-05-10,34,326.194,293.826,620.02
2019-05-10,35,339.634,304.106,643.74
2019-05-10,36,314.55,364.004,678.554
2019-05-10,37,283.244,364.096,647.34
2019-05-10,38,244.92,374.04,618.96
2019-05-10,39,297.506,408.104,705.61
2019-05-10,40,279.188,403.086,682.274
2019-05-10,41,267.466,429.782,697.248
2019-05-10,42,297.624,464.012,761.636
2019-05-10,43,287.902,426.616,714.518
2019-05-10,44,336.658,418.248,754.906
2019-05-10,45,313.256,452.922,766.178
2019-05-10,46,238.734,442.018,680.752
2019-05-10,47,191.468,403.258,594.726
2019-05-10,48,182.47,353.056,535.526
2019-05-11,1,165.33,361.34,526.67
2019-05-11,2,176.884,368.926,545.81
2019-05-11,3,180.282,362.548,542.83
2019-05-11,4,183.41,457.002,640.412
2019-05-11,5,187.366,526.166,713.532
2019-05-11,6,184.134,496.632,680.766
2019-05-11,7,187.07,525.656,712.726
2019-05-11,8,196.476,493.968,690.444
2019-05-11,9,220.638,480.908,701.546
2019-05-11,10,289.842,524.702,814.544
2019-05-11,11,378.1,537.756,915.856
2019-05-11,12,387.626,503.19,890.816
2019-05-11,13,457.188,523.6,980.788
2019-05-11,14,468.448,539.382,1007.83
2019-05-11,15,510.824,570.678,1081.502
2019-05-11,16,541.4,588.558,1129.958
2019-05-11,17,642.352,673.428,1315.78
2019-05-11,18,657.558,724.954,1382.512
2019-05-11,19,686.64,792.076,1478.716
2019-05-11,20,716.644,771.304,1487.948
2019-05-11,21,784.334,751.422,1535.756
2019-05-11,22,676.756,746.408,1423.164
2019-05-11,23,678.832,793.504,1472.336
2019-05-11,24,727.568,897.852,1625.42
2019-05-11,25,819.1,911.986,1731.086
2019-05-11,26,997.616,1009.722,2007.338
2019-05-11,27,1216.132,1164.062,2380.194
2019-05-11,28,1135.442,1291.678,2427.12
2019-05-11,29,1286.882,1326.304,2613.186
2019-05-11,30,1387.712,1346.798,2734.51
2019-05-11,31,1448.694,1549.968,2998.662
2019-05-11,32,1604.642,1678.302,3282.944
2019-05-11,33,1531.81,1668.62,3200.43
2019-05-11,34,1592.906,1588.796,3181.702
2019-05-11,35,1699.302,1521.304,3220.606
2019-05-11,36,1779.636,1572.296,3351.932
2019-05-11,37,1749.44,1594.588,3344.028
2019-05-11,38,1727.874,1581.51,3309.384
2019-05-11,39,1657.64,1617.636,3275.276
2019-05-11,40,1451.81,1599.736,3051.546
2019-05-11,41,1233.35,1343.524,2576.874
2019-05-11,42,1094.408,1234.734,2329.142
2019-05-11,43,973.338,1025.4,1998.738
2019-05-11,44,921.026,930.962,1851.988
2019-05-11,45,868.804,966.92,1835.724
2019-05-11,46,768.396,988.054,1756.45
2019-05-11,47,677.072,933.11,1610.182
2019-05-11,48,611.684,926.496,1538.18
2019-05-12,1,587.63,955.882,1543.512
2019-05-12,2,482.552,898.902,1381.454
2019-05-12,3,432.266,843.038,1275.304
2019-05-12,4,360.168,773.494,1133.662
2019-05-12,5,285.928,696.234,982.162
2019-05-12,6,250.266,666.782,917.048
2019-05-12,7,214.572,634.322,848.894
2019-05-12,8,195.77,598.192,793.962
2019-05-12,9,190.754,590.266,781.02
2019-05-12,10,177.108,565.936,743.044
2019-05-12,11,161.232,511.398,672.63
2019-05-12,12,142.526,504.3,646.826
2019-05-12,13,137.766,489.952,627.718
2019-05-12,14,140.036,497.384,637.42
2019-05-12,15,131.462,468.094,599.556
2019-05-12,16,115.806,424.464,540.27
2019-05-12,17,102.726,396.756,499.482
2019-05-12,18,101.38,376.914,478.294
2019-05-12,19,104.36,318.074,422.434
2019-05-12,20,111.726,286.764,398.49
2019-05-12,21,120.308,293.336,413.644
2019-05-12,22,123.18,284.662,407.842
2019-05-12,23,129.668,261.956,391.624
2019-05-12,24,157.626,248.68,406.306
2019-05-12,25,209.998,237.03,447.028
2019-05-12,26,266.518,238.164,504.682
2019-05-12,27,333.432,258.36,591.792
2019-05-12,28,417.12,272.27,689.39
2019-05-12,29,458.738,291.938,750.676
2019-05-12,30,498.216,314.898,813.114
2019-05-12,31,559.354,349.418,908.772
2019-05-12,32,600.888,387.714,988.602
2019-05-12,33,653.242,411.084,1064.326
2019-05-12,34,679.02,430.09,1109.11
2019-05-12,35,720.304,457.264,1177.568
2019-05-12,36,676.252,465.67,1141.922
2019-05-12,37,603.382,455.194,1058.576
2019-05-12,38,568.212,470.33,1038.542
2019-05-12,39,507.046,487.208,994.254
2019-05-12,40,468.29,502.118,970.408
2019-05-12,41,449.326,532.446,981.772
2019-05-12,42,447.156,542.514,989.67
2019-05-12,43,433.396,543.202,976.598
2019-05-12,44,434.728,567.036,1001.764
2019-05-12,45,453.294,582.442,1035.736
2019-05-12,46,418.214,583.024,1001.238
2019-05-12,47,346.754,521.104,867.858
2019-05-12,48,318.01,490.726,808.736
2019-05-13,1,319.214,482.994,802.208
2019-05-13,2,325.284,477.674,802.958
2019-05-13,3,339.978,431.532,771.51
2019-05-13,4,392.804,436.644,829.448
2019-05-13,5,411.042,441.258,852.3
2019-05-13,6,434.666,425.364,860.03
2019-05-13,7,467.362,426.236,893.598
2019-05-13,8,498.75,475.78,974.53
2019-05-13,9,530.728,529.73,1060.458
2019-05-13,10,544.466,539.358,1083.824
2019-05-13,11,533.252,526.482,1059.734
2019-05-13,12,535.992,505,1040.992
2019-05-13,13,545.378,483.158,1028.536
2019-05-13,14,546.226,452.288,998.514
2019-05-13,15,507.756,394.736,902.492
2019-05-13,16,480.322,341.284,821.606
2019-05-13,17,495.426,273.14,768.566
2019-05-13,18,569.714,248.326,818.04
2019-05-13,19,641.912,219.48,861.392
2019-05-13,20,635.386,239.014,874.4
2019-05-13,21,780.77,244.422,1025.192
2019-05-13,22,961.804,277.844,1239.648
2019-05-13,23,1166.862,297.668,1464.53
2019-05-13,24,1289.748,352.582,1642.33
2019-05-13,25,1330.262,386.938,1717.2
2019-05-13,26,1290.51,391.696,1682.206
2019-05-13,27,1211.616,411.622,1623.238
2019-05-13,28,1200.224,467.196,1667.42
2019-05-13,29,1251.004,579.998,1831.002
2019-05-13,30,1342.514,639.622,1982.136
2019-05-13,31,1429.566,676.296,2105.862
2019-05-13,32,1506.938,727.544,2234.482
2019-05-13,33,1538.902,798.504,2337.406
2019-05-13,34,1610.486,905.266,2515.752
2019-05-13,35,1565.95,936.088,2502.038
2019-05-13,36,1461.494,930.384,2391.878
2019-05-13,37,1260.41,897.644,2158.054
2019-05-13,38,1086.428,921.388,2007.816
2019-05-13,39,943.608,958.934,1902.542
2019-05-13,40,780.434,942.466,1722.9
2019-05-13,41,628.014,972.952,1600.966
2019-05-13,42,460.788,1008.73,1469.518
2019-05-13,43,420.918,1014.708,1435.626
2019-05-13,44,450.36,1038.754,1489.114
2019-05-13,45,471.126,961.802,1432.928
2019-05-13,46,482.394,880.916,1363.31
2019-05-13,47,473.674,824.67,1298.344
2019-05-13,48,419.344,852.246,1271.59
2019-05-14,1,414.256,902.754,1317.01
2019-05-14,2,413.564,943.056,1356.62
2019-05-14,3,465.46,980.404,1445.864
2019-05-14,4,494.794,1052.676,1547.47
2019-05-14,5,465.75,1104.61,1570.36
2019-05-14,6,426.12,1167.746,1593.866
2019-05-14,7,411.894,1151.306,1563.2
2019-05-14,8,379.938,1154.388,1534.326
2019-05-14,9,355.654,1119.056,1474.71
2019-05-14,10,301.242,1077.166,1378.408
2019-05-14,11,278.086,981.022,1259.108
2019-05-14,12,281.536,893.232,1174.768
2019-05-14,13,289.53,923.904,1213.434
2019-05-14,14,263.832,950.08,1213.912
2019-05-14,15,233.988,966.628,1200.616
2019-05-14,16,205.756,918.096,1123.852
2019-05-14,17,198.484,907.11,1105.594
2019-05-14,18,209.064,897.054,1106.118
2019-05-14,19,241.388,944.266,1185.654
2019-05-14,20,240.278,938.09,1178.368
2019-05-14,21,253.854,919.79,1173.644
2019-05-14,22,281.272,964.956,1246.228
2019-05-14,23,323.506,1002.47,1325.976
2019-05-14,24,398.244,983.896,1382.14
2019-05-14,25,492.086,943.57,1435.656
2019-05-14,26,544.096,854.978,1399.074
2019-05-14,27,576.514,808.522,1385.036
2019-05-14,28,607.03,782.182,1389.212
2019-05-14,29,613.378,785.046,1398.424
2019-05-14,30,616.346,792.64,1408.986
2019-05-14,31,647.136,818.892,1466.028
2019-05-14,32,648.754,895.486,1544.24
2019-05-14,33,618.668,943.994,1562.662
2019-05-14,34,669.974,1052.544,1722.518
2019-05-14,35,644.008,1130.028,1774.036
2019-05-14,36,544.28,1131.672,1675.952
2019-05-14,37,461.172,1105.174,1566.346
2019-05-14,38,434.448,1070.832,1505.28
2019-05-14,39,407.846,1029.132,1436.978
2019-05-14,40,383.952,1008.918,1392.87
2019-05-14,41,371.026,1071.474,1442.5
2019-05-14,42,366.932,1193.346,1560.278
2019-05-14,43,375.462,1273.482,1648.944
2019-05-14,44,348.77,1284.882,1633.652
2019-05-14,45,322.868,1201.584,1524.452
2019-05-14,46,304.748,1150.112,1454.86
2019-05-14,47,289.886,1200.948,1490.834
2019-05-14,48,308.004,1376.672,1684.676
2019-05-15,1,288.522,1348.662,1637.184
2019-05-15,2,298.59,1347.322,1645.912
2019-05-15,3,337.11,1362.744,1699.854
2019-05-15,4,390.826,1440.23,1831.056
2019-05-15,5,429.234,1534.942,1964.176
2019-05-15,6,492.5,1507.238,1999.738
2019-05-15,7,579.35,1470.424,2049.774
2019-05-15,8,606.162,1388.59,1994.752
2019-05-15,9,620.762,1261.846,1882.608
2019-05-15,10,598.158,1179.526,1777.684
2019-05-15,11,544.124,1170.58,1714.704
2019-05-15,12,514.574,1192.806,1707.38
2019-05-15,13,570.516,1092.64,1663.156
2019-05-15,14,589.622,932.018,1521.64
2019-05-15,15,535.61,838.822,1374.432
2019-05-15,16,482.532,736.138,1218.67
2019-05-15,17,458.086,634.612,1092.698
2019-05-15,18,415.664,568.384,984.048
2019-05-15,19,384.152,492.876,877.028
2019-05-15,20,383.432,482.268,865.7
2019-05-15,21,402.862,506.042,908.904
2019-05-15,22,445.014,544.864,989.878
2019-05-15,23,481.62,566.102,1047.722
2019-05-15,24,510.978,552.266,1063.244
2019-05-15,25,559.464,538.706,1098.17
2019-05-15,26,635.306,540.638,1175.944
2019-05-15,27,708.994,622.59,1331.584
2019-05-15,28,779.034,687.348,1466.382
2019-05-15,29,853.542,677.258,1530.8
2019-05-15,30,959.428,668.472,1627.9
2019-05-15,31,999.23,683.67,1682.9
2019-05-15,32,1081.858,719.438,1801.296
2019-05-15,33,1101.334,735.26,1836.594
2019-05-15,34,1080.864,750.294,1831.158
2019-05-15,35,1039.554,752.71,1792.264
2019-05-15,36,1160.238,772.8,1933.038
2019-05-15,37,1151.126,885.858,2036.984
2019-05-15,38,1129.758,1007.274,2137.032
2019-05-15,39,1132.992,1206.288,2339.28
2019-05-15,40,1103.366,1312.936,2416.302
2019-05-15,41,1202.962,1316.916,2519.878
2019-05-15,42,1200.408,1371.358,2571.766
2019-05-15,43,1189.448,1466.082,2655.53
2019-05-15,44,1237.626,1609.71,2847.336
2019-05-15,45,1232.492,1626.018,2858.51
2019-05-15,46,1204.492,1776.7,2981.192
2019-05-15,47,1141.44,1812.456,2953.896
2019-05-15,48,1112.162,1978.906,3091.068
2019-05-16,1,1146.908,2154.816,3301.724
2019-05-16,2,1154.704,2337.706,3492.41
2019-05-16,3,1258.226,2292.078,3550.304
2019-05-16,4,1341.678,2085.454,3427.132
2019-05-16,5,1397.34,1883.87,3281.21
2019-05-16,6,1352.604,1662.738,3015.342
2019-05-16,7,1423.836,1574.726,2998.562
2019-05-16,8,1377.516,1735.596,3113.112
2019-05-16,9,1452.302,1786.354,3238.656
2019-05-16,10,1496.612,1903.404,3400.016
2019-05-16,11,1446.132,2049.056,3495.188
2019-05-16,12,1437.536,2229.31,3666.846
2019-05-16,13,1413.818,2567.796,3981.614
2019-05-16,14,1450.644,2777.412,4228.056
2019-05-16,15,1351.602,2783.756,4135.358
2019-05-16,16,1309.992,2598.962,3908.954
2019-05-16,17,1399.23,2480.024,3879.254
2019-05-16,18,1494.404,2304.978,3799.382
2019-05-16,19,1508.782,2249.726,3758.508
2019-05-16,20,1621.438,2178.592,3800.03
2019-05-16,21,1809.142,2212.336,4021.478
2019-05-16,22,1934.62,2388.598,4323.218
2019-05-16,23,1985.184,2427.458,4412.642
2019-05-16,24,2006.524,2528.954,4535.478
2019-05-16,25,2054.55,2652.202,4706.752
2019-05-16,26,2101.19,2676.748,4777.938
2019-05-16,27,2100.498,2792.804,4893.302
2019-05-16,28,2147.6,2959.28,5106.88
2019-05-16,29,2204.112,3066.782,5270.894
2019-05-16,30,2290.98,3075.972,5366.952
2019-05-16,31,2382.702,3175.646,5558.348
2019-05-16,32,2471.61,3379.448,5851.058
2019-05-16,33,2540.088,3412.11,5952.198
2019-05-16,34,2560.902,3322.752,5883.654
2019-05-16,35,2579.356,3448.998,6028.354
2019-05-16,36,2595.356,3505.254,6100.61
2019-05-16,37,2633.254,3693.426,6326.68
2019-05-16,38,2643.744,3977.484,6621.228
2019-05-16,39,2569.492,3943.55,6513.042
2019-05-16,40,2480.258,4036.008,6516.266
2019-05-16,41,2317.132,4363.962,6681.094
2019-05-16,42,2190.75,4642.41,6833.16
2019-05-16,43,2224.934,4847.146,7072.08
2019-05-16,44,2319.75,4846.902,7166.652
2019-05-16,45,2292.76,4626.016,6918.776
2019-05-16,46,2281.136,4322.514,6603.65
2019-05-16,47,2151.52,4025.374,6176.894
2019-05-16,48,2014.378,3706.638,5721.016
2019-05-17,1,1843.03,3644.102,5487.132
2019-05-17,2,1758.664,3526.694,5285.358
2019-05-17,3,1701.21,3436.746,5137.956
2019-05-17,4,1551.492,3243.338,4794.83
2019-05-17,5,1472.776,3406.268,4879.044
2019-05-17,6,1347.856,3787.82,5135.676
2019-05-17,7,1263.332,3940.636,5203.968
2019-05-17,8,1280.042,3902.058,5182.1
2019-05-17,9,1201.276,3815.154,5016.43
2019-05-17,10,1129.646,3585.56,4715.206
2019-05-17,11,1029.022,3570.086,4599.108
2019-05-17,12,975.566,3489.382,4464.948
2019-05-17,13,877.468,3406.5,4283.968
2019-05-17,14,842.366,3421.568,4263.934
2019-05-17,15,871.674,3240.094,4111.768
2019-05-17,16,894.646,2990.556,3885.202
2019-05-17,17,913.76,2672.974,3586.734
2019-05-17,18,907.238,2476.032,3383.27
2019-05-17,19,887.852,2304.444,3192.296
2019-05-17,20,946.048,2036.63,2982.678
2019-05-17,21,975.498,1829.696,2805.194
2019-05-17,22,1022.926,1682.46,2705.386
2019-05-17,23,1089.446,1682.996,2772.442
2019-05-17,24,1187.302,1660.682,2847.984
2019-05-17,25,1377.234,1651.556,3028.79
2019-05-17,26,1574.424,1739.57,3313.994
2019-05-17,27,1719.004,1767.288,3486.292
2019-05-17,28,1763.084,1908.908,3671.992
2019-05-17,29,1852.592,1926.174,3778.766
2019-05-17,30,1976.24,1936.51,3912.75
2019-05-17,31,1988.472,1826.274,3814.746
2019-05-17,32,2073.484,1851.482,3924.966
2019-05-17,33,2108.536,1963.87,4072.406
2019-05-17,34,2041.492,2058.15,4099.642
2019-05-17,35,1963.754,2039.838,4003.592
2019-05-17,36,1837.752,1985.382,3823.134
2019-05-17,37,1673.554,1934.634,3608.188
2019-05-17,38,1578.03,1769.958,3347.988
2019-05-17,39,1514.32,1653.628,3167.948
2019-05-17,40,1547.538,1393.392,2940.93
2019-05-17,41,1605.362,1257.884,2863.246
2019-05-17,42,1694.414,1361.63,3056.044
2019-05-17,43,1806.786,1338.882,3145.668
2019-05-17,44,1958.542,1339.214,3297.756
2019-05-17,45,1963.258,1300.294,3263.552
2019-05-17,46,1885.536,1246.306,3131.842
2019-05-17,47,1799.294,1201.816,3001.11
2019-05-17,48,1807.95,1173.058,2981.008
2019-05-18,1,1766.89,1080.722,2847.612
2019-05-18,2,1634.166,1019.43,2653.596
2019-05-18,3,1527.502,1123.472,2650.974
2019-05-18,4,1519.404,1053.712,2573.116
2019-05-18,5,1518.984,986.534,2505.518
2019-05-18,6,1509.85,843.534,2353.384
2019-05-18,7,1515.504,722.32,2237.824
2019-05-18,8,1449.162,662.246,2111.408
2019-05-18,9,1272.512,632.226,1904.738
2019-05-18,10,1122.986,552.096,1675.082
2019-05-18,11,1044.114,477.698,1521.812
2019-05-18,12,976.894,430.53,1407.424
2019-05-18,13,969.234,354.588,1323.822
2019-05-18,14,923.424,255.948,1179.372
2019-05-18,15,920.086,192.94,1113.026
2019-05-18,16,982.136,159.236,1141.372
2019-05-18,17,997.702,133.852,1131.554
2019-05-18,18,933.3,115.692,1048.992
2019-05-18,19,934.678,92.656,1027.334
2019-05-18,20,779.452,80.622,860.074
2019-05-18,21,697.116,66.92,764.036
2019-05-18,22,623.08,66.41,689.49
2019-05-18,23,638.28,66.362,704.642
2019-05-18,24,610.954,66.588,677.542
2019-05-18,25,586.832,70.88,657.712
2019-05-18,26,579.92,72.328,652.248
2019-05-18,27,567.164,86.094,653.258
2019-05-18,28,581.166,115.574,696.74
2019-05-18,29,578.634,113.768,692.402
2019-05-18,30,520.948,102.132,623.08
2019-05-18,31,462.764,87.236,550
2019-05-18,32,473.244,85.304,558.548
2019-05-18,33,443.932,76.06,519.992
2019-05-18,34,439.028,79.514,518.542
2019-05-18,35,458.172,75.386,533.558
2019-05-18,36,498.614,72.962,571.576
2019-05-18,37,489.412,70.126,559.538
2019-05-18,38,467.63,59.234,526.864
2019-05-18,39,452.716,64.442,517.158
2019-05-18,40,388.48,66.126,454.606
2019-05-18,41,358.91,79.038,437.948
2019-05-18,42,330.716,82.254,412.97
2019-05-18,43,337.258,71.736,408.994
2019-05-18,44,325.936,72.836,398.772
2019-05-18,45,312.004,81.228,393.232
2019-05-18,46,283.718,80.838,364.556
2019-05-18,47,324.26,87.482,411.742
2019-05-18,48,319.084,109.592,428.676
2019-05-19,1,309.47,129.752,439.222
2019-05-19,2,298.47,117.306,415.776
2019-05-19,3,291.662,102.3,393.962
2019-05-19,4,288.098,106.27,394.368
2019-05-19,5,283.502,103.948,387.45
2019-05-19,6,294.55,89.02,383.57
2019-05-19,7,261.67,88.722,350.392
2019-05-19,8,293.704,96.898,390.602
2019-05-19,9,298.84,83.25,382.09
2019-05-19,10,271.566,82.888,354.454
2019-05-19,11,269.01,96.51,365.52
2019-05-19,12,268.48,119.304,387.784
2019-05-19,13,261.336,146.084,407.42
2019-05-19,14,236.772,165.272,402.044
2019-05-19,15,213.554,197.698,411.252
2019-05-19,16,169.444,187.68,357.124
2019-05-19,17,154.39,212.898,367.288
2019-05-19,18,150.75,238.138,388.888
2019-05-19,19,159.57,238.656,398.226
2019-05-19,20,140.71,222.104,362.814
2019-05-19,21,130.068,243.514,373.582
2019-05-19,22,131.37,284.432,415.802
2019-05-19,23,142.992,325.036,468.028
2019-05-19,24,169.86,305.38,475.24
2019-05-19,25,172.662,303.114,475.776
2019-05-19,26,213.964,304.37,518.334
2019-05-19,27,248.292,308.884,557.176
2019-05-19,28,284.182,300.684,584.866
2019-05-19,29,300.504,282.268,582.772
2019-05-19,30,322.122,270.784,592.906
2019-05-19,31,315.258,309.552,624.81
2019-05-19,32,362.906,350.422,713.328
2019-05-19,33,392.044,410.214,802.258
2019-05-19,34,442.45,458.486,900.936
2019-05-19,35,446.254,490.34,936.594
2019-05-19,36,448.852,556.968,1005.82
2019-05-19,37,468.338,635.622,1103.96
2019-05-19,38,478.83,737.316,1216.146
2019-05-19,39,464.386,811.34,1275.726
2019-05-19,40,415.792,838.118,1253.91
2019-05-19,41,434.828,796.988,1231.816
2019-05-19,42,399.688,761.25,1160.938
2019-05-19,43,349.228,726.882,1076.11
2019-05-19,44,325.546,747.742,1073.288
2019-05-19,45,312.014,714.978,1026.992
2019-05-19,46,276.708,644.53,921.238
2019-05-19,47,256.158,641.332,897.49
2019-05-19,48,247.74,602.79,850.53
2019-05-20,1,245.456,582.236,827.692
2019-05-20,2,232.01,598.956,830.966
2019-05-20,3,215.876,636.316,852.192
2019-05-20,4,209.622,672.894,882.516
2019-05-20,5,205.608,677.192,882.8
2019-05-20,6,207.316,697.67,904.986
2019-05-20,7,202.85,718.6,921.45
2019-05-20,8,190.54,796.858,987.398
2019-05-20,9,192.072,899.068,1091.14
2019-05-20,10,213.448,848.418,1061.866
2019-05-20,11,246.056,829.362,1075.418
2019-05-20,12,252.604,828.2,1080.804
2019-05-20,13,243.838,885.758,1129.596
2019-05-20,14,220.276,998.718,1218.994
2019-05-20,15,209.122,1011.498,1220.62
2019-05-20,16,212.032,948.882,1160.914
2019-05-20,17,206.562,936.126,1142.688
2019-05-20,18,198.064,945.312,1143.376
2019-05-20,19,194.766,901.888,1096.654
2019-05-20,20,200.718,958.602,1159.32
2019-05-20,21,212.094,941.978,1154.072
2019-05-20,22,219.354,917.052,1136.406
2019-05-20,23,235.626,854.67,1090.296
2019-05-20,24,287.534,780.17,1067.704
2019-05-20,25,324.284,785.95,1110.234
2019-05-20,26,386.444,805.608,1192.052
2019-05-20,27,419.474,831.654,1251.128
2019-05-20,28,435.254,812.42,1247.674
2019-05-20,29,473.736,795.332,1269.068
2019-05-20,30,527.84,816.47,1344.31
2019-05-20,31,563.864,777.5,1341.364
2019-05-20,32,622.898,787.83,1410.728
2019-05-20,33,697.986,862.914,1560.9
2019-05-20,34,747.186,872.406,1619.592
2019-05-20,35,708.068,803.396,1511.464
2019-05-20,36,717.118,783.324,1500.442
2019-05-20,37,798.23,823.552,1621.782
2019-05-20,38,870.942,843.028,1713.97
2019-05-20,39,948.646,854.762,1803.408
2019-05-20,40,975.152,983.792,1958.944
2019-05-20,41,893.404,1144.536,2037.94
2019-05-20,42,817.468,1200.134,2017.602
2019-05-20,43,779.966,1243.918,2023.884
2019-05-20,44,832.872,1388.298,2221.17
2019-05-20,45,772.294,1436.728,2209.022
2019-05-20,46,688.29,1318.874,2007.164
2019-05-20,47,626.664,1128.626,1755.29
2019-05-20,48,607.974,962.774,1570.748
2019-05-21,1,592.774,890.63,1483.404
2019-05-21,2,614.476,882.87,1497.346
2019-05-21,3,651.762,852.752,1504.514
2019-05-21,4,686.018,796.474,1482.492
2019-05-21,5,735.648,831.968,1567.616
2019-05-21,6,776.236,873.814,1650.05
2019-05-21,7,817.25,900.998,1718.248
2019-05-21,8,847.464,905.938,1753.402
2019-05-21,9,841.85,959.062,1800.912
2019-05-21,10,866.904,1158.806,2025.71
2019-05-21,11,866.298,1343.872,2210.17
2019-05-21,12,780.704,1376.892,2157.596
2019-05-21,13,738.276,1269.788,2008.064
2019-05-21,14,673.164,1109.142,1782.306
2019-05-21,15,609.622,1012.846,1622.468
2019-05-21,16,583.692,1010.886,1594.578
2019-05-21,17,554.974,1066.53,1621.504
2019-05-21,18,573.842,1087.69,1661.532
2019-05-21,19,621.524,918.724,1540.248
2019-05-21,20,616.824,797.3,1414.124
2019-05-21,21,669.178,999.68,1668.858
2019-05-21,22,774.532,1015.554,1790.086
2019-05-21,23,788.55,1073.93,1862.48
2019-05-21,24,842.52,1103.596,1946.116
2019-05-21,25,925.586,986.22,1911.806
2019-05-21,26,1088.392,825.02,1913.412
2019-05-21,27,1123.036,723.26,1846.296
2019-05-21,28,1193.95,676.624,1870.574
2019-05-21,29,1186.748,653.836,1840.584
2019-05-21,30,1284.824,714.13,1998.954
2019-05-21,31,1434.558,824.312,2258.87
2019-05-21,32,1552.74,785.376,2338.116
2019-05-21,33,1682.898,747.956,2430.854
2019-05-21,34,1761.276,774.594,2535.87
2019-05-21,35,1815.588,751.606,2567.194
2019-05-21,36,1890.564,635.472,2526.036
2019-05-21,37,1895.416,605.422,2500.838
2019-05-21,38,1744.714,639.098,2383.812
2019-05-21,39,1661.284,643.114,2304.398
2019-05-21,40,1575.926,600.536,2176.462
2019-05-21,41,1426.356,645.79,2072.146
2019-05-21,42,1254.404,647.676,1902.08
2019-05-21,43,1203.62,600.554,1804.174
2019-05-21,44,1103.062,557.358,1660.42
2019-05-21,45,1016.41,463.116,1479.526
2019-05-21,46,961.726,348.848,1310.574
2019-05-21,47,907.07,246.376,1153.446
2019-05-21,48,807.414,185.766,993.18
2019-05-22,1,874.702,144.888,1019.59
2019-05-22,2,985.76,114.236,1099.996
2019-05-22,3,1085.242,156.366,1241.608
2019-05-22,4,1078.514,212.514,1291.028
2019-05-22,5,1059.616,254.004,1313.62
2019-05-22,6,1069.28,331.54,1400.82
2019-05-22,7,1108.196,410.308,1518.504
2019-05-22,8,1143.936,527.688,1671.624
2019-05-22,9,1179.584,597.766,1777.35
2019-05-22,10,1211.986,628.038,1840.024
2019-05-22,11,1195.84,608.828,1804.668
2019-05-22,12,1192.69,575.304,1767.994
2019-05-22,13,1192.744,570.692,1763.436
2019-05-22,14,1189.276,504.556,1693.832
2019-05-22,15,1197.904,446.96,1644.864
2019-05-22,16,1285.43,371.354,1656.784
2019-05-22,17,1449.728,333.248,1782.976
2019-05-22,18,1756.512,340.35,2096.862
2019-05-22,19,1848.144,338.084,2186.228
2019-05-22,20,1893.912,359.064,2252.976
2019-05-22,21,2016.68,393.008,2409.688
2019-05-22,22,2068.052,437.468,2505.52
2019-05-22,23,2119.41,481.924,2601.334
2019-05-22,24,2170.77,526.38,2697.15
2019-05-22,25,2222.138,570.842,2792.98
2019-05-22,26,2276.508,615.078,2891.586
2019-05-22,27,2300.6,644.184,2944.784
2019-05-22,28,2224.104,666.522,2890.626
2019-05-22,29,2198.246,729.452,2927.698
2019-05-22,30,2201.618,830.286,3031.904
2019-05-22,31,2260.492,876.018,3136.51
2019-05-22,32,2357.63,936.702,3294.332
2019-05-22,33,2377.732,895.894,3273.626
2019-05-22,34,2503.88,908.412,3412.292
2019-05-22,35,2611.604,956.756,3568.36
2019-05-22,36,2617.878,1023.356,3641.234
2019-05-22,37,2555.892,1089.256,3645.148
2019-05-22,38,2667.162,1163.272,3830.434
2019-05-22,39,2746.358,1196.386,3942.744
2019-05-22,40,2644.714,1173.002,3817.716
2019-05-22,41,2388.734,1189.884,3578.618
2019-05-22,42,2252.256,1186.016,3438.272
2019-05-22,43,2144.872,1262.288,3407.16
2019-05-22,44,2059.124,1262.522,3321.646
2019-05-22,45,2040.858,1160.832,3201.69
2019-05-22,46,1971.516,1001.474,2972.99
2019-05-22,47,2044.672,812.528,2857.2
2019-05-22,48,2143.402,739.114,2882.516
2019-05-23,1,2203.082,693.378,2896.46
2019-05-23,2,2198.372,644.608,2842.98
2019-05-23,3,2154.552,628.092,2782.644
2019-05-23,4,2185.622,648.672,2834.294
2019-05-23,5,2291.128,614.568,2905.696
2019-05-23,6,2274.766,593.66,2868.426
2019-05-23,7,2319.822,592.57,2912.392
2019-05-23,8,2443.308,539.484,2982.792
2019-05-23,9,2407.222,487.654,2894.876
2019-05-23,10,2324.182,463.88,2788.062
2019-05-23,11,2336.992,480.724,2817.716
2019-05-23,12,2270.368,481.742,2752.11
2019-05-23,13,2292.462,487.024,2779.486
2019-05-23,14,2330.304,527.176,2857.48
2019-05-23,15,2300.978,538.356,2839.334
2019-05-23,16,2310.518,522.258,2832.776
2019-05-23,17,2333.728,492.044,2825.772
2019-05-23,18,2459.226,447.462,2906.688
2019-05-23,19,2721.348,402.896,3124.244
2019-05-23,20,2817.798,387.396,3205.194
2019-05-23,21,2962.318,343.886,3306.204
2019-05-23,22,3075.752,362.374,3438.126
2019-05-23,23,3195.024,356.752,3551.776
2019-05-23,24,3299.29,367.818,3667.108
2019-05-23,25,3446.13,424.55,3870.68
2019-05-23,26,3528.152,458.774,3986.926
2019-05-23,27,3693.118,532.042,4225.16
2019-05-23,28,3838.348,652.77,4491.118
2019-05-23,29,3876.95,682.518,4559.468
2019-05-23,30,3982.076,759.298,4741.374
2019-05-23,31,4039.648,801.252,4840.9
2019-05-23,32,4148.496,853.816,5002.312
2019-05-23,33,4233.942,942.794,5176.736
2019-05-23,34,4238.948,1145.06,5384.008
2019-05-23,35,4275.662,1310.812,5586.474
2019-05-23,36,4224.488,1421.788,5646.276
2019-05-23,37,4099.556,1535.448,5635.004
2019-05-23,38,4012.998,1594.138,5607.136
2019-05-23,39,3937.274,1693.072,5630.346
2019-05-23,40,3863.708,1697.266,5560.974
2019-05-23,41,3784.386,1662.268,5446.654
2019-05-23,42,3692.096,1644.01,5336.106
2019-05-23,43,3529.234,1538.692,5067.926
2019-05-23,44,3482.362,1393.256,4875.618
2019-05-23,45,3423.994,1339.56,4763.554
2019-05-23,46,3369.752,1261.148,4630.9
2019-05-23,47,3396.714,1234.73,4631.444
2019-05-23,48,3379.228,1287.236,4666.464
2019-05-24,1,3356.542,1383.664,4740.206
2019-05-24,2,3472.438,1339.382,4811.82
2019-05-24,3,3600.016,1412.708,5012.724
2019-05-24,4,3627.518,1408.856,5036.374
2019-05-24,5,3525.718,1499.57,5025.288
2019-05-24,6,3433.146,1510.286,4943.432
2019-05-24,7,3352.144,1492.396,4844.54
2019-05-24,8,3301.284,1483.526,4784.81
2019-05-24,9,3276.274,1481.582,4757.856
2019-05-24,10,3142.438,1343.218,4485.656
2019-05-24,11,2989.814,1285.11,4274.924
2019-05-24,12,2810.006,1319.006,4129.012
2019-05-24,13,2729.084,1378.224,4107.308
2019-05-24,14,2899.878,1301.012,4200.89
2019-05-24,15,3048.544,1208.178,4256.722
2019-05-24,16,3115.684,1086.358,4202.042
2019-05-24,17,3158.828,966.72,4125.548
2019-05-24,18,3093.792,755.002,3848.794
2019-05-24,19,3040.496,591.094,3631.59
2019-05-24,20,2933.098,476.162,3409.26
2019-05-24,21,2819.844,456.446,3276.29
2019-05-24,22,2705.946,425.35,3131.296
2019-05-24,23,2559.06,429.938,2988.998
2019-05-24,24,2561.794,416.884,2978.678
2019-05-24,25,2630.212,457.682,3087.894
2019-05-24,26,2590.446,496.066,3086.512
2019-05-24,27,2574.718,499.838,3074.556
2019-05-24,28,2513.752,532.318,3046.07
2019-05-24,29,2263.75,584.796,2848.546
2019-05-24,30,2279.166,627.884,2907.05
2019-05-24,31,2267.566,652.736,2920.302
2019-05-24,32,2414.176,677.894,3092.07
2019-05-24,33,2464.424,716.392,3180.816
2019-05-24,34,2543.814,761.708,3305.522
2019-05-24,35,2549.29,698.544,3247.834
2019-05-24,36,2493.196,642.322,3135.518
2019-05-24,37,2484.216,630.132,3114.348
2019-05-24,38,2543.154,590.18,3133.334
2019-05-24,39,2493.322,495.414,2988.736
2019-05-24,40,2306.152,474.246,2780.398
2019-05-24,41,2115.544,443.648,2559.192
2019-05-24,42,1907.536,423.074,2330.61
2019-05-24,43,1741.232,412.472,2153.704
2019-05-24,44,1613.71,389.334,2003.044
2019-05-24,45,1566.698,425.574,1992.272
2019-05-24,46,1412.394,505.104,1917.498
2019-05-24,47,1278.062,592.99,1871.052
2019-05-24,48,1164.718,668.158,1832.876
2019-05-25,1,1115.554,783.606,1899.16
2019-05-25,2,1012.422,862.81,1875.232
2019-05-25,3,775.298,750.042,1525.34
2019-05-25,4,686.722,597.496,1284.218
2019-05-25,5,705.128,542.578,1247.706
2019-05-25,6,774.75,551.212,1325.962
2019-05-25,7,687.116,494.884,1182
2019-05-25,8,562.788,522.578,1085.366
2019-05-25,9,482.268,538.592,1020.86
2019-05-25,10,555.374,496.584,1051.958
2019-05-25,11,552.62,496.986,1049.606
2019-05-25,12,525.56,539.078,1064.638
2019-05-25,13,539.374,517.826,1057.2
2019-05-25,14,492.748,473.5,966.248
2019-05-25,15,498.038,444.16,942.198
2019-05-25,16,496.444,324.186,820.63
2019-05-25,17,505.504,214.94,720.444
2019-05-25,18,491.234,154.862,646.096
2019-05-25,19,498.922,117.87,616.792
2019-05-25,20,467.796,92.242,560.038
2019-05-25,21,425.776,88.834,514.61
2019-05-25,22,400.552,62.552,463.104
2019-05-25,23,391.244,67.716,458.96
2019-05-25,24,395.852,84.492,480.344
2019-05-25,25,397.06,91.02,488.08
2019-05-25,26,411.512,132.884,544.396
2019-05-25,27,452.154,162.27,614.424
2019-05-25,28,526.586,255.972,782.558
2019-05-25,29,569.006,413.28,982.286
2019-05-25,30,658.594,551.618,1210.212
2019-05-25,31,752.652,619.956,1372.608
2019-05-25,32,828.93,694.73,1523.66
2019-05-25,33,937.942,764.176,1702.118
2019-05-25,34,949.4,915.2,1864.6
2019-05-25,35,955.444,1103.496,2058.94
2019-05-25,36,1017.816,1493.74,2511.556
2019-05-25,37,1138.234,1730.03,2868.264
2019-05-25,38,1205.662,1882.904,3088.566
2019-05-25,39,1276.536,2068.818,3345.354
2019-05-25,40,1352.276,2131.312,3483.588
2019-05-25,41,1419.412,2270.612,3690.024
2019-05-25,42,1505.804,2298.868,3804.672
2019-05-25,43,1552.168,2297.12,3849.288
2019-05-25,44,1553.734,2411.582,3965.316
2019-05-25,45,1654.748,2432.21,4086.958
2019-05-25,46,1672.828,2537.598,4210.426
2019-05-25,47,1592.088,2665.46,4257.548
2019-05-25,48,1538.766,2843.266,4382.032
2019-05-26,1,1367.944,3070.312,4438.256
2019-05-26,2,1247.37,3214.128,4461.498
2019-05-26,3,1200.158,3461.892,4662.05
2019-05-26,4,1131.908,3719.198,4851.106
2019-05-26,5,1112.054,3923.72,5035.774
2019-05-26,6,1096.41,3971.81,5068.22
2019-05-26,7,1093.34,3914.122,5007.462
2019-05-26,8,1056.914,3965.632,5022.546
2019-05-26,9,1173.984,4238.602,5412.586
2019-05-26,10,1412.432,4267.908,5680.34
2019-05-26,11,1629.43,4381.456,6010.886
2019-05-26,12,1757.186,4503.702,6260.888
2019-05-26,13,1838.178,4598.754,6436.932
2019-05-26,14,1989.99,4708.122,6698.112
2019-05-26,15,2226.944,4785.658,7012.602
2019-05-26,16,2393.64,4626.316,7019.956
2019-05-26,17,2623.19,4739.636,7362.826
2019-05-26,18,2824.778,4926.842,7751.62
2019-05-26,19,2910.952,5182.036,8092.988
2019-05-26,20,2727.836,5275.324,8003.16
2019-05-26,21,2736.804,5231.644,7968.448
2019-05-26,22,2729.246,5543.586,8272.832
2019-05-26,23,2787.794,5800.972,8588.766
2019-05-26,24,2818.582,5826.146,8644.728
2019-05-26,25,2841.244,5943.604,8784.848
2019-05-26,26,2878.63,5841.142,8719.772
2019-05-26,27,2808.73,5795.686,8604.416
2019-05-26,28,2843.874,5875.476,8719.35
2019-05-26,29,2812.35,6012.192,8824.542
2019-05-26,30,2723.89,5949.566,8673.456
2019-05-26,31,2568.522,5942.654,8511.176
2019-05-26,32,2332.23,6039.532,8371.762
2019-05-26,33,2208.38,5840.112,8048.492
2019-05-26,34,2129.41,5634.314,7763.724
2019-05-26,35,2284.146,5375.558,7659.704
2019-05-26,36,2792.946,5120.604,7913.55
2019-05-26,37,2811.88,5118.452,7930.332
2019-05-26,38,2608.052,5235.11,7843.162
2019-05-26,39,2420.374,5402.546,7822.92
2019-05-26,40,2255.286,5654.86,7910.146
2019-05-26,41,1856.04,5472.186,7328.226
2019-05-26,42,1902.918,5072.896,6975.814
2019-05-26,43,2274.414,5146.362,7420.776
2019-05-26,44,2528.656,5180.134,7708.79
2019-05-26,45,2509.406,5014.346,7523.752
2019-05-26,46,2723.436,4878.822,7602.258
2019-05-26,47,2600.994,4800.15,7401.144
2019-05-26,48,2395.298,4933.25,7328.548
2019-05-27,1,2088.388,4812.298,6900.686
2019-05-27,2,2036.162,4743.206,6779.368
2019-05-27,3,1744.05,4658.548,6402.598
2019-05-27,4,1620.452,4444.25,6064.702
2019-05-27,5,1691.03,4551.946,6242.976
2019-05-27,6,1690.904,4542.484,6233.388
2019-05-27,7,1826.986,4263.434,6090.42
2019-05-27,8,1918.286,4364.226,6282.512
2019-05-27,9,1862.394,4390.846,6253.24
2019-05-27,10,1656.142,4476.844,6132.986
2019-05-27,11,1633.82,4646.85,6280.67
2019-05-27,12,1707.936,4796.984,6504.92
2019-05-27,13,1736.216,4717.792,6454.008
2019-05-27,14,1631.246,4653.726,6284.972
2019-05-27,15,1469.576,4563.754,6033.33
2019-05-27,16,1250.858,4534.684,5785.542
2019-05-27,17,1099.118,4319.486,5418.604
2019-05-27,18,888.926,3970.668,4859.594
2019-05-27,19,760.66,4022.588,4783.248
2019-05-27,20,675.236,3795.87,4471.106
2019-05-27,21,676.57,3538.244,4214.814
2019-05-27,22,532.096,3779.88,4311.976
2019-05-27,23,456.38,3885.514,4341.894
2019-05-27,24,419.296,3857.186,4276.482
2019-05-27,25,428.724,3573.636,4002.36
2019-05-27,26,472.02,3424.088,3896.108
2019-05-27,27,536.15,3354.248,3890.398
2019-05-27,28,481.064,3128.844,3609.908
2019-05-27,29,449.43,2457.696,2907.126
2019-05-27,30,443.576,2109.82,2553.396
2019-05-27,31,478.706,1987.77,2466.476
2019-05-27,32,512.098,1692.244,2204.342
2019-05-27,33,452.128,1732.72,2184.848
2019-05-27,34,484.594,1769.046,2253.64
2019-05-27,35,551.466,1923.748,2475.214
2019-05-27,36,618.826,1582.228,2201.054
2019-05-27,37,641.184,1144.862,1786.046
2019-05-27,38,667.074,1029.93,1697.004
2019-05-27,39,622.508,1091.916,1714.424
2019-05-27,40,587.918,1163.996,1751.914
2019-05-27,41,584.462,1076.94,1661.402
2019-05-27,42,610.7,1155.584,1766.284
2019-05-27,43,568.366,1147.582,1715.948
2019-05-27,44,587.144,1179.546,1766.69
2019-05-27,45,612.678,1075.974,1688.652
2019-05-27,46,664.622,1100.926,1765.548
2019-05-27,47,523.498,876.052,1399.55
2019-05-27,48,509.224,1039.594,1548.818
2019-05-28,1,472.34,1073.148,1545.488
2019-05-28,2,546.57,1141.53,1688.1
2019-05-28,3,453.762,1068.166,1521.928
2019-05-28,4,524.176,1216.88,1741.056
2019-05-28,5,506.63,1149.792,1656.422
2019-05-28,6,511.004,1075.066,1586.07
2019-05-28,7,582.098,1152.192,1734.29
2019-05-28,8,761.928,1256.948,2018.876
2019-05-28,9,723.776,1325.848,2049.624
2019-05-28,10,866.968,1404.068,2271.036
2019-05-28,11,784.302,1413.782,2198.084
2019-05-28,12,794.466,1533.634,2328.1
2019-05-28,13,778.912,1855.63,2634.542
2019-05-28,14,799.566,1980.678,2780.244
2019-05-28,15,915.722,2011.446,2927.168
2019-05-28,16,1103.638,1843.476,2947.114
2019-05-28,17,1003.31,1767.934,2771.244
2019-05-28,18,1086.81,1521.024,2607.834
2019-05-28,19,1185.396,1364.596,2549.992
2019-05-28,20,1109.59,1263.106,2372.696
2019-05-28,21,1084.156,1154.942,2239.098
2019-05-28,22,1011.052,1099.852,2110.904
2019-05-28,23,1010.482,989.99,2000.472
2019-05-28,24,991.614,931.052,1922.666
2019-05-28,25,1011.126,950.216,1961.342
2019-05-28,26,1078.584,1052.528,2131.112
2019-05-28,27,1091.044,1038.02,2129.064
2019-05-28,28,1114.85,1123.26,2238.11
2019-05-28,29,1161.256,1234.152,2395.408
2019-05-28,30,1219.002,1341.168,2560.17
2019-05-28,31,1198.646,1502.636,2701.282
2019-05-28,32,1176.52,1720.756,2897.276
2019-05-28,33,1222.51,1827.682,3050.192
2019-05-28,34,1290.796,1814.126,3104.922
2019-05-28,35,1314.252,1679.688,2993.94
2019-05-28,36,1335.578,1443.388,2778.966
2019-05-28,37,1257.556,1234.692,2492.248
2019-05-28,38,1220.816,1115.65,2336.466
2019-05-28,39,1113.368,1032.984,2146.352
2019-05-28,40,1113.376,891.44,2004.816
2019-05-28,41,1076.888,695.804,1772.692
2019-05-28,42,969.638,509.652,1479.29
2019-05-28,43,809.034,419.794,1228.828
2019-05-28,44,657.1,367.704,1024.804
2019-05-28,45,599.464,294.12,893.584
2019-05-28,46,546.08,246.28,792.36
2019-05-28,47,405.862,184.772,590.634
2019-05-28,48,343.324,199.556,542.88
2019-05-29,1,297.454,227.598,525.052
2019-05-29,2,276.77,282.418,559.188
2019-05-29,3,250.914,342.656,593.57
2019-05-29,4,225.61,363.502,589.112
2019-05-29,5,230.148,332.224,562.372
2019-05-29,6,260.544,356.268,616.812
2019-05-29,7,284.084,404.538,688.622
2019-05-29,8,340.738,404.054,744.792
2019-05-29,9,378.238,430.506,808.744
2019-05-29,10,453.772,538.004,991.776
2019-05-29,11,518.098,618.344,1136.442
2019-05-29,12,559.434,802.038,1361.472
2019-05-29,13,588.132,899.598,1487.73
2019-05-29,14,629.74,956.914,1586.654
2019-05-29,15,667.734,1068.868,1736.602
2019-05-29,16,685.4,1086.924,1772.324
2019-05-29,17,681.006,1182.418,1863.424
2019-05-29,18,670.648,1358.962,2029.61
2019-05-29,19,695.314,1521.634,2216.948
2019-05-29,20,703.602,1731.52,2435.122
2019-05-29,21,798.992,1912.912,2711.904
2019-05-29,22,885.536,2096.978,2982.514
2019-05-29,23,977.962,2432.05,3410.012
2019-05-29,24,915.638,2730.752,3646.39
2019-05-29,25,864.514,3148,4012.514
2019-05-29,26,848.116,3207.406,4055.522
2019-05-29,27,861.726,3239.366,4101.092
2019-05-29,28,942.442,3421.974,4364.416
2019-05-29,29,1107.072,3689.012,4796.084
2019-05-29,30,1235.158,3846.532,5081.69
2019-05-29,31,1202.618,4004.048,5206.666
2019-05-29,32,1160.458,4057.69,5218.148
2019-05-29,33,1105.316,3906.268,5011.584
2019-05-29,34,949.826,4215.292,5165.118
2019-05-29,35,806.698,4488.636,5295.334
2019-05-29,36,765.15,4713.596,5478.746
2019-05-29,37,714.384,5397.248,6111.632
2019-05-29,38,670.612,5918.012,6588.624
2019-05-29,39,582.614,5900.708,6483.322
2019-05-29,40,528.436,6090.122,6618.558
2019-05-29,41,498.166,6159.804,6657.97
2019-05-29,42,448.712,6216.098,6664.81
2019-05-29,43,438.48,6253.646,6692.126
2019-05-29,44,454.292,6282.724,6737.016
2019-05-29,45,438.346,6314.004,6752.35
2019-05-29,46,507.432,6241.79,6749.222
2019-05-29,47,698.892,6158.302,6857.194
2019-05-29,48,840.072,6082.614,6922.686
2019-05-30,1,970.878,6123.966,7094.844
2019-05-30,2,1188.552,6311.89,7500.442
2019-05-30,3,1319.164,6351.628,7670.792
2019-05-30,4,1493.79,6394.164,7887.954
2019-05-30,5,1527.014,6369.31,7896.324
2019-05-30,6,1359.992,6236.762,7596.754
2019-05-30,7,1256.358,6332.688,7589.046
2019-05-30,8,1314.074,6294.576,7608.65
2019-05-30,9,1368.282,6053.712,7421.994
2019-05-30,10,1335.534,6029.644,7365.178
2019-05-30,11,1308.946,6058.828,7367.774
2019-05-30,12,1234.21,5925.68,7159.89
2019-05-30,13,1356.2,5717.092,7073.292
2019-05-30,14,1891.616,5747.686,7639.302
2019-05-30,15,2092.568,5797.004,7889.572
2019-05-30,16,2480.854,5494.94,7975.794
2019-05-30,17,2580.43,5422.408,8002.838
2019-05-30,18,2552.788,5395.218,7948.006
2019-05-30,19,2371.712,5401.674,7773.386
2019-05-30,20,2135.296,5383.566,7518.862
2019-05-30,21,1874.058,5421.13,7295.188
2019-05-30,22,1709.17,5424.912,7134.082
2019-05-30,23,1656.944,5513.36,7170.304
2019-05-30,24,1585.876,5480.246,7066.122
2019-05-30,25,1455.886,5347.738,6803.624
2019-05-30,26,1451.406,5453.776,6905.182
2019-05-30,27,1407.818,5476.42,6884.238
2019-05-30,28,1369.736,5526.19,6895.926
2019-05-30,29,1362.198,5374.722,6736.92
2019-05-30,30,1357.006,5471.304,6828.31
2019-05-30,31,1428.75,5602.182,7030.932
2019-05-30,32,1424.292,5603.454,7027.746
2019-05-30,33,1436.608,5732.538,7169.146
2019-05-30,34,1392.704,5691.524,7084.228
2019-05-30,35,1309.312,5468.202,6777.514
2019-05-30,36,1212.134,5307.07,6519.204
2019-05-30,37,1182.374,5036.214,6218.588
2019-05-30,38,1171.086,5032.236,6203.322
2019-05-30,39,1130.45,5106.428,6236.878
2019-05-30,40,1097.916,5191.82,6289.736
2019-05-30,41,964.024,5079.172,6043.196
2019-05-30,42,831.728,5025.678,5857.406
2019-05-30,43,799.566,5010.16,5809.726
2019-05-30,44,728.098,4978.192,5706.29
2019-05-30,45,754.45,5100.028,5854.478
2019-05-30,46,720.272,5104.122,5824.394
2019-05-30,47,624.432,4858.744,5483.176
2019-05-30,48,595.29,4796.326,5391.616
2019-05-31,1,607.362,4776.558,5383.92
2019-05-31,2,621.902,4735.916,5357.818
2019-05-31,3,538.976,4618.356,5157.332
2019-05-31,4,552.098,4409.296,4961.394
2019-05-31,5,609.582,4136.884,4746.466
2019-05-31,6,649.828,4001.324,4651.152
2019-05-31,7,736.478,3830.084,4566.562
2019-05-31,8,758.244,3657.04,4415.284
2019-05-31,9,831.63,3374.808,4206.438
2019-05-31,10,973.002,3343.252,4316.254
2019-05-31,11,1161.696,3214.556,4376.252
2019-05-31,12,1312.484,3186.328,4498.812
2019-05-31,13,1421.358,3256.172,4677.53
2019-05-31,14,1581.768,3265.792,4847.56
2019-05-31,15,1583.022,3388.016,4971.038
2019-05-31,16,1683.176,3485.764,5168.94
2019-05-31,17,1774.926,3526.38,5301.306
2019-05-31,18,1962.938,3442.998,5405.936
2019-05-31,19,2012.8,3201.82,5214.62
2019-05-31,20,2169.088,3439.8,5608.888
2019-05-31,21,2351.824,3677.024,6028.848
2019-05-31,22,2472.59,3740.27,6212.86
2019-05-31,23,2551.102,3777.744,6328.846
2019-05-31,24,2685.992,3775.598,6461.59
2019-05-31,25,2771.792,3675.012,6446.804
2019-05-31,26,2802.14,3764.974,6567.114
2019-05-31,27,2800.004,3760.466,6560.47
2019-05-31,28,2742.826,3937.102,6679.928
2019-05-31,29,2690.842,3768.872,6459.714
2019-05-31,30,2826.706,3825.43,6652.136
2019-05-31,31,2958.512,3817.08,6775.592
2019-05-31,32,2822.472,3828.128,6650.6
2019-05-31,33,2840.468,4058.876,6899.344
2019-05-31,34,2865.83,4391.478,7257.308
2019-05-31,35,2792.352,4473.142,7265.494
2019-05-31,36,2633.654,4487.208,7120.862
2019-05-31,37,2722.582,4514.976,7237.558
2019-05-31,38,2719.16,4414.708,7133.868
2019-05-31,39,2684.054,4380.384,7064.438
2019-05-31,40,2477.322,4525.978,7003.3
2019-05-31,41,2444.018,4462.558,6906.576
2019-05-31,42,2426.676,4308.962,6735.638
2019-05-31,43,2409.33,4155.362,6564.692
2019-05-31,44,2391.992,4001.756,6393.748
2019-05-31,45,2374.65,3848.152,6222.802
2019-05-31,46,2357.32,3694.554,6051.874
2019-05-31,47,2339.98,3540.956,5880.936
2019-05-31,48,2322.648,3387.34,5709.988
2019-06-01,1,2305.302,3233.738,5539.04
2019-06-01,2,2287.974,3080.14,5368.114
2019-06-01,3,2270.63,2926.528,5197.158
2019-06-01,4,2253.292,2772.926,5026.218
2019-06-01,5,2235.942,2619.324,4855.266
2019-06-01,6,2218.614,2465.718,4684.332
2019-06-01,7,2201.278,2312.124,4513.402
2019-06-01,8,2183.95,2158.516,4342.466
2019-06-01,9,2166.6,2004.914,4171.514
2019-06-01,10,2149.262,1851.312,4000.574
2019-06-01,11,2131.918,1697.7,3829.618
2019-06-01,12,2114.59,1544.102,3658.692
2019-06-01,13,2097.244,1390.5,3487.744
2019-06-01,14,2079.912,1236.884,3316.796
2019-06-01,15,2062.572,1083.286,3145.858
2019-06-01,16,2045.242,929.688,2974.93
2019-06-01,17,2027.898,776.084,2803.982
2019-06-01,18,2010.562,622.478,2633.04
2019-06-01,19,1993.216,468.878,2462.094
2019-06-01,20,1975.874,315.282,2291.156
2019-06-01,21,1966.576,221.934,2188.51
2019-06-01,22,2042.86,217.032,2259.892
2019-06-01,23,2223.154,204.102,2427.256
2019-06-01,24,2257.286,230.336,2487.622
2019-06-01,25,2218.606,258.724,2477.33
2019-06-01,26,2226.638,289.808,2516.446
2019-06-01,27,2291.302,319.976,2611.278
2019-06-01,28,2450.258,328.298,2778.556
2019-06-01,29,2353.962,368.486,2722.448
2019-06-01,30,2161.304,504.25,2665.554
2019-06-01,31,2028.1,693.38,2721.48
2019-06-01,32,1846.388,911.222,2757.61
2019-06-01,33,1660.004,1058.89,2718.894
2019-06-01,34,1630.768,1116.262,2747.03
2019-06-01,35,1630.778,1206.53,2837.308
2019-06-01,36,1679.592,1273.652,2953.244
2019-06-01,37,1589.58,1242.902,2832.482
2019-06-01,38,1297.354,1275.056,2572.41
2019-06-01,39,998.048,1238.7,2236.748
2019-06-01,40,913.05,1249.784,2162.834
2019-06-01,41,789.91,1329.75,2119.66
2019-06-01,42,775.008,1314.104,2089.112
2019-06-01,43,763.116,1447.694,2210.81
2019-06-01,44,803.876,1588.428,2392.304
2019-06-01,45,851.568,1797.608,2649.176
2019-06-01,46,999.364,2176.506,3175.87
2019-06-01,47,1153,2541.288,3694.288
2019-06-01,48,1260.468,2792.726,4053.194
2019-06-02,1,1493.324,3010.742,4504.066
2019-06-02,2,1776.186,3219.354,4995.54
2019-06-02,3,1806.014,3661.192,5467.206
2019-06-02,4,1996.818,3785.25,5782.068
2019-06-02,5,2015.546,3650.154,5665.7
2019-06-02,6,2143.268,3611.522,5754.79
2019-06-02,7,2342.84,3777.478,6120.318
2019-06-02,8,2521.094,3810.676,6331.77
2019-06-02,9,2848.21,3670.34,6518.55
2019-06-02,10,2838.436,3525.08,6363.516
2019-06-02,11,2443.774,3519.03,5962.804
2019-06-02,12,2315.304,3585.136,5900.44
2019-06-02,13,2412.84,3545.328,5958.168
2019-06-02,14,2517.066,3518.59,6035.656
2019-06-02,15,2628.028,3509.534,6137.562
2019-06-02,16,2585.116,3613.732,6198.848
2019-06-02,17,2804.268,3567.074,6371.342
2019-06-02,18,2848.636,3550.108,6398.744
2019-06-02,19,2887.242,3917.574,6804.816
2019-06-02,20,3124.018,4130.996,7255.014
2019-06-02,21,3204.748,4306.746,7511.494
2019-06-02,22,3108.306,4421.984,7530.29
2019-06-02,23,3082.56,4777.838,7860.398
2019-06-02,24,2812.232,4948.268,7760.5
2019-06-02,25,2712.738,4907.462,7620.2
2019-06-02,26,2550.42,4689.958,7240.378
2019-06-02,27,2526.098,4883.48,7409.578
2019-06-02,28,2616.594,5162.268,7778.862
2019-06-02,29,2537.338,5541.17,8078.508
2019-06-02,30,2372.702,5940.554,8313.256
2019-06-02,31,2340.8,5956.608,8297.408
2019-06-02,32,2289.634,5827.034,8116.668
2019-06-02,33,2219.068,5609.134,7828.202
2019-06-02,34,2012.97,5545.27,7558.24
2019-06-02,35,2032.36,5526.408,7558.768
2019-06-02,36,1954.198,5921.08,7875.278
2019-06-02,37,1916.134,6122.162,8038.296
2019-06-02,38,1997.994,6013.208,8011.202
2019-06-02,39,1954.428,6050.75,8005.178
2019-06-02,40,1920.286,6094.708,8014.994
2019-06-02,41,1859.298,6241.982,8101.28
2019-06-02,42,1862.564,6172.154,8034.718
2019-06-02,43,1964.096,6063.066,8027.162
2019-06-02,44,1891.89,6170.694,8062.584
2019-06-02,45,1825.968,6306.632,8132.6
2019-06-02,46,1824.952,6267.28,8092.232
2019-06-02,47,1715.834,6080.566,7796.4
2019-06-02,48,1510.384,6001.852,7512.236
2019-06-03,1,1518.864,5867.896,7386.76
2019-06-03,2,1602.622,5690.96,7293.582
2019-06-03,3,1618.766,5482.146,7100.912
2019-06-03,4,1658.982,5350.148,7009.13
2019-06-03,5,1602.176,5065.408,6667.584
2019-06-03,6,1646.812,5009.142,6655.954
2019-06-03,7,1609.484,4919.262,6528.746
2019-06-03,8,1649.04,4835.096,6484.136
2019-06-03,9,1607.916,4680.432,6288.348
2019-06-03,10,1641.926,4582.026,6223.952
2019-06-03,11,1659.994,4656.642,6316.636
2019-06-03,12,1911.146,4744.986,6656.132
2019-06-03,13,2152.1,4816.982,6969.082
2019-06-03,14,2587.326,4888.83,7476.156
2019-06-03,15,2961.876,4877.952,7839.828
2019-06-03,16,3137.332,4827.578,7964.91
2019-06-03,17,3241.592,4815.35,8056.942
2019-06-03,18,3239.81,4717.55,7957.36
2019-06-03,19,3288.522,4634.762,7923.284
2019-06-03,20,3109.142,4632.178,7741.32
2019-06-03,21,2970.98,4640.59,7611.57
2019-06-03,22,2922.02,4583.916,7505.936
2019-06-03,23,2893.156,4481.116,7374.272
2019-06-03,24,3022.216,4320.47,7342.686
2019-06-03,25,2972.854,4189.604,7162.458
2019-06-03,26,2984.592,4145.124,7129.716
2019-06-03,27,2959.974,4163.458,7123.432
2019-06-03,28,2996.338,4285.448,7281.786
2019-06-03,29,2966,4530.988,7496.988
2019-06-03,30,2962.538,4311.144,7273.682
2019-06-03,31,3098.334,3935.4,7033.734
2019-06-03,32,3206.602,3911.678,7118.28
2019-06-03,33,3464.952,4015.508,7480.46
2019-06-03,34,3435.204,4025.7,7460.904
2019-06-03,35,3454.724,4203.862,7658.586
2019-06-03,36,3532.202,4146.802,7679.004
2019-06-03,37,3579.458,4142,7721.458
2019-06-03,38,3769.612,4066.384,7835.996
2019-06-03,39,3630.002,3833.148,7463.15
2019-06-03,40,3482.27,3720.52,7202.79
2019-06-03,41,3254.876,3677.98,6932.856
2019-06-03,42,3149.238,3470.972,6620.21
2019-06-03,43,2933.148,3335.064,6268.212
2019-06-03,44,2571.142,3127.678,5698.82
2019-06-03,45,2351.926,2879.844,5231.77
2019-06-03,46,2334.424,2742.824,5077.248
2019-06-03,47,2081.576,2666.26,4747.836
2019-06-03,48,1854.204,2577.34,4431.544
2019-06-04,1,1760.546,2469.752,4230.298
2019-06-04,2,1637.802,2231.812,3869.614
2019-06-04,3,1591.898,1998.354,3590.252
2019-06-04,4,1573.76,1771.172,3344.932
2019-06-04,5,1493.778,1446.812,2940.59
2019-06-04,6,1462.012,1210.752,2672.764
2019-06-04,7,1376.586,1140.766,2517.352
2019-06-04,8,1247.488,1067.89,2315.378
2019-06-04,9,1277.786,1026.298,2304.084
2019-06-04,10,1234.496,968.112,2202.608
2019-06-04,11,1181.704,952.154,2133.858
2019-06-04,12,1156.742,944.062,2100.804
2019-06-04,13,1049.64,871.214,1920.854
2019-06-04,14,974.264,865.394,1839.658
2019-06-04,15,892.782,850.346,1743.128
2019-06-04,16,795.646,889.434,1685.08
2019-06-04,17,754.826,860.182,1615.008
2019-06-04,18,629.79,708.234,1338.024
2019-06-04,19,563.408,800.324,1363.732
2019-06-04,20,449.646,840.336,1289.982
2019-06-04,21,437.48,900.098,1337.578
2019-06-04,22,402.222,1080.204,1482.426
2019-06-04,23,406.886,1308.136,1715.022
2019-06-04,24,381.814,1475.746,1857.56
2019-06-04,25,360.39,1675.87,2036.26
2019-06-04,26,327.466,1795.696,2123.162
2019-06-04,27,306.366,1974.884,2281.25
2019-06-04,28,301.996,2044.614,2346.61
2019-06-04,29,303.314,2262.914,2566.228
2019-06-04,30,308.914,2542.502,2851.416
2019-06-04,31,341.594,2775.606,3117.2
2019-06-04,32,322.69,2758.838,3081.528
2019-06-04,33,350.866,2349.24,2700.106
2019-06-04,34,389.062,1918.398,2307.46
2019-06-04,35,420.226,1753.644,2173.87
2019-06-04,36,440.04,1734.348,2174.388
2019-06-04,37,538.118,1897.58,2435.698
2019-06-04,38,659.52,1935.92,2595.44
2019-06-04,39,790.106,2071.69,2861.796
2019-06-04,40,925.166,2161.038,3086.204
2019-06-04,41,988.896,2070.74,3059.636
2019-06-04,42,1053.848,2005.63,3059.478
2019-06-04,43,1167.112,2056.098,3223.21
2019-06-04,44,1166.068,2041.506,3207.574
2019-06-04,45,1188.246,2120.656,3308.902
2019-06-04,46,1226.86,2221.704,3448.564
2019-06-04,47,1259.934,2218.78,3478.714
2019-06-04,48,1268.018,2155.21,3423.228
2019-06-05,1,1283.626,1816.034,3099.66
2019-06-05,2,1361.786,1837.674,3199.46
2019-06-05,3,1471.078,2012.588,3483.666
2019-06-05,4,1591.516,2105.406,3696.922
2019-06-05,5,1708.658,2023.016,3731.674
2019-06-05,6,1801.116,2076.058,3877.174
2019-06-05,7,1894.514,2061.55,3956.064
2019-06-05,8,1880.806,2126.086,4006.892
2019-06-05,9,1828.488,2032.678,3861.166
2019-06-05,10,1725.318,2167.068,3892.386
2019-06-05,11,1628.17,2250.144,3878.314
2019-06-05,12,1612.364,2361.378,3973.742
2019-06-05,13,1495.716,2549.544,4045.26
2019-06-05,14,1479.962,2513.694,3993.656
2019-06-05,15,1384.658,2415.136,3799.794
2019-06-05,16,1284.602,2374.414,3659.016
2019-06-05,17,1309.392,2565.212,3874.604
2019-06-05,18,1337.162,2909.424,4246.586
2019-06-05,19,1381.174,3035.882,4417.056
2019-06-05,20,1395.294,2996.434,4391.728
2019-06-05,21,1354.636,2801.476,4156.112
2019-06-05,22,1290.626,2599.32,3889.946
2019-06-05,23,1256.676,2562.826,3819.502
2019-06-05,24,1205.966,2347.208,3553.174
2019-06-05,25,1167.302,2155.358,3322.66
2019-06-05,26,1165.366,1995.942,3161.308
2019-06-05,27,1266.972,2146.776,3413.748
2019-06-05,28,1325.658,2167.168,3492.826
2019-06-05,29,1261.364,2082.28,3343.644
2019-06-05,30,1141.496,1859.408,3000.904
2019-06-05,31,1035.682,2004.194,3039.876
2019-06-05,32,985.698,1994.014,2979.712
2019-06-05,33,928.436,1999.406,2927.842
2019-06-05,34,909.22,1767.698,2676.918
2019-06-05,35,892.348,1603.298,2495.646
2019-06-05,36,830.984,1535.546,2366.53
2019-06-05,37,864.496,1359.586,2224.082
2019-06-05,38,926.346,1276.834,2203.18
2019-06-05,39,948.718,1150.86,2099.578
2019-06-05,40,963.468,1030.806,1994.274
2019-06-05,41,995.844,1118.102,2113.946
2019-06-05,42,993.53,1038.968,2032.498
2019-06-05,43,997.908,939.906,1937.814
2019-06-05,44,1035.712,917.608,1953.32
2019-06-05,45,953.742,908.328,1862.07
2019-06-05,46,943.158,1059.28,2002.438
2019-06-05,47,958.95,1020.852,1979.802
2019-06-05,48,974.68,848.272,1822.952
2019-06-06,1,854.296,751.774,1606.07
2019-06-06,2,830.706,711.208,1541.914
2019-06-06,3,755.936,745.836,1501.772
2019-06-06,4,744.752,897.46,1642.212
2019-06-06,5,754.974,986.07,1741.044
2019-06-06,6,805.864,1077.36,1883.224
2019-06-06,7,838.894,1106.744,1945.638
2019-06-06,8,856.53,1043.922,1900.452
2019-06-06,9,880.894,1107.076,1987.97
2019-06-06,10,937.678,1233.722,2171.4
2019-06-06,11,950.938,1313.92,2264.858
2019-06-06,12,928.442,1234.624,2163.066
2019-06-06,13,900.134,1251.814,2151.948
2019-06-06,14,939.836,1325.52,2265.356
2019-06-06,15,1033.426,1295.638,2329.064
2019-06-06,16,1055.668,1272.74,2328.408
2019-06-06,17,1126.474,1213.43,2339.904
2019-06-06,18,1180.738,1127.226,2307.964
2019-06-06,19,1216.744,998.82,2215.564
2019-06-06,20,1211.788,947.102,2158.89
2019-06-06,21,1168.7,980.07,2148.77
2019-06-06,22,1167.43,1039.088,2206.518
2019-06-06,23,1150.352,1054.296,2204.648
2019-06-06,24,1244.606,896.274,2140.88
2019-06-06,25,1205.744,876.798,2082.542
2019-06-06,26,1356.836,946.796,2303.632
2019-06-06,27,1427.672,1167.372,2595.044
2019-06-06,28,1468.996,1234.912,2703.908
2019-06-06,29,1482.906,1291.57,2774.476
2019-06-06,30,1437.614,1310,2747.614
2019-06-06,31,1403.352,1317.092,2720.444
2019-06-06,32,1386.974,1308.47,2695.444
2019-06-06,33,1365.552,1182.904,2548.456
2019-06-06,34,1404.5,1128.466,2532.966
2019-06-06,35,1496.754,1167.038,2663.792
2019-06-06,36,1524.32,1083.39,2607.71
2019-06-06,37,1443.174,1034.892,2478.066
2019-06-06,38,1274.324,1028.22,2302.544
2019-06-06,39,1246.786,1002.578,2249.364
2019-06-06,40,1168.5,912.632,2081.132
2019-06-06,41,1022.55,849.83,1872.38
2019-06-06,42,916.892,845.27,1762.162
2019-06-06,43,900.228,912.886,1813.114
2019-06-06,44,772.654,939.474,1712.128
2019-06-06,45,739.018,969.228,1708.246
2019-06-06,46,826.188,1149.858,1976.046
2019-06-06,47,919.55,1396.082,2315.632
2019-06-06,48,913.562,1441.696,2355.258
2019-06-07,1,968.26,1382.836,2351.096
2019-06-07,2,950.188,1605.144,2555.332
2019-06-07,3,861.2,1660.146,2521.346
2019-06-07,4,866.232,1633.286,2499.518
2019-06-07,5,930.886,1548.706,2479.592
2019-06-07,6,958.302,1476.378,2434.68
2019-06-07,7,905.678,1434.388,2340.066
2019-06-07,8,952.974,1477.392,2430.366
2019-06-07,9,922.616,1511.364,2433.98
2019-06-07,10,904.684,1485.88,2390.564
2019-06-07,11,883.26,1544.138,2427.398
2019-06-07,12,822.514,1820.254,2642.768
2019-06-07,13,711.452,2200.694,2912.146
2019-06-07,14,638.574,2458.008,3096.582
2019-06-07,15,619.158,2540.04,3159.198
2019-06-07,16,688.832,2587.514,3276.346
2019-06-07,17,672.644,2810.014,3482.658
2019-06-07,18,690.594,3036.808,3727.402
2019-06-07,19,721.804,3320.208,4042.012
2019-06-07,20,685.4,3892.62,4578.02
2019-06-07,21,672.958,4210.702,4883.66
2019-06-07,22,623.222,4303.414,4926.636
2019-06-07,23,643.744,4356,4999.744
2019-06-07,24,749.626,4467.614,5217.24
2019-06-07,25,780.764,4458.542,5239.306
2019-06-07,26,813.288,4577.982,5391.27
2019-06-07,27,859.538,4457.346,5316.884
2019-06-07,28,1010.816,4377.298,5388.114
2019-06-07,29,1106.606,4446.494,5553.1
2019-06-07,30,1212.5,4452.644,5665.144
2019-06-07,31,1581.446,4620.298,6201.744
2019-06-07,32,1821.068,4703.49,6524.558
2019-06-07,33,1697.27,4760.96,6458.23
2019-06-07,34,1689.168,4856.644,6545.812
2019-06-07,35,1791.894,4772.888,6564.782
2019-06-07,36,1667.866,4646.94,6314.806
2019-06-07,37,1667.344,4690.464,6357.808
2019-06-07,38,1589.248,4585.256,6174.504
2019-06-07,39,1250.54,4704.706,5955.246
2019-06-07,40,1100.912,4753.478,5854.39
2019-06-07,41,1051.832,4950.36,6002.192
2019-06-07,42,1027.26,5192.458,6219.718
2019-06-07,43,1015.108,5204.348,6219.456
2019-06-07,44,963.686,5130.888,6094.574
2019-06-07,45,942.628,5134.664,6077.292
2019-06-07,46,916.072,4971.682,5887.754
2019-06-07,47,903.228,4862.21,5765.438
2019-06-07,48,921.234,4968.232,5889.466
2019-06-08,1,915.43,4945.502,5860.932
2019-06-08,2,912.822,4930.962,5843.784
2019-06-08,3,906.71,4754.158,5660.868
2019-06-08,4,890.33,4854.036,5744.366
2019-06-08,5,925.706,4869.91,5795.616
2019-06-08,6,969.308,4782.798,5752.106
2019-06-08,7,1123.918,4795.044,5918.962
2019-06-08,8,1158.902,4851.07,6009.972
2019-06-08,9,1205.116,4951.234,6156.35
2019-06-08,10,1181.708,4998.868,6180.576
2019-06-08,11,1234.712,5033.206,6267.918
2019-06-08,12,1381.628,5158.822,6540.45
2019-06-08,13,1394.414,5330.42,6724.834
2019-06-08,14,1345.84,5465.698,6811.538
2019-06-08,15,1297.156,5671.332,6968.488
2019-06-08,16,1267.56,5891.064,7158.624
2019-06-08,17,1197.894,5967.15,7165.044
2019-06-08,18,1108.766,5894.752,7003.518
2019-06-08,19,1007.428,5945.478,6952.906
2019-06-08,20,878.49,6315.088,7193.578
2019-06-08,21,754.28,6426.746,7181.026
2019-06-08,22,722.126,6357.674,7079.8
2019-06-08,23,644.486,6404.25,7048.736
2019-06-08,24,645.242,6453.138,7098.38
2019-06-08,25,719.684,6383.562,7103.246
2019-06-08,26,811.392,6416.534,7227.926
2019-06-08,27,935.812,6271.538,7207.35
2019-06-08,28,1030.972,6006.62,7037.592
2019-06-08,29,1095.044,5786.278,6881.322
2019-06-08,30,1158.188,5502.512,6660.7
2019-06-08,31,1359.254,5428.528,6787.782
2019-06-08,32,1414.976,5476.758,6891.734
2019-06-08,33,1169.942,5460.428,6630.37
2019-06-08,34,1167.458,5448.676,6616.134
2019-06-08,35,1193.214,5018.102,6211.316
2019-06-08,36,1095.658,4976.238,6071.896
2019-06-08,37,1075.874,4981.01,6056.884
2019-06-08,38,1023.876,5401.62,6425.496
2019-06-08,39,896.726,5733.666,6630.392
2019-06-08,40,852.86,5676.498,6529.358
2019-06-08,41,784.01,5560.898,6344.908
2019-06-08,42,730.104,5601.53,6331.634
2019-06-08,43,775.98,5342.402,6118.382
2019-06-08,44,722.86,5150.368,5873.228
2019-06-08,45,671.396,5230.358,5901.754
2019-06-08,46,638.9,5072.362,5711.262
2019-06-08,47,649.366,4860.43,5509.796
2019-06-08,48,734.254,4625.058,5359.312
2019-06-09,1,719.822,4354.56,5074.382
2019-06-09,2,731.764,4115.072,4846.836
2019-06-09,3,762.688,3870.896,4633.584
2019-06-09,4,765.98,3745.632,4511.612
2019-06-09,5,733.76,3690.638,4424.398
2019-06-09,6,680.63,3615.242,4295.872
2019-06-09,7,661.098,3531.074,4192.172
2019-06-09,8,669.288,3211.424,3880.712
2019-06-09,9,674.718,2856.806,3531.524
2019-06-09,10,637.386,2647.916,3285.302
2019-06-09,11,605.488,2418.682,3024.17
2019-06-09,12,564.732,2139.848,2704.58
2019-06-09,13,514.436,1863.802,2378.238
2019-06-09,14,501.888,1774.208,2276.096
2019-06-09,15,481.506,1433.622,1915.128
2019-06-09,16,507.59,1288.698,1796.288
2019-06-09,17,543.136,1220.208,1763.344
2019-06-09,18,558.874,1147.724,1706.598
2019-06-09,19,569.1,1048.316,1617.416
2019-06-09,20,604.344,1036.848,1641.192
2019-06-09,21,672.988,1033.068,1706.056
2019-06-09,22,734.384,1025.19,1759.574
2019-06-09,23,739.154,918.884,1658.038
2019-06-09,24,768.02,839.696,1607.716
2019-06-09,25,838.64,728.986,1567.626
2019-06-09,26,926.706,657.898,1584.604
2019-06-09,27,992.036,598.99,1591.026
2019-06-09,28,1042.086,554.196,1596.282
2019-06-09,29,1088.534,537.742,1626.276
2019-06-09,30,1008.414,536.882,1545.296
2019-06-09,31,981.864,550.62,1532.484
2019-06-09,32,958.09,562.458,1520.548
2019-06-09,33,912.902,592.414,1505.316
2019-06-09,34,916.634,682.04,1598.674
2019-06-09,35,795.364,765.65,1561.014
2019-06-09,36,690.342,832.234,1522.576
2019-06-09,37,672.172,809.2,1481.372
2019-06-09,38,565.114,746.278,1311.392
2019-06-09,39,487.86,733.616,1221.476
2019-06-09,40,423.684,714.924,1138.608
2019-06-09,41,312.022,689.132,1001.154
2019-06-09,42,241.918,754.802,996.72
2019-06-09,43,189.446,646.73,836.176
2019-06-09,44,170.782,645.536,816.318
2019-06-09,45,162.494,521.94,684.434
2019-06-09,46,154.17,524.174,678.344
2019-06-09,47,154.524,511.198,665.722
2019-06-09,48,169.838,346.2,516.038
2019-06-10,1,183.294,290.904,474.198
2019-06-10,2,194.02,222.754,416.774
2019-06-10,3,209.168,232.944,442.112
2019-06-10,4,199.524,204.038,403.562
2019-06-10,5,187.304,217.316,404.62
2019-06-10,6,183.116,254.462,437.578
2019-06-10,7,167.888,295.1,462.988
2019-06-10,8,172.462,320.158,492.62
2019-06-10,9,166.71,376.998,543.708
2019-06-10,10,162.592,477.484,640.076
2019-06-10,11,166.496,501.116,667.612
2019-06-10,12,163.46,587.342,750.802
2019-06-10,13,155.484,683.518,839.002
2019-06-10,14,133.208,687.94,821.148
2019-06-10,15,127.434,664.87,792.304
2019-06-10,16,131.592,784.626,916.218
2019-06-10,17,133.202,820.796,953.998
2019-06-10,18,143.408,719.278,862.686
2019-06-10,19,153.112,772.062,925.174
2019-06-10,20,156.346,818.078,974.424
2019-06-10,21,166.316,981.56,1147.876
2019-06-10,22,172.836,1120.686,1293.522
2019-06-10,23,183.182,1212.846,1396.028
2019-06-10,24,209.644,1563.338,1772.982
2019-06-10,25,217.396,1830.278,2047.674
2019-06-10,26,258.218,2170.272,2428.49
2019-06-10,27,299.104,2571.958,2871.062
2019-06-10,28,354.874,2989.244,3344.118
2019-06-10,29,451.57,3146.952,3598.522
2019-06-10,30,538.706,3095.246,3633.952
2019-06-10,31,610.458,3204.942,3815.4
2019-06-10,32,731.152,3608.884,4340.036
2019-06-10,33,1000.454,4086.834,5087.288
2019-06-10,34,1051.428,4380.084,5431.512
2019-06-10,35,1020.508,4578.596,5599.104
2019-06-10,36,975.136,4597.206,5572.342
2019-06-10,37,1006.36,4474.798,5481.158
2019-06-10,38,995.006,4483.284,5478.29
2019-06-10,39,972.192,4203.986,5176.178
2019-06-10,40,939.726,3689.874,4629.6
2019-06-10,41,897.244,3384.272,4281.516
2019-06-10,42,828.614,3210.904,4039.518
2019-06-10,43,727.566,3160.548,3888.114
2019-06-10,44,710.678,3057.63,3768.308
2019-06-10,45,679.864,3043.022,3722.886
2019-06-10,46,655.252,3145.464,3800.716
2019-06-10,47,684.556,3236.24,3920.796
2019-06-10,48,692.524,3287.652,3980.176
2019-06-11,1,710.822,3497.344,4208.166
2019-06-11,2,712.704,3813.266,4525.97
2019-06-11,3,738.244,4165.852,4904.096
2019-06-11,4,726.518,4272.154,4998.672
2019-06-11,5,829.08,4305.568,5134.648
2019-06-11,6,994.214,4428.516,5422.73
2019-06-11,7,1029.662,4415.228,5444.89
2019-06-11,8,986.958,4367.504,5354.462
2019-06-11,9,1134.122,4563.138,5697.26
2019-06-11,10,1187.77,4699.794,5887.564
2019-06-11,11,1100.662,4731.35,5832.012
2019-06-11,12,1173.818,4757.554,5931.372
2019-06-11,13,1364.978,4788.464,6153.442
2019-06-11,14,1509.362,4744.956,6254.318
2019-06-11,15,1618.246,4632.218,6250.464
2019-06-11,16,1793.556,4754.498,6548.054
2019-06-11,17,1933.642,4764.732,6698.374
2019-06-11,18,2096.104,4756.778,6852.882
2019-06-11,19,2095.232,4644.65,6739.882
2019-06-11,20,2088.124,4532.764,6620.888
2019-06-11,21,2079.66,4289.528,6369.188
2019-06-11,22,2092.712,4158.318,6251.03
2019-06-11,23,2225.288,4193.964,6419.252
2019-06-11,24,2304.562,4200.576,6505.138
2019-06-11,25,2386.754,4243.022,6629.776
2019-06-11,26,2342.868,4179.404,6522.272
2019-06-11,27,2363.9,4363.1,6727
2019-06-11,28,2423.668,4455.882,6879.55
2019-06-11,29,2402.748,4301.274,6704.022
2019-06-11,30,2349.004,4251.572,6600.576
2019-06-11,31,2397.152,4293.788,6690.94
2019-06-11,32,2269.73,4269.92,6539.65
2019-06-11,33,2347.974,4156.196,6504.17
2019-06-11,34,2567.858,4061.936,6629.794
2019-06-11,35,2570.306,4031.11,6601.416
2019-06-11,36,2578.196,4045.966,6624.162
2019-06-11,37,2543.034,3818.294,6361.328
2019-06-11,38,2331.876,3764.274,6096.15
2019-06-11,39,2397.386,3869.218,6266.604
2019-06-11,40,2478.91,3609.284,6088.194
2019-06-11,41,2385.86,3633.638,6019.498
2019-06-11,42,2446.02,3843.736,6289.756
2019-06-11,43,2536.282,3777.13,6313.412
2019-06-11,44,2598.058,3553.688,6151.746
2019-06-11,45,2683.308,3326.73,6010.038
2019-06-11,46,2811.188,3321.196,6132.384
2019-06-11,47,2969,3262.262,6231.262
2019-06-11,48,3151.402,3132.2,6283.602
2019-06-12,1,3393.134,3023.508,6416.642
2019-06-12,2,3468.97,2657.586,6126.556
2019-06-12,3,3463.694,2537.884,6001.578
2019-06-12,4,3530.27,2475.298,6005.568
2019-06-12,5,3688.162,2521.224,6209.386
2019-06-12,6,3718.852,2422.616,6141.468
2019-06-12,7,3667.436,2401.158,6068.594
2019-06-12,8,3765.468,2546.172,6311.64
2019-06-12,9,3473.164,2465.302,5938.466
2019-06-12,10,3505.152,2042.39,5547.542
2019-06-12,11,3558.51,1992.162,5550.672
2019-06-12,12,3521.632,2213.618,5735.25
2019-06-12,13,3712.926,2238.828,5951.754
2019-06-12,14,3981.28,2395.78,6377.06
2019-06-12,15,4301.786,2496.932,6798.718
2019-06-12,16,4433.538,2254.324,6687.862
2019-06-12,17,4420.778,1999.2,6419.978
2019-06-12,18,4318.786,1787.542,6106.328
2019-06-12,19,4225.764,1747.108,5972.872
2019-06-12,20,4079.614,1738.322,5817.936
2019-06-12,21,4064.732,1840.808,5905.54
2019-06-12,22,4091.656,1979.608,6071.264
2019-06-12,23,4174.992,1903.116,6078.108
2019-06-12,24,4204,1976.538,6180.538
2019-06-12,25,4030.41,2039.25,6069.66
2019-06-12,26,4053.94,1989.584,6043.524
2019-06-12,27,4209.846,1852.018,6061.864
2019-06-12,28,4301.946,1753.084,6055.03
2019-06-12,29,4284.02,1754.426,6038.446
2019-06-12,30,4327.524,1826.756,6154.28
2019-06-12,31,4231.06,1858.66,6089.72
2019-06-12,32,4398.998,1851.776,6250.774
2019-06-12,33,4512.6,1882.428,6395.028
2019-06-12,34,4569.326,1858.332,6427.658
2019-06-12,35,4614.654,1782.686,6397.34
2019-06-12,36,4632.768,1696.504,6329.272
2019-06-12,37,4611.778,1773.522,6385.3
2019-06-12,38,4725.256,1806.538,6531.794
2019-06-12,39,4779.578,1998.032,6777.61
2019-06-12,40,4875.874,1913.564,6789.438
2019-06-12,41,5012.648,1748.678,6761.326
2019-06-12,42,5051.578,1578.198,6629.776
2019-06-12,43,5027.736,1521.57,6549.306
2019-06-12,44,5028.746,1594.174,6622.92
2019-06-12,45,5045.148,1726.624,6771.772
2019-06-12,46,4896.728,1680.368,6577.096
2019-06-12,47,4696.792,1797.792,6494.584
2019-06-12,48,4647.834,1799.222,6447.056
2019-06-13,1,4493.954,1928.226,6422.18
2019-06-13,2,4394.022,2066.058,6460.08
2019-06-13,3,4405.356,2227.414,6632.77
2019-06-13,4,4375.214,2419.884,6795.098
2019-06-13,5,4248.046,2434.896,6682.942
2019-06-13,6,4258.92,2432.492,6691.412
2019-06-13,7,4264.182,2690.352,6954.534
2019-06-13,8,4335.226,2935.042,7270.268
2019-06-13,9,4226.05,3160.19,7386.24
2019-06-13,10,4200.326,3398.784,7599.11
2019-06-13,11,4114.74,3587.232,7701.972
2019-06-13,12,4007.61,3705.102,7712.712
2019-06-13,13,3914.986,3932.232,7847.218
2019-06-13,14,3934.426,4034.91,7969.336
2019-06-13,15,3760.278,4419.852,8180.13
2019-06-13,16,3445.548,4898.116,8343.664
2019-06-13,17,3253.362,5173.95,8427.312
2019-06-13,18,3119.298,5372.784,8492.082
2019-06-13,19,2970.252,5311.146,8281.398
2019-06-13,20,2995.784,5322.6,8318.384
2019-06-13,21,2848.376,5256.54,8104.916
2019-06-13,22,2686.544,5242.028,7928.572
2019-06-13,23,2582.116,5269.044,7851.16
2019-06-13,24,2499.218,5294.796,7794.014
2019-06-13,25,2353.316,5106.09,7459.406
2019-06-13,26,2107.9,5068.758,7176.658
2019-06-13,27,1903.376,4871.928,6775.304
2019-06-13,28,1800.366,4825.884,6626.25
2019-06-13,29,1625.498,4870.556,6496.054
2019-06-13,30,1479.83,4725.676,6205.506
2019-06-13,31,1433.398,4673.788,6107.186
2019-06-13,32,1397.752,4692.31,6090.062
2019-06-13,33,1353.212,4542.938,5896.15
2019-06-13,34,1316.66,4383.952,5700.612
2019-06-13,35,1255.576,4250.69,5506.266
2019-06-13,36,1204.756,4155.47,5360.226
2019-06-13,37,1163.034,4144.588,5307.622
2019-06-13,38,1093.224,4094.32,5187.544
2019-06-13,39,1119.216,3912.994,5032.21
2019-06-13,40,1048.576,3777.75,4826.326
2019-06-13,41,1015.572,3731.714,4747.286
2019-06-13,42,994.912,3592.35,4587.262
2019-06-13,43,1022.81,3344.176,4366.986
2019-06-13,44,941.834,3194.486,4136.32
2019-06-13,45,837.76,2971.008,3808.768
2019-06-13,46,793.366,2759.356,3552.722
2019-06-13,47,823.04,2546.144,3369.184
2019-06-13,48,874.866,2428.462,3303.328
2019-06-14,1,941.24,2367.19,3308.43
2019-06-14,2,1005.162,2251.552,3256.714
2019-06-14,3,1032.754,2155.888,3188.642
2019-06-14,4,1148.138,2000.918,3149.056
2019-06-14,5,1240.564,1902.928,3143.492
2019-06-14,6,1335.382,1796.632,3132.014
2019-06-14,7,1395.208,1794.468,3189.676
2019-06-14,8,1380.786,1824.452,3205.238
2019-06-14,9,1305.228,1764.256,3069.484
2019-06-14,10,1245.232,1979.264,3224.496
2019-06-14,11,1349.714,1977.96,3327.674
2019-06-14,12,1316.79,2177.688,3494.478
2019-06-14,13,1353.122,2360.654,3713.776
2019-06-14,14,1536.89,2548.898,4085.788
2019-06-14,15,1593.822,2618.256,4212.078
2019-06-14,16,1750.878,2467.224,4218.102
2019-06-14,17,1812.726,2301.88,4114.606
2019-06-14,18,1872.938,2193.414,4066.352
2019-06-14,19,1977.09,2423.746,4400.836
2019-06-14,20,2106.668,2768.882,4875.55
2019-06-14,21,2112.994,3002.79,5115.784
2019-06-14,22,2147.928,3044.75,5192.678
2019-06-14,23,2244.684,3059.554,5304.238
2019-06-14,24,2330.748,3115.648,5446.396
2019-06-14,25,2473.47,3332.666,5806.136
2019-06-14,26,2616.566,3309.76,5926.326
2019-06-14,27,2687.016,3133.392,5820.408
2019-06-14,28,2734.508,3184.38,5918.888
2019-06-14,29,2862.458,3164.988,6027.446
2019-06-14,30,2810.604,2766.166,5576.77
2019-06-14,31,2615.594,2516.488,5132.082
2019-06-14,32,2491.796,2458.772,4950.568
2019-06-14,33,2546.994,2239.082,4786.076
2019-06-14,34,2529.02,1902.284,4431.304
2019-06-14,35,2542.758,1541.33,4084.088
2019-06-14,36,2595.904,1459.216,4055.12
2019-06-14,37,2451.584,1553.148,4004.732
2019-06-14,38,2255.918,1580.32,3836.238
2019-06-14,39,2025.53,1580.49,3606.02
2019-06-14,40,1893.84,1531.8,3425.64
2019-06-14,41,1778.41,1464.874,3243.284
2019-06-14,42,1683.788,1364.496,3048.284
2019-06-14,43,1578.09,1260.894,2838.984
2019-06-14,44,1646.108,1225.592,2871.7
2019-06-14,45,1661.262,1349.784,3011.046
2019-06-14,46,1662.292,1481.73,3144.022
2019-06-14,47,1669.984,1469.884,3139.868
2019-06-14,48,1720.228,1696.814,3417.042
2019-06-15,1,1758.25,1894.604,3652.854
2019-06-15,2,1809.05,1755.906,3564.956
2019-06-15,3,1681.106,1561.934,3243.04
2019-06-15,4,1685.53,1416.876,3102.406
2019-06-15,5,1720.95,1506.252,3227.202
2019-06-15,6,1757.184,1512.264,3269.448
2019-06-15,7,1757.208,1559.09,3316.298
2019-06-15,8,1913.606,1352.61,3266.216
2019-06-15,9,2229.132,1363.362,3592.494
2019-06-15,10,2108.926,1396.036,3504.962
2019-06-15,11,1888.162,1213.93,3102.092
2019-06-15,12,1678.478,1474.906,3153.384
2019-06-15,13,1568.542,1776.44,3344.982
2019-06-15,14,1446.902,1845.734,3292.636
2019-06-15,15,1449.248,2012.91,3462.158
2019-06-15,16,1441.378,2091.848,3533.226
2019-06-15,17,1261.638,2013.23,3274.868
2019-06-15,18,1063.794,2073.956,3137.75
2019-06-15,19,1087.24,2042.962,3130.202
2019-06-15,20,1209.07,2138.654,3347.724
2019-06-15,21,1412.464,2180.46,3592.924
2019-06-15,22,1540.002,1952.42,3492.422
2019-06-15,23,1648.602,1717.782,3366.384
2019-06-15,24,1696.126,1534.466,3230.592
2019-06-15,25,1802.268,1807.804,3610.072
2019-06-15,26,1780.802,1968.516,3749.318
2019-06-15,27,1877.128,2277.56,4154.688
2019-06-15,28,1895.32,2116.974,4012.294
2019-06-15,29,1958.856,2158.074,4116.93
2019-06-15,30,2389.53,2541.068,4930.598
2019-06-15,31,2465.554,2680.582,5146.136
2019-06-15,32,2471.39,2836.298,5307.688
2019-06-15,33,2374.492,2605.076,4979.568
2019-06-15,34,2264.116,2521.798,4785.914
2019-06-15,35,2203.854,2753.6,4957.454
2019-06-15,36,2047.18,2935.702,4982.882
2019-06-15,37,1978.18,3057.054,5035.234
2019-06-15,38,1782.394,3128.838,4911.232
2019-06-15,39,1643.818,3131.554,4775.372
2019-06-15,40,1485.96,3041.94,4527.9
2019-06-15,41,1523.052,2983.602,4506.654
2019-06-15,42,1459.524,3149.096,4608.62
2019-06-15,43,1436.324,3065.628,4501.952
2019-06-15,44,1265.478,3190.052,4455.53
2019-06-15,45,1140.528,3030.49,4171.018
2019-06-15,46,992.72,2995.178,3987.898
2019-06-15,47,1099.484,2645.372,3744.856
2019-06-15,48,1149.412,2502.33,3651.742
2019-06-16,1,1091.414,2476.33,3567.744
2019-06-16,2,1066.22,2611.984,3678.204
2019-06-16,3,1029.524,2791.338,3820.862
2019-06-16,4,962.572,2785.482,3748.054
2019-06-16,5,951.418,2613.968,3565.386
2019-06-16,6,1040.308,2501.012,3541.32
2019-06-16,7,940.972,2690.494,3631.466
2019-06-16,8,934.43,2640.712,3575.142
2019-06-16,9,966.712,2353.334,3320.046
2019-06-16,10,1034.018,2045.998,3080.016
2019-06-16,11,989.668,1933.856,2923.524
2019-06-16,12,925.438,1775.39,2700.828
2019-06-16,13,987.968,1628.89,2616.858
2019-06-16,14,998.388,1631.084,2629.472
2019-06-16,15,1103.914,1673.748,2777.662
2019-06-16,16,1102.584,1824.024,2926.608
2019-06-16,17,1120.3,2000.14,3120.44
2019-06-16,18,1200.568,2206.078,3406.646
2019-06-16,19,1335.004,2228.524,3563.528
2019-06-16,20,1421.048,2371.498,3792.546
2019-06-16,21,1517.956,2499.988,4017.944
2019-06-16,22,1614.002,2803.914,4417.916
2019-06-16,23,1661.068,3116.858,4777.926
2019-06-16,24,1584.874,3114.696,4699.57
2019-06-16,25,1619.5,3156.308,4775.808
2019-06-16,26,1626.722,3292.024,4918.746
2019-06-16,27,1719.13,3378.748,5097.878
2019-06-16,28,1486.46,3315.432,4801.892
2019-06-16,29,1489.662,3846.012,5335.674
2019-06-16,30,1429.91,3940.87,5370.78
2019-06-16,31,1817.242,3792.252,5609.494
2019-06-16,32,1813.686,4236.556,6050.242
2019-06-16,33,1557.836,4522.748,6080.584
2019-06-16,34,1469.944,4615.306,6085.25
2019-06-16,35,1254.318,4791.318,6045.636
2019-06-16,36,1244.948,4654.412,5899.36
2019-06-16,37,1222.894,4512.798,5735.692
2019-06-16,38,1299.476,4298.398,5597.874
2019-06-16,39,1227.46,3673.228,4900.688
2019-06-16,40,1124.16,4271.342,5395.502
2019-06-16,41,1171.396,4670.15,5841.546
2019-06-16,42,1150.21,5083.222,6233.432
2019-06-16,43,1174.466,5290.822,6465.288
2019-06-16,44,1251.048,5471.116,6722.164
2019-06-16,45,1565.578,5554.24,7119.818
2019-06-16,46,1857.426,5422.322,7279.748
2019-06-16,47,2186.91,5522.848,7709.758
2019-06-16,48,2207.036,5605.324,7812.36
2019-06-17,1,1774.938,5377.892,7152.83
2019-06-17,2,1366.864,5091.442,6458.306
2019-06-17,3,1279.18,4922.852,6202.032
2019-06-17,4,1375.238,4852.474,6227.712
2019-06-17,5,1408.596,4891.746,6300.342
2019-06-17,6,1342.932,4749.058,6091.99
2019-06-17,7,1540.134,4688.614,6228.748
2019-06-17,8,1660.316,4630.512,6290.828
2019-06-17,9,1992.49,4421.866,6414.356
2019-06-17,10,2129.62,4183.172,6312.792
2019-06-17,11,2136.868,4183.742,6320.61
2019-06-17,12,2061.408,4193.334,6254.742
2019-06-17,13,2136.024,3950.212,6086.236
2019-06-17,14,2193.768,3828.298,6022.066
2019-06-17,15,2202.74,3740.99,5943.73
2019-06-17,16,2468.926,3683.006,6151.932
2019-06-17,17,2753.078,3650.792,6403.87
2019-06-17,18,2834.588,3593.56,6428.148
2019-06-17,19,3041.678,3400.008,6441.686
2019-06-17,20,3484.31,3449.37,6933.68
2019-06-17,21,3628.104,3532.202,7160.306
2019-06-17,22,3676.02,3661.728,7337.748
2019-06-17,23,3777.196,3763.122,7540.318
2019-06-17,24,3760.336,3791.954,7552.29
2019-06-17,25,3715.768,3838.104,7553.872
2019-06-17,26,3800.138,3834.358,7634.496
2019-06-17,27,3955.66,4136.352,8092.012
2019-06-17,28,4278.718,4107.65,8386.368
2019-06-17,29,4389.812,3780.014,8169.826
2019-06-17,30,4259.068,3821.728,8080.796
2019-06-17,31,4275.14,3797.028,8072.168
2019-06-17,32,4132.86,3732.284,7865.144
2019-06-17,33,4018.302,3719.852,7738.154
2019-06-17,34,3761.832,3638.052,7399.884
2019-06-17,35,3468.93,3320.61,6789.54
2019-06-17,36,3168.51,3369.91,6538.42
2019-06-17,37,3090.506,3429.85,6520.356
2019-06-17,38,2943.53,3332.862,6276.392
2019-06-17,39,2740.892,3215.63,5956.522
2019-06-17,40,2438.914,3242.386,5681.3
2019-06-17,41,2264.71,3087.032,5351.742
2019-06-17,42,2336.866,2897.878,5234.744
2019-06-17,43,2149.478,2811.156,4960.634
2019-06-17,44,1818.418,2622.614,4441.032
2019-06-17,45,1597.692,2500.77,4098.462
2019-06-17,46,1526.266,2503.232,4029.498
2019-06-17,47,1417.71,2581.266,3998.976
2019-06-17,48,1476.25,2649.722,4125.972
2019-06-18,1,1486.75,2620.364,4107.114
2019-06-18,2,1492.634,2558.594,4051.228
2019-06-18,3,1580.264,2413.06,3993.324
2019-06-18,4,1639.986,2276.458,3916.444
2019-06-18,5,1777.55,2121.462,3899.012
2019-06-18,6,1921.08,2058.208,3979.288
2019-06-18,7,1990.788,1927.712,3918.5
2019-06-18,8,2173.006,1902.734,4075.74
2019-06-18,9,2311.284,1760.678,4071.962
2019-06-18,10,2315.77,1487.422,3803.192
2019-06-18,11,2343.62,1380.386,3724.006
2019-06-18,12,2658.722,1201.752,3860.474
2019-06-18,13,2914.706,1008.272,3922.978
2019-06-18,14,2998.042,877.354,3875.396
2019-06-18,15,3330.308,803.534,4133.842
2019-06-18,16,3489.12,799.724,4288.844
2019-06-18,17,3573.936,783.37,4357.306
2019-06-18,18,3661.548,670.61,4332.158
2019-06-18,19,3962.76,549.128,4511.888
2019-06-18,20,4145.596,450.112,4595.708
2019-06-18,21,3946.898,368.116,4315.014
2019-06-18,22,3861.388,295.63,4157.018
2019-06-18,23,3774.554,257.232,4031.786
2019-06-18,24,3730.762,219.07,3949.832
2019-06-18,25,3548.768,204.436,3753.204
2019-06-18,26,3398.11,206.68,3604.79
2019-06-18,27,3284.148,218.298,3502.446
2019-06-18,28,3101.02,252.212,3353.232
2019-06-18,29,3060.958,276.114,3337.072
2019-06-18,30,2906.076,313.64,3219.716
2019-06-18,31,2736.29,282.426,3018.716
2019-06-18,32,2659.128,205.62,2864.748
2019-06-18,33,2609.12,215.202,2824.322
2019-06-18,34,2399.058,303.57,2702.628
2019-06-18,35,2236.258,413.018,2649.276
2019-06-18,36,2235.992,526.476,2762.468
2019-06-18,37,2152.764,708.348,2861.112
2019-06-18,38,1957.884,771.242,2729.126
2019-06-18,39,1838.836,811.232,2650.068
2019-06-18,40,1521.884,776.834,2298.718
2019-06-18,41,1520.562,906.436,2426.998
2019-06-18,42,1442.536,780.02,2222.556
2019-06-18,43,1322.916,737.19,2060.106
2019-06-18,44,1228.23,866.022,2094.252
2019-06-18,45,1191.426,983.134,2174.56
2019-06-18,46,1246.53,1158.274,2404.804
2019-06-18,47,1212.068,1273.176,2485.244
2019-06-18,48,1248.874,1085,2333.874
2019-06-19,1,1091.192,1055.804,2146.996
2019-06-19,2,1028.61,979.308,2007.918
2019-06-19,3,949.702,820.646,1770.348
2019-06-19,4,827.264,503.196,1330.46
2019-06-19,5,795.668,275.954,1071.622
2019-06-19,6,943.734,378.986,1322.72
2019-06-19,7,976.328,359.498,1335.826
2019-06-19,8,938.634,364.012,1302.646
2019-06-19,9,932.588,442.382,1374.97
2019-06-19,10,944.74,400.782,1345.522
2019-06-19,11,963.998,428.108,1392.106
2019-06-19,12,979.18,379.06,1358.24
2019-06-19,13,913.78,314.348,1228.128
2019-06-19,14,903.57,318.844,1222.414
2019-06-19,15,910.344,312.944,1223.288
2019-06-19,16,1009.138,287.06,1296.198
2019-06-19,17,1058.91,198.306,1257.216
2019-06-19,18,1122.204,175.728,1297.932
2019-06-19,19,1188.25,169.468,1357.718
2019-06-19,20,1310.88,142.86,1453.74
2019-06-19,21,1370.79,141.616,1512.406
2019-06-19,22,1376.268,145.688,1521.956
2019-06-19,23,1332.902,153.456,1486.358
2019-06-19,24,1402.992,142.796,1545.788
2019-06-19,25,1410.4,112.26,1522.66
2019-06-19,26,1420.384,100.658,1521.042
2019-06-19,27,1364.836,120.846,1485.682
2019-06-19,28,1358.942,165.378,1524.32
2019-06-19,29,1311.32,193.324,1504.644
2019-06-19,30,1310.378,210.11,1520.488
2019-06-19,31,1460.462,234.712,1695.174
2019-06-19,32,1453.374,241.166,1694.54
2019-06-19,33,1447.442,264.53,1711.972
2019-06-19,34,1379.162,333.66,1712.822
2019-06-19,35,1265.88,327.624,1593.504
2019-06-19,36,1242.544,419.852,1662.396
2019-06-19,37,1285.746,512.398,1798.144
2019-06-19,38,1302.05,553.216,1855.266
2019-06-19,39,1091,679.784,1770.784
2019-06-19,40,1165.002,796.594,1961.596
2019-06-19,41,1112.426,1028.63,2141.056
2019-06-19,42,902.542,1254.566,2157.108
2019-06-19,43,717.656,1419.922,2137.578
2019-06-19,44,658.462,1436.716,2095.178
2019-06-19,45,714.846,1436.384,2151.23
2019-06-19,46,668.106,1178.238,1846.344
2019-06-19,47,623.6,1131.292,1754.892
2019-06-19,48,671.822,975.086,1646.908
2019-06-20,1,612.562,1144.884,1757.446
2019-06-20,2,631.974,1307.572,1939.546
2019-06-20,3,679.42,1540.354,2219.774
2019-06-20,4,720.206,1652.162,2372.368
2019-06-20,5,742.126,1752.752,2494.878
2019-06-20,6,910.976,1656.392,2567.368
2019-06-20,7,795.244,1478.082,2273.326
2019-06-20,8,780.21,1559.576,2339.786
2019-06-20,9,846.342,1598.674,2445.016
2019-06-20,10,912.544,1698.42,2610.964
2019-06-20,11,1083.524,1654.178,2737.702
2019-06-20,12,1200.378,1368.6,2568.978
2019-06-20,13,1280.27,1325.774,2606.044
2019-06-20,14,1372.942,1399.722,2772.664
2019-06-20,15,1490.788,1554.79,3045.578
2019-06-20,16,1740.124,1674.324,3414.448
2019-06-20,17,1885.646,1685.798,3571.444
2019-06-20,18,2013.58,1670.568,3684.148
2019-06-20,19,2171.308,1720.292,3891.6
2019-06-20,20,2299.776,1701.93,4001.706
2019-06-20,21,2490.196,1793.202,4283.398
2019-06-20,22,2567.8,1884.394,4452.194
2019-06-20,23,2787.866,1960.906,4748.772
2019-06-20,24,2914.002,1898.782,4812.784
2019-06-20,25,3060.294,1896.932,4957.226
2019-06-20,26,3067.512,1815.928,4883.44
2019-06-20,27,3066.506,1922.798,4989.304
2019-06-20,28,3119.536,2005.436,5124.972
2019-06-20,29,3136.978,1900.004,5036.982
2019-06-20,30,3312.816,1942.69,5255.506
2019-06-20,31,3124.014,1750.668,4874.682
2019-06-20,32,2957.122,1694.162,4651.284
2019-06-20,33,2951.138,1723.868,4675.006
2019-06-20,34,2804.338,1811.042,4615.38
2019-06-20,35,2834.08,1841.542,4675.622
2019-06-20,36,3023.226,1901.17,4924.396
2019-06-20,37,3045.89,1995.792,5041.682
2019-06-20,38,2990.09,2084.68,5074.77
2019-06-20,39,2847.678,1931.996,4779.674
2019-06-20,40,2616.068,1833.882,4449.95
2019-06-20,41,2532.23,1934.468,4466.698
2019-06-20,42,2259.078,1897.38,4156.458
2019-06-20,43,2126.116,1732.934,3859.05
2019-06-20,44,1955.38,1795.106,3750.486
2019-06-20,45,2005.446,1796.28,3801.726
2019-06-20,46,1949.064,1737.012,3686.076
2019-06-20,47,1938.186,1612.638,3550.824
2019-06-20,48,1871.524,1397.334,3268.858
2019-06-21,1,1900.502,1268.624,3169.126
2019-06-21,2,1851.312,1266.172,3117.484
2019-06-21,3,1808.452,1267.586,3076.038
2019-06-21,4,1774.284,1276.614,3050.898
2019-06-21,5,1725.704,1249.088,2974.792
2019-06-21,6,1681.742,1190.424,2872.166
2019-06-21,7,1638.572,1239.416,2877.988
2019-06-21,8,1712.988,1249.25,2962.238
2019-06-21,9,1732.502,1295.166,3027.668
2019-06-21,10,1724.724,1292.356,3017.08
2019-06-21,11,1721.33,1364.044,3085.374
2019-06-21,12,1792.782,1475.156,3267.938
2019-06-21,13,1810.894,1461.8,3272.694
2019-06-21,14,1787.91,1433.566,3221.476
2019-06-21,15,1933.67,1397.59,3331.26
2019-06-21,16,1993.422,1327.676,3321.098
2019-06-21,17,2145.256,1283.742,3428.998
2019-06-21,18,2239.302,1199.848,3439.15
2019-06-21,19,2242.572,1038.792,3281.364
2019-06-21,20,2261.514,923.692,3185.206
2019-06-21,21,2149.516,746.518,2896.034
2019-06-21,22,2116.96,706.1,2823.06
2019-06-21,23,2206.662,676.166,2882.828
2019-06-21,24,2236.524,657.546,2894.07
2019-06-21,25,2260.864,685.452,2946.316
2019-06-21,26,2228.972,697.35,2926.322
2019-06-21,27,2269.56,691.036,2960.596
2019-06-21,28,2336.936,708.426,3045.362
2019-06-21,29,2309.328,689.076,2998.404
2019-06-21,30,2276.668,626.964,2903.632
2019-06-21,31,2154.73,608.552,2763.282
2019-06-21,32,2172.05,635.224,2807.274
2019-06-21,33,2131.048,589.23,2720.278
2019-06-21,34,2042.482,524.266,2566.748
2019-06-21,35,1840.166,503.164,2343.33
2019-06-21,36,1622.758,458.426,2081.184
2019-06-21,37,1424.574,398.73,1823.304
2019-06-21,38,1257.314,384.734,1642.048
2019-06-21,39,1072.81,388.538,1461.348
2019-06-21,40,957.252,370.572,1327.824
2019-06-21,41,798.332,309.246,1107.578
2019-06-21,42,696.164,300.696,996.86
2019-06-21,43,644.146,316.194,960.34
2019-06-21,44,693.396,329.244,1022.64
2019-06-21,45,690.744,338.792,1029.536
2019-06-21,46,652.324,288.412,940.736
2019-06-21,47,612.64,236.82,849.46
2019-06-21,48,634.092,192.946,827.038
2019-06-22,1,598.988,217.5,816.488
2019-06-22,2,509.868,246.102,755.97
2019-06-22,3,482.048,286.14,768.188
2019-06-22,4,496.026,274.778,770.804
2019-06-22,5,538.226,245.36,783.586
2019-06-22,6,533.946,267.708,801.654
2019-06-22,7,566.058,269.57,835.628
2019-06-22,8,576.83,279.254,856.084
2019-06-22,9,635.61,280.798,916.408
2019-06-22,10,650.488,281.638,932.126
2019-06-22,11,665.13,290.076,955.206
2019-06-22,12,671.432,294.456,965.888
2019-06-22,13,659.192,321.774,980.966
2019-06-22,14,641.84,340.812,982.652
2019-06-22,15,631.374,370.406,1001.78
2019-06-22,16,651.26,408.182,1059.442
2019-06-22,17,691.91,450.23,1142.14
2019-06-22,18,736.028,501.184,1237.212
2019-06-22,19,760.514,514.328,1274.842
2019-06-22,20,769.394,556.984,1326.378
2019-06-22,21,744.042,530.952,1274.994
2019-06-22,22,766.712,522.238,1288.95
2019-06-22,23,746.726,530.844,1277.57
2019-06-22,24,801.918,553.556,1355.474
2019-06-22,25,830.742,644.63,1475.372
2019-06-22,26,766.542,678.106,1444.648
2019-06-22,27,768.518,698.872,1467.39
2019-06-22,28,803.938,836.344,1640.282
2019-06-22,29,857.746,1041.198,1898.944
2019-06-22,30,824.064,1244.496,2068.56
2019-06-22,31,778.926,1436.19,2215.116
2019-06-22,32,705.674,1550.378,2256.052
2019-06-22,33,650.852,1618.156,2269.008
2019-06-22,34,607.58,1742.168,2349.748
2019-06-22,35,544.54,1753.234,2297.774
2019-06-22,36,531.472,1730.52,2261.992
2019-06-22,37,495.302,1683.258,2178.56
2019-06-22,38,435.154,1660.708,2095.862
2019-06-22,39,429.116,1726.888,2156.004
2019-06-22,40,396.55,1735.546,2132.096
2019-06-22,41,371.468,1665.08,2036.548
2019-06-22,42,329.746,1570.352,1900.098
2019-06-22,43,311.118,1564.794,1875.912
2019-06-22,44,302.346,1523.346,1825.692
2019-06-22,45,305.958,1415.636,1721.594
2019-06-22,46,291.588,1376.336,1667.924
2019-06-22,47,291.406,1418.504,1709.91
2019-06-22,48,317.672,1517.278,1834.95
2019-06-23,1,332.964,1628.45,1961.414
2019-06-23,2,341.328,1693.32,2034.648
2019-06-23,3,362.734,1920.914,2283.648
2019-06-23,4,370.008,2214.576,2584.584
2019-06-23,5,363.688,2325.004,2688.692
2019-06-23,6,369.76,2333.452,2703.212
2019-06-23,7,376.204,2405.806,2782.01
2019-06-23,8,438.984,2344.106,2783.09
2019-06-23,9,482.206,2367.544,2849.75
2019-06-23,10,522.782,2316.402,2839.184
2019-06-23,11,534.548,2466.056,3000.604
2019-06-23,12,549.13,2641.842,3190.972
2019-06-23,13,560.084,2677.736,3237.82
2019-06-23,14,584.15,2604.848,3188.998
2019-06-23,15,618.33,2456.816,3075.146
2019-06-23,16,699.338,2255.956,2955.294
2019-06-23,17,734.896,2317.054,3051.95
2019-06-23,18,752.098,2310.506,3062.604
2019-06-23,19,727.66,2211.682,2939.342
2019-06-23,20,688.898,2171.648,2860.546
2019-06-23,21,749.806,2328.612,3078.418
2019-06-23,22,761.794,2645.574,3407.368
2019-06-23,23,792.394,2574.398,3366.792
2019-06-23,24,789.038,2453.012,3242.05
2019-06-23,25,890.746,2495.402,3386.148
2019-06-23,26,1005.14,2553.386,3558.526
2019-06-23,27,1180.012,2639.466,3819.478
2019-06-23,28,1430.68,2870.804,4301.484
2019-06-23,29,1588.326,3146.204,4734.53
2019-06-23,30,1824.356,3479.058,5303.414
2019-06-23,31,1965.17,3680.83,5646
2019-06-23,32,2039.53,3869.276,5908.806
2019-06-23,33,2239.058,4188.808,6427.866
2019-06-23,34,2366.196,4126.294,6492.49
2019-06-23,35,2381.536,3963.692,6345.228
2019-06-23,36,2375.666,3909.416,6285.082
2019-06-23,37,2546.62,3809.7,6356.32
2019-06-23,38,2558.898,3738.06,6296.958
2019-06-23,39,2583.826,3788.47,6372.296
2019-06-23,40,2586.394,3984.586,6570.98
2019-06-23,41,2543.81,4015.62,6559.43
2019-06-23,42,2364.248,4191.63,6555.878
2019-06-23,43,2560.478,3977.024,6537.502
2019-06-23,44,2465.89,3805.166,6271.056
2019-06-23,45,2331.056,3834.978,6166.034
2019-06-23,46,2169.588,4002.754,6172.342
2019-06-23,47,2161.15,3948.944,6110.094
2019-06-23,48,2207.582,3878.668,6086.25
2019-06-24,1,2275.304,3721.184,5996.488
2019-06-24,2,2423.036,3564.764,5987.8
2019-06-24,3,2521.16,3538.402,6059.562
2019-06-24,4,2482.524,3423.326,5905.85
2019-06-24,5,2358.196,3408.734,5766.93
2019-06-24,6,2082.734,3353.238,5435.972
2019-06-24,7,1864.574,3235.062,5099.636
2019-06-24,8,1912.684,2993.386,4906.07
2019-06-24,9,1893.524,2741.35,4634.874
2019-06-24,10,1905.538,2652.698,4558.236
2019-06-24,11,1861.068,2488.596,4349.664
2019-06-24,12,1788.352,2415.65,4204.002
2019-06-24,13,1840.17,2491.106,4331.276
2019-06-24,14,1758.226,2452.788,4211.014
2019-06-24,15,1746.534,2393.886,4140.42
2019-06-24,16,1785.048,2386.42,4171.468
2019-06-24,17,1912.018,2363.976,4275.994
2019-06-24,18,2041.54,2084.598,4126.138
2019-06-24,19,2012.822,1859.838,3872.66
2019-06-24,20,1915.606,1665.378,3580.984
2019-06-24,21,1924.226,1549.506,3473.732
2019-06-24,22,1768.064,1237.932,3005.996
2019-06-24,23,1516.362,1000.288,2516.65
2019-06-24,24,1449.44,816.6,2266.04
2019-06-24,25,1469.816,730.302,2200.118
2019-06-24,26,1370.25,867.234,2237.484
2019-06-24,27,1417.942,889.616,2307.558
2019-06-24,28,1490.668,1022.626,2513.294
2019-06-24,29,1463.718,761.276,2224.994
2019-06-24,30,1562.774,659.358,2222.132
2019-06-24,31,1565.754,591.192,2156.946
2019-06-24,32,1558.932,531.208,2090.14
2019-06-24,33,1518.64,582.96,2101.6
2019-06-24,34,1546.098,560.968,2107.066
2019-06-24,35,1490.816,504.784,1995.6
2019-06-24,36,1504.276,267.178,1771.454
2019-06-24,37,1396.12,201.666,1597.786
2019-06-24,38,1268.444,143.872,1412.316
2019-06-24,39,1279.392,155.11,1434.502
2019-06-24,40,1290.562,194.27,1484.832
2019-06-24,41,1247.95,211.8,1459.75
2019-06-24,42,1103.134,198.22,1301.354
2019-06-24,43,1059.632,185.364,1244.996
2019-06-24,44,1085.482,222.436,1307.918
2019-06-24,45,1137.122,216.18,1353.302
2019-06-24,46,1227.196,260.388,1487.584
2019-06-24,47,1166.316,228.582,1394.898
2019-06-24,48,1273.37,282.664,1556.034
2019-06-25,1,1196.176,311.57,1507.746
2019-06-25,2,1243.62,306.11,1549.73
2019-06-25,3,1212.374,384.912,1597.286
2019-06-25,4,1208.48,507.942,1716.422
2019-06-25,5,1237.016,588.92,1825.936
2019-06-25,6,1329.338,642.43,1971.768
2019-06-25,7,1467.454,690.474,2157.928
2019-06-25,8,1572.402,818.752,2391.154
2019-06-25,9,1514.884,1255.426,2770.31
2019-06-25,10,1482.458,1572.142,3054.6
2019-06-25,11,1533.816,1700.936,3234.752
2019-06-25,12,1517.48,1713.706,3231.186
2019-06-25,13,1454.53,1578.372,3032.902
2019-06-25,14,1344.086,1751.276,3095.362
2019-06-25,15,1312.52,1900.512,3213.032
2019-06-25,16,1175.03,2245.322,3420.352
2019-06-25,17,1314.326,2622.746,3937.072
2019-06-25,18,1350.304,2754.348,4104.652
2019-06-25,19,1496.41,2566.746,4063.156
2019-06-25,20,1665.946,2569.312,4235.258
2019-06-25,21,1816.956,2695.914,4512.87
2019-06-25,22,1983.83,2884.726,4868.556
2019-06-25,23,2200.962,2906.692,5107.654
2019-06-25,24,2248.82,2777.282,5026.102
2019-06-25,25,2074.06,2494.22,4568.28
2019-06-25,26,1904.11,2353.878,4257.988
2019-06-25,27,1743.24,2172.856,3916.096
2019-06-25,28,1677.55,2156.124,3833.674
2019-06-25,29,1620.976,2350.046,3971.022
2019-06-25,30,1643.858,2582.438,4226.296
2019-06-25,31,1952.198,2581.596,4533.794
2019-06-25,32,2203.496,2499.512,4703.008
2019-06-25,33,1456.482,2512.944,3969.426
2019-06-25,34,1537.228,2415.704,3952.932
2019-06-25,35,1523.47,2314.368,3837.838
2019-06-25,36,1445.528,2372.074,3817.602
2019-06-25,37,1577.552,2398.482,3976.034
2019-06-25,38,1551.814,2434.758,3986.572
2019-06-25,39,1431.094,2338.348,3769.442
2019-06-25,40,1437.838,2252.332,3690.17
2019-06-25,41,1411.664,2379.894,3791.558
2019-06-25,42,1303.65,2529.412,3833.062
2019-06-25,43,1288.098,2529.612,3817.71
2019-06-25,44,1287.074,2491.516,3778.59
2019-06-25,45,1254.504,2623.58,3878.084
2019-06-25,46,1207.444,2555.144,3762.588
2019-06-25,47,1155.59,2449.034,3604.624
2019-06-25,48,1085.966,2537.632,3623.598
2019-06-26,1,991.66,2434.066,3425.726
2019-06-26,2,934.684,2586.426,3521.11
2019-06-26,3,797.868,2895.154,3693.022
2019-06-26,4,764.924,2968.434,3733.358
2019-06-26,5,807.26,2945.806,3753.066
2019-06-26,6,727.182,3070.95,3798.132
2019-06-26,7,680.536,2978.104,3658.64
2019-06-26,8,597.172,2859.646,3456.818
2019-06-26,9,595.016,2857.308,3452.324
2019-06-26,10,613.424,2980.286,3593.71
2019-06-26,11,579.772,3101.456,3681.228
2019-06-26,12,543.836,3192.26,3736.096
2019-06-26,13,542.404,3195.3,3737.704
2019-06-26,14,534.532,2953.588,3488.12
2019-06-26,15,469.608,2818.826,3288.434
2019-06-26,16,479.198,2686.614,3165.812
2019-06-26,17,484.578,2142.988,2627.566
2019-06-26,18,463.166,2223.794,2686.96
2019-06-26,19,469.15,2493.072,2962.222
2019-06-26,20,506.186,2686.368,3192.554
2019-06-26,21,553.97,2512.01,3065.98
2019-06-26,22,536.668,2410.092,2946.76
2019-06-26,23,574.608,2550.192,3124.8
2019-06-26,24,621.184,2373.342,2994.526
2019-06-26,25,778.608,2103.866,2882.474
2019-06-26,26,742.882,2179.674,2922.556
2019-06-26,27,776.532,2528.434,3304.966
2019-06-26,28,863.746,2635.666,3499.412
2019-06-26,29,884.594,2747.658,3632.252
2019-06-26,30,955.102,2925.126,3880.228
2019-06-26,31,956.852,2984.916,3941.768
2019-06-26,32,983.642,3134.86,4118.502
2019-06-26,33,1038.878,3080.698,4119.576
2019-06-26,34,1073.906,3127.64,4201.546
2019-06-26,35,1140.676,3290.822,4431.498
2019-06-26,36,1278.982,3312.176,4591.158
2019-06-26,37,1252.756,3291.782,4544.538
2019-06-26,38,1204.164,3267.406,4471.57
2019-06-26,39,1132.358,3140.622,4272.98
2019-06-26,40,1070.318,3157.47,4227.788
2019-06-26,41,1002.058,3154.5,4156.558
2019-06-26,42,846.958,3118.734,3965.692
2019-06-26,43,784.106,3185.198,3969.304
2019-06-26,44,782.222,3312.272,4094.494
2019-06-26,45,679.79,3247.89,3927.68
2019-06-26,46,645.058,3243.06,3888.118
2019-06-26,47,623.25,3163.468,3786.718
2019-06-26,48,641.934,3052.968,3694.902
2019-06-27,1,640.416,3004.106,3644.522
2019-06-27,2,598.696,2934.26,3532.956
2019-06-27,3,618.116,2753.126,3371.242
2019-06-27,4,776.614,2521.886,3298.5
2019-06-27,5,785.334,2490.232,3275.566
2019-06-27,6,781.356,2530.284,3311.64
2019-06-27,7,790.74,2587.138,3377.878
2019-06-27,8,727.482,2618.32,3345.802
2019-06-27,9,726.744,2670.342,3397.086
2019-06-27,10,697.076,2651.976,3349.052
2019-06-27,11,666.054,2576.514,3242.568
2019-06-27,12,713.782,2509.198,3222.98
2019-06-27,13,660.744,2525.46,3186.204
2019-06-27,14,647.18,2543.914,3191.094
2019-06-27,15,648.28,2629.578,3277.858
2019-06-27,16,587.24,2610.714,3197.954
2019-06-27,17,558.238,2511.708,3069.946
2019-06-27,18,493.484,2445.568,2939.052
2019-06-27,19,422.11,2352.954,2775.064
2019-06-27,20,321.09,2357.628,2678.718
2019-06-27,21,309.276,2289.638,2598.914
2019-06-27,22,310.704,2245.266,2555.97
2019-06-27,23,311.82,2278.634,2590.454
2019-06-27,24,334.832,2226.248,2561.08
2019-06-27,25,358.034,2152.922,2510.956
2019-06-27,26,384.358,2136.166,2520.524
2019-06-27,27,348.232,2058.548,2406.78
2019-06-27,28,402.944,2002.046,2404.99
2019-06-27,29,425.914,2061.74,2487.654
2019-06-27,30,409.918,2329.194,2739.112
2019-06-27,31,435.562,2536.374,2971.936
2019-06-27,32,440.302,2766.906,3207.208
2019-06-27,33,394.8,2929.03,3323.83
2019-06-27,34,400.988,3074.764,3475.752
2019-06-27,35,432.878,3224.262,3657.14
2019-06-27,36,464.386,3362.614,3827
2019-06-27,37,492.116,3431.938,3924.054
2019-06-27,38,535.31,3674.138,4209.448
2019-06-27,39,599.838,3898.984,4498.822
2019-06-27,40,637.574,4054.168,4691.742
2019-06-27,41,630.08,4323.214,4953.294
2019-06-27,42,648.982,4489.236,5138.218
2019-06-27,43,698.688,4522.698,5221.386
2019-06-27,44,729.38,4599.086,5328.466
2019-06-27,45,835.048,4709.854,5544.902
2019-06-27,46,859.282,4622.826,5482.108
2019-06-27,47,868.932,4430.888,5299.82
2019-06-27,48,861.876,4121.622,4983.498
2019-06-28,1,871.492,3956.914,4828.406
2019-06-28,2,899.286,3869.266,4768.552
2019-06-28,3,886.79,3574.066,4460.856
2019-06-28,4,855.384,3347.872,4203.256
2019-06-28,5,851.198,3185.76,4036.958
2019-06-28,6,817.922,3180.672,3998.594
2019-06-28,7,802.204,3152.61,3954.814
2019-06-28,8,811.156,3170.886,3982.042
2019-06-28,9,850.266,3341.904,4192.17
2019-06-28,10,924.476,3465.616,4390.092
2019-06-28,11,984.534,3517.33,4501.864
2019-06-28,12,1025.334,3386.544,4411.878
2019-06-28,13,1078.012,3351.652,4429.664
2019-06-28,14,1107.818,3283.882,4391.7
2019-06-28,15,1001.1,3235.412,4236.512
2019-06-28,16,1007.362,3423.3,4430.662
2019-06-28,17,1016.94,3474.408,4491.348
2019-06-28,18,1023.058,3531.564,4554.622
2019-06-28,19,1058.586,3592.314,4650.9
2019-06-28,20,1092.038,3569.72,4661.758
2019-06-28,21,1140.668,3496.198,4636.866
2019-06-28,22,1189.962,3339.488,4529.45
2019-06-28,23,1218.018,3152.956,4370.974
2019-06-28,24,1313.742,3055.204,4368.946
2019-06-28,25,1403.624,3017.776,4421.4
2019-06-28,26,1500.898,3052.446,4553.344
2019-06-28,27,1609.924,3201.196,4811.12
2019-06-28,28,1672.98,3281.704,4954.684
2019-06-28,29,1802.166,3375.992,5178.158
2019-06-28,30,2109.728,3390.26,5499.988
2019-06-28,31,2326.05,3321.76,5647.81
2019-06-28,32,2309.124,3378.274,5687.398
2019-06-28,33,2248.812,3291.392,5540.204
2019-06-28,34,2172.374,3348.906,5521.28
2019-06-28,35,2054.902,3310.696,5365.598
2019-06-28,36,1981.238,3129.2,5110.438
2019-06-28,37,1897.646,2911.524,4809.17
2019-06-28,38,1823.932,2917.144,4741.076
2019-06-28,39,1769.558,2859.52,4629.078
2019-06-28,40,1706.75,3061.294,4768.044
2019-06-28,41,1683.126,3113.122,4796.248
2019-06-28,42,1634.536,3147.178,4781.714
2019-06-28,43,1634.86,3161.512,4796.372
2019-06-28,44,1650.654,3073.794,4724.448
2019-06-28,45,1587.466,3046.736,4634.202
2019-06-28,46,1594.444,2993.074,4587.518
2019-06-28,47,1611.654,2976.85,4588.504
2019-06-28,48,1665.802,2853.022,4518.824
2019-06-29,1,1694.326,2731.57,4425.896
2019-06-29,2,1768.324,2611.932,4380.256
2019-06-29,3,1787.688,2555.246,4342.934
2019-06-29,4,1727.15,2596.622,4323.772
2019-06-29,5,1794.064,2667.484,4461.548
2019-06-29,6,1857.178,2511.49,4368.668
2019-06-29,7,1740.444,2260.542,4000.986
2019-06-29,8,1555.022,2022.43,3577.452
2019-06-29,9,1408.158,1759.904,3168.062
2019-06-29,10,1360.58,1612.432,2973.012
2019-06-29,11,1233.878,1447.378,2681.256
2019-06-29,12,1034.638,1209.964,2244.602
2019-06-29,13,838.938,1047.086,1886.024
2019-06-29,14,781.272,1012.41,1793.682
2019-06-29,15,707.096,1062.23,1769.326
2019-06-29,16,643.002,1098.262,1741.264
2019-06-29,17,721.072,1168.906,1889.978
2019-06-29,18,853.456,1173.618,2027.074
2019-06-29,19,866.21,1187.55,2053.76
2019-06-29,20,1081.236,1152.73,2233.966
2019-06-29,21,1016.254,1135.098,2151.352
2019-06-29,22,912.52,1110.59,2023.11
2019-06-29,23,860.516,1110.234,1970.75
2019-06-29,24,781.134,1047.09,1828.224
2019-06-29,25,686.86,1038.358,1725.218
2019-06-29,26,804.666,970.712,1775.378
2019-06-29,27,927.472,956.122,1883.594
2019-06-29,28,896.534,964.018,1860.552
2019-06-29,29,781.464,1032.558,1814.022
2019-06-29,30,675.276,1202.892,1878.168
2019-06-29,31,548.79,1422.762,1971.552
2019-06-29,32,764.662,1736.064,2500.726
2019-06-29,33,664.166,2011.252,2675.418
2019-06-29,34,544.136,2288.542,2832.678
2019-06-29,35,601.002,2605.68,3206.682
2019-06-29,36,680.45,2893.694,3574.144
2019-06-29,37,672.644,3006.396,3679.04
2019-06-29,38,711.444,2867.404,3578.848
2019-06-29,39,610.698,2872.324,3483.022
2019-06-29,40,632.572,2791.682,3424.254
2019-06-29,41,722.642,2937.004,3659.646
2019-06-29,42,695.174,3250.236,3945.41
2019-06-29,43,666.912,3770.49,4437.402
2019-06-29,44,641.326,4168.922,4810.248
2019-06-29,45,629.956,4636.956,5266.912
2019-06-29,46,663.832,4403.906,5067.738
2019-06-29,47,794.02,4504.502,5298.522
2019-06-29,48,892.09,5063.698,5955.788
2019-06-30,1,1048.074,5334.676,6382.75
2019-06-30,2,1069.568,5272.01,6341.578
2019-06-30,3,1145.654,5340.568,6486.222
2019-06-30,4,1387.376,5487.088,6874.464
2019-06-30,5,1663.408,5724.188,7387.596
2019-06-30,6,1834.386,5788.836,7623.222
2019-06-30,7,2203.578,5971.42,8174.998
2019-06-30,8,2473.774,6082.278,8556.052
2019-06-30,9,2585.534,6051.058,8636.592
2019-06-30,10,2629.326,6082.686,8712.012
2019-06-30,11,2736.244,5666.884,8403.128
2019-06-30,12,2756.49,5464.298,8220.788
2019-06-30,13,2785.802,5226.08,8011.882
2019-06-30,14,2963.01,5006.638,7969.648
2019-06-30,15,3054.332,5297.614,8351.946
2019-06-30,16,3241.13,5107.064,8348.194
2019-06-30,17,3061.726,4838.286,7900.012
2019-06-30,18,3230.898,4733.79,7964.688
2019-06-30,19,3510.348,4626.41,8136.758
2019-06-30,20,4018.794,4659.882,8678.676
2019-06-30,21,4110.548,4674.008,8784.556
2019-06-30,22,3983.586,4574.276,8557.862
2019-06-30,23,4208.362,4436.524,8644.886
2019-06-30,24,4467.378,4449.098,8916.476
2019-06-30,25,4369.108,4432.284,8801.392
2019-06-30,26,4387.722,4543.504,8931.226
2019-06-30,27,4357.158,4634.638,8991.796
2019-06-30,28,4167.348,4730.168,8897.516
2019-06-30,29,4124.828,4791.99,8916.818
2019-06-30,30,4049.766,4983.048,9032.814
2019-06-30,31,3850.758,5130.346,8981.104
2019-06-30,32,3660.894,5208.27,8869.164
2019-06-30,33,3548.372,5318.876,8867.248
2019-06-30,34,3466.366,5228.692,8695.058
2019-06-30,35,3524.804,5138.334,8663.138
2019-06-30,36,3550.368,5118.778,8669.146
2019-06-30,37,3398.488,4977.04,8375.528
2019-06-30,38,3363.234,4810.114,8173.348
2019-06-30,39,3382.356,4701.658,8084.014
2019-06-30,40,3563.338,4653.336,8216.674
2019-06-30,41,3561.404,4776.256,8337.66
2019-06-30,42,3597.342,4734.922,8332.264
2019-06-30,43,3757.266,4870.692,8627.958
2019-06-30,44,3803.918,4856.07,8659.988
2019-06-30,45,3792.828,4983.56,8776.388
2019-06-30,46,3966.864,5197.296,9164.16
2019-06-30,47,3955.256,4980.028,8935.284
2019-06-30,48,3667.662,4933.026,8600.688
2019-07-01,1,3609.626,4981.516,8591.142
2019-07-01,2,3570.856,5197.268,8768.124
2019-07-01,3,3460.81,5418.472,8879.282
2019-07-01,4,3346.614,5713.224,9059.838
2019-07-01,5,3457.372,5715.718,9173.09
2019-07-01,6,3373.598,5640.582,9014.18
2019-07-01,7,3282.268,5668.266,8950.534
2019-07-01,8,3272.642,5734.518,9007.16
2019-07-01,9,3389.288,6048.27,9437.558
2019-07-01,10,3252.898,6099.334,9352.232
2019-07-01,11,3273.296,5588.334,8861.63
2019-07-01,12,3442.082,5436.728,8878.81
2019-07-01,13,3680.774,5731.352,9412.126
2019-07-01,14,4013.426,5776.798,9790.224
2019-07-01,15,4162.54,5824.74,9987.28
2019-07-01,16,4331.436,5904.642,10236.078
2019-07-01,17,4492.072,5702.298,10194.37
2019-07-01,18,4773.876,5380.414,10154.29
2019-07-01,19,4778.548,5163.138,9941.686
2019-07-01,20,4539.45,4981.88,9521.33
2019-07-01,21,4669.004,4699.54,9368.544
2019-07-01,22,4682.872,4470.822,9153.694
2019-07-01,23,4804.792,4206,9010.792
2019-07-01,24,4916.604,3963.436,8880.04
2019-07-01,25,4881.55,3961.296,8842.846
2019-07-01,26,4727.006,4139.246,8866.252
2019-07-01,27,4789.948,4212.766,9002.714
2019-07-01,28,4784.986,4352.706,9137.692
2019-07-01,29,4706.578,4354.834,9061.412
2019-07-01,30,4618.934,4227.74,8846.674
2019-07-01,31,4769.748,4257.936,9027.684
2019-07-01,32,4864.71,4174.59,9039.3
2019-07-01,33,4811.014,4028.2,8839.214
2019-07-01,34,4792.552,4009.488,8802.04
2019-07-01,35,4584.988,4014.288,8599.276
2019-07-01,36,4374.24,3870.762,8245.002
2019-07-01,37,4143.916,3920.198,8064.114
2019-07-01,38,3959.544,3777.53,7737.074
2019-07-01,39,3695.992,3520.604,7216.596
2019-07-01,40,3505.98,3273.204,6779.184
2019-07-01,41,3249.722,3030.544,6280.266
2019-07-01,42,2956.424,2879.774,5836.198
2019-07-01,43,2847.078,2742.022,5589.1
2019-07-01,44,2699.59,2532.91,5232.5
2019-07-01,45,2580.146,2313.134,4893.28
2019-07-01,46,2317.326,2102.89,4420.216
2019-07-01,47,2214.668,1902.486,4117.154
2019-07-01,48,2100.958,1576.692,3677.65
2019-07-02,1,1965.834,1352.974,3318.808
2019-07-02,2,1945.846,1376.722,3322.568
2019-07-02,3,1871.46,1473.32,3344.78
2019-07-02,4,1856.026,1515.308,3371.334
2019-07-02,5,1857.972,1420.194,3278.166
2019-07-02,6,1999.678,1245.56,3245.238
2019-07-02,7,1959.512,1058.786,3018.298
2019-07-02,8,1835.866,950.044,2785.91
2019-07-02,9,1873.94,894.544,2768.484
2019-07-02,10,1911.53,926.196,2837.726
2019-07-02,11,1834.174,967.382,2801.556
2019-07-02,12,2012.99,1059.118,3072.108
2019-07-02,13,2142.682,1176.98,3319.662
2019-07-02,14,2140.544,1204.582,3345.126
2019-07-02,15,2432.648,1151.79,3584.438
2019-07-02,16,2727.968,1154.978,3882.946
2019-07-02,17,2639.038,1139.742,3778.78
2019-07-02,18,2772.054,1170.874,3942.928
2019-07-02,19,2942.512,1076.958,4019.47
2019-07-02,20,3122.102,1033.85,4155.952
2019-07-02,21,3143.054,936.824,4079.878
2019-07-02,22,3326.228,838.018,4164.246
2019-07-02,23,3342.972,770.002,4112.974
2019-07-02,24,3217.778,779.392,3997.17
2019-07-02,25,3169.21,732.336,3901.546
2019-07-02,26,3360.046,773.162,4133.208
2019-07-02,27,3231.126,788.582,4019.708
2019-07-02,28,3222.39,738.758,3961.148
2019-07-02,29,3349.76,674.064,4023.824
2019-07-02,30,3413.85,685.918,4099.768
2019-07-02,31,3597.694,759.986,4357.68
2019-07-02,32,3503.642,848.524,4352.166
2019-07-02,33,3576.466,859.126,4435.592
2019-07-02,34,3662.302,880.978,4543.28
2019-07-02,35,3688.304,1005.816,4694.12
2019-07-02,36,3605.182,1028.382,4633.564
2019-07-02,37,3505.174,988.248,4493.422
2019-07-02,38,3392.856,1157.884,4550.74
2019-07-02,39,3197.252,1103.674,4300.926
2019-07-02,40,3036.536,1001.626,4038.162
2019-07-02,41,2796.992,1062.734,3859.726
2019-07-02,42,2351.37,1171.384,3522.754
2019-07-02,43,2082.498,1300.354,3382.852
2019-07-02,44,1960.814,1431.428,3392.242
2019-07-02,45,1855.506,1486.374,3341.88
2019-07-02,46,1861.926,1504.998,3366.924
2019-07-02,47,1714.962,1457.764,3172.726
2019-07-02,48,1687.648,1357.248,3044.896
2019-07-03,1,1645.688,1412.202,3057.89
2019-07-03,2,1604.036,1299.688,2903.724
2019-07-03,3,1663.854,1213.2,2877.054
2019-07-03,4,1654.918,1066.15,2721.068
2019-07-03,5,1566.894,1011.362,2578.256
2019-07-03,6,1465.532,889.384,2354.916
2019-07-03,7,1382.778,804.888,2187.666
2019-07-03,8,1394.768,696.596,2091.364
2019-07-03,9,1363.95,541.774,1905.724
2019-07-03,10,1365.61,480.904,1846.514
2019-07-03,11,1286.868,446.638,1733.506
2019-07-03,12,1226.262,429.728,1655.99
2019-07-03,13,1248.752,449.836,1698.588
2019-07-03,14,1242.568,447.324,1689.892
2019-07-03,15,1177.592,433.06,1610.652
2019-07-03,16,1156.824,434.904,1591.728
2019-07-03,17,1207.69,409.678,1617.368
2019-07-03,18,1277.256,365.946,1643.202
2019-07-03,19,1305.47,316.878,1622.348
2019-07-03,20,1308.464,270.74,1579.204
2019-07-03,21,1409.204,255.568,1664.772
2019-07-03,22,1540.186,258.03,1798.216
2019-07-03,23,1474.934,266.904,1741.838
2019-07-03,24,1426.852,301.154,1728.006
2019-07-03,25,1462.726,336.986,1799.712
2019-07-03,26,1554.596,378.764,1933.36
2019-07-03,27,1596.556,470.246,2066.802
2019-07-03,28,1745.074,546,2291.074
2019-07-03,29,1987.398,643.472,2630.87
2019-07-03,30,2222.234,753.15,2975.384
2019-07-03,31,2247.494,759.05,3006.544
2019-07-03,32,2285.92,778.17,3064.09
2019-07-03,33,2345.408,802.206,3147.614
2019-07-03,34,2450.624,780.868,3231.492
2019-07-03,35,2586.754,868.144,3454.898
2019-07-03,36,2601.416,1002.73,3604.146
2019-07-03,37,2594.896,1025.632,3620.528
2019-07-03,38,2625.702,1069.68,3695.382
2019-07-03,39,2657.608,1089.31,3746.918
2019-07-03,40,2515.776,1119.498,3635.274
2019-07-03,41,2435.664,1274.196,3709.86
2019-07-03,42,2574.21,1336.99,3911.2
2019-07-03,43,2644.268,1223.452,3867.72
2019-07-03,44,2571.72,1123.738,3695.458
2019-07-03,45,2472.58,1057.874,3530.454
2019-07-03,46,2543.064,1058.732,3601.796
2019-07-03,47,2498.928,1109.652,3608.58
2019-07-03,48,2410.246,1090.648,3500.894
2019-07-04,1,2412.72,999.752,3412.472
2019-07-04,2,2517.402,950.87,3468.272
2019-07-04,3,2563.322,895.982,3459.304
2019-07-04,4,2616.598,840.072,3456.67
2019-07-04,5,2714.656,816.294,3530.95
2019-07-04,6,2771.168,829.91,3601.078
2019-07-04,7,2855.388,837.82,3693.208
2019-07-04,8,2827.446,854.634,3682.08
2019-07-04,9,2870.562,843.904,3714.466
2019-07-04,10,2961.956,826.028,3787.984
2019-07-04,11,2978.25,738.616,3716.866
2019-07-04,12,2975.204,646.69,3621.894
2019-07-04,13,2952.152,649.23,3601.382
2019-07-04,14,2926.466,618.25,3544.716
2019-07-04,15,3071.478,588.128,3659.606
2019-07-04,16,3158.08,575.936,3734.016
2019-07-04,17,3251.894,565.804,3817.698
2019-07-04,18,3421.904,527.958,3949.862
2019-07-04,19,3573.806,492.776,4066.582
2019-07-04,20,3727.964,551.33,4279.294
2019-07-04,21,3715.014,626.748,4341.762
2019-07-04,22,3811.108,720.806,4531.914
2019-07-04,23,3886.786,861.882,4748.668
2019-07-04,24,4046.044,988.03,5034.074
2019-07-04,25,4148.346,1030.706,5179.052
2019-07-04,26,4185.42,1028.392,5213.812
2019-07-04,27,4283.21,1148.168,5431.378
2019-07-04,28,4189.834,1178.63,5368.464
2019-07-04,29,4089.054,1146.89,5235.944
2019-07-04,30,4066.452,1145.068,5211.52
2019-07-04,31,4037.808,1093.11,5130.918
2019-07-04,32,4078.468,1037.778,5116.246
2019-07-04,33,3971.638,980.232,4951.87
2019-07-04,34,3901.666,992.134,4893.8
2019-07-04,35,3915.516,747.816,4663.332
2019-07-04,36,3823.662,729.502,4553.164
2019-07-04,37,3780.844,756.526,4537.37
2019-07-04,38,3843.726,832.628,4676.354
2019-07-04,39,3867.676,844.802,4712.478
2019-07-04,40,3661.064,916.866,4577.93
2019-07-04,41,3377.87,1201.512,4579.382
2019-07-04,42,3141.436,1237.704,4379.14
2019-07-04,43,3008.872,1070.136,4079.008
2019-07-04,44,2818.74,979.094,3797.834
2019-07-04,45,2661.844,863.252,3525.096
2019-07-04,46,2625.136,841.748,3466.884
2019-07-04,47,2576.166,903.32,3479.486
2019-07-04,48,2449.112,859.112,3308.224
2019-07-05,1,2424.898,819.472,3244.37
2019-07-05,2,2435.642,797.596,3233.238
2019-07-05,3,2234.152,703.088,2937.24
2019-07-05,4,2138.022,741.52,2879.542
2019-07-05,5,2106.674,774.666,2881.34
2019-07-05,6,2013.768,768.24,2782.008
2019-07-05,7,1937.094,805.244,2742.338
2019-07-05,8,1904.878,876.334,2781.212
2019-07-05,9,1746.702,833.128,2579.83
2019-07-05,10,1658.632,833.508,2492.14
2019-07-05,11,1533.42,781.962,2315.382
2019-07-05,12,1477.102,774.082,2251.184
2019-07-05,13,1452.108,779.162,2231.27
2019-07-05,14,1352.528,763.532,2116.06
2019-07-05,15,1197.878,647.406,1845.284
2019-07-05,16,1199.52,582.25,1781.77
2019-07-05,17,1219.88,557.73,1777.61
2019-07-05,18,1257.728,541.482,1799.21
2019-07-05,19,1258.778,493.59,1752.368
2019-07-05,20,1405.644,471.444,1877.088
2019-07-05,21,1493.456,455.76,1949.216
2019-07-05,22,1570.124,463.09,2033.214
2019-07-05,23,1717.066,464.382,2181.448
2019-07-05,24,1866.984,407.618,2274.602
2019-07-05,25,2084.902,363.33,2448.232
2019-07-05,26,2351.87,413.518,2765.388
2019-07-05,27,2599.768,456.968,3056.736
2019-07-05,28,2782.35,475.904,3258.254
2019-07-05,29,2928.894,506.94,3435.834
2019-07-05,30,2973.98,579.366,3553.346
2019-07-05,31,3088.912,690.212,3779.124
2019-07-05,32,3055.648,913.49,3969.138
2019-07-05,33,3161.936,1010.336,4172.272
2019-07-05,34,3341.664,1014.338,4356.002
2019-07-05,35,3318.67,1200.488,4519.158
2019-07-05,36,3385.104,1383.704,4768.808
2019-07-05,37,3472.586,1516.666,4989.252
2019-07-05,38,3775.818,1586.162,5361.98
2019-07-05,39,3798.372,1624.38,5422.752
2019-07-05,40,3598.73,1596.636,5195.366
2019-07-05,41,3547.16,1504.1,5051.26
2019-07-05,42,3592.362,1451.948,5044.31
2019-07-05,43,3591.428,1421.584,5013.012
2019-07-05,44,3760.884,1469.564,5230.448
2019-07-05,45,3636.89,1483.17,5120.06
2019-07-05,46,3572.402,1615.476,5187.878
2019-07-05,47,3385.91,1745.856,5131.766
2019-07-05,48,3388.132,1932.818,5320.95
2019-07-06,1,3207.736,2038.49,5246.226
2019-07-06,2,3320.868,2120.138,5441.006
2019-07-06,3,3345.14,2079.712,5424.852
2019-07-06,4,3322.214,2113.264,5435.478
2019-07-06,5,3137.842,2140.994,5278.836
2019-07-06,6,3108.346,2001.976,5110.322
2019-07-06,7,2980.736,2259.01,5239.746
2019-07-06,8,3057.4,2306.146,5363.546
2019-07-06,9,2914.528,2302.506,5217.034
2019-07-06,10,2661.882,2218.458,4880.34
2019-07-06,11,2601.096,2114.516,4715.612
2019-07-06,12,2492.572,1913.792,4406.364
2019-07-06,13,2308.626,1819.8,4128.426
2019-07-06,14,2171.622,1753.24,3924.862
2019-07-06,15,2141.374,1716.83,3858.204
2019-07-06,16,2164.486,1569.478,3733.964
2019-07-06,17,2240.966,1406.724,3647.69
2019-07-06,18,2245.29,1174.862,3420.152
2019-07-06,19,2114.56,980.908,3095.468
2019-07-06,20,2112.706,1027.25,3139.956
2019-07-06,21,1921.01,700.172,2621.182
2019-07-06,22,1857.89,731.198,2589.088
2019-07-06,23,1661.474,787.438,2448.912
2019-07-06,24,1610.882,795.51,2406.392
2019-07-06,25,1517.442,747.058,2264.5
2019-07-06,26,1340.948,712.468,2053.416
2019-07-06,27,1181.852,714.93,1896.782
2019-07-06,28,1136.99,723.072,1860.062
2019-07-06,29,1146.624,817.606,1964.23
2019-07-06,30,1108.03,957.452,2065.482
2019-07-06,31,959.586,1145.758,2105.344
2019-07-06,32,928.762,1283.678,2212.44
2019-07-06,33,884.606,1343.646,2228.252
2019-07-06,34,890.526,1396.49,2287.016
2019-07-06,35,836.114,1243.892,2080.006
2019-07-06,36,785.744,1053.556,1839.3
2019-07-06,37,788.25,972.198,1760.448
2019-07-06,38,939.886,911.972,1851.858
2019-07-06,39,758.806,906.33,1665.136
2019-07-06,40,677.826,936.878,1614.704
2019-07-06,41,727.272,976.546,1703.818
2019-07-06,42,771.06,929.372,1700.432
2019-07-06,43,892.228,905.364,1797.592
2019-07-06,44,801.678,941.576,1743.254
2019-07-06,45,831.798,972.462,1804.26
2019-07-06,46,831.172,999.362,1830.534
2019-07-06,47,848.894,894.47,1743.364
2019-07-06,48,816.676,850.31,1666.986
2019-07-07,1,816.816,787.736,1604.552
2019-07-07,2,740.828,755.912,1496.74
2019-07-07,3,723.352,791.672,1515.024
2019-07-07,4,767.698,705.686,1473.384
2019-07-07,5,755.192,573.504,1328.696
2019-07-07,6,864.398,520.54,1384.938
2019-07-07,7,926.826,490.08,1416.906
2019-07-07,8,884.488,418.536,1303.024
2019-07-07,9,884.158,359.384,1243.542
2019-07-07,10,895.538,369.78,1265.318
2019-07-07,11,1008.302,350.526,1358.828
2019-07-07,12,970.968,381.214,1352.182
2019-07-07,13,996.858,406.256,1403.114
2019-07-07,14,1017.374,412.25,1429.624
2019-07-07,15,1108.36,361.91,1470.27
2019-07-07,16,1188.578,378.51,1567.088
2019-07-07,17,1323.478,437.646,1761.124
2019-07-07,18,1486.102,371.574,1857.676
2019-07-07,19,1549.078,312.8,1861.878
2019-07-07,20,1596.326,344.894,1941.22
2019-07-07,21,1646.206,400.368,2046.574
2019-07-07,22,1659.758,355.002,2014.76
2019-07-07,23,1710.058,390.36,2100.418
2019-07-07,24,1807.698,414.796,2222.494
2019-07-07,25,1743.234,384.416,2127.65
2019-07-07,26,1800.594,366.192,2166.786
2019-07-07,27,1789.194,354.62,2143.814
2019-07-07,28,1779.95,248.238,2028.188
2019-07-07,29,1712.36,211.034,1923.394
2019-07-07,30,1674.334,203.746,1878.08
2019-07-07,31,1667.476,192.204,1859.68
2019-07-07,32,1671.712,228.604,1900.316
2019-07-07,33,1698.73,255.196,1953.926
2019-07-07,34,1674.444,285.874,1960.318
2019-07-07,35,1621.712,330.068,1951.78
2019-07-07,36,1565.684,346.3,1911.984
2019-07-07,37,1434.946,353.408,1788.354
2019-07-07,38,1320.4,375.346,1695.746
2019-07-07,39,1178.728,394.752,1573.48
2019-07-07,40,1066.386,433.722,1500.108
2019-07-07,41,943.432,440.43,1383.862
2019-07-07,42,845.384,415.372,1260.756
2019-07-07,43,693.51,450.332,1143.842
2019-07-07,44,607.852,477.99,1085.842
2019-07-07,45,558.742,648.886,1207.628
2019-07-07,46,530.568,646.058,1176.626
2019-07-07,47,483.796,563.78,1047.576
2019-07-07,48,469.424,753.326,1222.75
2019-07-08,1,454.826,971.29,1426.116
2019-07-08,2,477.842,1104.704,1582.546
2019-07-08,3,489.326,1115.774,1605.1
2019-07-08,4,473.186,1076.886,1550.072
2019-07-08,5,460.078,1070.82,1530.898
2019-07-08,6,452.148,1070.992,1523.14
2019-07-08,7,441.536,1073.528,1515.064
2019-07-08,8,428.864,1175.888,1604.752
2019-07-08,9,461.884,1186.28,1648.164
2019-07-08,10,466.67,1072.67,1539.34
2019-07-08,11,418.322,1093.156,1511.478
2019-07-08,12,386.814,1086.768,1473.582
2019-07-08,13,384.078,1170.998,1555.076
2019-07-08,14,376.056,1121.198,1497.254
2019-07-08,15,364.916,1107.308,1472.224
2019-07-08,16,348.998,1036.08,1385.078
2019-07-08,17,346.7,1044.322,1391.022
2019-07-08,18,351.164,904.262,1255.426
2019-07-08,19,370.168,894.826,1264.994
2019-07-08,20,391.758,793.634,1185.392
2019-07-08,21,412.856,656.064,1068.92
2019-07-08,22,412.92,645.97,1058.89
2019-07-08,23,413.336,622.81,1036.146
2019-07-08,24,405.834,568.55,974.384
2019-07-08,25,389.398,490.338,879.736
2019-07-08,26,389.456,425.842,815.298
2019-07-08,27,399.86,374.298,774.158
2019-07-08,28,412.878,317.348,730.226
2019-07-08,29,410.426,101.844,512.27
2019-07-08,30,412.848,112.258,525.106
2019-07-08,31,433.572,128.42,561.992
2019-07-08,32,513.852,145.584,659.436
2019-07-08,33,573.648,175.244,748.892
2019-07-08,34,589.398,197.266,786.664
2019-07-08,35,625.114,239.784,864.898
2019-07-08,36,646.42,258.936,905.356
2019-07-08,37,604.886,261.15,866.036
2019-07-08,38,570.086,238.372,808.458
2019-07-08,39,562.012,221.198,783.21
2019-07-08,40,589.122,203.486,792.608
2019-07-08,41,577.122,177.836,754.958
2019-07-08,42,579.962,147.14,727.102
2019-07-08,43,575.212,103.744,678.956
2019-07-08,44,572.292,82.022,654.314
2019-07-08,45,585.254,130.086,715.34
2019-07-08,46,594.052,143.926,737.978
2019-07-08,47,587.312,119.738,707.05
2019-07-08,48,642.146,105.07,747.216
2019-07-09,1,680.776,100.6,781.376
2019-07-09,2,670.902,86.344,757.246
2019-07-09,3,628.402,94.382,722.784
2019-07-09,4,610.6,87.956,698.556
2019-07-09,5,564.724,82.678,647.402
2019-07-09,6,576.744,40.624,617.368
2019-07-09,7,594.712,36.268,630.98
2019-07-09,8,581.542,40.352,621.894
2019-07-09,9,563.704,40.104,603.808
2019-07-09,10,553.768,44.768,598.536
2019-07-09,11,538.756,52.46,591.216
2019-07-09,12,556.552,40.304,596.856
2019-07-09,13,609.072,37.1,646.172
2019-07-09,14,670.622,41.612,712.234
2019-07-09,15,653.86,40.312,694.172
2019-07-09,16,625.018,54.526,679.544
2019-07-09,17,636.886,70.546,707.432
2019-07-09,18,608.808,69.282,678.09
2019-07-09,19,589.41,92.424,681.834
2019-07-09,20,622.232,118.06,740.292
2019-07-09,21,648.986,148.184,797.17
2019-07-09,22,669.726,180.724,850.45
2019-07-09,23,740.578,154.25,894.828
2019-07-09,24,819.198,162.764,981.962
2019-07-09,25,914.26,164.338,1078.598
2019-07-09,26,987.066,225.498,1212.564
2019-07-09,27,1026.596,284.136,1310.732
2019-07-09,28,1054.844,314.168,1369.012
2019-07-09,29,1064.708,398.04,1462.748
2019-07-09,30,1139.124,421.358,1560.482
2019-07-09,31,1207.24,379.584,1586.824
2019-07-09,32,1213.75,426.958,1640.708
2019-07-09,33,1244.552,451,1695.552
2019-07-09,34,1174.28,468.712,1642.992
2019-07-09,35,1168.686,475.668,1644.354
2019-07-09,36,1178.832,491.1,1669.932
2019-07-09,37,1190.598,409.218,1599.816
2019-07-09,38,1174.834,351.142,1525.976
2019-07-09,39,1161.422,367.654,1529.076
2019-07-09,40,1077.75,354.552,1432.302
2019-07-09,41,1038.652,329.734,1368.386
2019-07-09,42,962.424,367.108,1329.532
2019-07-09,43,882.526,449.68,1332.206
2019-07-09,44,857.94,481.48,1339.42
2019-07-09,45,802.726,476.744,1279.47
2019-07-09,46,784.968,561.474,1346.442
2019-07-09,47,746.562,582.382,1328.944
2019-07-09,48,678.316,673.744,1352.06
2019-07-10,1,633.16,755.23,1388.39
2019-07-10,2,603.654,816.684,1420.338
2019-07-10,3,608.366,968.386,1576.752
2019-07-10,4,587.462,1014.47,1601.932
2019-07-10,5,552.67,1035.674,1588.344
2019-07-10,6,499.24,1028.148,1527.388
2019-07-10,7,484.626,954.046,1438.672
2019-07-10,8,514.952,899.774,1414.726
2019-07-10,9,454.884,909.304,1364.188
2019-07-10,10,456.052,957.38,1413.432
2019-07-10,11,459.374,929.526,1388.9
2019-07-10,12,421.282,886.654,1307.936
2019-07-10,13,414.248,782.496,1196.744
2019-07-10,14,361.714,708.254,1069.968
2019-07-10,15,322.856,675.842,998.698
2019-07-10,16,331.326,748.798,1080.124
2019-07-10,17,362.584,731.752,1094.336
2019-07-10,18,408.95,594.952,1003.902
2019-07-10,19,410.644,515.96,926.604
2019-07-10,20,451.584,571.24,1022.824
2019-07-10,21,504.488,548.614,1053.102
2019-07-10,22,522.082,580.712,1102.794
2019-07-10,23,541.992,574.192,1116.184
2019-07-10,24,532.204,561.928,1094.132
2019-07-10,25,530.31,711.146,1241.456
2019-07-10,26,544.268,903.398,1447.666
2019-07-10,27,554.778,965.25,1520.028
2019-07-10,28,584.674,884.982,1469.656
2019-07-10,29,636.312,790.02,1426.332
2019-07-10,30,618.85,872.064,1490.914
2019-07-10,31,603.046,958.576,1561.622
2019-07-10,32,639.11,954.73,1593.84
2019-07-10,33,658.732,1056.252,1714.984
2019-07-10,34,723.708,1090.608,1814.316
2019-07-10,35,739.062,1129.5,1868.562
2019-07-10,36,704.158,1154.08,1858.238
2019-07-10,37,664.568,1265.452,1930.02
2019-07-10,38,651.432,1362.238,2013.67
2019-07-10,39,657.082,1208.34,1865.422
2019-07-10,40,642.2,1002.156,1644.356
2019-07-10,41,625.7,1019.316,1645.016
2019-07-10,42,647.526,1308.708,1956.234
2019-07-10,43,602.76,1570.092,2172.852
2019-07-10,44,547.53,1633.534,2181.064
2019-07-10,45,521.866,1608.346,2130.212
2019-07-10,46,562.848,1597.61,2160.458
2019-07-10,47,532.558,1654.114,2186.672
2019-07-10,48,491.67,1619.092,2110.762
2019-07-11,1,446.362,1282.152,1728.514
2019-07-11,2,444.488,1046.67,1491.158
2019-07-11,3,415.282,812.672,1227.954
2019-07-11,4,408.086,714.216,1122.302
2019-07-11,5,398.224,695.852,1094.076
2019-07-11,6,395.866,746.23,1142.096
2019-07-11,7,419.086,728.05,1147.136
2019-07-11,8,432.052,740.358,1172.41
2019-07-11,9,435.186,813.224,1248.41
2019-07-11,10,398.666,877.454,1276.12
2019-07-11,11,401.234,786.452,1187.686
2019-07-11,12,404.102,1065.638,1469.74
2019-07-11,13,396.9,1079.752,1476.652
2019-07-11,14,381.008,999.058,1380.066
2019-07-11,15,377.518,1121.824,1499.342
2019-07-11,16,381.534,1279.814,1661.348
2019-07-11,17,391.644,1295.174,1686.818
2019-07-11,18,400.898,1183.798,1584.696
2019-07-11,19,405.034,1093.628,1498.662
2019-07-11,20,387.5,1048.906,1436.406
2019-07-11,21,356.78,991.604,1348.384
2019-07-11,22,365.648,899.912,1265.56
2019-07-11,23,380.15,810.854,1191.004
2019-07-11,24,455.628,693.972,1149.6
2019-07-11,25,470.146,773.592,1243.738
2019-07-11,26,476.83,975.102,1451.932
2019-07-11,27,497.874,1190.51,1688.384
2019-07-11,28,593.668,1223.928,1817.596
2019-07-11,29,739.236,1035.552,1774.788
2019-07-11,30,780.648,988.598,1769.246
2019-07-11,31,792.044,1168.292,1960.336
2019-07-11,32,736.412,1289.084,2025.496
2019-07-11,33,753.968,1487.146,2241.114
2019-07-11,34,820.748,1409.778,2230.526
2019-07-11,35,794.214,1228.794,2023.008
2019-07-11,36,760.244,1141.748,1901.992
2019-07-11,37,718.462,1146.006,1864.468
2019-07-11,38,683.548,1170.774,1854.322
2019-07-11,39,600.962,1199.916,1800.878
2019-07-11,40,535.736,1373.36,1909.096
2019-07-11,41,468.292,1442.748,1911.04
2019-07-11,42,439.878,1310.046,1749.924
2019-07-11,43,479.576,1416.704,1896.28
2019-07-11,44,544.634,1655.856,2200.49
2019-07-11,45,596.32,1657.918,2254.238
2019-07-11,46,617.518,1517.654,2135.172
2019-07-11,47,637.006,1441.68,2078.686
2019-07-11,48,619.268,1427.148,2046.416
2019-07-12,1,615.392,1537.53,2152.922
2019-07-12,2,639.474,1633.05,2272.524
2019-07-12,3,638.126,1549.618,2187.744
2019-07-12,4,689.218,1680.446,2369.664
2019-07-12,5,738.974,1839.922,2578.896
2019-07-12,6,754.934,1944.014,2698.948
2019-07-12,7,727.574,1886.038,2613.612
2019-07-12,8,736.988,1622.428,2359.416
2019-07-12,9,761.852,1373.112,2134.964
2019-07-12,10,772.724,1509.266,2281.99
2019-07-12,11,844.266,1789.698,2633.964
2019-07-12,12,941.27,2067.678,3008.948
2019-07-12,13,965.92,2372.63,3338.55
2019-07-12,14,925.624,2680.418,3606.042
2019-07-12,15,905.222,2919.564,3824.786
2019-07-12,16,860.354,3001.624,3861.978
2019-07-12,17,844.744,2859.56,3704.304
2019-07-12,18,875.398,2818.21,3693.608
2019-07-12,19,889.754,2826.348,3716.102
2019-07-12,20,919.752,2637.134,3556.886
2019-07-12,21,909.204,2515.176,3424.38
2019-07-12,22,888.534,2376.48,3265.014
2019-07-12,23,892.74,2197.808,3090.548
2019-07-12,24,842.428,2242.252,3084.68
2019-07-12,25,797.592,2199.546,2997.138
2019-07-12,26,777.664,2351.324,3128.988
2019-07-12,27,806.466,2468.32,3274.786
2019-07-12,28,878.108,2576.646,3454.754
2019-07-12,29,856.368,2556.98,3413.348
2019-07-12,30,842.674,2713.08,3555.754
2019-07-12,31,895.64,2808.808,3704.448
2019-07-12,32,943.242,3080.77,4024.012
2019-07-12,33,978.488,3161.716,4140.204
2019-07-12,34,1007.96,3235.402,4243.362
2019-07-12,35,1084.096,3282.69,4366.786
2019-07-12,36,1147.064,3259.786,4406.85
2019-07-12,37,1172.94,3280.076,4453.016
2019-07-12,38,1232.92,2955.288,4188.208
2019-07-12,39,1184.538,2899.402,4083.94
2019-07-12,40,1179.382,2981.194,4160.576
2019-07-12,41,1156.866,2850.808,4007.674
2019-07-12,42,1003.064,2721.486,3724.55
2019-07-12,43,891.27,2642.26,3533.53
2019-07-12,44,891.748,2524.992,3416.74
2019-07-12,45,790.724,2344.068,3134.792
2019-07-12,46,719.01,2276.606,2995.616
2019-07-12,47,661.722,2289.29,2951.012
2019-07-12,48,623.512,2358.44,2981.952
2019-07-13,1,611.944,2328.822,2940.766
2019-07-13,2,564.696,2413.35,2978.046
2019-07-13,3,495.608,2348.796,2844.404
2019-07-13,4,509.588,2237.972,2747.56
2019-07-13,5,540.332,2273.804,2814.136
2019-07-13,6,538.804,2584.32,3123.124
2019-07-13,7,540.132,2887.774,3427.906
2019-07-13,8,557.52,2824.842,3382.362
2019-07-13,9,544.08,2725.912,3269.992
2019-07-13,10,572.644,2691.44,3264.084
2019-07-13,11,525.472,2683.532,3209.004
2019-07-13,12,514.75,2560.114,3074.864
2019-07-13,13,566.556,2479.62,3046.176
2019-07-13,14,648.396,2313.052,2961.448
2019-07-13,15,649.692,2030.39,2680.082
2019-07-13,16,667.094,1807.806,2474.9
2019-07-13,17,780.272,1614.318,2394.59
2019-07-13,18,882.374,1517.272,2399.646
2019-07-13,19,952.818,1390.214,2343.032
2019-07-13,20,1034.476,1362.862,2397.338
2019-07-13,21,1197.95,1311.39,2509.34
2019-07-13,22,1256.28,1199.806,2456.086
2019-07-13,23,1277.396,1129.55,2406.946
2019-07-13,24,1312.79,1077.526,2390.316
2019-07-13,25,1288.57,1037.8,2326.37
2019-07-13,26,1289.018,1143.364,2432.382
2019-07-13,27,1338.27,1296.974,2635.244
2019-07-13,28,1361.964,1379.634,2741.598
2019-07-13,29,1413.552,1530.562,2944.114
2019-07-13,30,1439.7,1680.012,3119.712
2019-07-13,31,1477.414,1923.19,3400.604
2019-07-13,32,1564.788,2037.114,3601.902
2019-07-13,33,1806.628,2035.066,3841.694
2019-07-13,34,1931.79,1926.8,3858.59
2019-07-13,35,1962.144,1934.808,3896.952
2019-07-13,36,1942.69,2013.234,3955.924
2019-07-13,37,1941.91,2134.226,4076.136
2019-07-13,38,1987.918,2090.486,4078.404
2019-07-13,39,1942.322,2141.856,4084.178
2019-07-13,40,2000.106,2166.356,4166.462
2019-07-13,41,1930.864,2144.126,4074.99
2019-07-13,42,1762.684,2103.036,3865.72
2019-07-13,43,1636.584,2025.962,3662.546
2019-07-13,44,1542.512,2204.378,3746.89
2019-07-13,45,1419.586,2272.104,3691.69
2019-07-13,46,1325.748,2171.622,3497.37
2019-07-13,47,1196.122,2073.122,3269.244
2019-07-13,48,1048.882,1876.054,2924.936
2019-07-14,1,1085.044,1767.308,2852.352
2019-07-14,2,1034.988,1656.5,2691.488
2019-07-14,3,917.272,1484.58,2401.852
2019-07-14,4,835.798,1305.228,2141.026
2019-07-14,5,748.506,1118.002,1866.508
2019-07-14,6,694.994,1002.936,1697.93
2019-07-14,7,627.52,945.618,1573.138
2019-07-14,8,548.816,903.166,1451.982
2019-07-14,9,513.532,991.664,1505.196
2019-07-14,10,458.23,943.106,1401.336
2019-07-14,11,455.9,989.414,1445.314
2019-07-14,12,465.818,1207.26,1673.078
2019-07-14,13,482.54,1408.606,1891.146
2019-07-14,14,425.59,1282.054,1707.644
2019-07-14,15,378.54,1336.484,1715.024
2019-07-14,16,399.124,1407.03,1806.154
2019-07-14,17,399.132,1473.35,1872.482
2019-07-14,18,396.224,1546.04,1942.264
2019-07-14,19,379.226,1456.42,1835.646
2019-07-14,20,338.75,1393.586,1732.336
2019-07-14,21,342.758,1338.714,1681.472
2019-07-14,22,348.532,1485.75,1834.282
2019-07-14,23,299.752,1390.994,1690.746
2019-07-14,24,224.806,1499.436,1724.242
2019-07-14,25,217.104,1506.246,1723.35
2019-07-14,26,219.942,1474.948,1694.89
2019-07-14,27,227.884,1481.094,1708.978
2019-07-14,28,197.656,1405.886,1603.542
2019-07-14,29,181.424,1464.37,1645.794
2019-07-14,30,179.246,1605.05,1784.296
2019-07-14,31,173.928,1563.506,1737.434
2019-07-14,32,165.794,1743.204,1908.998
2019-07-14,33,151.626,1845.362,1996.988
2019-07-14,34,139.724,2074.968,2214.692
2019-07-14,35,144.078,2005.032,2149.11
2019-07-14,36,152.816,2037.56,2190.376
2019-07-14,37,160.278,2081.906,2242.184
2019-07-14,38,166.59,2080.354,2246.944
2019-07-14,39,180.672,2187.408,2368.08
2019-07-14,40,199.408,2234.922,2434.33
2019-07-14,41,216.614,2263.732,2480.346
2019-07-14,42,224.892,2180.322,2405.214
2019-07-14,43,217.428,2104.594,2322.022
2019-07-14,44,211.072,1995.924,2206.996
2019-07-14,45,221.61,1760.92,1982.53
2019-07-14,46,217.756,1663.334,1881.09
2019-07-14,47,212.276,1446.874,1659.15
2019-07-14,48,185.146,1353.47,1538.616
2019-07-15,1,151.62,1308.91,1460.53
2019-07-15,2,135.32,1362.566,1497.886
2019-07-15,3,127.652,1325.928,1453.58
2019-07-15,4,129.33,1368.316,1497.646
2019-07-15,5,126.896,1455.564,1582.46
2019-07-15,6,123.12,1432.078,1555.198
2019-07-15,7,121.878,1382.616,1504.494
2019-07-15,8,124.474,1333.422,1457.896
2019-07-15,9,126.522,1267.436,1393.958
2019-07-15,10,129.75,1147.95,1277.7
2019-07-15,11,154.424,1190.83,1345.254
2019-07-15,12,172.004,1211.774,1383.778
2019-07-15,13,177.066,1290.3,1467.366
2019-07-15,14,183.788,1346.086,1529.874
2019-07-15,15,173.726,1247.33,1421.056
2019-07-15,16,166.026,1094.048,1260.074
2019-07-15,17,174.2,1022.668,1196.868
2019-07-15,18,175.546,918.47,1094.016
2019-07-15,19,175.054,835.976,1011.03
2019-07-15,20,189.158,688.566,877.724
2019-07-15,21,187.806,620.192,807.998
2019-07-15,22,198.698,594.85,793.548
2019-07-15,23,227.686,493.898,721.584
2019-07-15,24,236.522,472.942,709.464
2019-07-15,25,256.47,405.184,661.654
2019-07-15,26,275.876,313.284,589.16
2019-07-15,27,314.894,316.368,631.262
2019-07-15,28,332.458,308.462,640.92
2019-07-15,29,364.488,264.408,628.896
2019-07-15,30,428.258,236.552,664.81
2019-07-15,31,495.75,204.242,699.992
2019-07-15,32,541.452,184.884,726.336
2019-07-15,33,561.49,174.648,736.138
2019-07-15,34,547.174,190.126,737.3
2019-07-15,35,535.216,164.96,700.176
2019-07-15,36,521.37,171.956,693.326
2019-07-15,37,500.382,166.874,667.256
2019-07-15,38,462.96,138.62,601.58
2019-07-15,39,411.974,111.758,523.732
2019-07-15,40,344.096,89.066,433.162
2019-07-15,41,295.882,55.668,351.55
2019-07-15,42,270.024,34.31,304.334
2019-07-15,43,264.564,21.026,285.59
2019-07-15,44,260.446,14.832,275.278
2019-07-15,45,255.088,40.898,295.986
2019-07-15,46,267.616,74.234,341.85
2019-07-15,47,283.294,65.614,348.908
2019-07-15,48,282.894,73.166,356.06
2019-07-16,1,259.506,76.16,335.666
2019-07-16,2,263.524,105.876,369.4
2019-07-16,3,236.242,145.5,381.742
2019-07-16,4,237.684,136.604,374.288
2019-07-16,5,229.312,137.566,366.878
2019-07-16,6,230.146,250.438,480.584
2019-07-16,7,212.052,311.796,523.848
2019-07-16,8,200.402,380.7,581.102
2019-07-16,9,203.262,425.348,628.61
2019-07-16,10,193.658,394.358,588.016
2019-07-16,11,202.964,393.032,595.996
2019-07-16,12,177.038,403.574,580.612
2019-07-16,13,186.68,402.588,589.268
2019-07-16,14,160.082,339.764,499.846
2019-07-16,15,153.31,279.344,432.654
2019-07-16,16,152.002,293.794,445.796
2019-07-16,17,178.392,303.834,482.226
2019-07-16,18,213.444,306.828,520.272
2019-07-16,19,222.908,282.25,505.158
2019-07-16,20,217.454,250.216,467.67
2019-07-16,21,215.34,242.812,458.152
2019-07-16,22,238.586,232.106,470.692
2019-07-16,23,294.014,246.262,540.276
2019-07-16,24,367.652,243.752,611.404
2019-07-16,25,422.826,230.914,653.74
2019-07-16,26,481.608,287.236,768.844
2019-07-16,27,513.88,283.602,797.482
2019-07-16,28,549.79,235.512,785.302
2019-07-16,29,541.254,221.934,763.188
2019-07-16,30,592.914,253.204,846.118
2019-07-16,31,602.488,202.254,804.742
2019-07-16,32,702.05,185.302,887.352
2019-07-16,33,716.206,191.486,907.692
2019-07-16,34,681.33,183.468,864.798
2019-07-16,35,590.204,164.422,754.626
2019-07-16,36,524.334,175.546,699.88
2019-07-16,37,517.1,194.59,711.69
2019-07-16,38,531.108,202.478,733.586
2019-07-16,39,501.468,202.976,704.444
2019-07-16,40,466.578,212.938,679.516
2019-07-16,41,431.922,227.732,659.654
2019-07-16,42,432.746,294.21,726.956
2019-07-16,43,404.83,350.498,755.328
2019-07-16,44,395.722,373.072,768.794
2019-07-16,45,427.728,411.83,839.558
2019-07-16,46,443.766,415.06,858.826
2019-07-16,47,486.662,487.784,974.446
2019-07-16,48,532.74,662.356,1195.096
2019-07-17,1,555.3,739.502,1294.802
2019-07-17,2,588.848,816.734,1405.582
2019-07-17,3,565.492,860.918,1426.41
2019-07-17,4,589.144,839.058,1428.202
2019-07-17,5,604.154,863.39,1467.544
2019-07-17,6,620.738,927.426,1548.164
2019-07-17,7,608.468,892.354,1500.822
2019-07-17,8,583.428,899.14,1482.568
2019-07-17,9,615.21,883.494,1498.704
2019-07-17,10,647.592,875.316,1522.908
2019-07-17,11,739.072,890.238,1629.31
2019-07-17,12,835.628,852.94,1688.568
2019-07-17,13,911.874,764.54,1676.414
2019-07-17,14,1024.836,697.778,1722.614
2019-07-17,15,1091.94,607.76,1699.7
2019-07-17,16,1236.338,554.4,1790.738
2019-07-17,17,1503.02,560.724,2063.744
2019-07-17,18,1595.404,602.154,2197.558
2019-07-17,19,1830.534,655.682,2486.216
2019-07-17,20,2065.614,732.946,2798.56
2019-07-17,21,2389.166,965.908,3355.074
2019-07-17,22,2425.688,1450.156,3875.844
2019-07-17,23,2699.266,1899.744,4599.01
2019-07-17,24,2825.526,1794.11,4619.636
2019-07-17,25,2922.202,1764.09,4686.292
2019-07-17,26,2999.984,1825.148,4825.132
2019-07-17,27,3027.434,1797.63,4825.064
2019-07-17,28,3069.994,1740.05,4810.044
2019-07-17,29,3060.22,1686.272,4746.492
2019-07-17,30,3247.51,1967.076,5214.586
2019-07-17,31,3436.044,1929.214,5365.258
2019-07-17,32,3535.682,2004.456,5540.138
2019-07-17,33,3668.856,2299.844,5968.7
2019-07-17,34,3652.92,2559.698,6212.618
2019-07-17,35,3361.158,2535.85,5897.008
2019-07-17,36,3054.002,2536.896,5590.898
2019-07-17,37,2838.266,2677.552,5515.818
2019-07-17,38,2855.252,2878.962,5734.214
2019-07-17,39,2851.572,2964.792,5816.364
2019-07-17,40,2708.496,3098.782,5807.278
2019-07-17,41,2575.772,2943.138,5518.91
2019-07-17,42,2406.796,2888.75,5295.546
2019-07-17,43,2336.898,2849.544,5186.442
2019-07-17,44,2245.934,3073.652,5319.586
2019-07-17,45,2028.896,3062.108,5091.004
2019-07-17,46,1916.342,3096.644,5012.986
2019-07-17,47,1723.056,3016.712,4739.768
2019-07-17,48,1543.288,2742.116,4285.404
2019-07-18,1,1361.252,2564.328,3925.58
2019-07-18,2,1253.34,2067.79,3321.13
2019-07-18,3,1218.21,1577.806,2796.016
2019-07-18,4,1137.228,1316.392,2453.62
2019-07-18,5,1072.48,1150.606,2223.086
2019-07-18,6,1029.19,1073.232,2102.422
2019-07-18,7,1045.534,1167.182,2212.716
2019-07-18,8,1037.288,1103.408,2140.696
2019-07-18,9,1054.212,1085.162,2139.374
2019-07-18,10,1117.612,1212.856,2330.468
2019-07-18,11,1115.638,1410.898,2526.536
2019-07-18,12,1106.918,1482.388,2589.306
2019-07-18,13,1100.142,1541.014,2641.156
2019-07-18,14,1187.87,1705.218,2893.088
2019-07-18,15,1174.626,2073.332,3247.958
2019-07-18,16,1135.694,2331.458,3467.152
2019-07-18,17,1162.434,2656.302,3818.736
2019-07-18,18,1326.22,2592.068,3918.288
2019-07-18,19,1451.782,2598.946,4050.728
2019-07-18,20,1485.066,2551.626,4036.692
2019-07-18,21,1611.164,2609.712,4220.876
2019-07-18,22,1736.926,2694.448,4431.374
2019-07-18,23,1848.658,2648.946,4497.604
2019-07-18,24,1988.128,2678.358,4666.486
2019-07-18,25,2004.8,2598.196,4602.996
2019-07-18,26,2037.504,2574.558,4612.062
2019-07-18,27,2127.97,2379.906,4507.876
2019-07-18,28,2234.192,2216.902,4451.094
2019-07-18,29,2262.09,2133.228,4395.318
2019-07-18,30,2454.176,2146.44,4600.616
2019-07-18,31,2399.688,2263.492,4663.18
2019-07-18,32,2354.852,2334.458,4689.31
2019-07-18,33,2456.748,2349.86,4806.608
2019-07-18,34,2466.954,2582.59,5049.544
2019-07-18,35,2287.648,2558.448,4846.096
2019-07-18,36,2217.67,2611.894,4829.564
2019-07-18,37,2113.3,2641.56,4754.86
2019-07-18,38,1977.968,2792.636,4770.604
2019-07-18,39,1726.63,2716.716,4443.346
2019-07-18,40,1648.678,2501.234,4149.912
2019-07-18,41,1484.498,2218.652,3703.15
2019-07-18,42,1356.358,2092.746,3449.104
2019-07-18,43,1236.144,1922.776,3158.92
2019-07-18,44,1207.054,1611.196,2818.25
2019-07-18,45,1163.482,1427.05,2590.532
2019-07-18,46,1147.218,1330.188,2477.406
2019-07-18,47,1088.112,1375.512,2463.624
2019-07-18,48,1087.598,1492.184,2579.782
2019-07-19,1,1027.828,1371.148,2398.976
2019-07-19,2,996.516,1294.762,2291.278
2019-07-19,3,1012.43,1048.776,2061.206
2019-07-19,4,1039.47,943.294,1982.764
2019-07-19,5,1072.504,905.396,1977.9
2019-07-19,6,1070,970.54,2040.54
2019-07-19,7,983.494,1044.736,2028.23
2019-07-19,8,973.578,999.898,1973.476
2019-07-19,9,970.474,932.972,1903.446
2019-07-19,10,960.288,780.146,1740.434
2019-07-19,11,859.408,689.602,1549.01
2019-07-19,12,819.048,629.558,1448.606
2019-07-19,13,783.49,571.502,1354.992
2019-07-19,14,777.398,602.782,1380.18
2019-07-19,15,735.606,826.324,1561.93
2019-07-19,16,711.796,982.744,1694.54
2019-07-19,17,723.626,1143.244,1866.87
2019-07-19,18,761.45,1301.916,2063.366
2019-07-19,19,795.682,1623.646,2419.328
2019-07-19,20,871.054,1931.55,2802.604
2019-07-19,21,930.052,2041.89,2971.942
2019-07-19,22,882.23,2237.412,3119.642
2019-07-19,23,1002.46,2803.636,3806.096
2019-07-19,24,1015.364,3264.95,4280.314
2019-07-19,25,1027.008,3627.67,4654.678
2019-07-19,26,1062.118,3721.228,4783.346
2019-07-19,27,1044.442,3903.634,4948.076
2019-07-19,28,1163.172,3593.494,4756.666
2019-07-19,29,1022.092,4063.822,5085.914
2019-07-19,30,1009.532,4036.438,5045.97
2019-07-19,31,941.92,3867.196,4809.116
2019-07-19,32,857.8,4189.608,5047.408
2019-07-19,33,745.232,4663.512,5408.744
2019-07-19,34,745.336,5002.84,5748.176
2019-07-19,35,805.698,5191.358,5997.056
2019-07-19,36,813.924,5184.05,5997.974
2019-07-19,37,835.392,5378.558,6213.95
2019-07-19,38,798.686,5589.75,6388.436
2019-07-19,39,938.158,5237.486,6175.644
2019-07-19,40,944.712,5006.634,5951.346
2019-07-19,41,887.99,5057.792,5945.782
2019-07-19,42,898.532,4910.318,5808.85
2019-07-19,43,916.922,5062.786,5979.708
2019-07-19,44,1055.352,5034.738,6090.09
2019-07-19,45,1275.276,5000.248,6275.524
2019-07-19,46,1385.866,4818.614,6204.48
2019-07-19,47,1325.838,4473.79,5799.628
2019-07-19,48,1272.448,3833.472,5105.92
2019-07-20,1,1205.584,3521.808,4727.392
2019-07-20,2,1071.172,3597.78,4668.952
2019-07-20,3,924.604,3669.366,4593.97
2019-07-20,4,911.456,4060.396,4971.852
2019-07-20,5,909.142,3906.78,4815.922
2019-07-20,6,835.97,3885.38,4721.35
2019-07-20,7,876.468,3844.458,4720.926
2019-07-20,8,845.428,3543.802,4389.23
2019-07-20,9,797.804,3510.972,4308.776
2019-07-20,10,671.59,3498.954,4170.544
2019-07-20,11,621.278,3550.248,4171.526
2019-07-20,12,553.32,3720.512,4273.832
2019-07-20,13,492.256,4131.164,4623.42
2019-07-20,14,503.77,3758.352,4262.122
2019-07-20,15,495.898,3451.512,3947.41
2019-07-20,16,555.362,3551.28,4106.642
2019-07-20,17,617.484,3619.084,4236.568
2019-07-20,18,697.626,3679.342,4376.968
2019-07-20,19,769.062,3749.21,4518.272
2019-07-20,20,892.888,4024.458,4917.346
2019-07-20,21,1028.474,4563.798,5592.272
2019-07-20,22,1296.052,4998.152,6294.204
2019-07-20,23,1532.06,5377.152,6909.212
2019-07-20,24,1711.576,5520.404,7231.98
2019-07-20,25,1943.09,5662.906,7605.996
2019-07-20,26,2152.678,5613.568,7766.246
2019-07-20,27,2265.774,5688.18,7953.954
2019-07-20,28,2347.974,5710.66,8058.634
2019-07-20,29,2516.188,5580.084,8096.272
2019-07-20,30,2588.38,5370.006,7958.386
2019-07-20,31,2683.674,4854.19,7537.864
2019-07-20,32,2918.652,4340.736,7259.388
2019-07-20,33,2794.706,4231.188,7025.894
2019-07-20,34,2912.876,4388.25,7301.126
2019-07-20,35,2931.306,4265.064,7196.37
2019-07-20,36,2981.476,4188.854,7170.33
2019-07-20,37,2628.836,4075.144,6703.98
2019-07-20,38,2412.668,4147.55,6560.218
2019-07-20,39,2172.738,4057.914,6230.652
2019-07-20,40,1877.138,3963.33,5840.468
2019-07-20,41,1635.704,3827.238,5462.942
2019-07-20,42,1347.288,3733.342,5080.63
2019-07-20,43,1281.888,3548.666,4830.554
2019-07-20,44,1231.71,3561.208,4792.918
2019-07-20,45,1135.386,3423.984,4559.37
2019-07-20,46,997.336,3013.696,4011.032
2019-07-20,47,884.136,2993.342,3877.478
2019-07-20,48,830.444,3135.582,3966.026
2019-07-21,1,765.798,3295.836,4061.634
2019-07-21,2,804.334,3208.978,4013.312
2019-07-21,3,852.202,2946.008,3798.21
2019-07-21,4,1016.494,2812.682,3829.176
2019-07-21,5,1037.548,2662.302,3699.85
2019-07-21,6,1006.766,2527.49,3534.256
2019-07-21,7,1059.39,2404.654,3464.044
2019-07-21,8,1085.338,2315.006,3400.344
2019-07-21,9,1114.002,2068.826,3182.828
2019-07-21,10,1107.33,1783.184,2890.514
2019-07-21,11,1123.602,1603.572,2727.174
2019-07-21,12,1164.858,1394.658,2559.516
2019-07-21,13,1175.39,1165.958,2341.348
2019-07-21,14,1075.66,1141.282,2216.942
2019-07-21,15,1045.228,1044.004,2089.232
2019-07-21,16,994.894,1000.778,1995.672
2019-07-21,17,967.7,982.198,1949.898
2019-07-21,18,1072.496,902.886,1975.382
2019-07-21,19,1144.222,856.588,2000.81
2019-07-21,20,1241.05,812.204,2053.254
2019-07-21,21,1290.448,900.8,2191.248
2019-07-21,22,1612.628,981.442,2594.07
2019-07-21,23,1850.688,1067.816,2918.504
2019-07-21,24,2011.768,1271.804,3283.572
2019-07-21,25,2321.222,1514.512,3835.734
2019-07-21,26,2523.308,1814.176,4337.484
2019-07-21,27,2765.458,2225.314,4990.772
2019-07-21,28,2844.296,2452.264,5296.56
2019-07-21,29,2960.58,2587.292,5547.872
2019-07-21,30,3177.156,2684.976,5862.132
2019-07-21,31,3284.49,3026.918,6311.408
2019-07-21,32,3267.696,3174.972,6442.668
2019-07-21,33,3469.324,3118.162,6587.486
2019-07-21,34,3593.66,3342.896,6936.556
2019-07-21,35,3491.224,3426.27,6917.494
2019-07-21,36,3582.248,3488.35,7070.598
2019-07-21,37,3725.344,3525.726,7251.07
2019-07-21,38,3903.292,3404.98,7308.272
2019-07-21,39,3639.974,3467.008,7106.982
2019-07-21,40,3454.276,3588.858,7043.134
2019-07-21,41,3320.596,3794.908,7115.504
2019-07-21,42,3348.164,4048.154,7396.318
2019-07-21,43,3254.056,4100.988,7355.044
2019-07-21,44,3180.882,4465.362,7646.244
2019-07-21,45,3041.94,4883.82,7925.76
2019-07-21,46,2969.864,5167.622,8137.486
2019-07-21,47,2870.806,5280.696,8151.502
2019-07-21,48,2767.274,5562.784,8330.058
2019-07-22,1,2556.34,5618.616,8174.956
2019-07-22,2,2461.204,5770.71,8231.914
2019-07-22,3,2392.596,5959.366,8351.962
2019-07-22,4,2344.954,6095.098,8440.052
2019-07-22,5,2297.328,6212.544,8509.872
2019-07-22,6,2221.05,6154.042,8375.092
2019-07-22,7,2311.504,6179.928,8491.432
2019-07-22,8,2349.49,6179.722,8529.212
2019-07-22,9,2306.856,6200.108,8506.964
2019-07-22,10,2366.158,6242.71,8608.868
2019-07-22,11,2553.106,6212.506,8765.612
2019-07-22,12,2665.174,6282.586,8947.76
2019-07-22,13,2644.262,6334.832,8979.094
2019-07-22,14,2812.162,6353.598,9165.76
2019-07-22,15,2950.024,6311.04,9261.064
2019-07-22,16,2909.578,6192.55,9102.128
2019-07-22,17,2878.442,6121.568,9000.01
2019-07-22,18,2969.884,6007.516,8977.4
2019-07-22,19,2910.404,5802.632,8713.036
2019-07-22,20,3078.802,5640.836,8719.638
2019-07-22,21,3175.528,5707.342,8882.87
2019-07-22,22,3112.726,5779.928,8892.654
2019-07-22,23,3155.622,5771.116,8926.738
2019-07-22,24,3205.844,5658.338,8864.182
2019-07-22,25,3342.478,5623.316,8965.794
2019-07-22,26,3127.132,5581.256,8708.388
2019-07-22,27,3070.304,5495.234,8565.538
2019-07-22,28,3205.774,5506.498,8712.272
2019-07-22,29,3118.354,5446.744,8565.098
2019-07-22,30,3226.862,5327.882,8554.744
2019-07-22,31,3271.866,5190.404,8462.27
2019-07-22,32,3220.374,4968.578,8188.952
2019-07-22,33,3291.394,4889.772,8181.166
2019-07-22,34,3373.528,4821.286,8194.814
2019-07-22,35,3404.994,4716.202,8121.196
2019-07-22,36,3267.204,4741.686,8008.89
2019-07-22,37,3163.674,4677.918,7841.592
2019-07-22,38,3053.83,4665.79,7719.62
2019-07-22,39,2815.248,4433.776,7249.024
2019-07-22,40,2846.508,4312.046,7158.554
2019-07-22,41,2975.466,4244.2,7219.666
2019-07-22,42,3019.64,4002.97,7022.61
2019-07-22,43,3028.084,3807.678,6835.762
2019-07-22,44,3234.862,3754.63,6989.492
2019-07-22,45,3332.586,3757.038,7089.624
2019-07-22,46,3182.696,3795.822,6978.518
2019-07-22,47,2995.692,3731.034,6726.726
2019-07-22,48,2833.332,3454.39,6287.722
2019-07-23,1,2913.676,3109.494,6023.17
2019-07-23,2,2928.644,2864.762,5793.406
2019-07-23,3,2979.784,2558.39,5538.174
2019-07-23,4,2909.004,2399.1,5308.104
2019-07-23,5,2772.056,2124.004,4896.06
2019-07-23,6,2772.966,1681.068,4454.034
2019-07-23,7,2854.818,1322.218,4177.036
2019-07-23,8,2798.754,1281.83,4080.584
2019-07-23,9,2682.434,1069.174,3751.608
2019-07-23,10,2450.584,832.466,3283.05
2019-07-23,11,2655.48,762.196,3417.676
2019-07-23,12,2784.248,679.416,3463.664
2019-07-23,13,2594.98,694.76,3289.74
2019-07-23,14,2732.11,636.458,3368.568
2019-07-23,15,2823.398,372.528,3195.926
2019-07-23,16,2957.572,341.272,3298.844
2019-07-23,17,3070.752,300.68,3371.432
2019-07-23,18,3178.022,260.534,3438.556
2019-07-23,19,3206.35,259.174,3465.524
2019-07-23,20,3191.626,297.386,3489.012
2019-07-23,21,3184.806,299.96,3484.766
2019-07-23,22,3156.59,316.688,3473.278
2019-07-23,23,3095.988,336.618,3432.606
2019-07-23,24,3023.356,307.398,3330.754
2019-07-23,25,2930.506,394.25,3324.756
2019-07-23,26,2802.256,468.374,3270.63
2019-07-23,27,2557.854,600.344,3158.198
2019-07-23,28,2580.414,787.446,3367.86
2019-07-23,29,2567.998,950.802,3518.8
2019-07-23,30,2474.476,1175.918,3650.394
2019-07-23,31,2299.554,1332.252,3631.806
2019-07-23,32,2263.362,1468.306,3731.668
2019-07-23,33,2099.168,1650.368,3749.536
2019-07-23,34,2060.858,1845.36,3906.218
2019-07-23,35,2042.824,2010.166,4052.99
2019-07-23,36,1833.762,2208.234,4041.996
2019-07-23,37,1777.73,2488.878,4266.608
2019-07-23,38,1743.038,2616.136,4359.174
2019-07-23,39,1801.502,2836.026,4637.528
2019-07-23,40,1688.194,3182.706,4870.9
2019-07-23,41,1503.57,3598.832,5102.402
2019-07-23,42,1452.716,4048.696,5501.412
2019-07-23,43,1410.974,4376.846,5787.82
2019-07-23,44,1301.028,4589.5,5890.528
2019-07-23,45,1324,4821.024,6145.024
2019-07-23,46,1382.9,4860.444,6243.344
2019-07-23,47,1606.882,4982.22,6589.102
2019-07-23,48,1898.91,5035.83,6934.74
2019-07-24,1,2299.684,5182.418,7482.102
2019-07-24,2,2350.516,5241.886,7592.402
2019-07-24,3,2412.606,5114.402,7527.008
2019-07-24,4,2455.284,5074.962,7530.246
2019-07-24,5,2206.134,5315.582,7521.716
2019-07-24,6,1989.662,5353.116,7342.778
2019-07-24,7,2135.634,4868.964,7004.598
2019-07-24,8,2239.34,4067.838,6307.178
2019-07-24,9,2526.042,2832.948,5358.99
2019-07-24,10,2787.344,2228.214,5015.558
2019-07-24,11,2964.952,2160.314,5125.266
2019-07-24,12,2934.446,2286.348,5220.794
2019-07-24,13,2669.538,2627.142,5296.68
2019-07-24,14,2604.892,3012.658,5617.55
2019-07-24,15,2779.766,3274.078,6053.844
2019-07-24,16,2722.458,3174.238,5896.696
2019-07-24,17,2607.274,2902.214,5509.488
2019-07-24,18,2475.712,2500.752,4976.464
2019-07-24,19,2368.586,2192.39,4560.976
2019-07-24,20,2658.788,2075.948,4734.736
2019-07-24,21,2866.314,1773.206,4639.52
2019-07-24,22,2890.526,1604.498,4495.024
2019-07-24,23,2759.766,1278.904,4038.67
2019-07-24,24,2709.304,1047.032,3756.336
2019-07-24,25,2711.366,1172.34,3883.706
2019-07-24,26,2833.024,1298.25,4131.274
2019-07-24,27,2848.646,1404.378,4253.024
2019-07-24,28,2855.87,1544.546,4400.416
2019-07-24,29,2789.672,1707.966,4497.638
2019-07-24,30,2648.41,1868.106,4516.516
2019-07-24,31,2481.818,1682.642,4164.46
2019-07-24,32,2242.514,1708.644,3951.158
2019-07-24,33,2060.154,1700.178,3760.332
2019-07-24,34,1935.992,1622.63,3558.622
2019-07-24,35,1791.168,1559.3,3350.468
2019-07-24,36,1730.914,1223.508,2954.422
2019-07-24,37,1683.646,918.022,2601.668
2019-07-24,38,1499.258,784.89,2284.148
2019-07-24,39,1374.908,671.576,2046.484
2019-07-24,40,1203.1,565.78,1768.88
2019-07-24,41,1083.452,542.328,1625.78
2019-07-24,42,1035.93,535.904,1571.834
2019-07-24,43,1015.514,483.614,1499.128
2019-07-24,44,1049.758,443.428,1493.186
2019-07-24,45,1144.64,403.284,1547.924
2019-07-24,46,1210.988,349.26,1560.248
2019-07-24,47,1156.5,306.678,1463.178
2019-07-24,48,1061.352,388.444,1449.796
2019-07-25,1,1096.916,546.882,1643.798
2019-07-25,2,1174.808,675.7,1850.508
2019-07-25,3,1345.706,794.332,2140.038
2019-07-25,4,1495.726,848.754,2344.48
2019-07-25,5,1522.914,957.606,2480.52
2019-07-25,6,1471.608,1152.228,2623.836
2019-07-25,7,1389.032,1273.252,2662.284
2019-07-25,8,1322.654,1357.232,2679.886
2019-07-25,9,1206.976,1465.404,2672.38
2019-07-25,10,1149.446,1820.784,2970.23
2019-07-25,11,1208.982,2589.616,3798.598
2019-07-25,12,1323.81,3343.68,4667.49
2019-07-25,13,1342.698,3747.736,5090.434
2019-07-25,14,1461.67,3864.444,5326.114
2019-07-25,15,1554.648,4050.958,5605.606
2019-07-25,16,1690.684,4096.006,5786.69
2019-07-25,17,1806.838,3972.916,5779.754
2019-07-25,18,2052.92,3641.318,5694.238
2019-07-25,19,2097.056,3371.784,5468.84
2019-07-25,20,2180.334,3302.702,5483.036
2019-07-25,21,2212.284,3197.29,5409.574
2019-07-25,22,2430.384,3093.702,5524.086
2019-07-25,23,2642.404,3005.28,5647.684
2019-07-25,24,2797.178,3039.79,5836.968
2019-07-25,25,2836.518,3038.274,5874.792
2019-07-25,26,2920.378,3085.71,6006.088
2019-07-25,27,3122.478,3036.438,6158.916
2019-07-25,28,3219.212,3030.06,6249.272
2019-07-25,29,3172.138,3033.612,6205.75
2019-07-25,30,3122.834,3048.036,6170.87
2019-07-25,31,3063.566,3037.474,6101.04
2019-07-25,32,2975.48,2919.342,5894.822
2019-07-25,33,2954.372,2835.58,5789.952
2019-07-25,34,2953.47,3027.078,5980.548
2019-07-25,35,2745.108,2973.004,5718.112
2019-07-25,36,2619.088,2692.332,5311.42
2019-07-25,37,2412.742,2609.976,5022.718
2019-07-25,38,2331.892,2655.65,4987.542
2019-07-25,39,2364.688,2593.484,4958.172
2019-07-25,40,2408.826,2758.33,5167.156
2019-07-25,41,2371.716,3297.296,5669.012
2019-07-25,42,2241.316,2890.746,5132.062
2019-07-25,43,2313.354,2563.87,4877.224
2019-07-25,44,2304.172,1976.492,4280.664
2019-07-25,45,2323.944,1809.002,4132.946
2019-07-25,46,2446.232,2435.134,4881.366
2019-07-25,47,2461.312,2875.654,5336.966
2019-07-25,48,2332.642,2873.746,5206.388
2019-07-26,1,2265.776,2725.714,4991.49
2019-07-26,2,2235.9,2239.62,4475.52
2019-07-26,3,2207.108,2280.254,4487.362
2019-07-26,4,2369.348,2389.348,4758.696
2019-07-26,5,2409.742,2447.764,4857.506
2019-07-26,6,2366.736,2462.04,4828.776
2019-07-26,7,2345.982,2534.568,4880.55
2019-07-26,8,2302.758,1650.038,3952.796
2019-07-26,9,2326.428,1164.744,3491.172
2019-07-26,10,2243.716,1371.146,3614.862
2019-07-26,11,2103.022,1837.004,3940.026
2019-07-26,12,1928.776,1564.518,3493.294
2019-07-26,13,1759.372,1463.164,3222.536
2019-07-26,14,1515.396,1581.502,3096.898
2019-07-26,15,1371.942,1310.404,2682.346
2019-07-26,16,1449.17,1073.916,2523.086
2019-07-26,17,1551.388,1052.556,2603.944
2019-07-26,18,1704.07,1098.056,2802.126
2019-07-26,19,1896.344,1126.338,3022.682
2019-07-26,20,2046.7,1095.996,3142.696
2019-07-26,21,2076.946,1208.2,3285.146
2019-07-26,22,2158.592,1219.336,3377.928
2019-07-26,23,2373.02,940.048,3313.068
2019-07-26,24,2725.752,823.246,3548.998
2019-07-26,25,2994.296,697.218,3691.514
2019-07-26,26,3251.082,751.27,4002.352
2019-07-26,27,3323.574,821.744,4145.318
2019-07-26,28,3017.634,881.212,3898.846
2019-07-26,29,2892.234,914.644,3806.878
2019-07-26,30,2959.812,973.704,3933.516
2019-07-26,31,3008.386,1088.534,4096.92
2019-07-26,32,3019.19,1068.12,4087.31
2019-07-26,33,2739.622,1154.512,3894.134
2019-07-26,34,2378.416,1133.67,3512.086
2019-07-26,35,1899.954,999.042,2898.996
2019-07-26,36,1638.61,760.534,2399.144
2019-07-26,37,1636.866,711.516,2348.382
2019-07-26,38,1651.578,654.382,2305.96
2019-07-26,39,1561.254,593.982,2155.236
2019-07-26,40,1434.974,560.19,1995.164
2019-07-26,41,1433.052,544.628,1977.68
2019-07-26,42,1534.248,509.254,2043.502
2019-07-26,43,1276.878,531.808,1808.686
2019-07-26,44,1176.804,615.77,1792.574
2019-07-26,45,855.022,696.788,1551.81
2019-07-26,46,606.546,826.388,1432.934
2019-07-26,47,512.41,1055.332,1567.742
2019-07-26,48,395.568,1686.976,2082.544
2019-07-27,1,339.95,1875.816,2215.766
2019-07-27,2,333.614,2044.202,2377.816
2019-07-27,3,305.876,2228.096,2533.972
2019-07-27,4,235.036,1900.362,2135.398
2019-07-27,5,168.572,1490.23,1658.802
2019-07-27,6,172.564,1267.188,1439.752
2019-07-27,7,187.012,1345.456,1532.468
2019-07-27,8,190.412,1595.238,1785.65
2019-07-27,9,178.794,1763.734,1942.528
2019-07-27,10,188.878,2029.022,2217.9
2019-07-27,11,162.416,2258.586,2421.002
2019-07-27,12,194.844,2397.224,2592.068
2019-07-27,13,162.902,2468.008,2630.91
2019-07-27,14,160.56,2519.12,2679.68
2019-07-27,15,161.278,2441.886,2603.164
2019-07-27,16,167.444,2386.254,2553.698
2019-07-27,17,187.778,2244.26,2432.038
2019-07-27,18,207.762,2441.538,2649.3
2019-07-27,19,233.132,2686.274,2919.406
2019-07-27,20,312.634,2694.22,3006.854
2019-07-27,21,350.858,2557.488,2908.346
2019-07-27,22,388.092,2428.588,2816.68
2019-07-27,23,462.274,2195.654,2657.928
2019-07-27,24,542.622,1866.658,2409.28
2019-07-27,25,629.018,1766.126,2395.144
2019-07-27,26,688.748,1598.198,2286.946
2019-07-27,27,690.726,1523.598,2214.324
2019-07-27,28,692.236,1434.938,2127.174
2019-07-27,29,730.402,1503.388,2233.79
2019-07-27,30,809.008,1567.056,2376.064
2019-07-27,31,871.262,1724.604,2595.866
2019-07-27,32,1014.408,2084.664,3099.072
2019-07-27,33,1004.66,2166.496,3171.156
2019-07-27,34,1055.156,2078.258,3133.414
2019-07-27,35,1282.57,2174.518,3457.088
2019-07-27,36,1380.892,2182.486,3563.378
2019-07-27,37,1397.294,2210.532,3607.826
2019-07-27,38,1349.408,2162.196,3511.604
2019-07-27,39,1327.91,2212.226,3540.136
2019-07-27,40,1406.206,2307.51,3713.716
2019-07-27,41,1397.838,2369.21,3767.048
2019-07-27,42,1358.452,2424.896,3783.348
2019-07-27,43,1241.116,2487.624,3728.74
2019-07-27,44,1229.974,2633.466,3863.44
2019-07-27,45,1183.004,2951.358,4134.362
2019-07-27,46,1174.346,3112.57,4286.916
2019-07-27,47,1194.158,2896.99,4091.148
2019-07-27,48,1180.564,2842.658,4023.222
2019-07-28,1,1197.41,3169.656,4367.066
2019-07-28,2,1299.282,3454.916,4754.198
2019-07-28,3,1363.612,3711.432,5075.044
2019-07-28,4,1365.146,3894.516,5259.662
2019-07-28,5,1284.982,3990.024,5275.006
2019-07-28,6,1287.846,3862.348,5150.194
2019-07-28,7,1247.324,3916.72,5164.044
2019-07-28,8,1256.61,3999.252,5255.862
2019-07-28,9,1334.352,3954.83,5289.182
2019-07-28,10,1391.766,4006.134,5397.9
2019-07-28,11,1416.214,4077.218,5493.432
2019-07-28,12,1438.912,4135.538,5574.45
2019-07-28,13,1328.774,3993.934,5322.708
2019-07-28,14,1321.8,3905.816,5227.616
2019-07-28,15,1367.804,3868.932,5236.736
2019-07-28,16,1429.982,3755.038,5185.02
2019-07-28,17,1236.176,3522.344,4758.52
2019-07-28,18,1314.912,3441.696,4756.608
2019-07-28,19,1330.674,3356.378,4687.052
2019-07-28,20,1207.668,3255.636,4463.304
2019-07-28,21,1216.88,3252.324,4469.204
2019-07-28,22,1307.042,3188.392,4495.434
2019-07-28,23,1421.672,3068.536,4490.208
2019-07-28,24,1483.604,2882.924,4366.528
2019-07-28,25,1491.43,2718.642,4210.072
2019-07-28,26,1503.9,2588.554,4092.454
2019-07-28,27,1493.448,2760.214,4253.662
2019-07-28,28,1545.006,3037.088,4582.094
2019-07-28,29,1470.37,3121.182,4591.552
2019-07-28,30,1350.896,3042.966,4393.862
2019-07-28,31,1282.41,2706.268,3988.678
2019-07-28,32,1271.46,2432.994,3704.454
2019-07-28,33,1273.63,2259.346,3532.976
2019-07-28,34,1383.156,2283.034,3666.19
2019-07-28,35,1503.098,2045.234,3548.332
2019-07-28,36,1406.224,1683.922,3090.146
2019-07-28,37,1231.172,1494.972,2726.144
2019-07-28,38,1101.844,1348.76,2450.604
2019-07-28,39,999.556,1287.838,2287.394
2019-07-28,40,890.588,1266.552,2157.14
2019-07-28,41,876.342,1146.876,2023.218
2019-07-28,42,872.338,1020.326,1892.664
2019-07-28,43,872.302,1152.768,2025.07
2019-07-28,44,859.574,1351.77,2211.344
2019-07-28,45,790.57,1446.396,2236.966
2019-07-28,46,841.2,1547.586,2388.786
2019-07-28,47,946.78,1530.488,2477.268
2019-07-28,48,768.38,1649.688,2418.068
2019-07-29,1,674.128,1845.1,2519.228
2019-07-29,2,601.946,1777.464,2379.41
2019-07-29,3,495.984,1669.49,2165.474
2019-07-29,4,500.606,1507.694,2008.3
2019-07-29,5,501.688,1477.664,1979.352
2019-07-29,6,510.048,1488.414,1998.462
2019-07-29,7,439.332,1706.876,2146.208
2019-07-29,8,414.296,1945.544,2359.84
2019-07-29,9,359.352,2180.826,2540.178
2019-07-29,10,350.438,2421.016,2771.454
2019-07-29,11,316.442,2410.734,2727.176
2019-07-29,12,303.888,2345.21,2649.098
2019-07-29,13,329.204,2463.428,2792.632
2019-07-29,14,321.572,2606.562,2928.134
2019-07-29,15,278.674,2538.576,2817.25
2019-07-29,16,243.122,2313.76,2556.882
2019-07-29,17,263.048,2212.412,2475.46
2019-07-29,18,298.884,2052.874,2351.758
2019-07-29,19,301.634,1826.098,2127.732
2019-07-29,20,292.306,1707.442,1999.748
2019-07-29,21,327.286,1665.614,1992.9
2019-07-29,22,306.262,1756.358,2062.62
2019-07-29,23,285.84,1753.898,2039.738
2019-07-29,24,273.958,1657.542,1931.5
2019-07-29,25,278.572,1479.148,1757.72
2019-07-29,26,279.392,1419.386,1698.778
2019-07-29,27,307.584,1311.992,1619.576
2019-07-29,28,385.734,1246.232,1631.966
2019-07-29,29,377.966,1119.27,1497.236
2019-07-29,30,443.536,936.786,1380.322
2019-07-29,31,574.54,792.13,1366.67
2019-07-29,32,641.518,683.21,1324.728
2019-07-29,33,683.244,600.796,1284.04
2019-07-29,34,617.806,549.774,1167.58
2019-07-29,35,552.784,572.52,1125.304
2019-07-29,36,518.14,682.912,1201.052
2019-07-29,37,437.97,922.366,1360.336
2019-07-29,38,422.764,1095.398,1518.162
2019-07-29,39,405.964,1153.3,1559.264
2019-07-29,40,361.284,1292.132,1653.416
2019-07-29,41,287.194,1658.836,1946.03
2019-07-29,42,256.686,1879.762,2136.448
2019-07-29,43,238.318,2024.062,2262.38
2019-07-29,44,204.998,2257.758,2462.756
2019-07-29,45,179.266,2421.202,2600.468
2019-07-29,46,149.926,2509.52,2659.446
2019-07-29,47,143.426,2701.67,2845.096
2019-07-29,48,143.482,2991.936,3135.418
2019-07-30,1,137.526,3048.912,3186.438
2019-07-30,2,124.462,3341.408,3465.87
2019-07-30,3,122.76,3409.134,3531.894
2019-07-30,4,122.32,3360.582,3482.902
2019-07-30,5,125.318,3142.512,3267.83
2019-07-30,6,123.714,3177.36,3301.074
2019-07-30,7,119.7,3226.896,3346.596
2019-07-30,8,120.504,3121.074,3241.578
2019-07-30,9,113.984,2913.21,3027.194
2019-07-30,10,114.546,3155.692,3270.238
2019-07-30,11,119.42,3361.792,3481.212
2019-07-30,12,131.452,3171,3302.452
2019-07-30,13,147.958,3130.536,3278.494
2019-07-30,14,145.852,2800.832,2946.684
2019-07-30,15,165.39,2842.07,3007.46
2019-07-30,16,179.914,3139.882,3319.796
2019-07-30,17,171.926,3092.016,3263.942
2019-07-30,18,185.252,3067.902,3253.154
2019-07-30,19,195.264,3148.244,3343.508
2019-07-30,20,220.262,3380.288,3600.55
2019-07-30,21,215.096,3233.706,3448.802
2019-07-30,22,208.254,3041.542,3249.796
2019-07-30,23,237.732,3145.102,3382.834
2019-07-30,24,251.202,3588.01,3839.212
2019-07-30,25,248.84,3903.822,4152.662
2019-07-30,26,251.708,3858.41,4110.118
2019-07-30,27,255.644,4069.372,4325.016
2019-07-30,28,297.954,4149.426,4447.38
2019-07-30,29,425.342,4282.762,4708.104
2019-07-30,30,485.54,4446.598,4932.138
2019-07-30,31,496.552,4461.568,4958.12
2019-07-30,32,554.592,4393.262,4947.854
2019-07-30,33,615.808,4513.534,5129.342
2019-07-30,34,689.85,4513.108,5202.958
2019-07-30,35,758.706,4698.468,5457.174
2019-07-30,36,752.574,4453.024,5205.598
2019-07-30,37,764.946,4436.372,5201.318
2019-07-30,38,829.986,4807.94,5637.926
2019-07-30,39,866.504,4730.774,5597.278
2019-07-30,40,919.456,4428.252,5347.708
2019-07-30,41,825.454,4356.512,5181.966
2019-07-30,42,816.158,4479.736,5295.894
2019-07-30,43,911.388,4423.298,5334.686
2019-07-30,44,935.694,4402.824,5338.518
2019-07-30,45,911.778,4416.232,5328.01
2019-07-30,46,868.774,4420.294,5289.068
2019-07-30,47,949.47,4469.04,5418.51
2019-07-30,48,960.878,4471.352,5432.23
2019-07-31,1,908.32,4634.89,5543.21
2019-07-31,2,843.08,4773.64,5616.72
2019-07-31,3,867.838,4732.978,5600.816
2019-07-31,4,816.29,4721.978,5538.268
2019-07-31,5,803.434,4796.608,5600.042
2019-07-31,6,827.742,4751.036,5578.778
2019-07-31,7,873.764,4779.614,5653.378
2019-07-31,8,871.246,4991.482,5862.728
2019-07-31,9,865.76,5140.568,6006.328
2019-07-31,10,890.09,5089.4,5979.49
2019-07-31,11,862.968,5209.642,6072.61
2019-07-31,12,809.188,5336.86,6146.048
2019-07-31,13,794.312,5248.586,6042.898
2019-07-31,14,783.32,5306.826,6090.146
2019-07-31,15,804.448,5392.66,6197.108
2019-07-31,16,783.88,5399.14,6183.02
2019-07-31,17,739.764,5602.9,6342.664
2019-07-31,18,737.75,5550.174,6287.924
2019-07-31,19,743.194,5529.548,6272.742
2019-07-31,20,697.402,5577.552,6274.954
2019-07-31,21,597.58,5776.362,6373.942
2019-07-31,22,617.722,5806.318,6424.04
2019-07-31,23,633.822,5791.436,6425.258
2019-07-31,24,630.788,5587.46,6218.248
2019-07-31,25,617.368,5565.526,6182.894
2019-07-31,26,638.114,5600.266,6238.38
2019-07-31,27,693.546,5421.694,6115.24
2019-07-31,28,708.822,5295.232,6004.054
2019-07-31,29,720.468,5365.018,6085.486
2019-07-31,30,750.318,5361.544,6111.862
2019-07-31,31,778.234,5539.082,6317.316
2019-07-31,32,775.332,5659.506,6434.838
2019-07-31,33,785.508,5790.172,6575.68
2019-07-31,34,747.908,5842.49,6590.398
2019-07-31,35,714.094,5565.93,6280.024
2019-07-31,36,679.596,5477.318,6156.914
2019-07-31,37,668.806,5400.556,6069.362
2019-07-31,38,603.486,5368.266,5971.752
2019-07-31,39,590.172,5509.902,6100.074
2019-07-31,40,523.704,5524.338,6048.042
2019-07-31,41,518.674,5235.76,5754.434
2019-07-31,42,515.106,5076.138,5591.244
2019-07-31,43,502.748,4918.434,5421.182
2019-07-31,44,482.52,4755.914,5238.434
2019-07-31,45,395.41,4611.764,5007.174
2019-07-31,46,335.448,4346.974,4682.422
2019-07-31,47,301.774,4164.586,4466.36
2019-07-31,48,279.324,4057.87,4337.194
2019-08-01,1,305.066,3752.894,4057.96
2019-08-01,2,346.642,3294.394,3641.036
2019-08-01,3,339.59,3089.766,3429.356
2019-08-01,4,354.534,2950.9,3305.434
2019-08-01,5,379.054,2866.604,3245.658
2019-08-01,6,358.106,2792.306,3150.412
2019-08-01,7,327.318,2849.586,3176.904
2019-08-01,8,321.508,2883.042,3204.55
2019-08-01,9,324.636,2836.134,3160.77
2019-08-01,10,308.426,2678.16,2986.586
2019-08-01,11,305.832,2524.394,2830.226
2019-08-01,12,292.722,2506.524,2799.246
2019-08-01,13,279.282,2552.542,2831.824
2019-08-01,14,280.678,2517.934,2798.612
2019-08-01,15,252.628,2339.24,2591.868
2019-08-01,16,224.232,2240.706,2464.938
2019-08-01,17,191.768,2130.548,2322.316
2019-08-01,18,174.98,2036.796,2211.776
2019-08-01,19,149.584,1962.41,2111.994
2019-08-01,20,129.372,1812.324,1941.696
2019-08-01,21,125.564,1611.172,1736.736
2019-08-01,22,126.58,1517.218,1643.798
2019-08-01,23,126.91,1433.386,1560.296
2019-08-01,24,132.376,1447.064,1579.44
2019-08-01,25,137.184,1381.496,1518.68
2019-08-01,26,137.366,1318.836,1456.202
2019-08-01,27,128.254,1419.314,1547.568
2019-08-01,28,144.05,1461.502,1605.552
2019-08-01,29,153.93,1529.934,1683.864
2019-08-01,30,174.038,1593.936,1767.974
2019-08-01,31,215.118,1554.208,1769.326
2019-08-01,32,258.326,1568.548,1826.874
2019-08-01,33,292.08,1758.6,2050.68
2019-08-01,34,303.862,1887.856,2191.718
2019-08-01,35,329.628,1866.624,2196.252
2019-08-01,36,361.22,1865.244,2226.464
2019-08-01,37,356.174,1811.148,2167.322
2019-08-01,38,386.764,1861.85,2248.614
2019-08-01,39,352.154,1925.992,2278.146
2019-08-01,40,350.948,2039.304,2390.252
2019-08-01,41,350.928,2024.492,2375.42
2019-08-01,42,375.07,1969.478,2344.548
2019-08-01,43,416.932,1830.924,2247.856
2019-08-01,44,438.662,1731.82,2170.482
2019-08-01,45,415.842,1591.78,2007.622
2019-08-01,46,359.052,1478.504,1837.556
2019-08-01,47,388.22,1347.824,1736.044
2019-08-01,48,385.378,1355.682,1741.06
2019-08-02,1,389.95,1352.986,1742.936
2019-08-02,2,370.788,1342.274,1713.062
2019-08-02,3,326.22,1330.14,1656.36
2019-08-02,4,293.938,1369.996,1663.934
2019-08-02,5,273.954,1336.984,1610.938
2019-08-02,6,221.486,1364.174,1585.66
2019-08-02,7,187.636,1480.004,1667.64
2019-08-02,8,148.582,1483.774,1632.356
2019-08-02,9,138.196,1426.092,1564.288
2019-08-02,10,137.19,1413.716,1550.906
2019-08-02,11,105.74,1362.124,1467.864
2019-08-02,12,77.2,1271.354,1348.554
2019-08-02,13,76.564,1225.512,1302.076
2019-08-02,14,65.654,1208.094,1273.748
2019-08-02,15,62.444,1190.8,1253.244
2019-08-02,16,66.03,1124.714,1190.744
2019-08-02,17,56.862,1051.526,1108.388
2019-08-02,18,63.882,1056.046,1119.928
2019-08-02,19,63.516,1052.94,1116.456
2019-08-02,20,64.818,973.386,1038.204
2019-08-02,21,59.49,972.774,1032.264
2019-08-02,22,66.246,907.458,973.704
2019-08-02,23,56.336,805.656,861.992
2019-08-02,24,38.876,809.22,848.096
2019-08-02,25,41.538,837.078,878.616
2019-08-02,26,42.186,846.362,888.548
2019-08-02,27,45.366,831.432,876.798
2019-08-02,28,53.5,811.774,865.274
2019-08-02,29,47.516,852.324,899.84
2019-08-02,30,50.36,817.966,868.326
2019-08-02,31,50.068,782.296,832.364
2019-08-02,32,48.462,735.056,783.518
2019-08-02,33,55.314,746.784,802.098
2019-08-02,34,57.946,776.148,834.094
2019-08-02,35,57.666,821.07,878.736
2019-08-02,36,53.566,771.09,824.656
2019-08-02,37,51.288,714.804,766.092
2019-08-02,38,54.26,734.098,788.358
2019-08-02,39,48.618,698.688,747.306
2019-08-02,40,48.206,703.072,751.278
2019-08-02,41,54.186,731.562,785.748
2019-08-02,42,66.9,711.474,778.374
2019-08-02,43,104.012,612.738,716.75
2019-08-02,44,104.668,574.424,679.092
2019-08-02,45,106.378,522.996,629.374
2019-08-02,46,104.582,468.984,573.566
2019-08-02,47,97.398,488.82,586.218
2019-08-02,48,93.218,568.026,661.244
2019-08-03,1,95.048,616.974,712.022
2019-08-03,2,115.478,603.876,719.354
2019-08-03,3,126.518,654.788,781.306
2019-08-03,4,107.268,676.124,783.392
2019-08-03,5,104.9,643.128,748.028
2019-08-03,6,110.692,650.254,760.946
2019-08-03,7,111.29,609.776,721.066
2019-08-03,8,103.174,585.488,688.662
2019-08-03,9,111.166,570.31,681.476
2019-08-03,10,114.558,539.168,653.726
2019-08-03,11,110.292,594.23,704.522
2019-08-03,12,103.642,638.18,741.822
2019-08-03,13,93.392,625.776,719.168
2019-08-03,14,90.348,623.414,713.762
2019-08-03,15,90.618,667.51,758.128
2019-08-03,16,94.666,655.962,750.628
2019-08-03,17,102.566,601.008,703.574
2019-08-03,18,99.276,563.364,662.64
2019-08-03,19,94.306,515.652,609.958
2019-08-03,20,104.616,479.346,583.962
2019-08-03,21,114.262,468.208,582.47
2019-08-03,22,134.908,489.77,624.678
2019-08-03,23,153.356,472.42,625.776
2019-08-03,24,163.6,432.634,596.234
2019-08-03,25,182.426,407.22,589.646
2019-08-03,26,187.086,378.534,565.62
2019-08-03,27,198.49,349.67,548.16
2019-08-03,28,206.754,323.996,530.75
2019-08-03,29,235.936,323.794,559.73
2019-08-03,30,244.562,280.528,525.09
2019-08-03,31,253.116,317.068,570.184
2019-08-03,32,252.018,284.15,536.168
2019-08-03,33,246.946,271.786,518.732
2019-08-03,34,281.326,271.496,552.822
2019-08-03,35,303.664,271.534,575.198
2019-08-03,36,312.98,285.21,598.19
2019-08-03,37,279.434,295.764,575.198
2019-08-03,38,258.388,313.17,571.558
2019-08-03,39,231.384,362.59,593.974
2019-08-03,40,188.328,428.606,616.934
2019-08-03,41,150.784,521.434,672.218
2019-08-03,42,142.846,541.662,684.508
2019-08-03,43,157.554,562.176,719.73
2019-08-03,44,192.392,575.4,767.792
2019-08-03,45,212.492,656.432,868.924
2019-08-03,46,230.98,742.698,973.678
2019-08-03,47,245.194,818.502,1063.696
2019-08-03,48,286.766,941.292,1228.058
2019-08-04,1,317.336,1041.558,1358.894
2019-08-04,2,335.39,1108.636,1444.026
2019-08-04,3,346.412,1169.024,1515.436
2019-08-04,4,332.654,1172.822,1505.476
2019-08-04,5,340.018,1236.828,1576.846
2019-08-04,6,334.212,1146.78,1480.992
2019-08-04,7,324.112,1013.776,1337.888
2019-08-04,8,323.836,904.404,1228.24
2019-08-04,9,348.052,799.688,1147.74
2019-08-04,10,316.944,690.816,1007.76
2019-08-04,11,325.26,683.826,1009.086
2019-08-04,12,378.152,722.5,1100.652
2019-08-04,13,392.272,785.152,1177.424
2019-08-04,14,395.408,845.372,1240.78
2019-08-04,15,417.07,1012.844,1429.914
2019-08-04,16,479.568,1095.852,1575.42
2019-08-04,17,534.932,1125.512,1660.444
2019-08-04,18,584.126,1108.806,1692.932
2019-08-04,19,624.126,968.144,1592.27
2019-08-04,20,651.222,920.59,1571.812
2019-08-04,21,685.046,836.202,1521.248
2019-08-04,22,672.254,761.39,1433.644
2019-08-04,23,651.204,788.824,1440.028
2019-08-04,24,663.518,790.644,1454.162
2019-08-04,25,677.144,765.324,1442.468
2019-08-04,26,661.652,774.138,1435.79
2019-08-04,27,698.212,820.858,1519.07
2019-08-04,28,753.75,880.244,1633.994
2019-08-04,29,827.868,947.642,1775.51
2019-08-04,30,842.052,1120.024,1962.076
2019-08-04,31,938.01,1268.288,2206.298
2019-08-04,32,925.39,1428.944,2354.334
2019-08-04,33,968.438,1658.43,2626.868
2019-08-04,34,1036.6,1753.338,2789.938
2019-08-04,35,1001.548,1981.856,2983.404
2019-08-04,36,1024.01,2105.172,3129.182
2019-08-04,37,1064.004,2018.912,3082.916
2019-08-04,38,1004.104,2155.626,3159.73
2019-08-04,39,1029.474,2313.586,3343.06
2019-08-04,40,1025.942,2301.188,3327.13
2019-08-04,41,1022.568,2198.74,3221.308
2019-08-04,42,1130.466,2365.734,3496.2
2019-08-04,43,1214.026,2486.454,3700.48
2019-08-04,44,1290.874,2331.208,3622.082
2019-08-04,45,1355.166,2139.422,3494.588
2019-08-04,46,1451.282,1977.746,3429.028
2019-08-04,47,1480.042,2020.35,3500.392
2019-08-04,48,1407.726,2099.826,3507.552
2019-08-05,1,1432.416,2189.074,3621.49
2019-08-05,2,1475.384,2355.328,3830.712
2019-08-05,3,1566.698,2624.528,4191.226
2019-08-05,4,1704.982,2585.836,4290.818
2019-08-05,5,1725.952,2288.214,4014.166
2019-08-05,6,1745.134,2338.398,4083.532
2019-08-05,7,1703.34,2608.33,4311.67
2019-08-05,8,1734.054,2812.88,4546.934
2019-08-05,9,1846.796,3017.65,4864.446
2019-08-05,10,1723.334,3182.428,4905.762
2019-08-05,11,1499.804,3014.286,4514.09
2019-08-05,12,1472.252,2747.086,4219.338
2019-08-05,13,1374.72,2464.57,3839.29
2019-08-05,14,1304.95,2551.8,3856.75
2019-08-05,15,1449.814,2836.782,4286.596
2019-08-05,16,1568.784,2972.166,4540.95
2019-08-05,17,1503.872,3026.436,4530.308
2019-08-05,18,1400.982,3021.104,4422.086
2019-08-05,19,1270.136,3108.132,4378.268
2019-08-05,20,1414.58,3276.84,4691.42
2019-08-05,21,1528.052,3360.512,4888.564
2019-08-05,22,1517.412,3090.096,4607.508
2019-08-05,23,1345.864,3213.914,4559.778
2019-08-05,24,1270.27,3384.882,4655.152
2019-08-05,25,1250.754,3359.978,4610.732
2019-08-05,26,1315.106,3478.632,4793.738
2019-08-05,27,1317.656,3428.592,4746.248
2019-08-05,28,1428.904,3277.114,4706.018
2019-08-05,29,1478.604,3305.006,4783.61
2019-08-05,30,1634.072,3355.732,4989.804
2019-08-05,31,1749.726,3337.758,5087.484
2019-08-05,32,1776.912,3378.462,5155.374
2019-08-05,33,1759.108,3468.126,5227.234
2019-08-05,34,1753.59,3656.084,5409.674
2019-08-05,35,1798.442,3935.364,5733.806
2019-08-05,36,1676.168,4067.214,5743.382
2019-08-05,37,1601.342,4091.972,5693.314
2019-08-05,38,1480.798,4398.078,5878.876
2019-08-05,39,1344.836,4375.178,5720.014
2019-08-05,40,1175.424,4452.016,5627.44
2019-08-05,41,1096.762,4247.706,5344.468
2019-08-05,42,1046.268,4190.956,5237.224
2019-08-05,43,1012.56,4192.85,5205.41
2019-08-05,44,938.996,4127.99,5066.986
2019-08-05,45,874.98,4163.532,5038.512
2019-08-05,46,787.228,4274.358,5061.586
2019-08-05,47,769.74,4399.94,5169.68
2019-08-05,48,685.622,4631.29,5316.912
2019-08-06,1,639.71,4780.564,5420.274
2019-08-06,2,662.486,4825.406,5487.892
2019-08-06,3,560.598,4706.744,5267.342
2019-08-06,4,539.032,4623.338,5162.37
2019-08-06,5,598.99,4528.612,5127.602
2019-08-06,6,650.654,4441.486,5092.14
2019-08-06,7,654.88,4556.2,5211.08
2019-08-06,8,637.004,4732.428,5369.432
2019-08-06,9,644.988,4542.59,5187.578
2019-08-06,10,594.498,4611.172,5205.67
2019-08-06,11,565.64,4683.88,5249.52
2019-08-06,12,628.988,4702.54,5331.528
2019-08-06,13,590.9,4709.118,5300.018
2019-08-06,14,607.42,4535.83,5143.25
2019-08-06,15,631.26,4693.238,5324.498
2019-08-06,16,620.538,4703.58,5324.118
2019-08-06,17,621.028,4501.428,5122.456
2019-08-06,18,529.044,4420.298,4949.342
2019-08-06,19,455.06,4642.84,5097.9
2019-08-06,20,383.732,4528.408,4912.14
2019-08-06,21,394.268,4383.86,4778.128
2019-08-06,22,445.24,4485.982,4931.222
2019-08-06,23,421.212,4723.422,5144.634
2019-08-06,24,432.758,4959.562,5392.32
2019-08-06,25,466.122,4905.49,5371.612
2019-08-06,26,493.702,4721.088,5214.79
2019-08-06,27,466.558,4434.04,4900.598
2019-08-06,28,509.438,4582.552,5091.99
2019-08-06,29,568.158,5138.994,5707.152
2019-08-06,30,534.67,5372.8,5907.47
2019-08-06,31,577.394,5210.36,5787.754
2019-08-06,32,573.036,5199.024,5772.06
2019-08-06,33,503.314,5274.072,5777.386
2019-08-06,34,497.536,5542.374,6039.91
2019-08-06,35,474.294,5594.212,6068.506
2019-08-06,36,426.586,5631.596,6058.182
2019-08-06,37,374.256,5818.768,6193.024
2019-08-06,38,308.676,5967.87,6276.546
2019-08-06,39,267.704,6107.306,6375.01
2019-08-06,40,241.208,5858.4,6099.608
2019-08-06,41,260.26,6041.898,6302.158
2019-08-06,42,279.428,5976.57,6255.998
2019-08-06,43,247.27,5943.02,6190.29
2019-08-06,44,292.482,5944.778,6237.26
2019-08-06,45,333.642,5751.184,6084.826
2019-08-06,46,362.764,5810.162,6172.926
2019-08-06,47,374.398,5794.358,6168.756
2019-08-06,48,355.512,5799.05,6154.562
2019-08-07,1,392.64,5726.848,6119.488
2019-08-07,2,510.994,5500.13,6011.124
2019-08-07,3,624.836,5485.32,6110.156
2019-08-07,4,720.47,5497.982,6218.452
2019-08-07,5,747.704,5537.406,6285.11
2019-08-07,6,762.254,5395.426,6157.68
2019-08-07,7,863.038,5273.68,6136.718
2019-08-07,8,991.22,5174.438,6165.658
2019-08-07,9,1133.232,5113.878,6247.11
2019-08-07,10,1197.068,5125.832,6322.9
2019-08-07,11,1326.52,5066.108,6392.628
2019-08-07,12,1420.36,5056.86,6477.22
2019-08-07,13,1449.466,5237.28,6686.746
2019-08-07,14,1385.144,5179.392,6564.536
2019-08-07,15,1372.098,4820.82,6192.918
2019-08-07,16,1462.23,4466.58,5928.81
2019-08-07,17,1560.688,4321,5881.688
2019-08-07,18,1644.874,4018.456,5663.33
2019-08-07,19,1591.992,3862.608,5454.6
2019-08-07,20,1611.974,3636.58,5248.554
2019-08-07,21,1564.88,3615.622,5180.502
2019-08-07,22,1588.79,3767.188,5355.978
2019-08-07,23,1660.878,4074.086,5734.964
2019-08-07,24,1679.108,4104.952,5784.06
2019-08-07,25,1719.536,4111.608,5831.144
2019-08-07,26,1750.184,4187.086,5937.27
2019-08-07,27,1789.616,4219.27,6008.886
2019-08-07,28,1953.056,4252.712,6205.768
2019-08-07,29,1881.628,3949.726,5831.354
2019-08-07,30,1855.328,3764.42,5619.748
2019-08-07,31,1895.98,3669.582,5565.562
2019-08-07,32,1955.64,3718.236,5673.876
2019-08-07,33,2056.004,3691.024,5747.028
2019-08-07,34,2062.17,3431.544,5493.714
2019-08-07,35,2104.87,3313.064,5417.934
2019-08-07,36,2177.664,3579.28,5756.944
2019-08-07,37,2195.414,3739.256,5934.67
2019-08-07,38,2105.466,3909.858,6015.324
2019-08-07,39,2010.822,4029.674,6040.496
2019-08-07,40,1871.388,4126.38,5997.768
2019-08-07,41,1769.644,4088.93,5858.574
2019-08-07,42,1683.444,3752.784,5436.228
2019-08-07,43,1668.166,3512.156,5180.322
2019-08-07,44,1569.55,3482.584,5052.134
2019-08-07,45,1518.908,3519.428,5038.336
2019-08-07,46,1518.368,3375.562,4893.93
2019-08-07,47,1498.49,3320.268,4818.758
2019-08-07,48,1433.408,3275.002,4708.41
2019-08-08,1,1446.08,3150.83,4596.91
2019-08-08,2,1381.606,3077.09,4458.696
2019-08-08,3,1337.182,3005.708,4342.89
2019-08-08,4,1368.874,2891.34,4260.214
2019-08-08,5,1327.618,2886.36,4213.978
2019-08-08,6,1281.864,2791.62,4073.484
2019-08-08,7,1154.532,2584.154,3738.686
2019-08-08,8,1120.476,2313.62,3434.096
2019-08-08,9,1071.496,2233.264,3304.76
2019-08-08,10,1070.426,2015.642,3086.068
2019-08-08,11,1121.108,1850.754,2971.862
2019-08-08,12,1133.388,1697.852,2831.24
2019-08-08,13,1104.5,1566.94,2671.44
2019-08-08,14,1027.042,1559.378,2586.42
2019-08-08,15,967.112,1471.302,2438.414
2019-08-08,16,939.684,1371.574,2311.258
2019-08-08,17,882.264,1270.214,2152.478
2019-08-08,18,782.19,1173.402,1955.592
2019-08-08,19,690.06,966.144,1656.204
2019-08-08,20,619.038,743.632,1362.67
2019-08-08,21,558.034,639.174,1197.208
2019-08-08,22,521.978,489.296,1011.274
2019-08-08,23,435.046,443.268,878.314
2019-08-08,24,386.428,466.544,852.972
2019-08-08,25,369.974,487.154,857.128
2019-08-08,26,336.684,442.144,778.828
2019-08-08,27,318.02,408.262,726.282
2019-08-08,28,272.862,395.886,668.748
2019-08-08,29,247.822,422.346,670.168
2019-08-08,30,224.962,433.712,658.674
2019-08-08,31,210.194,455.482,665.676
2019-08-08,32,237.782,478.93,716.712
2019-08-08,33,262.298,508.11,770.408
2019-08-08,34,319.898,530.688,850.586
2019-08-08,35,359.582,609.188,968.77
2019-08-08,36,425.746,848.19,1273.936
2019-08-08,37,476.236,982.662,1458.898
2019-08-08,38,533.162,1123.972,1657.134
2019-08-08,39,632.23,1272.122,1904.352
2019-08-08,40,717.042,1378.698,2095.74
2019-08-08,41,821.366,1467.958,2289.324
2019-08-08,42,874.954,1635.416,2510.37
2019-08-08,43,1016.692,2009.304,3025.996
2019-08-08,44,1287.01,2307.358,3594.368
2019-08-08,45,1478.856,2783.422,4262.278
2019-08-08,46,1714.148,3594.238,5308.386
2019-08-08,47,1895.594,3979.602,5875.196
2019-08-08,48,2062.556,4358.488,6421.044
2019-08-09,1,2149.736,4737.778,6887.514
2019-08-09,2,2213.06,5012.264,7225.324
2019-08-09,3,2380.082,5269.426,7649.508
2019-08-09,4,2490.776,5565.06,8055.836
2019-08-09,5,2724.788,5668.758,8393.546
2019-08-09,6,2780.836,5851.988,8632.824
2019-08-09,7,2802.974,5991.198,8794.172
2019-08-09,8,2796.642,6090.422,8887.064
2019-08-09,9,2894.664,6509.64,9404.304
2019-08-09,10,3034.092,6872.08,9906.172
2019-08-09,11,3258.794,6945.47,10204.264
2019-08-09,12,3493.548,6697.568,10191.116
2019-08-09,13,3777.852,6646.41,10424.262
2019-08-09,14,3951.306,6646.518,10597.824
2019-08-09,15,4006.912,6678.054,10684.966
2019-08-09,16,4399.082,6437.916,10836.998
2019-08-09,17,4391.956,5965.474,10357.43
2019-08-09,18,4446.136,5933.9,10380.036
2019-08-09,19,4786.88,5563.502,10350.382
2019-08-09,20,4965.53,4809.452,9774.982
2019-08-09,21,4927.486,4580.736,9508.222
2019-08-09,22,4780.148,4551.232,9331.38
2019-08-09,23,4395.1,4565.416,8960.516
2019-08-09,24,4030.09,4540.696,8570.786
2019-08-09,25,3777.008,4619.388,8396.396
2019-08-09,26,3642.926,4922.626,8565.552
2019-08-09,27,3286.586,5118.866,8405.452
2019-08-09,28,3006.732,5025.33,8032.062
2019-08-09,29,2919.284,5701.444,8620.728
2019-08-09,30,2905.93,5593.012,8498.942
2019-08-09,31,3021.54,5840.332,8861.872
2019-08-09,32,3020.522,5973.074,8993.596
2019-08-09,33,3011.514,5856.432,8867.946
2019-08-09,34,3043.14,5716.078,8759.218
2019-08-09,35,2968.344,5122.152,8090.496
2019-08-09,36,3121.99,5379.38,8501.37
2019-08-09,37,2944.998,5598.704,8543.702
2019-08-09,38,2624.702,5946.146,8570.848
2019-08-09,39,2405.674,5513.88,7919.554
2019-08-09,40,2248.802,5575.152,7823.954
2019-08-09,41,2071.222,5969.254,8040.476
2019-08-09,42,2115.81,6316.346,8432.156
2019-08-09,43,2213.598,6399.944,8613.542
2019-08-09,44,2121.71,6561.956,8683.666
2019-08-09,45,2205.36,6723.448,8928.808
2019-08-09,46,2074.932,6573.778,8648.71
2019-08-09,47,2014.154,6575.294,8589.448
2019-08-09,48,1795.012,6831.696,8626.708
2019-08-10,1,1666.398,6893.83,8560.228
2019-08-10,2,1274.414,6988.272,8262.686
2019-08-10,3,1133.926,7107.842,8241.768
2019-08-10,4,1095.014,7149.214,8244.228
2019-08-10,5,1037.48,7150.604,8188.084
2019-08-10,6,911.2,6925.474,7836.674
2019-08-10,7,760.656,6770.008,7530.664
2019-08-10,8,721.902,6806.62,7528.522
2019-08-10,9,691.166,6874.58,7565.746
2019-08-10,10,631.738,7001.39,7633.128
2019-08-10,11,598.72,7032.41,7631.13
2019-08-10,12,617.982,6905.038,7523.02
2019-08-10,13,637.372,6960.81,7598.182
2019-08-10,14,590.866,7062.99,7653.856
2019-08-10,15,534.806,7017.532,7552.338
2019-08-10,16,537.13,7142.932,7680.062
2019-08-10,17,501.71,7183.992,7685.702
2019-08-10,18,435.694,7173.676,7609.37
2019-08-10,19,254.234,7169.7,7423.934
2019-08-10,20,245.394,7151.05,7396.444
2019-08-10,21,234.832,7130.334,7365.166
2019-08-10,22,226.31,7111.732,7338.042
2019-08-10,23,228.836,7143.05,7371.886
2019-08-10,24,273.944,7148.214,7422.158
2019-08-10,25,291.154,7140.83,7431.984
2019-08-10,26,293.74,7132.18,7425.92
2019-08-10,27,331.008,7145.048,7476.056
2019-08-10,28,368.794,7129.334,7498.128
2019-08-10,29,418.702,7148.526,7567.228
2019-08-10,30,479.57,7173.196,7652.766
2019-08-10,31,618.834,7068.912,7687.746
2019-08-10,32,690.838,6885.564,7576.402
2019-08-10,33,857.13,6989.09,7846.22
2019-08-10,34,947.634,7115.724,8063.358
2019-08-10,35,985.716,7168.696,8154.412
2019-08-10,36,1079.402,7152.632,8232.034
2019-08-10,37,1287.138,7142.24,8429.378
2019-08-10,38,1413.472,7102.504,8515.976
2019-08-10,39,1525.772,7043.272,8569.044
2019-08-10,40,1716.848,6944.802,8661.65
2019-08-10,41,1882.564,7055.482,8938.046
2019-08-10,42,1854.61,7086.926,8941.536
2019-08-10,43,1725.276,7067.782,8793.058
2019-08-10,44,1686.414,7030.69,8717.104
2019-08-10,45,1619.99,7071.92,8691.91
2019-08-10,46,1488.664,6855.298,8343.962
2019-08-10,47,1532.502,6955.11,8487.612
2019-08-10,48,1547.96,7025.338,8573.298
2019-08-11,1,1577.48,6948.172,8525.652
2019-08-11,2,1706.886,6690.21,8397.096
2019-08-11,3,1793.582,6476.8,8270.382
2019-08-11,4,1859.552,6122.29,7981.842
2019-08-11,5,1964.132,5849.516,7813.648
2019-08-11,6,2088.31,5590.406,7678.716
2019-08-11,7,2071.06,5484.634,7555.694
2019-08-11,8,2034.972,5339.14,7374.112
2019-08-11,9,2010.714,5336.72,7347.434
2019-08-11,10,2025.07,5391.016,7416.086
2019-08-11,11,2058.384,5535.754,7594.138
2019-08-11,12,2099.664,5677.122,7776.786
2019-08-11,13,2108.09,5898.132,8006.222
2019-08-11,14,2093.856,6130.556,8224.412
2019-08-11,15,2077.322,6279.252,8356.574
2019-08-11,16,2132.504,6212.276,8344.78
2019-08-11,17,2129.216,6253.872,8383.088
2019-08-11,18,2106.334,6309.376,8415.71
2019-08-11,19,2111.968,6349.456,8461.424
2019-08-11,20,2087.884,6304.436,8392.32
2019-08-11,21,2121.416,6302.614,8424.03
2019-08-11,22,2067.52,6291.918,8359.438
2019-08-11,23,2026.916,6277.646,8304.562
2019-08-11,24,2038.022,6148.424,8186.446
2019-08-11,25,1953.466,5985.98,7939.446
2019-08-11,26,1918.124,5984.502,7902.626
2019-08-11,27,1866.148,5690.962,7557.11
2019-08-11,28,1730.75,5640.648,7371.398
2019-08-11,29,1721.014,5634.61,7355.624
2019-08-11,30,1750.802,5414.91,7165.712
2019-08-11,31,1780.734,5710.76,7491.494
2019-08-11,32,1880.882,5777.33,7658.212
2019-08-11,33,1821.626,5838.966,7660.592
2019-08-11,34,1846.73,5706.794,7553.524
2019-08-11,35,1862.034,5685.05,7547.084
2019-08-11,36,1798.972,5563.296,7362.268
2019-08-11,37,1908.738,5568.698,7477.436
2019-08-11,38,1784.176,5336.332,7120.508
2019-08-11,39,1747.444,5323.198,7070.642
2019-08-11,40,1713.458,5223.418,6936.876
2019-08-11,41,1651.114,5036.62,6687.734
2019-08-11,42,1541.938,4909.942,6451.88
2019-08-11,43,1440.068,4903.746,6343.814
2019-08-11,44,1313.166,4686.234,5999.4
2019-08-11,45,1200.408,4642.116,5842.524
2019-08-11,46,1046.368,4648.938,5695.306
2019-08-11,47,921.222,4684.586,5605.808
2019-08-11,48,844.966,4766.354,5611.32
2019-08-12,1,816.224,4620.178,5436.402
2019-08-12,2,754.716,4691.32,5446.036
2019-08-12,3,716.554,4723.194,5439.748
2019-08-12,4,707.646,4740.208,5447.854
2019-08-12,5,666.186,4660.054,5326.24
2019-08-12,6,674.916,4516.986,5191.902
2019-08-12,7,698.152,4346.496,5044.648
2019-08-12,8,697.62,4240.582,4938.202
2019-08-12,9,617.146,4244.668,4861.814
2019-08-12,10,599.26,4256.746,4856.006
2019-08-12,11,566.62,4030.09,4596.71
2019-08-12,12,536,3918.6,4454.6
2019-08-12,13,516.572,3918.216,4434.788
2019-08-12,14,532.862,3840.356,4373.218
2019-08-12,15,537.962,3747.682,4285.644
2019-08-12,16,462.244,3630.268,4092.512
2019-08-12,17,418.314,3456.832,3875.146
2019-08-12,18,390.586,3205.128,3595.714
2019-08-12,19,384.286,2946.156,3330.442
2019-08-12,20,378.774,2626.46,3005.234
2019-08-12,21,382.312,2271.502,2653.814
2019-08-12,22,412.09,2030.884,2442.974
2019-08-12,23,448.118,1842.202,2290.32
2019-08-12,24,472.246,1727.018,2199.264
2019-08-12,25,497.848,1535.912,2033.76
2019-08-12,26,500.136,1328.38,1828.516
2019-08-12,27,513.616,1194.1,1707.716
2019-08-12,28,553.036,1183.694,1736.73
2019-08-12,29,594.042,1130.808,1724.85
2019-08-12,30,523.286,1005.066,1528.352
2019-08-12,31,574.836,867.632,1442.468
2019-08-12,32,537.156,751.034,1288.19
2019-08-12,33,540.512,744.588,1285.1
2019-08-12,34,657.45,820.202,1477.652
2019-08-12,35,625.822,1010.836,1636.658
2019-08-12,36,615.7,1197.266,1812.966
2019-08-12,37,608.956,1438.952,2047.908
2019-08-12,38,608.04,1508.752,2116.792
2019-08-12,39,602.306,1457.682,2059.988
2019-08-12,40,602.466,1359.396,1961.862
2019-08-12,41,570.93,1233.81,1804.74
2019-08-12,42,644.418,1034.08,1678.498
2019-08-12,43,657.468,915.854,1573.322
2019-08-12,44,651.19,1019.252,1670.442
2019-08-12,45,638.098,1241.08,1879.178
2019-08-12,46,616.216,1299.952,1916.168
2019-08-12,47,598.572,1362.506,1961.078
2019-08-12,48,645.088,1325.622,1970.71
2019-08-13,1,663.314,1328.908,1992.222
2019-08-13,2,760.676,1296.212,2056.888
2019-08-13,3,743.188,1303.73,2046.918
2019-08-13,4,744.918,1494.74,2239.658
2019-08-13,5,791.026,1609.478,2400.504
2019-08-13,6,821.78,1613.442,2435.222
2019-08-13,7,803.42,1558.196,2361.616
2019-08-13,8,783.826,1589.066,2372.892
2019-08-13,9,808.458,1531.178,2339.636
2019-08-13,10,766.88,1498.998,2265.878
2019-08-13,11,756.89,1495.91,2252.8
2019-08-13,12,716.666,1458.534,2175.2
2019-08-13,13,655.58,1743.048,2398.628
2019-08-13,14,682.51,1791.628,2474.138
2019-08-13,15,661.422,1645.022,2306.444
2019-08-13,16,622.688,1701.834,2324.522
2019-08-13,17,638.598,1646.912,2285.51
2019-08-13,18,684.694,1592.694,2277.388
2019-08-13,19,770.17,1502.71,2272.88
2019-08-13,20,803.2,1443.094,2246.294
2019-08-13,21,860.922,1434.856,2295.778
2019-08-13,22,858.06,1421.954,2280.014
2019-08-13,23,870.342,1425.636,2295.978
2019-08-13,24,1011.23,1440.744,2451.974
2019-08-13,25,1108.18,1478.228,2586.408
2019-08-13,26,1148.34,1425.108,2573.448
2019-08-13,27,1116.982,1211.292,2328.274
2019-08-13,28,1274.424,1154.64,2429.064
2019-08-13,29,1420.596,1356.062,2776.658
2019-08-13,30,1494.046,1444.444,2938.49
2019-08-13,31,1653.95,1421.986,3075.936
2019-08-13,32,1640.36,1409.858,3050.218
2019-08-13,33,1628.448,1308.334,2936.782
2019-08-13,34,1681.532,1372.87,3054.402
2019-08-13,35,1587.424,1293.478,2880.902
2019-08-13,36,1610.274,1307.9,2918.174
2019-08-13,37,1423.51,1339.528,2763.038
2019-08-13,38,1248.206,1555.582,2803.788
2019-08-13,39,1061.486,1679.356,2740.842
2019-08-13,40,856.048,1640.228,2496.276
2019-08-13,41,763.468,1742.332,2505.8
2019-08-13,42,672.762,1855.494,2528.256
2019-08-13,43,646.008,1755.548,2401.556
2019-08-13,44,595.622,1748.066,2343.688
2019-08-13,45,545.768,1650.758,2196.526
2019-08-13,46,593.284,1567.708,2160.992
2019-08-13,47,615.15,1607.584,2222.734
2019-08-13,48,621.034,1638.958,2259.992
2019-08-14,1,602.608,1462.904,2065.512
2019-08-14,2,612.528,1337.024,1949.552
2019-08-14,3,557.75,1196.92,1754.67
2019-08-14,4,598.348,1136.754,1735.102
2019-08-14,5,681.158,1163.802,1844.96
2019-08-14,6,652.978,1136.896,1789.874
2019-08-14,7,649.614,1039.436,1689.05
2019-08-14,8,635.638,1088.17,1723.808
2019-08-14,9,664.902,1191.712,1856.614
2019-08-14,10,633.908,1156.078,1789.986
2019-08-14,11,623.678,1202.09,1825.768
2019-08-14,12,610.408,1052.742,1663.15
2019-08-14,13,598.862,1380.06,1978.922
2019-08-14,14,582.028,1659.056,2241.084
2019-08-14,15,630.188,1842.282,2472.47
2019-08-14,16,674.376,1978.412,2652.788
2019-08-14,17,795.778,2134.842,2930.62
2019-08-14,18,894.838,2260.6,3155.438
2019-08-14,19,955.514,2460.978,3416.492
2019-08-14,20,1022.896,2611.974,3634.87
2019-08-14,21,1076.738,2808.624,3885.362
2019-08-14,22,1114.146,3025.152,4139.298
2019-08-14,23,1172.658,3172.79,4345.448
2019-08-14,24,1218.762,3343.898,4562.66
2019-08-14,25,1200.282,3399.356,4599.638
2019-08-14,26,1227.302,3736.274,4963.576
2019-08-14,27,1238.31,4354.256,5592.566
2019-08-14,28,1244.696,4739.336,5984.032
2019-08-14,29,1299.256,4894.884,6194.14
2019-08-14,30,1289.294,4907.27,6196.564
2019-08-14,31,1242.744,4833.166,6075.91
2019-08-14,32,1189.796,4960.034,6149.83
2019-08-14,33,1167.402,5003.92,6171.322
2019-08-14,34,1122.674,5046.226,6168.9
2019-08-14,35,1141.824,4694.642,5836.466
2019-08-14,36,1268.572,4516.528,5785.1
2019-08-14,37,1292.91,4706.04,5998.95
2019-08-14,38,1329.822,4589.016,5918.838
2019-08-14,39,1388.198,4621.586,6009.784
2019-08-14,40,1334.93,4531.604,5866.534
2019-08-14,41,1363.982,4411.176,5775.158
2019-08-14,42,1421.93,4677.294,6099.224
2019-08-14,43,1390.28,5206.016,6596.296
2019-08-14,44,1331.928,5261.8,6593.728
2019-08-14,45,1370.056,5034.312,6404.368
2019-08-14,46,1314.918,4918.912,6233.83
2019-08-14,47,1192.854,4754.952,5947.806
2019-08-14,48,1249.394,4901.76,6151.154
2019-08-15,1,1270.362,5347.828,6618.19
2019-08-15,2,1258.248,5649.852,6908.1
2019-08-15,3,1332.84,5684.75,7017.59
2019-08-15,4,1416.116,5534.236,6950.352
2019-08-15,5,1534.454,5887.622,7422.076
2019-08-15,6,1523.734,6176.032,7699.766
2019-08-15,7,1544.612,6245.76,7790.372
2019-08-15,8,1638.48,6211.538,7850.018
2019-08-15,9,1830.992,6443.68,8274.672
2019-08-15,10,1958.368,6403.932,8362.3
2019-08-15,11,1983.114,6474.504,8457.618
2019-08-15,12,2094.828,6543.98,8638.808
2019-08-15,13,2239.774,6371.616,8611.39
2019-08-15,14,2845.02,6757.32,9602.34
2019-08-15,15,3414.136,6709.092,10123.228
2019-08-15,16,3667.832,6626.382,10294.214
2019-08-15,17,3969.532,6662.912,10632.444
2019-08-15,18,3945.718,6624.524,10570.242
2019-08-15,19,3997.59,6734.264,10731.854
2019-08-15,20,3933.192,6719.674,10652.866
2019-08-15,21,4068.19,6703.984,10772.174
2019-08-15,22,4354.724,6579.906,10934.63
2019-08-15,23,4419.56,6382.092,10801.652
2019-08-15,24,4354.934,6071.96,10426.894
2019-08-15,25,4206.294,6017.846,10224.14
2019-08-15,26,4000.98,6087.588,10088.568
2019-08-15,27,3778.616,5688.21,9466.826
2019-08-15,28,3749.3,5297.83,9047.13
2019-08-15,29,3636.69,4998.026,8634.716
2019-08-15,30,3576.348,4710.122,8286.47
2019-08-15,31,3424.53,4505.712,7930.242
2019-08-15,32,3217.764,4212.718,7430.482
2019-08-15,33,2937.848,3796.306,6734.154
2019-08-15,34,2630.634,4019.222,6649.856
2019-08-15,35,2315.982,4162.76,6478.742
2019-08-15,36,2017.142,3966.192,5983.334
2019-08-15,37,1783.59,3742.406,5525.996
2019-08-15,38,1461.686,3798.146,5259.832
2019-08-15,39,1239.602,3767.48,5007.082
2019-08-15,40,1137.812,3831.566,4969.378
2019-08-15,41,1033.966,3689.234,4723.2
2019-08-15,42,1127.164,3295.704,4422.868
2019-08-15,43,1299.586,3118.46,4418.046
2019-08-15,44,1433.754,2780.27,4214.024
2019-08-15,45,1595.694,2231.364,3827.058
2019-08-15,46,1793.7,2125.234,3918.934
2019-08-15,47,1926.8,1990.744,3917.544
2019-08-15,48,2099.206,2080.6,4179.806
2019-08-16,1,2197.708,2286.802,4484.51
2019-08-16,2,2265.46,2313.368,4578.828
2019-08-16,3,2409.804,2495.216,4905.02
2019-08-16,4,2474.294,2759.362,5233.656
2019-08-16,5,2473.45,2814.162,5287.612
2019-08-16,6,2524.464,2763.464,5287.928
2019-08-16,7,2760.948,2709.698,5470.646
2019-08-16,8,3035.29,2809.664,5844.954
2019-08-16,9,3472.006,2902.076,6374.082
2019-08-16,10,3714.442,2918.164,6632.606
2019-08-16,11,3874.948,2909.662,6784.61
2019-08-16,12,3976.984,3094.358,7071.342
2019-08-16,13,3967.514,3336.456,7303.97
2019-08-16,14,4043.576,3477.392,7520.968
2019-08-16,15,4141.54,3808.64,7950.18
2019-08-16,16,4253.14,4198.326,8451.466
2019-08-16,17,4530.69,4532.67,9063.36
2019-08-16,18,4745.784,4825.656,9571.44
2019-08-16,19,4917.406,4989.684,9907.09
2019-08-16,20,4876.76,5177.522,10054.282
2019-08-16,21,4965.638,5519.586,10485.224
2019-08-16,22,4923.05,5791.266,10714.316
2019-08-16,23,4894.844,6038.856,10933.7
2019-08-16,24,4856.762,6435.912,11292.674
2019-08-16,25,4815.202,6760.01,11575.212
2019-08-16,26,4709.424,6807.212,11516.636
2019-08-16,27,4539.432,6955.12,11494.552
2019-08-16,28,4567.822,6842.084,11409.906
2019-08-16,29,4333.822,6677.104,11010.926
2019-08-16,30,4078.656,6597.27,10675.926
2019-08-16,31,4120.196,6505.89,10626.086
2019-08-16,32,3941.974,6548.7,10490.674
2019-08-16,33,3631.14,6315.344,9946.484
2019-08-16,34,3312.278,6293.618,9605.896
2019-08-16,35,2978.83,6353.806,9332.636
2019-08-16,36,2711.266,6442.902,9154.168
2019-08-16,37,2510.76,6589.082,9099.842
2019-08-16,38,2409.848,6661.82,9071.668
2019-08-16,39,2194.14,6973.41,9167.55
2019-08-16,40,2035.246,7102.122,9137.368
2019-08-16,41,1890.42,7152.63,9043.05
2019-08-16,42,1822.798,7213.292,9036.09
2019-08-16,43,1725.628,7166.216,8891.844
2019-08-16,44,1626.122,7071.516,8697.638
2019-08-16,45,1557.712,6917.018,8474.73
2019-08-16,46,1567.946,6839.276,8407.222
2019-08-16,47,1653.104,6889.004,8542.108
2019-08-16,48,1716.884,7042.162,8759.046
2019-08-17,1,1718.966,6993.72,8712.686
2019-08-17,2,1839.608,6843.32,8682.928
2019-08-17,3,1924.702,6778.214,8702.916
2019-08-17,4,1847.706,6742.032,8589.738
2019-08-17,5,1978.932,6728.652,8707.584
2019-08-17,6,2112.594,6783.836,8896.43
2019-08-17,7,2153.142,6715.786,8868.928
2019-08-17,8,2237.778,6550.72,8788.498
2019-08-17,9,2311.19,6646.702,8957.892
2019-08-17,10,2550.966,6726.018,9276.984
2019-08-17,11,2516.174,6730.008,9246.182
2019-08-17,12,2524.738,6708.67,9233.408
2019-08-17,13,2660.76,6654.226,9314.986
2019-08-17,14,2799.532,6499.526,9299.058
2019-08-17,15,2783.974,6315.09,9099.064
2019-08-17,16,2998.422,5792.186,8790.608
2019-08-17,17,3332.336,5499.74,8832.076
2019-08-17,18,3456.524,5588.702,9045.226
2019-08-17,19,3601.516,5821.288,9422.804
2019-08-17,20,3691.778,5994.624,9686.402
2019-08-17,21,3767.134,6055.174,9822.308
2019-08-17,22,3899.14,6072.052,9971.192
2019-08-17,23,4081.23,5951.85,10033.08
2019-08-17,24,4197.644,5901.676,10099.32
2019-08-17,25,4204.66,5805.404,10010.064
2019-08-17,26,3917.278,5754.388,9671.666
2019-08-17,27,3971.214,5860.212,9831.426
2019-08-17,28,3611.49,5880.314,9491.804
2019-08-17,29,3585.806,5548.528,9134.334
2019-08-17,30,3705.918,5401.012,9106.93
2019-08-17,31,3722.054,5334.03,9056.084
2019-08-17,32,3802.998,5288.598,9091.596
2019-08-17,33,3751.87,5445.8,9197.67
2019-08-17,34,3750.13,5486.574,9236.704
2019-08-17,35,3551.562,5422.268,8973.83
2019-08-17,36,3714.336,5602.942,9317.278
2019-08-17,37,3636.648,5440.24,9076.888
2019-08-17,38,3698.292,5289.576,8987.868
2019-08-17,39,3680.73,5078.578,8759.308
2019-08-17,40,3676.156,4880.708,8556.864
2019-08-17,41,3515.426,4849.914,8365.34
2019-08-17,42,3563.634,4879.57,8443.204
2019-08-17,43,3706.296,4942.88,8649.176
2019-08-17,44,3769.044,5001.136,8770.18
2019-08-17,45,3960.594,5065.472,9026.066
2019-08-17,46,3989.408,5224.55,9213.958
2019-08-17,47,4231.562,5422.37,9653.932
2019-08-17,48,3962.8,5581.526,9544.326
2019-08-18,1,3760.418,5618.914,9379.332
2019-08-18,2,3742.218,5257.214,8999.432
2019-08-18,3,3724.26,4889.222,8613.482
2019-08-18,4,3724.216,5050.658,8774.874
2019-08-18,5,3560.066,5028.412,8588.478
2019-08-18,6,3358.234,4645.72,8003.954
2019-08-18,7,3283.812,4300.594,7584.406
2019-08-18,8,3159.056,4055.114,7214.17
2019-08-18,9,3097.148,4158.774,7255.922
2019-08-18,10,3132.738,4279.076,7411.814
2019-08-18,11,3027.444,4164.274,7191.718
2019-08-18,12,2954.362,4313.56,7267.922
2019-08-18,13,3082.24,4338.772,7421.012
2019-08-18,14,3433.468,4370.296,7803.764
2019-08-18,15,3596.364,4189.142,7785.506
2019-08-18,16,3747.306,4226.138,7973.444
2019-08-18,17,3976.72,4142.122,8118.842
2019-08-18,18,4037.38,4377.62,8415
2019-08-18,19,4140.002,4462.424,8602.426
2019-08-18,20,4178.36,4470.972,8649.332
2019-08-18,21,4188.064,4727.056,8915.12
2019-08-18,22,4104.032,4736.12,8840.152
2019-08-18,23,3938.864,4917.662,8856.526
2019-08-18,24,3430.114,5359.224,8789.338
2019-08-18,25,3180.242,5484.044,8664.286
2019-08-18,26,2910.918,5569.152,8480.07
2019-08-18,27,3151.368,5118.926,8270.294
2019-08-18,28,3625.476,5009.228,8634.704
2019-08-18,29,3585.064,5259.346,8844.41
2019-08-18,30,3595.542,5445.172,9040.714
2019-08-18,31,3362.196,5423.054,8785.25
2019-08-18,32,3383.368,5573.948,8957.316
2019-08-18,33,3129.454,5668.112,8797.566
2019-08-18,34,2896.736,5774.182,8670.918
2019-08-18,35,2919.45,6118.656,9038.106
2019-08-18,36,3012.01,6259.324,9271.334
2019-08-18,37,3196.65,6323.222,9519.872
2019-08-18,38,3136.294,6317.864,9454.158
2019-08-18,39,2909.852,6601.604,9511.456
2019-08-18,40,2802.702,6686.66,9489.362
2019-08-18,41,2704.638,6496.098,9200.736
2019-08-18,42,2740.264,6284.758,9025.022
2019-08-18,43,2772.314,6513.008,9285.322
2019-08-18,44,2799.046,6689.864,9488.91
2019-08-18,45,2623.738,6631.086,9254.824
2019-08-18,46,2582.25,6766.73,9348.98
2019-08-18,47,2461.318,6588.44,9049.758
2019-08-18,48,2484.392,6499.55,8983.942
2019-08-19,1,2646.146,6381.86,9028.006
2019-08-19,2,2840.51,6279.622,9120.132
2019-08-19,3,2867.368,6183.804,9051.172
2019-08-19,4,2903.648,6080.982,8984.63
2019-08-19,5,3129.558,6175.02,9304.578
2019-08-19,6,3198.134,6263.114,9461.248
2019-08-19,7,3157.742,6298.386,9456.128
2019-08-19,8,3173.078,6343.058,9516.136
2019-08-19,9,3181.148,6307.412,9488.56
2019-08-19,10,3130.366,6316.95,9447.316
2019-08-19,11,3093.396,6156.256,9249.652
2019-08-19,12,3014.118,6027.932,9042.05
2019-08-19,13,2668.822,5875.054,8543.876
2019-08-19,14,2738.72,5647.254,8385.974
2019-08-19,15,2699.55,5548.814,8248.364
2019-08-19,16,2675.364,5512.216,8187.58
2019-08-19,17,2636.716,5540.658,8177.374
2019-08-19,18,2610.216,5428.784,8039
2019-08-19,19,2731.136,5290.818,8021.954
2019-08-19,20,3032.006,5169.168,8201.174
2019-08-19,21,3069.08,5150.876,8219.956
2019-08-19,22,3160.702,5232.25,8392.952
2019-08-19,23,3313.376,5169.61,8482.986
2019-08-19,24,3312.87,4813.572,8126.442
2019-08-19,25,3191.128,4678.69,7869.818
2019-08-19,26,3389.494,4638.812,8028.306
2019-08-19,27,3371.628,4544.9,7916.528
2019-08-19,28,3251.656,4444.868,7696.524
2019-08-19,29,3297.444,4411.196,7708.64
2019-08-19,30,3246.194,4451.19,7697.384
2019-08-19,31,3142.174,4495.356,7637.53
2019-08-19,32,3069.586,4909.734,7979.32
2019-08-19,33,3064.398,5338.402,8402.8
2019-08-19,34,2851.668,5304.986,8156.654
2019-08-19,35,2735.216,5234.974,7970.19
2019-08-19,36,2466.792,5205.89,7672.682
2019-08-19,37,2276.356,5017.816,7294.172
2019-08-19,38,2154.752,4864.582,7019.334
2019-08-19,39,2073.082,4489.394,6562.476
2019-08-19,40,2031.886,4296.808,6328.694
2019-08-19,41,1976.064,4193.416,6169.48
2019-08-19,42,2207.018,4101.214,6308.232
2019-08-19,43,2381.172,3969.33,6350.502
2019-08-19,44,2369.292,4370.038,6739.33
2019-08-19,45,2178.404,4385.788,6564.192
2019-08-19,46,2064.42,4230.228,6294.648
2019-08-19,47,2049.598,4053.104,6102.702
2019-08-19,48,1896.286,4109.946,6006.232
2019-08-20,1,1890.228,4581.746,6471.974
2019-08-20,2,1703.74,4849.138,6552.878
2019-08-20,3,1706.888,4703.256,6410.144
2019-08-20,4,1670.04,4734.988,6405.028
2019-08-20,5,1609.296,4728.782,6338.078
2019-08-20,6,1773.306,4477.802,6251.108
2019-08-20,7,1682.58,4112.258,5794.838
2019-08-20,8,1423.742,3780.506,5204.248
2019-08-20,9,1389.116,3747.832,5136.948
2019-08-20,10,1366.344,3595.9,4962.244
2019-08-20,11,1187.248,3585.38,4772.628
2019-08-20,12,1108.808,3535.684,4644.492
2019-08-20,13,1086.466,3458.036,4544.502
2019-08-20,14,1016.242,3313.624,4329.866
2019-08-20,15,927.454,3147.976,4075.43
2019-08-20,16,842.64,2913.438,3756.078
2019-08-20,17,839.328,2752.072,3591.4
2019-08-20,18,773.726,2665.184,3438.91
2019-08-20,19,758.428,2629.072,3387.5
2019-08-20,20,766.004,2425.398,3191.402
2019-08-20,21,770.298,2262.23,3032.528
2019-08-20,22,825.792,2237.082,3062.874
2019-08-20,23,802.306,2240.334,3042.64
2019-08-20,24,746.042,2347.664,3093.706
2019-08-20,25,705.746,2233.178,2938.924
2019-08-20,26,788.386,2165.79,2954.176
2019-08-20,27,842.946,2025.5,2868.446
2019-08-20,28,842.026,2046.5,2888.526
2019-08-20,29,921.336,2101.716,3023.052
2019-08-20,30,944.104,2152.738,3096.842
2019-08-20,31,957.192,2052.072,3009.264
2019-08-20,32,1015.196,1922.382,2937.578
2019-08-20,33,1041.2,1854.87,2896.07
2019-08-20,34,1062.094,1862.064,2924.158
2019-08-20,35,1044.742,1844.854,2889.596
2019-08-20,36,887.664,1924.156,2811.82
2019-08-20,37,809.404,1817.998,2627.402
2019-08-20,38,754.386,1873.12,2627.506
2019-08-20,39,712.47,1504.656,2217.126
2019-08-20,40,642.582,1248.05,1890.632
2019-08-20,41,633.958,1437.668,2071.626
2019-08-20,42,642.6,1446.976,2089.576
2019-08-20,43,641.974,1535.468,2177.442
2019-08-20,44,611.92,1565.914,2177.834
2019-08-20,45,583.118,1593.532,2176.65
2019-08-20,46,586.742,1522.282,2109.024
2019-08-20,47,585.47,1397.79,1983.26
2019-08-20,48,599.964,1542.742,2142.706
2019-08-21,1,617.902,1531.066,2148.968
2019-08-21,2,635.258,1489.374,2124.632
2019-08-21,3,661.164,1487.866,2149.03
2019-08-21,4,696.096,1385.746,2081.842
2019-08-21,5,720.356,1457.294,2177.65
2019-08-21,6,708.714,1628.386,2337.1
2019-08-21,7,710.838,1521.136,2231.974
2019-08-21,8,753.22,1345.51,2098.73
2019-08-21,9,784.26,1248.222,2032.482
2019-08-21,10,849.966,1312.502,2162.468
2019-08-21,11,940.698,1270.278,2210.976
2019-08-21,12,1060.14,1132.046,2192.186
2019-08-21,13,1075.812,1148.11,2223.922
2019-08-21,14,1134.908,1183.996,2318.904
2019-08-21,15,1120.19,1256.984,2377.174
2019-08-21,16,1219.322,1344.608,2563.93
2019-08-21,17,1457.1,1246.034,2703.134
2019-08-21,18,1698.586,1300.74,2999.326
2019-08-21,19,2059.312,1589.042,3648.354
2019-08-21,20,2488.074,1829.576,4317.65
2019-08-21,21,2915.688,2124.624,5040.312
2019-08-21,22,3174.518,2201.57,5376.088
2019-08-21,23,3415.602,2153.4,5569.002
2019-08-21,24,3754.362,2365.51,6119.872
2019-08-21,25,3987.764,2290.122,6277.886
2019-08-21,26,4213.19,2306.146,6519.336
2019-08-21,27,4326.084,2491.982,6818.066
2019-08-21,28,4265.434,2748.878,7014.312
2019-08-21,29,4466.618,2908.006,7374.624
2019-08-21,30,4685.032,2821.738,7506.77
2019-08-21,31,4717.638,2891.82,7609.458
2019-08-21,32,4794.17,3061.212,7855.382
2019-08-21,33,4783.198,3175.968,7959.166
2019-08-21,34,4889.112,3217.956,8107.068
2019-08-21,35,4972.004,3311.504,8283.508
2019-08-21,36,4945.912,3571.946,8517.858
2019-08-21,37,4910.214,3657.642,8567.856
2019-08-21,38,4807.282,3604.818,8412.1
2019-08-21,39,5084.49,3794.884,8879.374
2019-08-21,40,5046.426,3919.25,8965.676
2019-08-21,41,4944.536,4063.032,9007.568
2019-08-21,42,4755.572,4327.972,9083.544
2019-08-21,43,4437.458,4644.508,9081.966
2019-08-21,44,3835.168,4699.102,8534.27
2019-08-21,45,3252.856,4713.358,7966.214
2019-08-21,46,2639.822,4714.972,7354.794
2019-08-21,47,2305.876,4886.584,7192.46
2019-08-21,48,1915.25,5040.23,6955.48
2019-08-22,1,1724.668,4923.296,6647.964
2019-08-22,2,1637.774,4749.252,6387.026
2019-08-22,3,1610.638,4463.52,6074.158
2019-08-22,4,1576.964,4249.198,5826.162
2019-08-22,5,1722.3,4057.29,5779.59
2019-08-22,6,1846.962,4058.942,5905.904
2019-08-22,7,2051.508,4158.026,6209.534
2019-08-22,8,2116.278,4094.404,6210.682
2019-08-22,9,2232.388,4056.388,6288.776
2019-08-22,10,2339.172,4369.89,6709.062
2019-08-22,11,2477.256,4429.25,6906.506
2019-08-22,12,2461.712,4403.194,6864.906
2019-08-22,13,2460.384,4413.572,6873.956
2019-08-22,14,2576.032,4448.002,7024.034
2019-08-22,15,2520.088,4646.038,7166.126
2019-08-22,16,2583.794,4665.692,7249.486
2019-08-22,17,2774.12,4507.944,7282.064
2019-08-22,18,3023.186,4305.456,7328.642
2019-08-22,19,3284.832,4116.522,7401.354
2019-08-22,20,3376.452,3773.808,7150.26
2019-08-22,21,3607.722,4172.162,7779.884
2019-08-22,22,3898.85,4633.616,8532.466
2019-08-22,23,4067.926,4578.39,8646.316
2019-08-22,24,4112.666,4623.824,8736.49
2019-08-22,25,4000.564,4812.518,8813.082
2019-08-22,26,3884.926,4908.82,8793.746
2019-08-22,27,3950.54,5046.998,8997.538
2019-08-22,28,4032.35,5234.646,9266.996
2019-08-22,29,4068.868,5315.294,9384.162
2019-08-22,30,4362.868,5358.4,9721.268
2019-08-22,31,4469.946,5304.078,9774.024
2019-08-22,32,4568.954,5308.836,9877.79
2019-08-22,33,4679.394,5325.114,10004.508
2019-08-22,34,4686.896,5327.082,10013.978
2019-08-22,35,4643.092,5383.876,10026.968
2019-08-22,36,4737.386,5519.68,10257.066
2019-08-22,37,4877.596,5603.75,10481.346
2019-08-22,38,4935.614,5543.484,10479.098
2019-08-22,39,4882.92,5548.26,10431.18
2019-08-22,40,4780.222,5499.964,10280.186
2019-08-22,41,4877.79,5372.424,10250.214
2019-08-22,42,4942.43,5156.852,10099.282
2019-08-22,43,4732.89,5087.146,9820.036
2019-08-22,44,4647.886,5156.486,9804.372
2019-08-22,45,4385.196,5013.49,9398.686
2019-08-22,46,4228.492,4810.316,9038.808
2019-08-22,47,4021.564,4548.804,8570.368
2019-08-22,48,3886.5,4280.884,8167.384
2019-08-23,1,3999.412,4273.686,8273.098
2019-08-23,2,3949.118,4157.638,8106.756
2019-08-23,3,3939.064,3925.836,7864.9
2019-08-23,4,3765.326,3706.058,7471.384
2019-08-23,5,3558.766,3721.664,7280.43
2019-08-23,6,3437.458,3634.31,7071.768
2019-08-23,7,3320.32,3327.848,6648.168
2019-08-23,8,3321.082,3370.248,6691.33
2019-08-23,9,3413.882,3304.814,6718.696
2019-08-23,10,3478.702,3204.22,6682.922
2019-08-23,11,3468.068,3167.658,6635.726
2019-08-23,12,3342.274,3117.462,6459.736
2019-08-23,13,3367.176,2943.92,6311.096
2019-08-23,14,3400.438,2620.89,6021.328
2019-08-23,15,3537.416,2460.912,5998.328
2019-08-23,16,3753.19,2279.284,6032.474
2019-08-23,17,3834.848,2170.206,6005.054
2019-08-23,18,3929.848,2051.356,5981.204
2019-08-23,19,4018.974,1933.83,5952.804
2019-08-23,20,3906.238,1855.668,5761.906
2019-08-23,21,3923.952,1754.102,5678.054
2019-08-23,22,4020.806,1686.256,5707.062
2019-08-23,23,3991.67,1615.724,5607.394
2019-08-23,24,4041.216,1515.188,5556.404
2019-08-23,25,4017.78,1452.53,5470.31
2019-08-23,26,3954.542,1395.456,5349.998
2019-08-23,27,3854.658,1330.674,5185.332
2019-08-23,28,3890.668,1222.688,5113.356
2019-08-23,29,3759.634,1175.89,4935.524
2019-08-23,30,3595.936,1147.174,4743.11
2019-08-23,31,3485.188,1098.682,4583.87
2019-08-23,32,3272.07,1117.466,4389.536
2019-08-23,33,2997.934,1081.596,4079.53
2019-08-23,34,2849.664,1233.618,4083.282
2019-08-23,35,2734,1304.17,4038.17
2019-08-23,36,2502.202,1278.238,3780.44
2019-08-23,37,2434.2,1348.14,3782.34
2019-08-23,38,2460.59,1328.066,3788.656
2019-08-23,39,2542.55,1226.89,3769.44
2019-08-23,40,2346.724,1242.364,3589.088
2019-08-23,41,2188.854,1296.866,3485.72
2019-08-23,42,2156.806,1218.286,3375.092
2019-08-23,43,2264.768,1166.582,3431.35
2019-08-23,44,2443.792,1141.978,3585.77
2019-08-23,45,2679.566,1289.86,3969.426
2019-08-23,46,2874.922,1295.244,4170.166
2019-08-23,47,3005.926,1329.75,4335.676
2019-08-23,48,2943.704,1425.756,4369.46
2019-08-24,1,2767.274,1576.88,4344.154
2019-08-24,2,2663.342,1659.296,4322.638
2019-08-24,3,2527.902,1641.22,4169.122
2019-08-24,4,2489.764,1634.358,4124.122
2019-08-24,5,2451.606,1627.496,4079.102
2019-08-24,6,2413.46,1620.646,4034.106
2019-08-24,7,2375.298,1613.778,3989.076
2019-08-24,8,2337.156,1606.924,3944.08
2019-08-24,9,2298.998,1600.074,3899.072
2019-08-24,10,2260.858,1593.204,3854.062
2019-08-24,11,2222.688,1586.356,3809.044
2019-08-24,12,2184.544,1579.494,3764.038
2019-08-24,13,2146.39,1572.634,3719.024
2019-08-24,14,2108.228,1565.778,3674.006
2019-08-24,15,2070.086,1558.918,3629.004
2019-08-24,16,2031.942,1552.068,3584.01
2019-08-24,17,1993.778,1545.204,3538.982
2019-08-24,18,1955.632,1538.342,3493.974
2019-08-24,19,1917.472,1531.494,3448.966
2019-08-24,20,1879.33,1524.626,3403.956
2019-08-24,21,1841.182,1517.766,3358.948
2019-08-24,22,1803.024,1510.91,3313.934
2019-08-24,23,1764.872,1504.054,3268.926
2019-08-24,24,1726.722,1497.2,3223.922
2019-08-24,25,1688.566,1490.332,3178.898
2019-08-24,26,1650.42,1483.482,3133.902
2019-08-24,27,1612.274,1476.626,3088.9
2019-08-24,28,1574.112,1469.768,3043.88
2019-08-24,29,1535.964,1462.896,2998.86
2019-08-24,30,1497.806,1456.048,2953.854
2019-08-24,31,1459.664,1449.188,2908.852
2019-08-24,32,1421.504,1442.328,2863.832
2019-08-24,33,1383.352,1435.48,2818.832
2019-08-24,34,1345.192,1428.612,2773.804
2019-08-24,35,1307.048,1421.758,2728.806
2019-08-24,36,1268.898,1414.906,2683.804
2019-08-24,37,1230.754,1408.04,2638.794
2019-08-24,38,1192.602,1401.186,2593.788
2019-08-24,39,1154.452,1394.33,2548.782
2019-08-24,40,1116.294,1387.462,2503.756
2019-08-24,41,1078.132,1380.614,2458.746
2019-08-24,42,1039.986,1373.746,2413.732
2019-08-24,43,1001.838,1366.904,2368.742
2019-08-24,44,963.678,1360.038,2323.716
2019-08-24,45,925.522,1353.174,2278.696
2019-08-24,46,887.39,1346.322,2233.712
2019-08-24,47,849.226,1339.456,2188.682
2019-08-24,48,811.082,1332.608,2143.69
2019-08-25,1,772.928,1325.746,2098.674
2019-08-25,2,734.77,1318.896,2053.666
2019-08-25,3,691.51,1275.806,1967.316
2019-08-25,4,679.758,1182.302,1862.06
2019-08-25,5,640.748,1113.416,1754.164
2019-08-25,6,591.78,978.21,1569.99
2019-08-25,7,539.668,818.256,1357.924
2019-08-25,8,535.334,672.18,1207.514
2019-08-25,9,536.272,563.772,1100.044
2019-08-25,10,461.336,485.166,946.502
2019-08-25,11,434.2,475.086,909.286
2019-08-25,12,422.6,437.9,860.5
2019-08-25,13,427.532,465.81,893.342
2019-08-25,14,460.638,486.81,947.448
2019-08-25,15,448.422,477.904,926.326
2019-08-25,16,452.014,438.53,890.544
2019-08-25,17,436.6,379.412,816.012
2019-08-25,18,417.706,372.128,789.834
2019-08-25,19,386.24,335.75,721.99
2019-08-25,20,387.874,332.426,720.3
2019-08-25,21,387.19,326.104,713.294
2019-08-25,22,403.688,298.048,701.736
2019-08-25,23,451.916,259.372,711.288
2019-08-25,24,569.966,260.486,830.452
2019-08-25,25,645.784,267.914,913.698
2019-08-25,26,759.4,246.252,1005.652
2019-08-25,27,823.756,244.672,1068.428
2019-08-25,28,874.638,290.618,1165.256
2019-08-25,29,996.174,405.312,1401.486
2019-08-25,30,1128.628,535.488,1664.116
2019-08-25,31,1188.546,779.284,1967.83
2019-08-25,32,1311.016,1023.168,2334.184
2019-08-25,33,1642.798,1163.262,2806.06
2019-08-25,34,1787.018,1068.002,2855.02
2019-08-25,35,1764.764,1039.112,2803.876
2019-08-25,36,1703.888,932.116,2636.004
2019-08-25,37,1649.494,877.662,2527.156
2019-08-25,38,1591.66,862.704,2454.364
2019-08-25,39,1547.88,842.648,2390.528
2019-08-25,40,1526.596,971.398,2497.994
2019-08-25,41,1529.26,1052.384,2581.644
2019-08-25,42,1497.314,1223.46,2720.774
2019-08-25,43,1466.942,1297.95,2764.892
2019-08-25,44,1453.28,1293.24,2746.52
2019-08-25,45,1366.408,1349.824,2716.232
2019-08-25,46,1353.982,1354.438,2708.42
2019-08-25,47,1264.98,1347.444,2612.424
2019-08-25,48,990.158,1323.936,2314.094
2019-08-26,1,839.964,1253.978,2093.942
2019-08-26,2,826.404,1204.448,2030.852
2019-08-26,3,844.712,1079.226,1923.938
2019-08-26,4,874.366,894.416,1768.782
2019-08-26,5,926.442,819.912,1746.354
2019-08-26,6,996.494,690.752,1687.246
2019-08-26,7,959.426,572.316,1531.742
2019-08-26,8,988.224,533.498,1521.722
2019-08-26,9,1048.294,469.906,1518.2
2019-08-26,10,963.356,400.466,1363.822
2019-08-26,11,1010.982,336.8,1347.782
2019-08-26,12,1040.612,287.2,1327.812
2019-08-26,13,1232.986,231.558,1464.544
2019-08-26,14,1240.376,143.55,1383.926
2019-08-26,15,1228.034,128.51,1356.544
2019-08-26,16,1327.424,86.562,1413.986
2019-08-26,17,1293.362,54.1,1347.462
2019-08-26,18,1332.526,55.212,1387.738
2019-08-26,19,1481.774,67.002,1548.776
2019-08-26,20,1627.216,72.274,1699.49
2019-08-26,21,1704.006,101.222,1805.228
2019-08-26,22,1732.548,125.082,1857.63
2019-08-26,23,1751.486,149.96,1901.446
2019-08-26,24,1818.594,163.826,1982.42
2019-08-26,25,1953.25,183.46,2136.71
2019-08-26,26,1893.87,215.32,2109.19
2019-08-26,27,1745.12,243.184,1988.304
2019-08-26,28,1643.088,277.16,1920.248
2019-08-26,29,1599.82,345.082,1944.902
2019-08-26,30,1533.542,397.28,1930.822
2019-08-26,31,1629.222,468.01,2097.232
2019-08-26,32,1677.418,523.392,2200.81
2019-08-26,33,1709.976,665.658,2375.634
2019-08-26,34,1682.008,942.53,2624.538
2019-08-26,35,1752.828,1100.864,2853.692
2019-08-26,36,1628.03,1119.554,2747.584
2019-08-26,37,1496.298,1224.986,2721.284
2019-08-26,38,1296.336,1345.006,2641.342
2019-08-26,39,1086.114,1367.448,2453.562
2019-08-26,40,961.498,1286.818,2248.316
2019-08-26,41,869.168,1275.334,2144.502
2019-08-26,42,827.246,1342.656,2169.902
2019-08-26,43,822.782,1478.286,2301.068
2019-08-26,44,837.686,1579.992,2417.678
2019-08-26,45,846.092,1545.808,2391.9
2019-08-26,46,853.376,1467.43,2320.806
2019-08-26,47,785.828,1451.852,2237.68
2019-08-26,48,690.786,1482.434,2173.22
2019-08-27,1,613.08,1395.11,2008.19
2019-08-27,2,610.938,1256.196,1867.134
2019-08-27,3,611.362,1182.83,1794.192
2019-08-27,4,582.67,1151.252,1733.922
2019-08-27,5,590.784,1028.704,1619.488
2019-08-27,6,551.814,949.502,1501.316
2019-08-27,7,540.142,824.808,1364.95
2019-08-27,8,547.434,705.074,1252.508
2019-08-27,9,539.926,619.832,1159.758
2019-08-27,10,555.612,573,1128.612
2019-08-27,11,600.278,579.07,1179.348
2019-08-27,12,621.374,444.05,1065.424
2019-08-27,13,651.47,307.222,958.692
2019-08-27,14,691.666,277.054,968.72
2019-08-27,15,636.642,287.962,924.604
2019-08-27,16,631.988,260.452,892.44
2019-08-27,17,606.656,190.946,797.602
2019-08-27,18,590.856,150.558,741.414
2019-08-27,19,684.37,111.194,795.564
2019-08-27,20,726.188,100.018,826.206
2019-08-27,21,703.134,81.062,784.196
2019-08-27,22,735.114,67.932,803.046
2019-08-27,23,782.162,29.438,811.6
2019-08-27,24,792.34,21.828,814.168
2019-08-27,25,801.216,26.736,827.952
2019-08-27,26,821.588,34.256,855.844
2019-08-27,27,820.47,65.428,885.898
2019-08-27,28,906.802,113.642,1020.444
2019-08-27,29,962.604,176.688,1139.292
2019-08-27,30,951.286,275.868,1227.154
2019-08-27,31,963.666,362.09,1325.756
2019-08-27,32,975.99,484.84,1460.83
2019-08-27,33,1057.546,609.342,1666.888
2019-08-27,34,983.382,780.054,1763.436
2019-08-27,35,993.498,955.02,1948.518
2019-08-27,36,1075.378,1076.326,2151.704
2019-08-27,37,1110.914,1176.328,2287.242
2019-08-27,38,1239.942,1223.964,2463.906
2019-08-27,39,1288.308,1117.652,2405.96
2019-08-27,40,1263.994,1252.036,2516.03
2019-08-27,41,1393.94,1108.362,2502.302
2019-08-27,42,1538.37,845.79,2384.16
2019-08-27,43,1721.59,839.94,2561.53
2019-08-27,44,1784.034,636.418,2420.452
2019-08-27,45,1736.694,800.114,2536.808
2019-08-27,46,1648.758,747.526,2396.284
2019-08-27,47,1549.33,869.83,2419.16
2019-08-27,48,1725.236,910.324,2635.56
2019-08-28,1,1861.174,1043.488,2904.662
2019-08-28,2,1965.49,1163.616,3129.106
2019-08-28,3,2134.294,1322.032,3456.326
2019-08-28,4,2287.356,1416.784,3704.14
2019-08-28,5,2432.524,1656.13,4088.654
2019-08-28,6,2685.376,1682.482,4367.858
2019-08-28,7,2824.824,1742.044,4566.868
2019-08-28,8,2841.21,1876.116,4717.326
2019-08-28,9,2648.558,1921.14,4569.698
2019-08-28,10,2832.488,2012.608,4845.096
2019-08-28,11,2679.064,1980.332,4659.396
2019-08-28,12,2788.892,1988.756,4777.648
2019-08-28,13,2822.446,2200.604,5023.05
2019-08-28,14,2662.52,2333.026,4995.546
2019-08-28,15,2897.812,2168.034,5065.846
2019-08-28,16,3025.084,2304.038,5329.122
2019-08-28,17,2975.34,2474.002,5449.342
2019-08-28,18,2725.912,2529.716,5255.628
2019-08-28,19,2716.2,2510.58,5226.78
2019-08-28,20,2795.832,2511.816,5307.648
2019-08-28,21,2920.324,2360.788,5281.112
2019-08-28,22,3168.618,2083.266,5251.884
2019-08-28,23,3425.362,2082.114,5507.476
2019-08-28,24,3458.174,2013.814,5471.988
2019-08-28,25,3301.368,1811.934,5113.302
2019-08-28,26,3256.316,1810.364,5066.68
2019-08-28,27,3160.75,1804.002,4964.752
2019-08-28,28,3153.556,1869.356,5022.912
2019-08-28,29,2928.476,1807.606,4736.082
2019-08-28,30,2719.432,1652.54,4371.972
2019-08-28,31,2597.902,1846.614,4444.516
2019-08-28,32,2642.046,1818.11,4460.156
2019-08-28,33,2520.904,1974.744,4495.648
2019-08-28,34,2223.574,2098.638,4322.212
2019-08-28,35,2056.596,2335.526,4392.122
2019-08-28,36,1847.246,2550.79,4398.036
2019-08-28,37,1768.318,2641.946,4410.264
2019-08-28,38,1568.78,2479.052,4047.832
2019-08-28,39,1404.074,2311.598,3715.672
2019-08-28,40,1252.784,1998.372,3251.156
2019-08-28,41,1203.604,2098.404,3302.008
2019-08-28,42,1134.214,2311.918,3446.132
2019-08-28,43,1106.034,2392.65,3498.684
2019-08-28,44,1130.356,2363.758,3494.114
2019-08-28,45,1152.744,2120.308,3273.052
2019-08-28,46,1136.69,2191.904,3328.594
2019-08-28,47,1131.092,2159.468,3290.56
2019-08-28,48,1228.988,1979.414,3208.402
2019-08-29,1,1419.838,1847.35,3267.188
2019-08-29,2,1442.808,1774.116,3216.924
2019-08-29,3,1476.862,1789.898,3266.76
2019-08-29,4,1606.834,1790.35,3397.184
2019-08-29,5,1654.446,1805.736,3460.182
2019-08-29,6,1747.224,1947.902,3695.126
2019-08-29,7,1659.088,1989.896,3648.984
2019-08-29,8,1645.302,2070.802,3716.104
2019-08-29,9,1614.528,2139.746,3754.274
2019-08-29,10,1631.462,2316.362,3947.824
2019-08-29,11,1762.15,2293.428,4055.578
2019-08-29,12,1890.208,2202.076,4092.284
2019-08-29,13,2028.562,2440.042,4468.604
2019-08-29,14,2232.826,2672.964,4905.79
2019-08-29,15,2427.52,2692.56,5120.08
2019-08-29,16,2819.952,2704.556,5524.508
2019-08-29,17,3036.39,2646.602,5682.992
2019-08-29,18,3270.374,2704.766,5975.14
2019-08-29,19,3681.264,2898.522,6579.786
2019-08-29,20,3849.586,3007.348,6856.934
2019-08-29,21,4165.204,2867.688,7032.892
2019-08-29,22,4469.972,2926.71,7396.682
2019-08-29,23,4605.384,3200.53,7805.914
2019-08-29,24,4572.692,3257.796,7830.488
2019-08-29,25,4619.814,3288.984,7908.798
2019-08-29,26,4828.508,3360.626,8189.134
2019-08-29,27,4849.816,3575.75,8425.566
2019-08-29,28,4699.24,3923.252,8622.492
2019-08-29,29,4569.26,4072.452,8641.712
2019-08-29,30,4437.616,4279.618,8717.234
2019-08-29,31,4420.814,4421.982,8842.796
2019-08-29,32,4477.264,4394.912,8872.176
2019-08-29,33,4631.034,4470.598,9101.632
2019-08-29,34,4822.29,4836.766,9659.056
2019-08-29,35,4765.448,5020.404,9785.852
2019-08-29,36,4598.708,5031.798,9630.506
2019-08-29,37,4754.474,5278.954,10033.428
2019-08-29,38,4830.828,5204.888,10035.716
2019-08-29,39,4819.836,5079.536,9899.372
2019-08-29,40,4564.272,4981.27,9545.542
2019-08-29,41,4482.412,5000.532,9482.944
2019-08-29,42,4464.092,5070.762,9534.854
2019-08-29,43,4499.82,5037.492,9537.312
2019-08-29,44,4601.366,5315.068,9916.434
2019-08-29,45,4625.006,5343.734,9968.74
2019-08-29,46,4577.392,5243.13,9820.522
2019-08-29,47,4471.398,5285.338,9756.736
2019-08-29,48,4355.844,5378.96,9734.804
2019-08-30,1,4437.53,5286.282,9723.812
2019-08-30,2,4329.654,5263.858,9593.512
2019-08-30,3,4129.912,5117.864,9247.776
2019-08-30,4,4071.256,5164.358,9235.614
2019-08-30,5,3997.938,5251.068,9249.006
2019-08-30,6,3955.166,5194.592,9149.758
2019-08-30,7,3899.586,5173.662,9073.248
2019-08-30,8,3898.306,5258.284,9156.59
2019-08-30,9,3910.864,5339.888,9250.752
2019-08-30,10,3838.546,5254.474,9093.02
2019-08-30,11,3810.358,5190.922,9001.28
2019-08-30,12,3800.084,5220.628,9020.712
2019-08-30,13,3835.692,5070.322,8906.014
2019-08-30,14,3932.102,5200.25,9132.352
2019-08-30,15,3978.914,5235.63,9214.544
2019-08-30,16,4065.892,5406.726,9472.618
2019-08-30,17,4114.742,5445.302,9560.044
2019-08-30,18,4375.702,5383.464,9759.166
2019-08-30,19,4528.522,5422.36,9950.882
2019-08-30,20,4685.69,5441.93,10127.62
2019-08-30,21,4559.674,5420.316,9979.99
2019-08-30,22,4583.664,5496.122,10079.786
2019-08-30,23,4734.362,5572.266,10306.628
2019-08-30,24,4647.396,5486.43,10133.826
2019-08-30,25,4589.942,5513.986,10103.928
2019-08-30,26,4638.146,5423.438,10061.584
2019-08-30,27,4555.458,5411.462,9966.92
2019-08-30,28,4265.58,5486.248,9751.828
2019-08-30,29,4313.658,5547.164,9860.822
2019-08-30,30,4060.306,5506.898,9567.204
2019-08-30,31,3157.062,5587.908,8744.97
2019-08-30,32,2562.714,5577.664,8140.378
2019-08-30,33,2265.378,5424.754,7690.132
2019-08-30,34,2052.188,5294.094,7346.282
2019-08-30,35,2123.944,5177.494,7301.438
2019-08-30,36,2425.286,4973.64,7398.926
2019-08-30,37,2582.658,4801.076,7383.734
2019-08-30,38,2716.6,4692.006,7408.606
2019-08-30,39,2569.55,4566.612,7136.162
2019-08-30,40,2418.054,4273.21,6691.264
2019-08-30,41,2420.842,4032.998,6453.84
2019-08-30,42,2422.052,3898.698,6320.75
2019-08-30,43,2360.21,3998.272,6358.482
2019-08-30,44,2140.224,4155.294,6295.518
2019-08-30,45,2103.55,4344.564,6448.114
2019-08-30,46,2059.314,4636.392,6695.706
2019-08-30,47,1803.944,4810.578,6614.522
2019-08-30,48,1786.866,4909.526,6696.392
2019-08-31,1,1763.51,4960.878,6724.388
2019-08-31,2,1701.772,4919.11,6620.882
2019-08-31,3,1541.19,4749.7,6290.89
2019-08-31,4,1485.388,4534.392,6019.78
2019-08-31,5,1530.228,4458.106,5988.334
2019-08-31,6,1589.96,4569.538,6159.498
2019-08-31,7,1735.932,4479.03,6214.962
2019-08-31,8,1782.976,4575.816,6358.792
2019-08-31,9,1732.14,4552.496,6284.636
2019-08-31,10,1677,4509.218,6186.218
2019-08-31,11,1626.362,4559.828,6186.19
2019-08-31,12,1778.708,4646.832,6425.54
2019-08-31,13,1758.332,4757.09,6515.422
2019-08-31,14,1762.194,4661.166,6423.36
2019-08-31,15,1844.924,4568.498,6413.422
2019-08-31,16,1823.104,4582.69,6405.794
2019-08-31,17,1957.91,4707.816,6665.726
2019-08-31,18,2175.872,4773.46,6949.332
2019-08-31,19,2291.704,4757.414,7049.118
2019-08-31,20,2497.952,4726.164,7224.116
2019-08-31,21,2728.55,4852.118,7580.668
2019-08-31,22,2793.242,4961.158,7754.4
2019-08-31,23,2720.828,4782.614,7503.442
2019-08-31,24,2544.562,4778.348,7322.91
2019-08-31,25,2446.298,4674.58,7120.878
2019-08-31,26,2483.08,4497.416,6980.496
2019-08-31,27,2329.346,4380.668,6710.014
2019-08-31,28,2175.348,4260.348,6435.696
2019-08-31,29,1937.14,4177.374,6114.514
2019-08-31,30,1890.936,4232.084,6123.02
2019-08-31,31,1806.872,4298.164,6105.036
2019-08-31,32,1680.288,4378.244,6058.532
2019-08-31,33,1640.508,4482.348,6122.856
2019-08-31,34,1558.158,4524.188,6082.346
2019-08-31,35,1558.376,4670.244,6228.62
2019-08-31,36,1584.532,4953.938,6538.47
2019-08-31,37,1780.3,4642.598,6422.898
2019-08-31,38,1832.102,4135.638,5967.74
2019-08-31,39,1899.14,3876.526,5775.666
2019-08-31,40,1962.876,3601.48,5564.356
2019-08-31,41,1996.174,3686.11,5682.284
2019-08-31,42,2345.464,3697.176,6042.64
2019-08-31,43,2634.608,4006.938,6641.546
2019-08-31,44,2607.528,3865.792,6473.32
2019-08-31,45,2552.26,4245.424,6797.684
2019-08-31,46,2376.664,4366.524,6743.188
2019-08-31,47,2310.786,4577.784,6888.57
2019-08-31,48,2260.724,4697.03,6957.754
2019-09-01,1,2027.902,4807.364,6835.266
2019-09-01,2,1945.858,4630.298,6576.156
2019-09-01,3,1925.6,4320,6245.6
2019-09-01,4,1866,4158.232,6024.232
2019-09-01,5,1801.158,4030.818,5831.976
2019-09-01,6,1853.602,3817.616,5671.218
2019-09-01,7,1937.734,3733.552,5671.286
2019-09-01,8,1990.658,3835.212,5825.87
2019-09-01,9,2147.426,3897.388,6044.814
2019-09-01,10,2112.192,3798.578,5910.77
2019-09-01,11,2078.404,3738.386,5816.79
2019-09-01,12,2100.068,3726.058,5826.126
2019-09-01,13,2040.466,3616.822,5657.288
2019-09-01,14,1952.08,3475.802,5427.882
2019-09-01,15,1914.328,3528.656,5442.984
2019-09-01,16,1914.492,3892.682,5807.174
2019-09-01,17,1884.062,4138.54,6022.602
2019-09-01,18,1823.478,4052.626,5876.104
2019-09-01,19,1713.946,3956.954,5670.9
2019-09-01,20,1877.492,3816.406,5693.898
2019-09-01,21,1946.174,3713.172,5659.346
2019-09-01,22,1924.604,3630.924,5555.528
2019-09-01,23,1893.588,3538.044,5431.632
2019-09-01,24,2080.87,3380.676,5461.546
2019-09-01,25,2126.126,3350.432,5476.558
2019-09-01,26,1955.61,3356.996,5312.606
2019-09-01,27,2142.012,3514.732,5656.744
2019-09-01,28,2213.662,3808.22,6021.882
2019-09-01,29,2271.088,3622.478,5893.566
2019-09-01,30,2231.48,3380.242,5611.722
2019-09-01,31,2228.31,3003.036,5231.346
2019-09-01,32,2246.126,3041.916,5288.042
2019-09-01,33,1928.682,3318.226,5246.908
2019-09-01,34,1837.942,3126.436,4964.378
2019-09-01,35,1591.13,3051.704,4642.834
2019-09-01,36,1299.584,3083.776,4383.36
2019-09-01,37,873.306,3240.292,4113.598
2019-09-01,38,722.564,3322.906,4045.47
2019-09-01,39,663.51,2990.544,3654.054
2019-09-01,40,538.816,2920.43,3459.246
2019-09-01,41,463.092,2884.324,3347.416
2019-09-01,42,383.504,3108.51,3492.014
2019-09-01,43,359.42,3151.432,3510.852
2019-09-01,44,343.878,3261.702,3605.58
2019-09-01,45,343.154,3420.882,3764.036
2019-09-01,46,353.424,3514.528,3867.952
2019-09-01,47,411.554,3539.51,3951.064
2019-09-01,48,453.624,3602.03,4055.654
2019-09-02,1,483.014,3735.456,4218.47
2019-09-02,2,474.15,3898.654,4372.804
2019-09-02,3,551.262,3877.616,4428.878
2019-09-02,4,631.418,3621.874,4253.292
2019-09-02,5,678.036,3329.728,4007.764
2019-09-02,6,657.584,3099.064,3756.648
2019-09-02,7,678.354,2765.546,3443.9
2019-09-02,8,738.422,2347.866,3086.288
2019-09-02,9,813.084,2047.62,2860.704
2019-09-02,10,829.202,1878.716,2707.918
2019-09-02,11,889.596,1655.054,2544.65
2019-09-02,12,1011.804,1494.924,2506.728
2019-09-02,13,1062.068,1642.116,2704.184
2019-09-02,14,1138.446,1901.312,3039.758
2019-09-02,15,1283.558,2091.742,3375.3
2019-09-02,16,1407.604,2260.788,3668.392
2019-09-02,17,1570.298,2484.558,4054.856
2019-09-02,18,1787.156,2641.884,4429.04
2019-09-02,19,2240.634,2995.612,5236.246
2019-09-02,20,2557.054,3096.852,5653.906
2019-09-02,21,2725.514,3268.82,5994.334
2019-09-02,22,2867.796,3352.672,6220.468
2019-09-02,23,3326.46,3451.742,6778.202
2019-09-02,24,3333.352,3641.452,6974.804
2019-09-02,25,3422.794,3736.556,7159.35
2019-09-02,26,3582.298,3869.824,7452.122
2019-09-02,27,3659.22,4144.926,7804.146
2019-09-02,28,3562.674,4437.626,8000.3
2019-09-02,29,3515.322,4593.742,8109.064
2019-09-02,30,3318.844,4691.11,8009.954
2019-09-02,31,3286.368,4586.214,7872.582
2019-09-02,32,3390.616,4677.48,8068.096
2019-09-02,33,3241.464,4694.026,7935.49
2019-09-02,34,2933.216,4933.484,7866.7
2019-09-02,35,2810.344,5297.448,8107.792
2019-09-02,36,3079.932,5302.864,8382.796
2019-09-02,37,3135.014,5537.45,8672.464
2019-09-02,38,2912.828,5706.54,8619.368
2019-09-02,39,2786.21,6065.156,8851.366
2019-09-02,40,2740.806,6250.97,8991.776
2019-09-02,41,2749.52,6291.45,9040.97
2019-09-02,42,2836.454,6320.414,9156.868
2019-09-02,43,2899.644,6435.088,9334.732
2019-09-02,44,2821.144,6597.76,9418.904
2019-09-02,45,2634.3,6648.134,9282.434
2019-09-02,46,2352.26,6686.264,9038.524
2019-09-02,47,2145.32,6341.72,8487.04
2019-09-02,48,1983.708,6388.024,8371.732
2019-09-03,1,1851.122,6546.056,8397.178
2019-09-03,2,1662.256,6496.672,8158.928
2019-09-03,3,1528.77,6460.192,7988.962
2019-09-03,4,1304.178,6408.956,7713.134
2019-09-03,5,1301.58,6486.116,7787.696
2019-09-03,6,1206.454,6370.812,7577.266
2019-09-03,7,1145.1,6271.528,7416.628
2019-09-03,8,1224.538,6103.282,7327.82
2019-09-03,9,1208.97,5879.374,7088.344
2019-09-03,10,1100.714,5761.024,6861.738
2019-09-03,11,1004.4,5761.258,6765.658
2019-09-03,12,1012.388,5731.438,6743.826
2019-09-03,13,1050.518,5709.732,6760.25
2019-09-03,14,931.972,5552.912,6484.884
2019-09-03,15,914.348,5307.272,6221.62
2019-09-03,16,976.116,4959.498,5935.614
2019-09-03,17,944.2,4920.188,5864.388
2019-09-03,18,959.874,4766.312,5726.186
2019-09-03,19,969.272,4477.426,5446.698
2019-09-03,20,978.88,4133.088,5111.968
2019-09-03,21,1036.868,3940.232,4977.1
2019-09-03,22,1033.372,3723.508,4756.88
2019-09-03,23,1095.602,3689.074,4784.676
2019-09-03,24,1218.4,3659.786,4878.186
2019-09-03,25,1341.276,3410.574,4751.85
2019-09-03,26,1377.792,3502.644,4880.436
2019-09-03,27,1481.16,3615.878,5097.038
2019-09-03,28,1641.512,3574.876,5216.388
2019-09-03,29,1748.588,3567.9,5316.488
2019-09-03,30,1809.21,3663.532,5472.742
2019-09-03,31,1932.052,3643.056,5575.108
2019-09-03,32,2057.116,3685.46,5742.576
2019-09-03,33,2186.302,3746.762,5933.064
2019-09-03,34,2305.076,3800,6105.076
2019-09-03,35,2352.574,3779.896,6132.47
2019-09-03,36,2269.436,3724.804,5994.24
2019-09-03,37,2168.986,3788.434,5957.42
2019-09-03,38,2164.736,3837.716,6002.452
2019-09-03,39,2442.554,4122.59,6565.144
2019-09-03,40,2309.61,4346.412,6656.022
2019-09-03,41,2226.708,4660.088,6886.796
2019-09-03,42,2275.026,5156.534,7431.56
2019-09-03,43,2399.56,5211.188,7610.748
2019-09-03,44,2388.67,4989.474,7378.144
2019-09-03,45,2421.704,5100.1,7521.804
2019-09-03,46,2198.678,5572.632,7771.31
2019-09-03,47,1971.32,5739.356,7710.676
2019-09-03,48,1809.24,5773.52,7582.76
2019-09-04,1,1889.354,5514.254,7403.608
2019-09-04,2,2109.192,5284.098,7393.29
2019-09-04,3,2169.242,4926.908,7096.15
2019-09-04,4,2101.538,5018.572,7120.11
2019-09-04,5,1989.28,5183.906,7173.186
2019-09-04,6,1988.622,5117.404,7106.026
2019-09-04,7,2084.874,5186.732,7271.606
2019-09-04,8,2191.892,5435.026,7626.918
2019-09-04,9,2106.964,5479.586,7586.55
2019-09-04,10,2232.39,5453.978,7686.368
2019-09-04,11,2397.89,5666.964,8064.854
2019-09-04,12,2387.636,5816.968,8204.604
2019-09-04,13,2495.598,6134.208,8629.806
2019-09-04,14,2497.33,6096.528,8593.858
2019-09-04,15,2571.552,5974.366,8545.918
2019-09-04,16,2630.066,5871.016,8501.082
2019-09-04,17,2637.208,5800.686,8437.894
2019-09-04,18,2719.812,5463.724,8183.536
2019-09-04,19,2877.428,5199.376,8076.804
2019-09-04,20,2864.034,5245.994,8110.028
2019-09-04,21,2828.208,5162.1,7990.308
2019-09-04,22,2965.522,5204.076,8169.598
2019-09-04,23,3023.874,5139.606,8163.48
2019-09-04,24,2933.192,5162.11,8095.302
2019-09-04,25,2749.816,5146.872,7896.688
2019-09-04,26,2687.326,5343.682,8031.008
2019-09-04,27,2553.768,5555.618,8109.386
2019-09-04,28,2515.31,5801.764,8317.074
2019-09-04,29,2685.868,5899.928,8585.796
2019-09-04,30,3093.036,5994.752,9087.788
2019-09-04,31,3444.434,6335.76,9780.194
2019-09-04,32,3248.694,6499.828,9748.522
2019-09-04,33,3132.506,6455.278,9587.784
2019-09-04,34,3326.762,6547.08,9873.842
2019-09-04,35,3435.26,6615.056,10050.316
2019-09-04,36,3360.79,6700.012,10060.802
2019-09-04,37,3335.614,6734.916,10070.53
2019-09-04,38,3346.106,6785.85,10131.956
2019-09-04,39,3203.79,6749.414,9953.204
2019-09-04,40,3115.772,6770.026,9885.798
2019-09-04,41,3105.8,6841.522,9947.322
2019-09-04,42,3326.65,6919.872,10246.522
2019-09-04,43,3444.02,6875.988,10320.008
2019-09-04,44,3258.474,6855.048,10113.522
2019-09-04,45,3087.83,6940.844,10028.674
2019-09-04,46,3099.786,6950.256,10050.042
2019-09-04,47,3379.08,6979.836,10358.916
2019-09-04,48,3575.046,6982.064,10557.11
2019-09-05,1,3254.638,7005.95,10260.588
2019-09-05,2,3087.968,7008.912,10096.88
2019-09-05,3,3020.36,6995.4,10015.76
2019-09-05,4,2916.638,6945.324,9861.962
2019-09-05,5,3087.978,6855.342,9943.32
2019-09-05,6,3248.182,6756.31,10004.492
2019-09-05,7,2990.934,6753.182,9744.116
2019-09-05,8,2883.722,6697.688,9581.41
2019-09-05,9,2780.512,6752.454,9532.966
2019-09-05,10,2529.404,6717.258,9246.662
2019-09-05,11,2432.044,6672.43,9104.474
2019-09-05,12,2380.944,6612.01,8992.954
2019-09-05,13,2410.464,6474.732,8885.196
2019-09-05,14,2375.194,6319.208,8694.402
2019-09-05,15,2490.138,6150.436,8640.574
2019-09-05,16,2530.862,6036.346,8567.208
2019-09-05,17,2420.918,6042.684,8463.602
2019-09-05,18,2346.242,6082.876,8429.118
2019-09-05,19,2389.948,5927.176,8317.124
2019-09-05,20,2396.778,5445.02,7841.798
2019-09-05,21,2608.962,5399.866,8008.828
2019-09-05,22,2921.408,5276.884,8198.292
2019-09-05,23,3276.044,4795.144,8071.188
2019-09-05,24,3596.746,4203.74,7800.486
2019-09-05,25,3836.75,3965.366,7802.116
2019-09-05,26,4028.086,3833.798,7861.884
2019-09-05,27,4169.474,3425.81,7595.284
2019-09-05,28,4274.422,3031.718,7306.14
2019-09-05,29,4186.066,2860.494,7046.56
2019-09-05,30,4370.99,2807.914,7178.904
2019-09-05,31,4433.89,2711.66,7145.55
2019-09-05,32,4393.82,2654.814,7048.634
2019-09-05,33,4447.196,2654.902,7102.098
2019-09-05,34,4414.758,2629.508,7044.266
2019-09-05,35,4022.754,2663.048,6685.802
2019-09-05,36,3671.26,2908.196,6579.456
2019-09-05,37,3386.958,3077.462,6464.42
2019-09-05,38,3473.418,3364.546,6837.964
2019-09-05,39,3565.402,3680.172,7245.574
2019-09-05,40,3529.412,3742.692,7272.104
2019-09-05,41,3489.512,3735.998,7225.51
2019-09-05,42,3532.226,3824.998,7357.224
2019-09-05,43,3762.452,3903.592,7666.044
2019-09-05,44,3827.84,4244.492,8072.332
2019-09-05,45,3884.872,4550.512,8435.384
2019-09-05,46,3893.772,4835.152,8728.924
2019-09-05,47,3806.91,4921.248,8728.158
2019-09-05,48,3604.848,4878.15,8482.998
2019-09-06,1,3376.278,4823.156,8199.434
2019-09-06,2,3381.464,4982.42,8363.884
2019-09-06,3,3357.774,5143.9,8501.674
2019-09-06,4,3329.538,5090.768,8420.306
2019-09-06,5,3253.498,5015.872,8269.37
2019-09-06,6,3219.348,5087.894,8307.242
2019-09-06,7,3133.92,5147.85,8281.77
2019-09-06,8,2874.428,5156.092,8030.52
2019-09-06,9,2831.922,5173.186,8005.108
2019-09-06,10,2980.932,5205.752,8186.684
2019-09-06,11,3185.084,5386.534,8571.618
2019-09-06,12,3442.116,5601.502,9043.618
2019-09-06,13,3574.268,5699.352,9273.62
2019-09-06,14,3773.658,5863.784,9637.442
2019-09-06,15,3578.508,6070.404,9648.912
2019-09-06,16,3402.922,6182.018,9584.94
2019-09-06,17,3482.038,6481.494,9963.532
2019-09-06,18,3742.432,6625.948,10368.38
2019-09-06,19,3563.598,6726.306,10289.904
2019-09-06,20,3496.546,6829.086,10325.632
2019-09-06,21,3631.16,6883.968,10515.128
2019-09-06,22,3662.134,6803.09,10465.224
2019-09-06,23,3820.342,6812.744,10633.086
2019-09-06,24,3964.926,6788.332,10753.258
2019-09-06,25,4046.582,6782.294,10828.876
2019-09-06,26,4183.646,6832.272,11015.918
2019-09-06,27,4478.216,6831.362,11309.578
2019-09-06,28,4604.052,6774.518,11378.57
2019-09-06,29,4482.23,6650.018,11132.248
2019-09-06,30,4491.828,6441.648,10933.476
2019-09-06,31,4566.752,6234.076,10800.828
2019-09-06,32,4529.114,5780.03,10309.144
2019-09-06,33,4680.948,5424.166,10105.114
2019-09-06,34,4754.71,5053.996,9808.706
2019-09-06,35,4550.344,4773.244,9323.588
2019-09-06,36,4384.27,4555.05,8939.32
2019-09-06,37,4028.736,4553.91,8582.646
2019-09-06,38,3912.332,4274.304,8186.636
2019-09-06,39,3915.796,3980.956,7896.752
2019-09-06,40,3657.956,3866.03,7523.986
2019-09-06,41,3387.592,3849.278,7236.87
2019-09-06,42,3216.098,3995.926,7212.024
2019-09-06,43,3119.094,4310.732,7429.826
2019-09-06,44,2768.94,4716.024,7484.964
2019-09-06,45,2641.064,5017.506,7658.57
2019-09-06,46,2402.964,5136.296,7539.26
2019-09-06,47,2326.456,5231.102,7557.558
2019-09-06,48,2146.794,4940.08,7086.874
2019-09-07,1,1886.476,5081.646,6968.122
2019-09-07,2,1741.722,5095.214,6836.936
2019-09-07,3,1618.172,4771.762,6389.934
2019-09-07,4,1540.614,4669.882,6210.496
2019-09-07,5,1459,4484.344,5943.344
2019-09-07,6,1431.244,4329.008,5760.252
2019-09-07,7,1409.574,3946.25,5355.824
2019-09-07,8,1444.466,3708.078,5152.544
2019-09-07,9,1563.958,3678.446,5242.404
2019-09-07,10,1598.346,3597.344,5195.69
2019-09-07,11,1484.524,4023.72,5508.244
2019-09-07,12,1413.564,4217.578,5631.142
2019-09-07,13,1243.73,4204.514,5448.244
2019-09-07,14,1198.38,4190.65,5389.03
2019-09-07,15,1162.774,4198.638,5361.412
2019-09-07,16,1015.912,3846.876,4862.788
2019-09-07,17,1011.094,3738.142,4749.236
2019-09-07,18,962.456,3703.978,4666.434
2019-09-07,19,886.686,3789.436,4676.122
2019-09-07,20,826.598,3728.01,4554.608
2019-09-07,21,732.576,3798.172,4530.748
2019-09-07,22,638.92,3899.772,4538.692
2019-09-07,23,576.14,3746.97,4323.11
2019-09-07,24,494.084,3790.216,4284.3
2019-09-07,25,418.034,3865.862,4283.896
2019-09-07,26,389.496,4027.026,4416.522
2019-09-07,27,379.334,3992.616,4371.95
2019-09-07,28,350.144,4048.418,4398.562
2019-09-07,29,361.018,4133.972,4494.99
2019-09-07,30,349.988,4272.264,4622.252
2019-09-07,31,351.396,4319.78,4671.176
2019-09-07,32,338.512,4386.068,4724.58
2019-09-07,33,322.024,4479.764,4801.788
2019-09-07,34,323.136,4376.086,4699.222
2019-09-07,35,313.682,4288.702,4602.384
2019-09-07,36,277.586,4346.948,4624.534
2019-09-07,37,263.512,4433.28,4696.792
2019-09-07,38,263.35,4435.106,4698.456
2019-09-07,39,251.514,4339.15,4590.664
2019-09-07,40,183.338,4386.088,4569.426
2019-09-07,41,145.752,4411.494,4557.246
2019-09-07,42,154.004,4289.312,4443.316
2019-09-07,43,140.282,4238.656,4378.938
2019-09-07,44,129.21,4070.966,4200.176
2019-09-07,45,109.734,3799.564,3909.298
2019-09-07,46,110.802,3591.4,3702.202
2019-09-07,47,100.644,3402.004,3502.648
2019-09-07,48,100.91,3277.716,3378.626
2019-09-08,1,89.666,3461.828,3551.494
2019-09-08,2,92.086,3238.082,3330.168
2019-09-08,3,106.546,2833.774,2940.32
2019-09-08,4,130.082,2761.74,2891.822
2019-09-08,5,156.266,2824.948,2981.214
2019-09-08,6,178.682,2976.416,3155.098
2019-09-08,7,188.178,3050.85,3239.028
2019-09-08,8,213.49,3113.03,3326.52
2019-09-08,9,259.106,3181.262,3440.368
2019-09-08,10,272.074,2874.138,3146.212
2019-09-08,11,251.338,2829.77,3081.108
2019-09-08,12,231.564,2891.93,3123.494
2019-09-08,13,222.176,2852.152,3074.328
2019-09-08,14,217.044,2951.798,3168.842
2019-09-08,15,235.856,2813.774,3049.63
2019-09-08,16,232.772,2656.56,2889.332
2019-09-08,17,230.452,2529.412,2759.864
2019-09-08,18,216.626,2215.542,2432.168
2019-09-08,19,226.31,2042.706,2269.016
2019-09-08,20,226.698,2000.994,2227.692
2019-09-08,21,250.872,1791.83,2042.702
2019-09-08,22,287.988,1757.664,2045.652
2019-09-08,23,296.246,1527.282,1823.528
2019-09-08,24,332.484,1333.28,1665.764
2019-09-08,25,356.82,1176.918,1533.738
2019-09-08,26,372.158,1057.96,1430.118
2019-09-08,27,406.792,864.398,1271.19
2019-09-08,28,472.246,789.89,1262.136
2019-09-08,29,504.144,699.358,1203.502
2019-09-08,30,511.818,598.634,1110.452
2019-09-08,31,609.524,550.646,1160.17
2019-09-08,32,718.764,465.416,1184.18
2019-09-08,33,772.18,389.788,1161.968
2019-09-08,34,861.98,351.57,1213.55
2019-09-08,35,925.062,371.328,1296.39
2019-09-08,36,912.876,392.99,1305.866
2019-09-08,37,878.448,471.826,1350.274
2019-09-08,38,855.588,476.86,1332.448
2019-09-08,39,855.452,448.168,1303.62
2019-09-08,40,846.94,458.098,1305.038
2019-09-08,41,841.008,414.698,1255.706
2019-09-08,42,876.588,362.284,1238.872
2019-09-08,43,899.55,411.416,1310.966
2019-09-08,44,932.922,545.698,1478.62
2019-09-08,45,878.5,649.914,1528.414
2019-09-08,46,862.714,740.572,1603.286
2019-09-08,47,841.46,795.594,1637.054
2019-09-08,48,798.596,791.746,1590.342
2019-09-09,1,768.158,775.726,1543.884
2019-09-09,2,861.392,760.58,1621.972
2019-09-09,3,986.106,788.326,1774.432
2019-09-09,4,1024.536,835.28,1859.816
2019-09-09,5,1041.452,928.976,1970.428
2019-09-09,6,1156.884,1077.806,2234.69
2019-09-09,7,1237.894,1205.094,2442.988
2019-09-09,8,1263.93,1172.446,2436.376
2019-09-09,9,1228.87,1279.088,2507.958
2019-09-09,10,1213.014,1470.768,2683.782
2019-09-09,11,1188.902,1455.436,2644.338
2019-09-09,12,1201.228,1506.754,2707.982
2019-09-09,13,1171.834,1690.684,2862.518
2019-09-09,14,1251.332,1851.04,3102.372
2019-09-09,15,1264.672,1795.158,3059.83
2019-09-09,16,1223.774,1913.55,3137.324
2019-09-09,17,1059.856,1905.494,2965.35
2019-09-09,18,917.052,1930.496,2847.548
2019-09-09,19,829.366,1878.958,2708.324
2019-09-09,20,744.724,1716.532,2461.256
2019-09-09,21,770.44,1613.92,2384.36
2019-09-09,22,775.172,1568.244,2343.416
2019-09-09,23,784.49,1717.948,2502.438
2019-09-09,24,849.838,1669.116,2518.954
2019-09-09,25,914.498,1564.442,2478.94
2019-09-09,26,994.49,1374.368,2368.858
2019-09-09,27,972.8,1394.994,2367.794
2019-09-09,28,994.822,1395.172,2389.994
2019-09-09,29,950.93,1247.328,2198.258
2019-09-09,30,877.384,1105.29,1982.674
2019-09-09,31,839.148,987.37,1826.518
2019-09-09,32,941.09,955.494,1896.584
2019-09-09,33,961.256,926.346,1887.602
2019-09-09,34,953.424,891.172,1844.596
2019-09-09,35,925.208,920.596,1845.804
2019-09-09,36,961.248,963.916,1925.164
2019-09-09,37,1058.442,1004.188,2062.63
2019-09-09,38,1030.334,1039.066,2069.4
2019-09-09,39,1008.392,1116.83,2125.222
2019-09-09,40,1034.192,1226.336,2260.528
2019-09-09,41,1071.932,1183.726,2255.658
2019-09-09,42,1060.338,1142.012,2202.35
2019-09-09,43,975.254,1269.02,2244.274
2019-09-09,44,988.064,1342.11,2330.174
2019-09-09,45,1021.454,1365.696,2387.15
2019-09-09,46,1199.668,1346.776,2546.444
2019-09-09,47,1141.216,1210.09,2351.306
2019-09-09,48,1071.916,1122.836,2194.752
2019-09-10,1,997.914,1153.188,2151.102
2019-09-10,2,1013.782,1182.244,2196.026
2019-09-10,3,1019.996,1077.048,2097.044
2019-09-10,4,886.108,1031.084,1917.192
2019-09-10,5,759.572,996.274,1755.846
2019-09-10,6,744.674,999.806,1744.48
2019-09-10,7,721.102,985.846,1706.948
2019-09-10,8,678.226,1029.618,1707.844
2019-09-10,9,587.678,1040.338,1628.016
2019-09-10,10,525.642,993.904,1519.546
2019-09-10,11,490.67,921.946,1412.616
2019-09-10,12,415.528,894.492,1310.02
2019-09-10,13,382.432,784.572,1167.004
2019-09-10,14,292.584,825.382,1117.966
2019-09-10,15,225.644,888.006,1113.65
2019-09-10,16,241.762,862.17,1103.932
2019-09-10,17,256.148,856.472,1112.62
2019-09-10,18,252.83,847.3,1100.13
2019-09-10,19,268.118,831.27,1099.388
2019-09-10,20,283.06,750.2,1033.26
2019-09-10,21,288.968,637.92,926.888
2019-09-10,22,306.054,576.086,882.14
2019-09-10,23,445.556,536.544,982.1
2019-09-10,24,654.908,484.314,1139.222
2019-09-10,25,907.012,459.954,1366.966
2019-09-10,26,1181.338,524.22,1705.558
2019-09-10,27,1384.558,473.018,1857.576
2019-09-10,28,1597.404,556.004,2153.408
2019-09-10,29,1884.74,751.288,2636.028
2019-09-10,30,2145.61,788.198,2933.808
2019-09-10,31,2430.218,822.03,3252.248
2019-09-10,32,2711.144,1042.036,3753.18
2019-09-10,33,2970.582,1187.666,4158.248
2019-09-10,34,3148.936,1280.172,4429.108
2019-09-10,35,3210.67,1347.476,4558.146
2019-09-10,36,3577.026,1544.164,5121.19
2019-09-10,37,3845.484,2090.216,5935.7
2019-09-10,38,4096.284,2179.51,6275.794
2019-09-10,39,4357.686,2134.61,6492.296
2019-09-10,40,4469.684,2460.768,6930.452
2019-09-10,41,4426.732,2516.882,6943.614
2019-09-10,42,4235.298,2393.346,6628.644
2019-09-10,43,4094.774,2512.282,6607.056
2019-09-10,44,3846.66,2698.636,6545.296
2019-09-10,45,3740.328,2874.656,6614.984
2019-09-10,46,3559.344,3036.166,6595.51
2019-09-10,47,3332.966,3146.652,6479.618
2019-09-10,48,3145.652,3392.544,6538.196
2019-09-11,1,3113.128,3672.58,6785.708
2019-09-11,2,2903.14,3937.476,6840.616
2019-09-11,3,2843.452,4570.596,7414.048
2019-09-11,4,2846.188,5081.614,7927.802
2019-09-11,5,2753.738,5467.244,8220.982
2019-09-11,6,2718.176,5702.92,8421.096
2019-09-11,7,2921.402,5985.338,8906.74
2019-09-11,8,2801.454,6158.368,8959.822
2019-09-11,9,3018.272,6409.302,9427.574
2019-09-11,10,3060.652,6646.296,9706.948
2019-09-11,11,3170.876,6688.016,9858.892
2019-09-11,12,3097.976,6701.532,9799.508
2019-09-11,13,3387.836,6778.118,10165.954
2019-09-11,14,3819.972,6882.016,10701.988
2019-09-11,15,4027.788,6874.192,10901.98
2019-09-11,16,4078.038,6797.986,10876.024
2019-09-11,17,4110.122,6706.084,10816.206
2019-09-11,18,4480.13,6641.508,11121.638
2019-09-11,19,4622.63,6756.624,11379.254
2019-09-11,20,4369.352,6812.002,11181.354
2019-09-11,21,4241.762,6811.87,11053.632
2019-09-11,22,4245.256,6814.644,11059.9
2019-09-11,23,4362.726,6845.172,11207.898
2019-09-11,24,4386.45,6841.696,11228.146
2019-09-11,25,4458.878,6784.434,11243.312
2019-09-11,26,4531.9,6715.85,11247.75
2019-09-11,27,4359.648,6798.54,11158.188
2019-09-11,28,4461.654,6561.094,11022.748
2019-09-11,29,4318.944,6467.61,10786.554
2019-09-11,30,4467.426,6245.324,10712.75
2019-09-11,31,4425.106,5725.86,10150.966
2019-09-11,32,4477.966,5515.794,9993.76
2019-09-11,33,4597.776,5577.592,10175.368
2019-09-11,34,4465.012,5648.858,10113.87
2019-09-11,35,4359.708,5308.612,9668.32
2019-09-11,36,4174.936,5029.258,9204.194
2019-09-11,37,3899.758,4602.924,8502.682
2019-09-11,38,3845.48,4393.874,8239.354
2019-09-11,39,3656.77,3990.134,7646.904
2019-09-11,40,3602.274,3949.524,7551.798
2019-09-11,41,3623.958,4092.922,7716.88
2019-09-11,42,3613.518,4144.16,7757.678
2019-09-11,43,3395.978,3937.668,7333.646
2019-09-11,44,3234.578,3787.656,7022.234
2019-09-11,45,3277.096,4110.602,7387.698
2019-09-11,46,3178.138,3527.244,6705.382
2019-09-11,47,3095.892,3274.102,6369.994
2019-09-11,48,3197.398,3504.404,6701.802
2019-09-12,1,3210.308,3080.216,6290.524
2019-09-12,2,3050.098,2866.572,5916.67
2019-09-12,3,3078.818,2812.376,5891.194
2019-09-12,4,3085.988,2817.126,5903.114
2019-09-12,5,3001.654,2737.602,5739.256
2019-09-12,6,2908.234,2716.436,5624.67
2019-09-12,7,2765.538,2653.862,5419.4
2019-09-12,8,2693.28,2534.638,5227.918
2019-09-12,9,2715.96,2266.866,4982.826
2019-09-12,10,2611.522,2184.212,4795.734
2019-09-12,11,2422.586,2092.978,4515.564
2019-09-12,12,2425.75,2061.016,4486.766
2019-09-12,13,2625.476,2143.104,4768.58
2019-09-12,14,2602.418,2519.676,5122.094
2019-09-12,15,2469.072,2446.658,4915.73
2019-09-12,16,2258.136,2690.562,4948.698
2019-09-12,17,2140.354,2978.438,5118.792
2019-09-12,18,2254.928,3173.698,5428.626
2019-09-12,19,2380.222,3672.322,6052.544
2019-09-12,20,2362.756,3976.552,6339.308
2019-09-12,21,2296.538,4220.592,6517.13
2019-09-12,22,2211.112,4262.29,6473.402
2019-09-12,23,2123.058,4410.26,6533.318
2019-09-12,24,2062.544,4663.848,6726.392
2019-09-12,25,2084.74,5159.15,7243.89
2019-09-12,26,2130.616,5404.698,7535.314
2019-09-12,27,2262.266,5599.678,7861.944
2019-09-12,28,2198.976,5659.022,7857.998
2019-09-12,29,2346.808,5862.9,8209.708
2019-09-12,30,2621.484,5987.614,8609.098
2019-09-12,31,2752.428,6051.428,8803.856
2019-09-12,32,2931.916,6239.878,9171.794
2019-09-12,33,3236.74,6151.788,9388.528
2019-09-12,34,3188.452,6223.316,9411.768
2019-09-12,35,3155.694,6294.87,9450.564
2019-09-12,36,3220.454,6587.764,9808.218
2019-09-12,37,3274.866,6613.116,9887.982
2019-09-12,38,3041.55,6682.448,9723.998
2019-09-12,39,2858.726,6708.648,9567.374
2019-09-12,40,2869.606,6721.9,9591.506
2019-09-12,41,2738.308,6628.678,9366.986
2019-09-12,42,2901.544,6530.302,9431.846
2019-09-12,43,2957.922,6425.99,9383.912
2019-09-12,44,2768.732,6162.99,8931.722
2019-09-12,45,2760.588,5910.54,8671.128
2019-09-12,46,2847.294,5615.73,8463.024
2019-09-12,47,2986.294,5113.55,8099.844
2019-09-12,48,3121.5,4672.032,7793.532
2019-09-13,1,2933.204,3892.938,6826.142
2019-09-13,2,3015.064,3261.76,6276.824
2019-09-13,3,2993.548,3118.352,6111.9
2019-09-13,4,3050.822,3063.912,6114.734
2019-09-13,5,3050.266,2873.504,5923.77
2019-09-13,6,3071.43,2753.036,5824.466
2019-09-13,7,2970.458,2624.932,5595.39
2019-09-13,8,2836.24,2819.014,5655.254
2019-09-13,9,2793.746,2646.768,5440.514
2019-09-13,10,2677.168,2497.316,5174.484
2019-09-13,11,2629.184,2657.706,5286.89
2019-09-13,12,2597.01,2475.346,5072.356
2019-09-13,13,2530.476,2070.456,4600.932
2019-09-13,14,2518.864,1941.684,4460.548
2019-09-13,15,2508.328,1854.442,4362.77
2019-09-13,16,2666.326,1802.608,4468.934
2019-09-13,17,2612.164,1652.89,4265.054
2019-09-13,18,2518.36,1422.002,3940.362
2019-09-13,19,2595.878,1328.684,3924.562
2019-09-13,20,2715.376,1198.342,3913.718
2019-09-13,21,2797.15,1079.246,3876.396
2019-09-13,22,2828.422,830.536,3658.958
2019-09-13,23,2962.244,741.992,3704.236
2019-09-13,24,3087.1,644.584,3731.684
2019-09-13,25,3188.184,663.712,3851.896
2019-09-13,26,3042.726,601.174,3643.9
2019-09-13,27,3261.554,549.864,3811.418
2019-09-13,28,3200.43,582.446,3782.876
2019-09-13,29,3222.284,582.458,3804.742
2019-09-13,30,3167.484,572.55,3740.034
2019-09-13,31,3082.74,561.52,3644.26
2019-09-13,32,2922.002,518.362,3440.364
2019-09-13,33,2803.346,501.286,3304.632
2019-09-13,34,2626.678,459.714,3086.392
2019-09-13,35,2550.168,450.666,3000.834
2019-09-13,36,2605.302,500.41,3105.712
2019-09-13,37,2481.524,561.984,3043.508
2019-09-13,38,2350.928,605.916,2956.844
2019-09-13,39,1919.84,538.556,2458.396
2019-09-13,40,1615.938,552.848,2168.786
2019-09-13,41,1646.458,563.686,2210.144
2019-09-13,42,1744.46,496.026,2240.486
2019-09-13,43,1806.352,493.966,2300.318
2019-09-13,44,1865.954,503.196,2369.15
2019-09-13,45,1946.282,459.25,2405.532
2019-09-13,46,2000.524,455.332,2455.856
2019-09-13,47,2004.446,443.91,2448.356
2019-09-13,48,1905.216,420.666,2325.882
2019-09-14,1,2066.162,405.612,2471.774
2019-09-14,2,2171.516,411.248,2582.764
2019-09-14,3,2310.918,412.974,2723.892
2019-09-14,4,2369.162,430.88,2800.042
2019-09-14,5,2388.018,432.786,2820.804
2019-09-14,6,2376.468,460.704,2837.172
2019-09-14,7,2348.172,506.038,2854.21
2019-09-14,8,2467.046,544.04,3011.086
2019-09-14,9,2794.014,542.656,3336.67
2019-09-14,10,3089.794,539.35,3629.144
2019-09-14,11,3388.528,589.6,3978.128
2019-09-14,12,3633.452,718.228,4351.68
2019-09-14,13,3661.844,882.346,4544.19
2019-09-14,14,3908.48,801.186,4709.666
2019-09-14,15,4194.252,783.664,4977.916
2019-09-14,16,4331.486,760.552,5092.038
2019-09-14,17,4567.39,902.354,5469.744
2019-09-14,18,4561.118,978.884,5540.002
2019-09-14,19,4678.366,891.84,5570.206
2019-09-14,20,4904.274,894.064,5798.338
2019-09-14,21,4782.842,992.242,5775.084
2019-09-14,22,4832.918,1038.54,5871.458
2019-09-14,23,5045.612,1142.9,6188.512
2019-09-14,24,5028.714,1331.832,6360.546
2019-09-14,25,4813.482,1418.348,6231.83
2019-09-14,26,4727.566,1567.378,6294.944
2019-09-14,27,4270.508,1857.37,6127.878
2019-09-14,28,4068.52,1908.714,5977.234
2019-09-14,29,4055.804,1871.48,5927.284
2019-09-14,30,4059.864,1890.832,5950.696
2019-09-14,31,4101.998,1949.648,6051.646
2019-09-14,32,4160.044,2182.312,6342.356
2019-09-14,33,4075.148,2270.688,6345.836
2019-09-14,34,4219.636,2304.86,6524.496
2019-09-14,35,4360.44,2449.25,6809.69
2019-09-14,36,4372.358,2577.122,6949.48
2019-09-14,37,3973.602,2794.632,6768.234
2019-09-14,38,3797.03,3122.654,6919.684
2019-09-14,39,3738.516,3327.02,7065.536
2019-09-14,40,3760.79,3544.698,7305.488
2019-09-14,41,3775.41,3642.334,7417.744
2019-09-14,42,3662.71,3741.902,7404.612
2019-09-14,43,3496.584,4026.09,7522.674
2019-09-14,44,3498.146,4191.156,7689.302
2019-09-14,45,3479.1,4351.842,7830.942
2019-09-14,46,3431.802,4392.96,7824.762
2019-09-14,47,3418.198,4521.508,7939.706
2019-09-14,48,3285.086,4611.038,7896.124
2019-09-15,1,3242.974,4669.984,7912.958
2019-09-15,2,3183.986,4629.772,7813.758
2019-09-15,3,3175.73,4713.512,7889.242
2019-09-15,4,3193.73,4896.482,8090.212
2019-09-15,5,3273.594,4887.21,8160.804
2019-09-15,6,3504.232,4897.648,8401.88
2019-09-15,7,3675.888,5025.796,8701.684
2019-09-15,8,3818.264,4868.608,8686.872
2019-09-15,9,3846.95,4686.842,8533.792
2019-09-15,10,3940.6,4584.236,8524.836
2019-09-15,11,3780.588,4025.41,7805.998
2019-09-15,12,3761.472,3543.256,7304.728
2019-09-15,13,3649.186,3412.364,7061.55
2019-09-15,14,3636.63,3463.552,7100.182
2019-09-15,15,3294.356,3352.41,6646.766
2019-09-15,16,3076.466,3197.1,6273.566
2019-09-15,17,3013.136,3029.786,6042.922
2019-09-15,18,3070.988,2684.436,5755.424
2019-09-15,19,3075.226,2272.85,5348.076
2019-09-15,20,3085.872,1861.056,4946.928
2019-09-15,21,3151.926,1653.814,4805.74
2019-09-15,22,3303.732,1396.97,4700.702
2019-09-15,23,3453.086,1108.716,4561.802
2019-09-15,24,3390.844,968.844,4359.688
2019-09-15,25,3344.788,1101.468,4446.256
2019-09-15,26,3229.558,1075.02,4304.578
2019-09-15,27,3183.606,1080.628,4264.234
2019-09-15,28,3050.562,1072.89,4123.452
2019-09-15,29,2872.498,978.346,3850.844
2019-09-15,30,2848.938,975.582,3824.52
2019-09-15,31,2734.832,919.864,3654.696
2019-09-15,32,2499,757.764,3256.764
2019-09-15,33,2298.84,821.522,3120.362
2019-09-15,34,2123.702,645.542,2769.244
2019-09-15,35,2059.62,493.048,2552.668
2019-09-15,36,1975.1,390.076,2365.176
2019-09-15,37,1761.338,345.462,2106.8
2019-09-15,38,1523.336,390.49,1913.826
2019-09-15,39,1335.216,475.288,1810.504
2019-09-15,40,1281.504,471.152,1752.656
2019-09-15,41,1314.646,423.846,1738.492
2019-09-15,42,1224.196,344.02,1568.216
2019-09-15,43,1203.806,295.814,1499.62
2019-09-15,44,1222.466,259.814,1482.28
2019-09-15,45,1279.988,196.478,1476.466
2019-09-15,46,1282.346,154.1,1436.446
2019-09-15,47,1198.98,149.834,1348.814
2019-09-15,48,1181.822,156.276,1338.098
2019-09-16,1,1148.988,144.48,1293.468
2019-09-16,2,1150.732,127.256,1277.988
2019-09-16,3,1176.218,122.562,1298.78
2019-09-16,4,1240.694,140.664,1381.358
2019-09-16,5,1319.066,167.462,1486.528
2019-09-16,6,1347.972,180.2,1528.172
2019-09-16,7,1378.166,249.342,1627.508
2019-09-16,8,1489.776,259.74,1749.516
2019-09-16,9,1432.918,254.326,1687.244
2019-09-16,10,1489.306,186.116,1675.422
2019-09-16,11,1644.91,166.464,1811.374
2019-09-16,12,1594.692,191.142,1785.834
2019-09-16,13,1666.432,157.458,1823.89
2019-09-16,14,1615.218,170.338,1785.556
2019-09-16,15,1625.312,151.97,1777.282
2019-09-16,16,1654.142,150.54,1804.682
2019-09-16,17,1695.52,142.92,1838.44
2019-09-16,18,1621.206,160.336,1781.542
2019-09-16,19,1796.63,168.99,1965.62
2019-09-16,20,1936.82,167.134,2103.954
2019-09-16,21,2280.238,158.904,2439.142
2019-09-16,22,2544.306,184.638,2728.944
2019-09-16,23,2814.548,192.352,3006.9
2019-09-16,24,3051.244,197.94,3249.184
2019-09-16,25,3294.14,272.458,3566.598
2019-09-16,26,3314.762,368.134,3682.896
2019-09-16,27,3475.488,490.35,3965.838
2019-09-16,28,3564.296,523.884,4088.18
2019-09-16,29,3637,543.892,4180.892
2019-09-16,30,3708.204,602.662,4310.866
2019-09-16,31,3928.884,755.844,4684.728
2019-09-16,32,3900.718,919.742,4820.46
2019-09-16,33,3805.246,1046.588,4851.834
2019-09-16,34,3587.542,1074.244,4661.786
2019-09-16,35,3351.094,1243.424,4594.518
2019-09-16,36,3356.828,1162.99,4519.818
2019-09-16,37,3466.03,1046.988,4513.018
2019-09-16,38,3300.996,1130.004,4431
2019-09-16,39,3105.264,1227.954,4333.218
2019-09-16,40,3148.244,1388.218,4536.462
2019-09-16,41,3240.054,1445.796,4685.85
2019-09-16,42,3300.494,1434.604,4735.098
2019-09-16,43,3303.36,1542.244,4845.604
2019-09-16,44,3244.246,1515.858,4760.104
2019-09-16,45,3338.278,1447.948,4786.226
2019-09-16,46,3394.872,1366.92,4761.792
2019-09-16,47,3426.21,1312.428,4738.638
2019-09-16,48,3447.382,1351.254,4798.636
2019-09-17,1,3314.25,1466.898,4781.148
2019-09-17,2,3114.73,1734.696,4849.426
2019-09-17,3,3095.22,2102.938,5198.158
2019-09-17,4,3029.902,2134.66,5164.562
2019-09-17,5,3291.236,2228.6,5519.836
2019-09-17,6,3410.578,2321.08,5731.658
2019-09-17,7,3175.408,2331.51,5506.918
2019-09-17,8,3228.152,2325.186,5553.338
2019-09-17,9,3261.168,2428.632,5689.8
2019-09-17,10,3183.304,2485.458,5668.762
2019-09-17,11,3139.456,2605.124,5744.58
2019-09-17,12,2992.382,2700.802,5693.184
2019-09-17,13,2927.666,2728.43,5656.096
2019-09-17,14,2991.744,2703.264,5695.008
2019-09-17,15,2876.452,2875.628,5752.08
2019-09-17,16,2621.604,2746.74,5368.344
2019-09-17,17,2428.326,2364.25,4792.576
2019-09-17,18,2305.032,2526.696,4831.728
2019-09-17,19,2191.682,2675.732,4867.414
2019-09-17,20,2121.69,2721.216,4842.906
2019-09-17,21,2251.092,2562.484,4813.576
2019-09-17,22,2359.092,2478.366,4837.458
2019-09-17,23,2344.026,2539.148,4883.174
2019-09-17,24,2168.782,2767.292,4936.074
2019-09-17,25,1965.154,2890.136,4855.29
2019-09-17,26,1809.63,2768.002,4577.632
2019-09-17,27,1622.858,2602.254,4225.112
2019-09-17,28,1555,2617.504,4172.504
2019-09-17,29,1545.602,2712.278,4257.88
2019-09-17,30,1457.908,2692.058,4149.966
2019-09-17,31,1431.89,2817.74,4249.63
2019-09-17,32,1276.212,2886.21,4162.422
2019-09-17,33,1147.58,3099.916,4247.496
2019-09-17,34,1011.236,3226.916,4238.152
2019-09-17,35,941.692,3350.978,4292.67
2019-09-17,36,807.414,3265.182,4072.596
2019-09-17,37,699.128,3117.236,3816.364
2019-09-17,38,570.584,3094.934,3665.518
2019-09-17,39,485.58,2981.882,3467.462
2019-09-17,40,407.342,2722.096,3129.438
2019-09-17,41,376.3,2687.3,3063.6
2019-09-17,42,325.192,2515.29,2840.482
2019-09-17,43,311.918,2193.356,2505.274
2019-09-17,44,294.902,1925.414,2220.316
2019-09-17,45,240.682,1756.362,1997.044
2019-09-17,46,216.432,1652.374,1868.806
2019-09-17,47,215.542,1593.488,1809.03
2019-09-17,48,207.814,1323.518,1531.332
2019-09-18,1,206.428,1102.812,1309.24
2019-09-18,2,213.874,976.914,1190.788
2019-09-18,3,224.694,932.446,1157.14
2019-09-18,4,233.948,833.584,1067.532
2019-09-18,5,248.34,780.084,1028.424
2019-09-18,6,258.842,782.876,1041.718
2019-09-18,7,294.948,878.374,1173.322
2019-09-18,8,310.442,878.106,1188.548
2019-09-18,9,318.484,931.214,1249.698
2019-09-18,10,339.58,934.596,1274.176
2019-09-18,11,351.044,1037.942,1388.986
2019-09-18,12,372.552,1137.934,1510.486
2019-09-18,13,386.768,1162.936,1549.704
2019-09-18,14,407.352,1230.47,1637.822
2019-09-18,15,460.132,1193.126,1653.258
2019-09-18,16,491.212,1288.944,1780.156
2019-09-18,17,483.682,1155.872,1639.554
2019-09-18,18,478.788,1123.256,1602.044
2019-09-18,19,498.018,1078.766,1576.784
2019-09-18,20,533.15,1005.172,1538.322
2019-09-18,21,576.49,865.038,1441.528
2019-09-18,22,627.09,748.18,1375.27
2019-09-18,23,677.598,664.804,1342.402
2019-09-18,24,750.148,560.37,1310.518
2019-09-18,25,787.12,534.894,1322.014
2019-09-18,26,797.96,492.154,1290.114
2019-09-18,27,854.558,462.192,1316.75
2019-09-18,28,864.724,424.33,1289.054
2019-09-18,29,838.18,431.206,1269.386
2019-09-18,30,821.55,443.952,1265.502
2019-09-18,31,821.944,436.91,1258.854
2019-09-18,32,887.564,407.23,1294.794
2019-09-18,33,897.084,401.72,1298.804
2019-09-18,34,838.754,372.732,1211.486
2019-09-18,35,770.844,359.26,1130.104
2019-09-18,36,732.896,373.864,1106.76
2019-09-18,37,674.216,402.818,1077.034
2019-09-18,38,647.226,411.042,1058.268
2019-09-18,39,659.678,398.054,1057.732
2019-09-18,40,630.7,380.01,1010.71
2019-09-18,41,604.646,352.02,956.666
2019-09-18,42,580.488,347.668,928.156
2019-09-18,43,580.492,305.852,886.344
2019-09-18,44,610.196,295.908,906.104
2019-09-18,45,643.86,259.528,903.388
2019-09-18,46,642.406,206.006,848.412
2019-09-18,47,638.036,179.586,817.622
2019-09-18,48,587.25,181.638,768.888
2019-09-19,1,600.444,171.548,771.992
2019-09-19,2,539.508,155.096,694.604
2019-09-19,3,488.14,140.812,628.952
2019-09-19,4,477.402,132.448,609.85
2019-09-19,5,492.016,117.394,609.41
2019-09-19,6,493.188,110.064,603.252
2019-09-19,7,479.894,96.466,576.36
2019-09-19,8,482.534,83.002,565.536
2019-09-19,9,499.414,71.26,570.674
2019-09-19,10,513.156,65.788,578.944
2019-09-19,11,585.504,91.324,676.828
2019-09-19,12,639.056,117.258,756.314
2019-09-19,13,633.146,144.828,777.974
2019-09-19,14,629.964,153.51,783.474
2019-09-19,15,641.336,173.332,814.668
2019-09-19,16,623.602,195.546,819.148
2019-09-19,17,635.866,209.994,845.86
2019-09-19,18,654.102,206.762,860.864
2019-09-19,19,695.924,181.948,877.872
2019-09-19,20,712.53,168.078,880.608
2019-09-19,21,648.178,148.572,796.75
2019-09-19,22,577.782,161.92,739.702
2019-09-19,23,607.726,176.552,784.278
2019-09-19,24,632.224,180.598,812.822
2019-09-19,25,671.48,178.218,849.698
2019-09-19,26,646.63,116.408,763.038
2019-09-19,27,689.956,78.614,768.57
2019-09-19,28,703.252,81.094,784.346
2019-09-19,29,694.278,83.784,778.062
2019-09-19,30,674.314,93.474,767.788
2019-09-19,31,655.234,116.452,771.686
2019-09-19,32,670.138,131.704,801.842
2019-09-19,33,669.012,157.752,826.764
2019-09-19,34,574.036,200.436,774.472
2019-09-19,35,472.292,231.008,703.3
2019-09-19,36,420.768,263.756,684.524
2019-09-19,37,373.35,344.056,717.406
2019-09-19,38,358.932,393.782,752.714
2019-09-19,39,365.504,490.7,856.204
2019-09-19,40,378.222,568.54,946.762
2019-09-19,41,397.934,606.792,1004.726
2019-09-19,42,374.546,603.846,978.392
2019-09-19,43,387.136,625.58,1012.716
2019-09-19,44,393.006,714.816,1107.822
2019-09-19,45,385.408,739.852,1125.26
2019-09-19,46,369.15,702.936,1072.086
2019-09-19,47,395.66,764.58,1160.24
2019-09-19,48,385.81,854.538,1240.348
2019-09-20,1,366.008,887.064,1253.072
2019-09-20,2,360.43,929.41,1289.84
2019-09-20,3,389.342,1007.03,1396.372
2019-09-20,4,448.562,1110.024,1558.586
2019-09-20,5,507.808,1213.02,1720.828
2019-09-20,6,567.046,1316.014,1883.06
2019-09-20,7,626.284,1419.004,2045.288
2019-09-20,8,685.516,1521.994,2207.51
2019-09-20,9,744.748,1624.976,2369.724
2019-09-20,10,803.994,1727.974,2531.968
2019-09-20,11,863.23,1830.966,2694.196
2019-09-20,12,922.464,1933.96,2856.424
2019-09-20,13,981.692,2036.95,3018.642
2019-09-20,14,1040.936,2139.946,3180.882
2019-09-20,15,1100.178,2242.926,3343.104
2019-09-20,16,1159.41,2345.922,3505.332
2019-09-20,17,1218.642,2448.912,3667.554
2019-09-20,18,1277.88,2551.902,3829.782
2019-09-20,19,1337.104,2654.898,3992.002
2019-09-20,20,1396.352,2757.888,4154.24
2019-09-20,21,1455.598,2860.872,4316.47
2019-09-20,22,1514.818,2963.868,4478.686
2019-09-20,23,1574.06,3066.86,4640.92
2019-09-20,24,1633.29,3169.856,4803.146
2019-09-20,25,1692.522,3272.852,4965.374
2019-09-20,26,1751.764,3375.834,5127.598
2019-09-20,27,1811.006,3478.826,5289.832
2019-09-20,28,1870.248,3581.808,5452.056
2019-09-20,29,1929.48,3684.804,5614.284
2019-09-20,30,1988.71,3787.8,5776.51
2019-09-20,31,2047.952,3890.792,5938.744
2019-09-20,32,2107.172,3993.788,6100.96
2019-09-20,33,2166.418,4096.772,6263.19
2019-09-20,34,2225.666,4199.762,6425.428
2019-09-20,35,2284.89,4302.758,6587.648
2019-09-20,36,2344.128,4405.75,6749.878
2019-09-20,37,2403.36,4508.738,6912.098
2019-09-20,38,2462.592,4611.734,7074.326
2019-09-20,39,2521.834,4714.714,7236.548
2019-09-20,40,2581.078,4817.71,7398.788
2019-09-20,41,2640.306,4920.7,7561.006
2019-09-20,42,2699.54,5023.696,7723.236
2019-09-20,43,2758.776,5126.686,7885.462
2019-09-20,44,2818.022,5229.684,8047.706
2019-09-20,45,2877.254,5332.666,8209.92
2019-09-20,46,2936.486,5435.656,8372.142
2019-09-20,47,2995.724,5538.648,8534.372
2019-09-20,48,3054.962,5641.642,8696.604
2019-09-21,1,3114.208,5744.636,8858.844
2019-09-21,2,3173.428,5847.63,9021.058
2019-09-21,3,3246.054,5785.836,9031.89
2019-09-21,4,3332.886,5609.468,8942.354
2019-09-21,5,3207.564,5476.496,8684.06
2019-09-21,6,3087.062,5378.308,8465.37
2019-09-21,7,3118.5,5224.142,8342.642
2019-09-21,8,2970.36,5132.516,8102.876
2019-09-21,9,2987.886,5218.688,8206.574
2019-09-21,10,3108.082,5367.558,8475.64
2019-09-21,11,3175.2,5513.128,8688.328
2019-09-21,12,3200.768,5576.286,8777.054
2019-09-21,13,3252.228,5599.388,8851.616
2019-09-21,14,3170.558,5604.438,8774.996
2019-09-21,15,3225.652,5572.734,8798.386
2019-09-21,16,3303.268,5434.73,8737.998
2019-09-21,17,3352.738,5364.932,8717.67
2019-09-21,18,3335.394,5420.74,8756.134
2019-09-21,19,3333.544,5480.034,8813.578
2019-09-21,20,3300.392,5356.9,8657.292
2019-09-21,21,3403.878,5321.13,8725.008
2019-09-21,22,3650.922,5299.864,8950.786
2019-09-21,23,3753.858,5182.096,8935.954
2019-09-21,24,3894.018,5054.778,8948.796
2019-09-21,25,4045.65,4871.51,8917.16
2019-09-21,26,4253.59,4989.744,9243.334
2019-09-21,27,4361.978,5105.08,9467.058
2019-09-21,28,3993.772,5302.858,9296.63
2019-09-21,29,3904.286,5369.956,9274.242
2019-09-21,30,3982.634,5356.504,9339.138
2019-09-21,31,4022.314,5312.848,9335.162
2019-09-21,32,3848.352,5314.64,9162.992
2019-09-21,33,3687.322,5275.134,8962.456
2019-09-21,34,3459.838,5141.136,8600.974
2019-09-21,35,3421.676,5017.928,8439.604
2019-09-21,36,3448.058,4943.508,8391.566
2019-09-21,37,3438.316,5052.846,8491.162
2019-09-21,38,3382.592,5086.512,8469.104
2019-09-21,39,3323.462,5121.822,8445.284
2019-09-21,40,3132.148,5209.156,8341.304
2019-09-21,41,3056.406,5236.384,8292.79
2019-09-21,42,3049.504,5263.232,8312.736
2019-09-21,43,3033.502,5160.358,8193.86
2019-09-21,44,2885.376,5239.784,8125.16
2019-09-21,45,2844.792,5486.752,8331.544
2019-09-21,46,2697.922,5670.048,8367.97
2019-09-21,47,2508.642,5520.418,8029.06
2019-09-21,48,2438.282,5389.484,7827.766
2019-09-22,1,2397.836,5269.806,7667.642
2019-09-22,2,2400.302,5243.402,7643.704
2019-09-22,3,2386.816,5194.782,7581.598
2019-09-22,4,2304.962,5000.722,7305.684
2019-09-22,5,2269.142,4673.672,6942.814
2019-09-22,6,2246.7,4332.274,6578.974
2019-09-22,7,2194.176,4222.08,6416.256
2019-09-22,8,2092.418,4235.398,6327.816
2019-09-22,9,2062.458,4019.154,6081.612
2019-09-22,10,2008.586,3880.872,5889.458
2019-09-22,11,1905.074,3753.068,5658.142
2019-09-22,12,1879.86,3942.616,5822.476
2019-09-22,13,1863.28,3819.682,5682.962
2019-09-22,14,1904.612,4122.102,6026.714
2019-09-22,15,2006.084,4440.63,6446.714
2019-09-22,16,2154.452,4382.26,6536.712
2019-09-22,17,2291.006,4048.16,6339.166
2019-09-22,18,2412.534,4213.308,6625.842
2019-09-22,19,2581.538,4426.192,7007.73
2019-09-22,20,2598.766,4321.162,6919.928
2019-09-22,21,2328.166,3909.304,6237.47
2019-09-22,22,2267.302,3417.144,5684.446
2019-09-22,23,2194.522,3296.13,5490.652
2019-09-22,24,2300.348,2841.162,5141.51
2019-09-22,25,2413.06,2494.062,4907.122
2019-09-22,26,2325.94,2433.89,4759.83
2019-09-22,27,2289.058,2550.758,4839.816
2019-09-22,28,2137.042,2550.306,4687.348
2019-09-22,29,2028.194,2527.918,4556.112
2019-09-22,30,1904.848,2542.218,4447.066
2019-09-22,31,1790.868,2773.79,4564.658
2019-09-22,32,1612.98,2830.926,4443.906
2019-09-22,33,1562.646,2799.052,4361.698
2019-09-22,34,1575.956,2825.962,4401.918
2019-09-22,35,1508.94,3007.67,4516.61
2019-09-22,36,1426.372,3330.972,4757.344
2019-09-22,37,1366.102,3174.338,4540.44
2019-09-22,38,1393.384,2702.958,4096.342
2019-09-22,39,1374.644,2420.19,3794.834
2019-09-22,40,1246.548,2181.316,3427.864
2019-09-22,41,1166.976,2048.59,3215.566
2019-09-22,42,1107.456,1956.404,3063.86
2019-09-22,43,1022.988,2050.49,3073.478
2019-09-22,44,1043.938,2229.15,3273.088
2019-09-22,45,1007.488,2189.042,3196.53
2019-09-22,46,1016.85,2248.49,3265.34
2019-09-22,47,1049.818,2243.894,3293.712
2019-09-22,48,1008.99,2592.086,3601.076
2019-09-23,1,917.094,2841.496,3758.59
2019-09-23,2,891.508,3054.132,3945.64
2019-09-23,3,909.394,3397.656,4307.05
2019-09-23,4,945.376,3226.858,4172.234
2019-09-23,5,1013.346,3203.418,4216.764
2019-09-23,6,1109.166,3034.024,4143.19
2019-09-23,7,1141.534,2817.464,3958.998
2019-09-23,8,1268.17,2799.76,4067.93
2019-09-23,9,1452.016,3132.79,4584.806
2019-09-23,10,1431.654,3227.95,4659.604
2019-09-23,11,1510.22,3270.466,4780.686
2019-09-23,12,1634.398,3193.936,4828.334
2019-09-23,13,1700.932,3051.148,4752.08
2019-09-23,14,1737.944,2763.132,4501.076
2019-09-23,15,1784.758,2567.002,4351.76
2019-09-23,16,1788.964,2324.276,4113.24
2019-09-23,17,1825.708,2091.352,3917.06
2019-09-23,18,1742.496,2085.062,3827.558
2019-09-23,19,1729.26,2083.59,3812.85
2019-09-23,20,1740.288,2179.96,3920.248
2019-09-23,21,1854.472,2245.93,4100.402
2019-09-23,22,1835.782,2381.204,4216.986
2019-09-23,23,2051.336,2423.65,4474.986
2019-09-23,24,2059.716,2560.056,4619.772
2019-09-23,25,2150.492,2528.044,4678.536
2019-09-23,26,2285.286,2414.226,4699.512
2019-09-23,27,2573.804,2409.172,4982.976
2019-09-23,28,2438.406,2616.878,5055.284
2019-09-23,29,2585.754,3201.886,5787.64
2019-09-23,30,2715.654,3610.214,6325.868
2019-09-23,31,2746.43,3897.884,6644.314
2019-09-23,32,2718.908,4109.812,6828.72
2019-09-23,33,2769.1,4239.732,7008.832
2019-09-23,34,2862.258,4399.926,7262.184
2019-09-23,35,2765.022,4720.668,7485.69
2019-09-23,36,2776.884,4950.172,7727.056
2019-09-23,37,2810.766,4929.096,7739.862
2019-09-23,38,2799.602,5402.924,8202.526
2019-09-23,39,2911.98,5735.06,8647.04
2019-09-23,40,3061.99,5962.204,9024.194
2019-09-23,41,3213.152,5987.434,9200.586
2019-09-23,42,3523.216,5997.184,9520.4
2019-09-23,43,3671.132,5949.168,9620.3
2019-09-23,44,3721.216,6449.192,10170.408
2019-09-23,45,3705.346,6608.292,10313.638
2019-09-23,46,3683.95,6492.434,10176.384
2019-09-23,47,3527.522,6653.906,10181.428
2019-09-23,48,3273.022,6453.316,9726.338
2019-09-24,1,3042.224,6340.022,9382.246
2019-09-24,2,3099.874,6078.344,9178.218
2019-09-24,3,3028.324,5812.546,8840.87
2019-09-24,4,2935.122,5713.572,8648.694
2019-09-24,5,2900.546,5590.656,8491.202
2019-09-24,6,2842.168,5318.836,8161.004
2019-09-24,7,2710.134,5033.28,7743.414
2019-09-24,8,2630.93,4637.042,7267.972
2019-09-24,9,2563.54,4684.772,7248.312
2019-09-24,10,2569.604,4637.642,7207.246
2019-09-24,11,2564.8,4782.804,7347.604
2019-09-24,12,2516.19,4785.548,7301.738
2019-09-24,13,2315.282,4686.966,7002.248
2019-09-24,14,2083.068,4822.28,6905.348
2019-09-24,15,2012.19,4656.888,6669.078
2019-09-24,16,1943.384,4653.232,6596.616
2019-09-24,17,1885.686,4691.48,6577.166
2019-09-24,18,1841.87,4751.956,6593.826
2019-09-24,19,1639.886,4828.718,6468.604
2019-09-24,20,1598.78,4865.978,6464.758
2019-09-24,21,1525.1,4949.418,6474.518
2019-09-24,22,1503.506,4992.806,6496.312
2019-09-24,23,1536.244,4965.432,6501.676
2019-09-24,24,1488.9,4787.674,6276.574
2019-09-24,25,1430.412,4887.668,6318.08
2019-09-24,26,1237.39,5067.978,6305.368
2019-09-24,27,1160.372,5160.846,6321.218
2019-09-24,28,1109.172,5132.428,6241.6
2019-09-24,29,1022.766,5070.688,6093.454
2019-09-24,30,986.222,5069.014,6055.236
2019-09-24,31,1023.038,5243.644,6266.682
2019-09-24,32,953.21,5360.246,6313.456
2019-09-24,33,877.494,5153.606,6031.1
2019-09-24,34,798.952,4883.926,5682.878
2019-09-24,35,777.466,4737.676,5515.142
2019-09-24,36,716.474,4751.756,5468.23
2019-09-24,37,803.69,4276.71,5080.4
2019-09-24,38,757.922,3888.674,4646.596
2019-09-24,39,856.212,3668.402,4524.614
2019-09-24,40,998.81,3637.77,4636.58
2019-09-24,41,1162.57,3414.306,4576.876
2019-09-24,42,1139.588,3391.754,4531.342
2019-09-24,43,1201.324,3377.574,4578.898
2019-09-24,44,1287.304,3178.186,4465.49
2019-09-24,45,1226.986,3173.138,4400.124
2019-09-24,46,1201.142,3220.762,4421.904
2019-09-24,47,1204.362,3208.666,4413.028
2019-09-24,48,1164.79,2941.174,4105.964
2019-09-25,1,1193.588,3065.48,4259.068
2019-09-25,2,1326.818,3048.798,4375.616
2019-09-25,3,1305.212,2923.072,4228.284
2019-09-25,4,1327.514,2673.862,4001.376
2019-09-25,5,1295.85,2624.244,3920.094
2019-09-25,6,1284.452,2542.542,3826.994
2019-09-25,7,1232.04,2289.444,3521.484
2019-09-25,8,1210.29,2195.848,3406.138
2019-09-25,9,1234.862,2252.974,3487.836
2019-09-25,10,1246.914,2160.28,3407.194
2019-09-25,11,1248.808,2248.562,3497.37
2019-09-25,12,1234.83,2300.724,3535.554
2019-09-25,13,1264.214,2457.696,3721.91
2019-09-25,14,1291.926,2609.884,3901.81
2019-09-25,15,1337.978,2676.86,4014.838
2019-09-25,16,1350.344,2745.794,4096.138
2019-09-25,17,1361.674,2782.542,4144.216
2019-09-25,18,1458.67,2698.832,4157.502
2019-09-25,19,1503.146,2576.898,4080.044
2019-09-25,20,1522.794,2481.172,4003.966
2019-09-25,21,1524.074,2401.964,3926.038
2019-09-25,22,1509.01,2503.534,4012.544
2019-09-25,23,1538.196,2317.656,3855.852
2019-09-25,24,1549.138,2319.682,3868.82
2019-09-25,25,1481.38,2315.85,3797.23
2019-09-25,26,1453.844,2171.558,3625.402
2019-09-25,27,1665.926,1999.44,3665.366
2019-09-25,28,1733.52,1829.944,3563.464
2019-09-25,29,1817.222,1892.012,3709.234
2019-09-25,30,1889.478,1961.686,3851.164
2019-09-25,31,1938.958,1806.866,3745.824
2019-09-25,32,2018.812,1930.754,3949.566
2019-09-25,33,2129.02,2056.326,4185.346
2019-09-25,34,2111.456,1979.336,4090.792
2019-09-25,35,2096.052,1979.834,4075.886
2019-09-25,36,2176.362,1874.76,4051.122
2019-09-25,37,2164.33,1788.754,3953.084
2019-09-25,38,2271.46,1780.862,4052.322
2019-09-25,39,2505.47,2139.868,4645.338
2019-09-25,40,2642.196,2505.02,5147.216
2019-09-25,41,2692.36,2211.96,4904.32
2019-09-25,42,2868.442,2121.614,4990.056
2019-09-25,43,3009.512,2339.56,5349.072
2019-09-25,44,3221.58,2341.222,5562.802
2019-09-25,45,3302.252,2543.97,5846.222
2019-09-25,46,3387.916,2673.4,6061.316
2019-09-25,47,3562.15,2881.984,6444.134
2019-09-25,48,3655.686,3206.49,6862.176
2019-09-26,1,3674.13,3315.534,6989.664
2019-09-26,2,3598.682,3492.036,7090.718
2019-09-26,3,3580.734,3770.672,7351.406
2019-09-26,4,3820.664,3927.212,7747.876
2019-09-26,5,3605.884,3935.05,7540.934
2019-09-26,6,3668.074,4012.674,7680.748
2019-09-26,7,3584.22,4121.202,7705.422
2019-09-26,8,3589.312,4003.264,7592.576
2019-09-26,9,3496.108,4168.132,7664.24
2019-09-26,10,3338.01,4302.256,7640.266
2019-09-26,11,3284.832,4620.052,7904.884
2019-09-26,12,3043.276,4769.586,7812.862
2019-09-26,13,2889.014,4846.64,7735.654
2019-09-26,14,2737.438,5419.796,8157.234
2019-09-26,15,2684.772,5343.308,8028.08
2019-09-26,16,2544.702,5646.416,8191.118
2019-09-26,17,2286.61,6018.056,8304.666
2019-09-26,18,2074.28,5887.554,7961.834
2019-09-26,19,1898.978,6054.36,7953.338
2019-09-26,20,2004.426,6487.02,8491.446
2019-09-26,21,2068.382,6722.89,8791.272
2019-09-26,22,2016.508,6811.342,8827.85
2019-09-26,23,1964.642,6899.778,8864.42
2019-09-26,24,1912.768,6988.23,8900.998
2019-09-26,25,2117.766,6987.906,9105.672
2019-09-26,26,2027.804,6948.326,8976.13
2019-09-26,27,1915.24,7006.444,8921.684
2019-09-26,28,1886.788,6993.292,8880.08
2019-09-26,29,2018.42,6743.846,8762.266
2019-09-26,30,2011.58,6630.16,8641.74
2019-09-26,31,2029.35,6294.506,8323.856
2019-09-26,32,2236.678,6409.34,8646.018
2019-09-26,33,2236.118,7031.536,9267.654
2019-09-26,34,2106.64,7310.252,9416.892
2019-09-26,35,2137.502,6966.95,9104.452
2019-09-26,36,2090.302,6633.122,8723.424
2019-09-26,37,1996.118,6711.66,8707.778
2019-09-26,38,1824.924,6686.032,8510.956
2019-09-26,39,1699.084,6550.844,8249.928
2019-09-26,40,1541.612,6535.414,8077.026
2019-09-26,41,1552.776,6644.46,8197.236
2019-09-26,42,1626.71,6893.196,8519.906
2019-09-26,43,1693.136,6954.834,8647.97
2019-09-26,44,1570,6840.49,8410.49
2019-09-26,45,1384.684,7193.842,8578.526
2019-09-26,46,1321.994,7192.25,8514.244
2019-09-26,47,1248.942,7048.622,8297.564
2019-09-26,48,969.372,6826.17,7795.542
2019-09-27,1,1234.934,6994.704,8229.638
2019-09-27,2,1336.424,6727.592,8064.016
2019-09-27,3,1299.82,6494.48,7794.3
2019-09-27,4,1322.154,6229.866,7552.02
2019-09-27,5,1163.156,6287.006,7450.162
2019-09-27,6,977.728,6353.788,7331.516
2019-09-27,7,748.894,5884.232,6633.126
2019-09-27,8,717.018,5970.006,6687.024
2019-09-27,9,793.322,6076.116,6869.438
2019-09-27,10,769.824,6205.698,6975.522
2019-09-27,11,700.268,6162.83,6863.098
2019-09-27,12,639.412,6137.416,6776.828
2019-09-27,13,636.504,6079.04,6715.544
2019-09-27,14,614.882,6082.374,6697.256
2019-09-27,15,557.03,5975.06,6532.09
2019-09-27,16,483.368,5509.514,5992.882
2019-09-27,17,327.604,5745.368,6072.972
2019-09-27,18,283.894,6284.164,6568.058
2019-09-27,19,255.988,6222.628,6478.616
2019-09-27,20,234.726,6371.276,6606.002
2019-09-27,21,230.244,6573.69,6803.934
2019-09-27,22,229.47,6213.386,6442.856
2019-09-27,23,211.374,6000.772,6212.146
2019-09-27,24,197.036,6240.042,6437.078
2019-09-27,25,205.296,6440.118,6645.414
2019-09-27,26,215.206,6303.83,6519.036
2019-09-27,27,233.746,6695.324,6929.07
2019-09-27,28,273.284,6777.208,7050.492
2019-09-27,29,303.844,6535.78,6839.624
2019-09-27,30,377.942,6481.2,6859.142
2019-09-27,31,455.858,6926.824,7382.682
2019-09-27,32,488.958,7261.194,7750.152
2019-09-27,33,529.658,7322.022,7851.68
2019-09-27,34,605.276,7234.388,7839.664
2019-09-27,35,694.804,7176.47,7871.274
2019-09-27,36,716.032,7107.742,7823.774
2019-09-27,37,719.684,7273.514,7993.198
2019-09-27,38,682.288,7362.18,8044.468
2019-09-27,39,685.6,7206.34,7891.94
2019-09-27,40,718.194,6993.312,7711.506
2019-09-27,41,731.716,7091.258,7822.974
2019-09-27,42,779.842,7269.758,8049.6
2019-09-27,43,792.12,7251.706,8043.826
2019-09-27,44,842.156,7298.96,8141.116
2019-09-27,45,937.622,7453.276,8390.898
2019-09-27,46,983.676,7410.654,8394.33
2019-09-27,47,888.664,7314.998,8203.662
2019-09-27,48,772.914,7169.028,7941.942
2019-09-28,1,714.412,7168.622,7883.034
2019-09-28,2,677.2,7181.724,7858.924
2019-09-28,3,642.84,7064.688,7707.528
2019-09-28,4,564.164,7045.488,7609.652
2019-09-28,5,554.098,6969.424,7523.522
2019-09-28,6,495.936,7026.138,7522.074
2019-09-28,7,464.652,6989.176,7453.828
2019-09-28,8,432.798,7178.082,7610.88
2019-09-28,9,401.824,7315.788,7717.612
2019-09-28,10,405.542,7331.492,7737.034
2019-09-28,11,470.388,7318.598,7788.986
2019-09-28,12,553.842,7260.692,7814.534
2019-09-28,13,656.188,7043.596,7699.784
2019-09-28,14,778.388,7257.268,8035.656
2019-09-28,15,895.066,7088.66,7983.726
2019-09-28,16,894.234,7283.714,8177.948
2019-09-28,17,972.21,7156.67,8128.88
2019-09-28,18,1073.278,6726.782,7800.06
2019-09-28,19,1165.732,6583.476,7749.208
2019-09-28,20,1206.548,6542.686,7749.234
2019-09-28,21,1287.25,6469.862,7757.112
2019-09-28,22,1403.152,6390.442,7793.594
2019-09-28,23,1475.466,6381.17,7856.636
2019-09-28,24,1602.378,6303.986,7906.364
2019-09-28,25,1637.842,6247.054,7884.896
2019-09-28,26,1627.426,6206.45,7833.876
2019-09-28,27,1544.582,6135.598,7680.18
2019-09-28,28,1510.016,6123.276,7633.292
2019-09-28,29,1442.264,5941.648,7383.912
2019-09-28,30,1276.93,5633.178,6910.108
2019-09-28,31,1185.848,5200.27,6386.118
2019-09-28,32,1091.662,4913.404,6005.066
2019-09-28,33,930.61,4578.266,5508.876
2019-09-28,34,727.082,4332.782,5059.864
2019-09-28,35,594.92,4458.648,5053.568
2019-09-28,36,489.366,4505.334,4994.7
2019-09-28,37,366.362,4285.456,4651.818
2019-09-28,38,311.364,4004.522,4315.886
2019-09-28,39,283.48,4639.14,4922.62
2019-09-28,40,213.134,5149.174,5362.308
2019-09-28,41,193.43,5253.43,5446.86
2019-09-28,42,169.274,4775.662,4944.936
2019-09-28,43,164.032,4476.474,4640.506
2019-09-28,44,163.258,4291.95,4455.208
2019-09-28,45,163.168,4553.716,4716.884
2019-09-28,46,184.736,4892.896,5077.632
2019-09-28,47,256.692,4943.804,5200.496
2019-09-28,48,338.17,4808.376,5146.546
2019-09-29,1,436.054,4439.618,4875.672
2019-09-29,2,550.546,4696.466,5247.012
2019-09-29,3,676.018,5206.614,5882.632
2019-09-29,4,777.174,5350.506,6127.68
2019-09-29,5,897.786,5695.098,6592.884
2019-09-29,6,955.126,5776.1,6731.226
2019-09-29,7,1058.57,5771.186,6829.756
2019-09-29,8,1173.45,5900.832,7074.282
2019-09-29,9,1202.76,6052.24,7255
2019-09-29,10,1181.45,6242.154,7423.604
2019-09-29,11,1221.836,6352.966,7574.802
2019-09-29,12,1295.054,6237.54,7532.594
2019-09-29,13,1313.482,6483.74,7797.222
2019-09-29,14,1326.578,6650.644,7977.222
2019-09-29,15,1352.118,6720.5,8072.618
2019-09-29,16,1465.372,6724.172,8189.544
2019-09-29,17,1573.136,6425.25,7998.386
2019-09-29,18,1733.94,6302.58,8036.52
2019-09-29,19,1832.728,6096.212,7928.94
2019-09-29,20,1905.51,6058.916,7964.426
2019-09-29,21,1889.476,5857.974,7747.45
2019-09-29,22,1799.334,5455.808,7255.142
2019-09-29,23,1724.552,5377.098,7101.65
2019-09-29,24,1702.436,5808.348,7510.784
2019-09-29,25,1631.034,6082.76,7713.794
2019-09-29,26,1585.004,6041.634,7626.638
2019-09-29,27,1555.168,5896.626,7451.794
2019-09-29,28,1515.722,5887.614,7403.336
2019-09-29,29,1410.384,5807.312,7217.696
2019-09-29,30,1345.576,5655.342,7000.918
2019-09-29,31,1288.998,5352.144,6641.142
2019-09-29,32,1179.742,5398.496,6578.238
2019-09-29,33,1089.134,6043.94,7133.074
2019-09-29,34,980.898,6586.172,7567.07
2019-09-29,35,879.64,6542.042,7421.682
2019-09-29,36,827.85,6199.66,7027.51
2019-09-29,37,791.962,5829.046,6621.008
2019-09-29,38,798.406,5554.518,6352.924
2019-09-29,39,918.752,5480.55,6399.302
2019-09-29,40,871.914,5418.146,6290.06
2019-09-29,41,770.896,5329.984,6100.88
2019-09-29,42,711.424,5207.354,5918.778
2019-09-29,43,751.184,5016.35,5767.534
2019-09-29,44,817.926,4995.25,5813.176
2019-09-29,45,752.764,5018.184,5770.948
2019-09-29,46,770.976,5020.456,5791.432
2019-09-29,47,992.108,5022.592,6014.7
2019-09-29,48,1185.51,5027.68,6213.19
2019-09-30,1,1268.002,4961.498,6229.5
2019-09-30,2,1305.522,5067.02,6372.542
2019-09-30,3,1352.484,4788.004,6140.488
2019-09-30,4,1372.128,4658.144,6030.272
2019-09-30,5,1394.75,4528.97,5923.72
2019-09-30,6,1394.74,4389.262,5784.002
2019-09-30,7,1305.428,4168.924,5474.352
2019-09-30,8,1385.042,3912.474,5297.516
2019-09-30,9,1337.112,3721.37,5058.482
2019-09-30,10,1301.632,3436.014,4737.646
2019-09-30,11,1211.292,3154.014,4365.306
2019-09-30,12,1233.198,3022.27,4255.468
2019-09-30,13,1092.18,2705.55,3797.73
2019-09-30,14,947.842,2280.288,3228.13
2019-09-30,15,878.16,1999.91,2878.07
2019-09-30,16,824.75,1984.748,2809.498
2019-09-30,17,720.382,1902.996,2623.378
2019-09-30,18,654.902,1666.572,2321.474
2019-09-30,19,614.194,1435.924,2050.118
2019-09-30,20,577.378,1267.49,1844.868
2019-09-30,21,537.608,1157.594,1695.202
2019-09-30,22,568.57,1112.238,1680.808
2019-09-30,23,503.368,1149.106,1652.474
2019-09-30,24,653.714,1110.4,1764.114
2019-09-30,25,556.68,946.232,1502.912
2019-09-30,26,535.056,825.424,1360.48
2019-09-30,27,496.526,763.856,1260.382
2019-09-30,28,448.342,788.312,1236.654
2019-09-30,29,454.756,839.084,1293.84
2019-09-30,30,439.812,954.052,1393.864
2019-09-30,31,462.672,1234.888,1697.56
2019-09-30,32,528.714,1442.198,1970.912
2019-09-30,33,585.234,1534.9,2120.134
2019-09-30,34,699.134,1888.744,2587.878
2019-09-30,35,802.79,2223.478,3026.268
2019-09-30,36,925.486,2465.57,3391.056
2019-09-30,37,1033.388,2898.212,3931.6
2019-09-30,38,1189.274,3380.47,4569.744
2019-09-30,39,1313.162,3556.208,4869.37
2019-09-30,40,1536.244,3545.506,5081.75
2019-09-30,41,1696.172,3756.762,5452.934
2019-09-30,42,1798.212,4122.24,5920.452
2019-09-30,43,1932.83,4295.516,6228.346
2019-09-30,44,2024.19,4816.962,6841.152
2019-09-30,45,2235.57,4936.548,7172.118
2019-09-30,46,2463.9,5107.612,7571.512
2019-09-30,47,2550.842,5101.222,7652.064
2019-09-30,48,2501.494,5235.574,7737.068
2019-10-01,1,2460.132,5472.836,7932.968
2019-10-01,2,2657.388,5567.28,8224.668
2019-10-01,3,2665.938,5328.454,7994.392
2019-10-01,4,2708.39,5249.29,7957.68
2019-10-01,5,2770.016,4922.472,7692.488
2019-10-01,6,2705.062,4676.758,7381.82
2019-10-01,7,2659.476,4550.828,7210.304
2019-10-01,8,2740.702,4483.44,7224.142
2019-10-01,9,2891.766,4516.142,7407.908
2019-10-01,10,2783.508,4278.224,7061.732
2019-10-01,11,2582.54,4533.774,7116.314
2019-10-01,12,2442.926,4584.096,7027.022
2019-10-01,13,2194.762,4657.93,6852.692
2019-10-01,14,2296.988,4582.774,6879.762
2019-10-01,15,2405.604,4483.302,6888.906
2019-10-01,16,2519.628,4491.642,7011.27
2019-10-01,17,2537.172,4402.646,6939.818
2019-10-01,18,2459.19,4452.4,6911.59
2019-10-01,19,2338.472,4783.914,7122.386
2019-10-01,20,2334.586,4949.328,7283.914
2019-10-01,21,2334.88,5123.268,7458.148
2019-10-01,22,2297.418,5375.508,7672.926
2019-10-01,23,2369.902,5598.056,7967.958
2019-10-01,24,2279.126,5764.588,8043.714
2019-10-01,25,2380.458,5779.168,8159.626
2019-10-01,26,2384.766,5614.382,7999.148
2019-10-01,27,2352.73,5727.762,8080.492
2019-10-01,28,2281.502,5601.48,7882.982
2019-10-01,29,2219.36,5601.462,7820.822
2019-10-01,30,2288.48,5606.882,7895.362
2019-10-01,31,2315.798,5479.158,7794.956
2019-10-01,32,2347.046,5417.598,7764.644
2019-10-01,33,2211.894,5126.278,7338.172
2019-10-01,34,2111.14,4992.78,7103.92
2019-10-01,35,1937.548,4805.796,6743.344
2019-10-01,36,1856.944,4804.72,6661.664
2019-10-01,37,1627.774,4782.008,6409.782
2019-10-01,38,1672.708,4887.48,6560.188
2019-10-01,39,1744.274,4887.284,6631.558
2019-10-01,40,1718.626,5266.166,6984.792
2019-10-01,41,1725.532,5358.874,7084.406
2019-10-01,42,1707.09,5397.23,7104.32
2019-10-01,43,1771.69,5374.484,7146.174
2019-10-01,44,1777.648,5323.918,7101.566
2019-10-01,45,1823.162,5198.648,7021.81
2019-10-01,46,1841.368,5167.272,7008.64
2019-10-01,47,1770.75,5082.362,6853.112
2019-10-01,48,1802.49,4970.044,6772.534
2019-10-02,1,1798.71,4889.096,6687.806
2019-10-02,2,1890.332,4840.074,6730.406
2019-10-02,3,1837.734,4657.136,6494.87
2019-10-02,4,1994.964,4572.052,6567.016
2019-10-02,5,1977.618,4391.74,6369.358
2019-10-02,6,2106.656,4425.082,6531.738
2019-10-02,7,2158.232,4531.68,6689.912
2019-10-02,8,2193.962,4546.986,6740.948
2019-10-02,9,2228.274,4564.912,6793.186
2019-10-02,10,2290.042,4582.606,6872.648
2019-10-02,11,2337.898,4623.456,6961.354
2019-10-02,12,2521.834,4658.838,7180.672
2019-10-02,13,2590.908,4563.266,7154.174
2019-10-02,14,2558.638,4714.164,7272.802
2019-10-02,15,2587.982,4715.63,7303.612
2019-10-02,16,2531.74,4696.68,7228.42
2019-10-02,17,2428.91,4706.446,7135.356
2019-10-02,18,2326.848,4509.606,6836.454
2019-10-02,19,2182.52,4302.868,6485.388
2019-10-02,20,2077.644,4282.704,6360.348
2019-10-02,21,2104.312,4333.568,6437.88
2019-10-02,22,2251.768,4398.588,6650.356
2019-10-02,23,2355.36,4355.77,6711.13
2019-10-02,24,2308.06,4196.636,6504.696
2019-10-02,25,2226.034,4096.212,6322.246
2019-10-02,26,2139.09,3966.81,6105.9
2019-10-02,27,2039.81,3765.724,5805.534
2019-10-02,28,1998.944,3946.208,5945.152
2019-10-02,29,1935.22,3925.53,5860.75
2019-10-02,30,1801.322,3738.94,5540.262
2019-10-02,31,1719.992,3577.156,5297.148
2019-10-02,32,1673.778,3565.086,5238.864
2019-10-02,33,1571.022,3647.314,5218.336
2019-10-02,34,1408.722,3675.99,5084.712
2019-10-02,35,1228.042,3806.058,5034.1
2019-10-02,36,1112.402,3916.426,5028.828
2019-10-02,37,1042.842,3841.894,4884.736
2019-10-02,38,979.84,3673.978,4653.818
2019-10-02,39,1024.698,3345.388,4370.086
2019-10-02,40,926.694,3227.378,4154.072
2019-10-02,41,793.128,3163.156,3956.284
2019-10-02,42,781.452,3246.096,4027.548
2019-10-02,43,670.738,3133.93,3804.668
2019-10-02,44,635.948,3157.19,3793.138
2019-10-02,45,576.932,3048.374,3625.306
2019-10-02,46,479.476,2963.108,3442.584
2019-10-02,47,433.444,2736.962,3170.406
2019-10-02,48,340.494,2596.97,2937.464
2019-10-03,1,360.388,2454.388,2814.776
2019-10-03,2,348.184,2225.744,2573.928
2019-10-03,3,308.642,2099.894,2408.536
2019-10-03,4,318.688,1981.612,2300.3
2019-10-03,5,284.804,1815.928,2100.732
2019-10-03,6,266.526,1756.768,2023.294
2019-10-03,7,246.916,1731.51,1978.426
2019-10-03,8,236.434,1618.732,1855.166
2019-10-03,9,268.24,1545.868,1814.108
2019-10-03,10,300.096,1617.524,1917.62
2019-10-03,11,352.814,1456.6,1809.414
2019-10-03,12,411.996,1482.47,1894.466
2019-10-03,13,521.478,1622.43,2143.908
2019-10-03,14,622.902,1699.598,2322.5
2019-10-03,15,726.952,1633.29,2360.242
2019-10-03,16,856.08,1558.606,2414.686
2019-10-03,17,945.694,1638.754,2584.448
2019-10-03,18,1124.112,1664.508,2788.62
2019-10-03,19,1335.64,1579.378,2915.018
2019-10-03,20,1557.46,1587.49,3144.95
2019-10-03,21,1806.054,1770.706,3576.76
2019-10-03,22,2076.682,1760.276,3836.958
2019-10-03,23,2299.432,1878.214,4177.646
2019-10-03,24,2480.77,1857.594,4338.364
2019-10-03,25,2780.82,1971.118,4751.938
2019-10-03,26,2945.848,2210.714,5156.562
2019-10-03,27,3130.91,2699.39,5830.3
2019-10-03,28,3214.318,2906.084,6120.402
2019-10-03,29,3348.202,2736.178,6084.38
2019-10-03,30,3479.732,2651.624,6131.356
2019-10-03,31,3662.024,2950.972,6612.996
2019-10-03,32,3794.82,3275.73,7070.55
2019-10-03,33,3997.906,3505.5,7503.406
2019-10-03,34,4190.706,3921.774,8112.48
2019-10-03,35,4485.954,4250.156,8736.11
2019-10-03,36,4735.732,4585.716,9321.448
2019-10-03,37,4649.662,4949.088,9598.75
2019-10-03,38,4648.584,5284.23,9932.814
2019-10-03,39,4605.144,5368.348,9973.492
2019-10-03,40,4614.58,5678.824,10293.404
2019-10-03,41,4619.514,6213.206,10832.72
2019-10-03,42,4709.136,6569.402,11278.538
2019-10-03,43,4585.154,6619.072,11204.226
2019-10-03,44,4397.322,6606.574,11003.896
2019-10-03,45,4396.836,6582.144,10978.98
2019-10-03,46,4319.936,6516.744,10836.68
2019-10-03,47,4201.536,6129.116,10330.652
2019-10-03,48,3998.806,5629.134,9627.94
2019-10-04,1,3621.104,5742.886,9363.99
2019-10-04,2,3298.54,5864.646,9163.186
2019-10-04,3,2776.74,6155.34,8932.08
2019-10-04,4,2625.868,6523.836,9149.704
2019-10-04,5,2635.33,6502.8,9138.13
2019-10-04,6,2781.446,6325.49,9106.936
2019-10-04,7,3100.028,6021.02,9121.048
2019-10-04,8,3243.428,5882.314,9125.742
2019-10-04,9,3125.674,5853.328,8979.002
2019-10-04,10,3005.916,5660.12,8666.036
2019-10-04,11,2820.682,5438.384,8259.066
2019-10-04,12,2733.264,5825.928,8559.192
2019-10-04,13,2735.734,6060.596,8796.33
2019-10-04,14,2776.706,6097.39,8874.096
2019-10-04,15,2819.842,6060.458,8880.3
2019-10-04,16,2731.624,6054.806,8786.43
2019-10-04,17,2793.19,5897.664,8690.854
2019-10-04,18,2921.14,5518.014,8439.154
2019-10-04,19,2968.156,5215.18,8183.336
2019-10-04,20,2917.132,5000.124,7917.256
2019-10-04,21,3017.968,4700.184,7718.152
2019-10-04,22,3003.336,4379.536,7382.872
2019-10-04,23,3132.064,4225.526,7357.59
2019-10-04,24,3025.918,4103.362,7129.28
2019-10-04,25,2804.226,3795.222,6599.448
2019-10-04,26,2699.68,3540.394,6240.074
2019-10-04,27,2558.478,3477.396,6035.874
2019-10-04,28,2550.354,3286.894,5837.248
2019-10-04,29,2238.232,2982.058,5220.29
2019-10-04,30,2112.738,2598.322,4711.06
2019-10-04,31,1851.786,2564.614,4416.4
2019-10-04,32,1593.204,2551.45,4144.654
2019-10-04,33,1507.624,2364.67,3872.294
2019-10-04,34,1408.464,2575.67,3984.134
2019-10-04,35,1341.27,2892.512,4233.782
2019-10-04,36,1247.49,2898.004,4145.494
2019-10-04,37,1157.984,2881.382,4039.366
2019-10-04,38,1141.556,3142.308,4283.864
2019-10-04,39,1033.662,3144.806,4178.468
2019-10-04,40,1039.224,3216.42,4255.644
2019-10-04,41,1003.04,2746.6,3749.64
2019-10-04,42,898.166,2590.634,3488.8
2019-10-04,43,879.19,2302.966,3182.156
2019-10-04,44,898.964,2165.408,3064.372
2019-10-04,45,811.202,2244.362,3055.564
2019-10-04,46,775.984,2141.472,2917.456
2019-10-04,47,763.37,2005.702,2769.072
2019-10-04,48,734.776,1996.242,2731.018
2019-10-05,1,706.428,1904.792,2611.22
2019-10-05,2,765.892,2059.776,2825.668
2019-10-05,3,874.646,2143.192,3017.838
2019-10-05,4,1004.276,1759.412,2763.688
2019-10-05,5,989.998,1520.624,2510.622
2019-10-05,6,1005.328,1496.226,2501.554
2019-10-05,7,978.012,1396.43,2374.442
2019-10-05,8,993.488,1252.406,2245.894
2019-10-05,9,1082.988,1278.296,2361.284
2019-10-05,10,1228.362,1401.268,2629.63
2019-10-05,11,1372.038,1646.564,3018.602
2019-10-05,12,1460.728,1699.188,3159.916
2019-10-05,13,1497.688,1803.314,3301.002
2019-10-05,14,1570.594,1843.266,3413.86
2019-10-05,15,1727.36,1749.916,3477.276
2019-10-05,16,1879.496,1596.218,3475.714
2019-10-05,17,2111.254,1532.912,3644.166
2019-10-05,18,2214.86,1571.88,3786.74
2019-10-05,19,2270.39,1761.548,4031.938
2019-10-05,20,2386.858,1837.608,4224.466
2019-10-05,21,2574.74,1920.044,4494.784
2019-10-05,22,2886.326,2039.574,4925.9
2019-10-05,23,3117.2,2151.52,5268.72
2019-10-05,24,3375.004,2251.444,5626.448
2019-10-05,25,3463.148,2181.708,5644.856
2019-10-05,26,3489.608,2008.918,5498.526
2019-10-05,27,3527.296,2049.432,5576.728
2019-10-05,28,3564.762,2103.892,5668.654
2019-10-05,29,3600.244,2118.546,5718.79
2019-10-05,30,3700.742,2269.244,5969.986
2019-10-05,31,3605.798,2361.436,5967.234
2019-10-05,32,3555.726,2321.624,5877.35
2019-10-05,33,3542.488,2537.72,6080.208
2019-10-05,34,3620.028,2706.158,6326.186
2019-10-05,35,3647.372,2888.896,6536.268
2019-10-05,36,3708.936,2991.72,6700.656
2019-10-05,37,3710.234,3131.446,6841.68
2019-10-05,38,3691.64,3373.028,7064.668
2019-10-05,39,3818.186,3578.148,7396.334
2019-10-05,40,3871.706,3756.402,7628.108
2019-10-05,41,4007.412,4072.616,8080.028
2019-10-05,42,4080.788,4571.566,8652.354
2019-10-05,43,4139.536,5107.044,9246.58
2019-10-05,44,4194.072,5185.282,9379.354
2019-10-05,45,4146.742,4988.456,9135.198
2019-10-05,46,4048.692,5024.908,9073.6
2019-10-05,47,3844.632,5223.422,9068.054
2019-10-05,48,3668.198,5348.754,9016.952
2019-10-06,1,3507.076,5339.12,8846.196
2019-10-06,2,3470.978,5210.558,8681.536
2019-10-06,3,3437.924,5031.508,8469.432
2019-10-06,4,3423.574,5028.486,8452.06
2019-10-06,5,3388.278,4625.504,8013.782
2019-10-06,6,3359.792,4569.218,7929.01
2019-10-06,7,3370.974,4650.042,8021.016
2019-10-06,8,3553.62,4670.57,8224.19
2019-10-06,9,3446.234,4937.704,8383.938
2019-10-06,10,3385.674,5198.298,8583.972
2019-10-06,11,3228.682,5350.666,8579.348
2019-10-06,12,3112.534,5589.796,8702.33
2019-10-06,13,2879.018,5841.418,8720.436
2019-10-06,14,2813.562,6087.516,8901.078
2019-10-06,15,2682.246,6038.776,8721.022
2019-10-06,16,2635.304,6421.15,9056.454
2019-10-06,17,2657.706,6482.988,9140.694
2019-10-06,18,2687.066,6576.68,9263.746
2019-10-06,19,2604.254,6858.926,9463.18
2019-10-06,20,2473.242,6846.412,9319.654
2019-10-06,21,2391.768,6679.766,9071.534
2019-10-06,22,2363.65,6553.286,8916.936
2019-10-06,23,2591.326,6336.654,8927.98
2019-10-06,24,2664.988,6150.422,8815.41
2019-10-06,25,2760.306,6221.58,8981.886
2019-10-06,26,2843.436,6384.778,9228.214
2019-10-06,27,2930.496,6298.192,9228.688
2019-10-06,28,2813.084,6470.946,9284.03
2019-10-06,29,2781.686,6654.898,9436.584
2019-10-06,30,2975.96,6849.688,9825.648
2019-10-06,31,3007.798,6841.46,9849.258
2019-10-06,32,2864.01,6820.656,9684.666
2019-10-06,33,2614.944,6919.314,9534.258
2019-10-06,34,2425.33,6503.308,8928.638
2019-10-06,35,2332.566,5996.546,8329.112
2019-10-06,36,2330.124,5405.502,7735.626
2019-10-06,37,2426.494,4881.932,7308.426
2019-10-06,38,2700.534,4363.006,7063.54
2019-10-06,39,2883.176,4297.656,7180.832
2019-10-06,40,3055.468,4067.222,7122.69
2019-10-06,41,3249.614,3918.344,7167.958
2019-10-06,42,3341.746,3656.896,6998.642
2019-10-06,43,3536.048,3541.054,7077.102
2019-10-06,44,3723.716,3645.182,7368.898
2019-10-06,45,3929.276,3576.768,7506.044
2019-10-06,46,4027.68,3425.668,7453.348
2019-10-06,47,3923.92,3218.778,7142.698
2019-10-06,48,3905.26,3087.262,6992.522
2019-10-07,1,3892.71,3434.976,7327.686
2019-10-07,2,3812.81,3843.25,7656.06
2019-10-07,3,3804.014,3550.598,7354.612
2019-10-07,4,3748.484,3226.958,6975.442
2019-10-07,5,3680.72,3123.618,6804.338
2019-10-07,6,3644.744,3103.036,6747.78
2019-10-07,7,3616.952,3222.198,6839.15
2019-10-07,8,3389.988,3569.09,6959.078
2019-10-07,9,3342.754,3242.466,6585.22
2019-10-07,10,3155.356,3106.824,6262.18
2019-10-07,11,2973.528,3090.53,6064.058
2019-10-07,12,2966.912,3308.796,6275.708
2019-10-07,13,2922.124,3556.062,6478.186
2019-10-07,14,2935.48,3958.494,6893.974
2019-10-07,15,3043.966,4310.752,7354.718
2019-10-07,16,3322.994,4336.22,7659.214
2019-10-07,17,3364.174,4381.36,7745.534
2019-10-07,18,3317.028,4240.832,7557.86
2019-10-07,19,3354.218,4196.214,7550.432
2019-10-07,20,3362.816,4187.718,7550.534
2019-10-07,21,3487.394,4330.77,7818.164
2019-10-07,22,3859.9,4402.052,8261.952
2019-10-07,23,3983.64,4377.08,8360.72
2019-10-07,24,4020.724,4515.994,8536.718
2019-10-07,25,4110.164,4500.734,8610.898
2019-10-07,26,4106.078,4575.714,8681.792
2019-10-07,27,3924.034,4574.644,8498.678
2019-10-07,28,3832.62,4617.316,8449.936
2019-10-07,29,4198.414,4400.198,8598.612
2019-10-07,30,3975.588,4124.162,8099.75
2019-10-07,31,4061.04,4108.42,8169.46
2019-10-07,32,4142.422,4336.666,8479.088
2019-10-07,33,4153.198,4667.052,8820.25
2019-10-07,34,4012.412,5092.674,9105.086
2019-10-07,35,3664.608,5480.234,9144.842
2019-10-07,36,3601.218,5654.616,9255.834
2019-10-07,37,3699.488,5979.81,9679.298
2019-10-07,38,3475.526,6287.694,9763.22
2019-10-07,39,3391.134,6612.536,10003.67
2019-10-07,40,3464.534,6581.268,10045.802
2019-10-07,41,3600.292,6618.704,10218.996
2019-10-07,42,3610.714,6801.908,10412.622
2019-10-07,43,3763.522,6612.18,10375.702
2019-10-07,44,3900.61,6641.418,10542.028
2019-10-07,45,3669.37,6566.302,10235.672
2019-10-07,46,3746.726,6426.992,10173.718
2019-10-07,47,3501.154,6370.804,9871.958
2019-10-07,48,3253.812,6605.44,9859.252
2019-10-08,1,3194.654,6565.44,9760.094
2019-10-08,2,3377.848,6231.044,9608.892
2019-10-08,3,3399.89,6086.604,9486.494
2019-10-08,4,3446.696,5914.596,9361.292
2019-10-08,5,3481.988,5750.192,9232.18
2019-10-08,6,3386.202,5802.764,9188.966
2019-10-08,7,3298.346,5919.034,9217.38
2019-10-08,8,3266.796,6020.96,9287.756
2019-10-08,9,3182.032,6126.822,9308.854
2019-10-08,10,3080.968,5977.496,9058.464
2019-10-08,11,3139.068,6045.284,9184.352
2019-10-08,12,3162.906,6062.056,9224.962
2019-10-08,13,3403.936,6217.72,9621.656
2019-10-08,14,3402.36,6386.028,9788.388
2019-10-08,15,3455.07,6554.91,10009.98
2019-10-08,16,3872.616,6707.108,10579.724
2019-10-08,17,4196.236,6690.366,10886.602
2019-10-08,18,4348.22,6542.858,10891.078
2019-10-08,19,4418.972,6531.146,10950.118
2019-10-08,20,4368.428,6554.172,10922.6
2019-10-08,21,4296.076,6481.692,10777.768
2019-10-08,22,4198.916,6566.998,10765.914
2019-10-08,23,4148.706,6557.68,10706.386
2019-10-08,24,4333.018,6596.47,10929.488
2019-10-08,25,4213.272,6645.306,10858.578
2019-10-08,26,4008.006,6698.252,10706.258
2019-10-08,27,3806.97,6709.77,10516.74
2019-10-08,28,3811.85,6884.692,10696.542
2019-10-08,29,3864.16,6994.554,10858.714
2019-10-08,30,3913.694,7024.26,10937.954
2019-10-08,31,3842.526,7148.052,10990.578
2019-10-08,32,3723.522,7058.8,10782.322
2019-10-08,33,3849.472,7022.696,10872.168
2019-10-08,34,4057.6,7049.72,11107.32
2019-10-08,35,4014.306,7085.04,11099.346
2019-10-08,36,4263.068,6938.344,11201.412
2019-10-08,37,4323.796,6996.906,11320.702
2019-10-08,38,4313.298,7185.154,11498.452
2019-10-08,39,4475.704,7318.974,11794.678
2019-10-08,40,4582.174,7312.328,11894.502
2019-10-08,41,4411.688,7536.876,11948.564
2019-10-08,42,4223.946,7605.902,11829.848
2019-10-08,43,4037.048,7631.842,11668.89
2019-10-08,44,3671.03,7688.498,11359.528
2019-10-08,45,3442.12,7685.7,11127.82
2019-10-08,46,3371.352,7600.998,10972.35
2019-10-08,47,3163.728,7663.718,10827.446
2019-10-08,48,2976.164,7553.278,10529.442
2019-10-09,1,2791.25,7643.12,10434.37
2019-10-09,2,2730.756,7531.192,10261.948
2019-10-09,3,2680.382,7483.322,10163.704
2019-10-09,4,2767.206,7425.07,10192.276
2019-10-09,5,2666.666,7401.126,10067.792
2019-10-09,6,2677.854,7386.236,10064.09
2019-10-09,7,2805.782,7415.206,10220.988
2019-10-09,8,2732.154,7342.272,10074.426
2019-10-09,9,2700.278,7218.936,9919.214
2019-10-09,10,2722.886,7213.282,9936.168
2019-10-09,11,2741.656,7196.174,9937.83
2019-10-09,12,2807.872,7135.256,9943.128
2019-10-09,13,2960.796,7026.32,9987.116
2019-10-09,14,3356.176,6844.672,10200.848
2019-10-09,15,3476.168,6620.67,10096.838
2019-10-09,16,3878.252,6537.82,10416.072
2019-10-09,17,4241.054,6517.018,10758.072
2019-10-09,18,4336.122,6627.538,10963.66
2019-10-09,19,4305.574,6612.552,10918.126
2019-10-09,20,4339.15,6598.758,10937.908
2019-10-09,21,4624.13,6574.508,11198.638
2019-10-09,22,4502.842,6465.016,10967.858
2019-10-09,23,4406.35,6394.458,10800.808
2019-10-09,24,4449.792,6200.37,10650.162
2019-10-09,25,4501.602,6402.208,10903.81
2019-10-09,26,4594.6,6494.066,11088.666
2019-10-09,27,4570.78,6585.886,11156.666
2019-10-09,28,4289.516,6891.906,11181.422
2019-10-09,29,4156.382,6734.178,10890.56
2019-10-09,30,4110.098,6912.712,11022.81
2019-10-09,31,4204.244,7104.724,11308.968
2019-10-09,32,4152.634,7308.506,11461.14
2019-10-09,33,4142.612,7091.266,11233.878
2019-10-09,34,4334.246,6997.986,11332.232
2019-10-09,35,4601.086,7058.288,11659.374
2019-10-09,36,4696.728,7255.032,11951.76
2019-10-09,37,4750.052,6911.136,11661.188
2019-10-09,38,4915.636,6517.986,11433.622
2019-10-09,39,5010.99,6499.75,11510.74
2019-10-09,40,4846.778,6959.668,11806.446
2019-10-09,41,4784.848,7073.02,11857.868
2019-10-09,42,4552.482,7133.228,11685.71
2019-10-09,43,4368.674,7249.592,11618.266
2019-10-09,44,3961.216,7128.56,11089.776
2019-10-09,45,3664.3,7148.374,10812.674
2019-10-09,46,3397.52,7249.008,10646.528
2019-10-09,47,3125.244,7313.098,10438.342
2019-10-09,48,2812.288,7193.2,10005.488
2019-10-10,1,2661.988,7148.538,9810.526
2019-10-10,2,2463.304,7051.012,9514.316
2019-10-10,3,2486.014,7134.614,9620.628
2019-10-10,4,2457.82,7160.964,9618.784
2019-10-10,5,2476.71,7031.906,9508.616
2019-10-10,6,2384.964,7082.38,9467.344
2019-10-10,7,2408.052,7158.468,9566.52
2019-10-10,8,2407.832,7007.042,9414.874
2019-10-10,9,2521.83,6918.294,9440.124
2019-10-10,10,2417.012,7072.466,9489.478
2019-10-10,11,2401.466,7001.976,9403.442
2019-10-10,12,2500.822,7170.644,9671.466
2019-10-10,13,2516.09,7403.53,9919.62
2019-10-10,14,2677.166,7470.45,10147.616
2019-10-10,15,2957.624,7411.706,10369.33
2019-10-10,16,3769.548,7402.884,11172.432
2019-10-10,17,3677.46,7430.708,11108.168
2019-10-10,18,3463.318,7388.282,10851.6
2019-10-10,19,3442.83,7278.286,10721.116
2019-10-10,20,3473.774,7268.346,10742.12
2019-10-10,21,3168.86,7451.822,10620.682
2019-10-10,22,3103.372,7500.756,10604.128
2019-10-10,23,3165.87,7517.098,10682.968
2019-10-10,24,2986.722,7414.13,10400.852
2019-10-10,25,3055.206,7362.11,10417.316
2019-10-10,26,2972.824,6926.95,9899.774
2019-10-10,27,2879.102,6782.842,9661.944
2019-10-10,28,2747.026,7001.704,9748.73
2019-10-10,29,2785.486,6830.322,9615.808
2019-10-10,30,2655.116,6812.702,9467.818
2019-10-10,31,2465.934,6915.242,9381.176
2019-10-10,32,2461.6,6986.602,9448.202
2019-10-10,33,2732.414,6959.142,9691.556
2019-10-10,34,3034.456,7480.77,10515.226
2019-10-10,35,3002.47,7571.934,10574.404
2019-10-10,36,3015.486,7640.136,10655.622
2019-10-10,37,3042.144,7578.014,10620.158
2019-10-10,38,2993.842,7625.958,10619.8
2019-10-10,39,2993.606,7594.04,10587.646
2019-10-10,40,3102.776,7362.69,10465.466
2019-10-10,41,3301.09,7683.088,10984.178
2019-10-10,42,3323.758,7726.686,11050.444
2019-10-10,43,3405.042,7744.672,11149.714
2019-10-10,44,3388.906,7749.252,11138.158
2019-10-10,45,3330.702,7780.676,11111.378
2019-10-10,46,3334.8,7780.872,11115.672
2019-10-10,47,3124.39,7709.518,10833.908
2019-10-10,48,3119.6,7600.802,10720.402
2019-10-11,1,2846.522,7591.232,10437.754
2019-10-11,2,2902.77,7595.722,10498.492
2019-10-11,3,3009.964,7562.922,10572.886
2019-10-11,4,3205.062,7481.286,10686.348
2019-10-11,5,3143.12,7483.878,10626.998
2019-10-11,6,3180.644,7406.992,10587.636
2019-10-11,7,3214.144,7436.796,10650.94
2019-10-11,8,3164.846,7395.096,10559.942
2019-10-11,9,3274.392,7369.932,10644.324
2019-10-11,10,3286.094,7249.288,10535.382
2019-10-11,11,3201.404,7060.21,10261.614
2019-10-11,12,3276.954,7226.82,10503.774
2019-10-11,13,3333.626,6943.096,10276.722
2019-10-11,14,3202.572,7234.736,10437.308
2019-10-11,15,3252.502,7106.858,10359.36
2019-10-11,16,3527.018,7033.296,10560.314
2019-10-11,17,3735.478,6875.308,10610.786
2019-10-11,18,3798.978,6373.316,10172.294
2019-10-11,19,3758.136,6315.25,10073.386
2019-10-11,20,3778.58,6512.588,10291.168
2019-10-11,21,3734.926,6408.476,10143.402
2019-10-11,22,3723.804,6452.62,10176.424
2019-10-11,23,3631.482,6633.688,10265.17
2019-10-11,24,3686.336,6897.232,10583.568
2019-10-11,25,3706.112,6929.866,10635.978
2019-10-11,26,3542.05,6906.896,10448.946
2019-10-11,27,3589.9,7067.504,10657.404
2019-10-11,28,3610.704,7049.992,10660.696
2019-10-11,29,3599.688,7079.234,10678.922
2019-10-11,30,3673.792,7120.678,10794.47
2019-10-11,31,3880.856,7135.604,11016.46
2019-10-11,32,3930.104,7005.418,10935.522
2019-10-11,33,3773.684,7057.894,10831.578
2019-10-11,34,4057.63,6860.388,10918.018
2019-10-11,35,4204.202,6411.214,10615.416
2019-10-11,36,4284.38,6322.734,10607.114
2019-10-11,37,4157.612,6360.914,10518.526
2019-10-11,38,3943.342,6332.928,10276.27
2019-10-11,39,3934.528,6487.204,10421.732
2019-10-11,40,3918.636,6627.706,10546.342
2019-10-11,41,4035.296,6799.446,10834.742
2019-10-11,42,3952.098,6660.558,10612.656
2019-10-11,43,3992.41,6471.792,10464.202
2019-10-11,44,3852.088,6373.222,10225.31
2019-10-11,45,3766.194,6314.296,10080.49
2019-10-11,46,3713.158,6059.984,9773.142
2019-10-11,47,3628.75,6181.67,9810.42
2019-10-11,48,3308.312,6211.238,9519.55
2019-10-12,1,3101.13,5848.304,8949.434
2019-10-12,2,2913.454,5698.772,8612.226
2019-10-12,3,2496.28,5456.03,7952.31
2019-10-12,4,2310.868,5600.3,7911.168
2019-10-12,5,2389.592,5394.46,7784.052
2019-10-12,6,2382.056,5088.624,7470.68
2019-10-12,7,2284.368,4626.268,6910.636
2019-10-12,8,2265.436,4148.318,6413.754
2019-10-12,9,2397.414,3935.916,6333.33
2019-10-12,10,2386.506,3910.804,6297.31
2019-10-12,11,2210.954,3674.012,5884.966
2019-10-12,12,2163.05,3539.122,5702.172
2019-10-12,13,2113.702,3297.062,5410.764
2019-10-12,14,2170.818,3255.906,5426.724
2019-10-12,15,2194.534,3136.708,5331.242
2019-10-12,16,2248.398,2951.484,5199.882
2019-10-12,17,2220.462,2767.722,4988.184
2019-10-12,18,2210.098,2567.8,4777.898
2019-10-12,19,2326.858,2328.874,4655.732
2019-10-12,20,2264.768,2227.87,4492.638
2019-10-12,21,2306.692,2208.958,4515.65
2019-10-12,22,2296.298,2189.042,4485.34
2019-10-12,23,2501.32,2101.06,4602.38
2019-10-12,24,2707.508,1956.796,4664.304
2019-10-12,25,2751.82,1771.882,4523.702
2019-10-12,26,2707.422,1740.176,4447.598
2019-10-12,27,2803.59,1648.916,4452.506
2019-10-12,28,2726.198,1518.132,4244.33
2019-10-12,29,2534.792,1427.978,3962.77
2019-10-12,30,2405.982,1449.034,3855.016
2019-10-12,31,2323.584,1386.536,3710.12
2019-10-12,32,2253.428,1359.102,3612.53
2019-10-12,33,1977.862,1379,3356.862
2019-10-12,34,1783.396,1440.224,3223.62
2019-10-12,35,1662.72,1442.816,3105.536
2019-10-12,36,1594.612,1445.578,3040.19
2019-10-12,37,1576.55,1488.2,3064.75
2019-10-12,38,1400.83,1574.772,2975.602
2019-10-12,39,1281.076,1539.576,2820.652
2019-10-12,40,1200.726,1567.124,2767.85
2019-10-12,41,1207.876,1620.022,2827.898
2019-10-12,42,1167.662,1620.3,2787.962
2019-10-12,43,1068.342,1591.102,2659.444
2019-10-12,44,983.786,1566.208,2549.994
2019-10-12,45,1005.132,1457.216,2462.348
2019-10-12,46,943.134,1338.188,2281.322
2019-10-12,47,828.394,1202.22,2030.614
2019-10-12,48,776.688,1038.274,1814.962
2019-10-13,1,699.08,922.71,1621.79
2019-10-13,2,631.134,839.028,1470.162
2019-10-13,3,552.776,774.94,1327.716
2019-10-13,4,479.498,960.4,1439.898
2019-10-13,5,456.586,924.574,1381.16
2019-10-13,6,421.734,835.532,1257.266
2019-10-13,7,422.702,868.222,1290.924
2019-10-13,8,422.212,848.694,1270.906
2019-10-13,9,351.64,839.698,1191.338
2019-10-13,10,345.354,801.978,1147.332
2019-10-13,11,366.52,1006.306,1372.826
2019-10-13,12,343,1280.894,1623.894
2019-10-13,13,353.37,1596.05,1949.42
2019-10-13,14,361.904,1926.828,2288.732
2019-10-13,15,352.448,2016.316,2368.764
2019-10-13,16,399.528,2289.384,2688.912
2019-10-13,17,411.06,2689.738,3100.798
2019-10-13,18,398.838,3002.514,3401.352
2019-10-13,19,406.96,3560.084,3967.044
2019-10-13,20,388.98,3856.362,4245.342
2019-10-13,21,344.164,3913.536,4257.7
2019-10-13,22,317.964,4056.262,4374.226
2019-10-13,23,321.026,4272.918,4593.944
2019-10-13,24,341.342,4596.928,4938.27
2019-10-13,25,334.288,4794.826,5129.114
2019-10-13,26,327.738,4928.872,5256.61
2019-10-13,27,312.766,4862.86,5175.626
2019-10-13,28,263.692,4707.024,4970.716
2019-10-13,29,251.502,4698.75,4950.252
2019-10-13,30,235.532,4824.834,5060.366
2019-10-13,31,228.25,4947.998,5176.248
2019-10-13,32,232.356,4882.846,5115.202
2019-10-13,33,232.604,5202.01,5434.614
2019-10-13,34,241.852,5709.428,5951.28
2019-10-13,35,236.938,5791.304,6028.242
2019-10-13,36,232.546,6565.364,6797.91
2019-10-13,37,234.028,6990.398,7224.426
2019-10-13,38,235.648,7017.86,7253.508
2019-10-13,39,235.916,6914.764,7150.68
2019-10-13,40,236.544,6612.392,6848.936
2019-10-13,41,245.34,5974.082,6219.422
2019-10-13,42,252.27,5549.864,5802.134
2019-10-13,43,342.162,5318.19,5660.352
2019-10-13,44,337.222,5045.354,5382.576
2019-10-13,45,303.952,4619.942,4923.894
2019-10-13,46,308.94,4135.854,4444.794
2019-10-13,47,308.034,3732.576,4040.61
2019-10-13,48,312.438,3422.6,3735.038
2019-10-14,1,287.28,3305.522,3592.802
2019-10-14,2,304.678,2842.384,3147.062
2019-10-14,3,339.896,2460.852,2800.748
2019-10-14,4,396.208,2133.462,2529.67
2019-10-14,5,453.722,1848.87,2302.592
2019-10-14,6,459.41,1485.516,1944.926
2019-10-14,7,402.38,1249.592,1651.972
2019-10-14,8,382.134,1108.226,1490.36
2019-10-14,9,364.098,953.376,1317.474
2019-10-14,10,316.47,751.448,1067.918
2019-10-14,11,300.278,650.81,951.088
2019-10-14,12,162.85,581.33,744.18
2019-10-14,13,130.164,560.632,690.796
2019-10-14,14,142.704,587.37,730.074
2019-10-14,15,172.568,475.088,647.656
2019-10-14,16,198.174,611.456,809.63
2019-10-14,17,200.136,767.794,967.93
2019-10-14,18,215.442,854.468,1069.91
2019-10-14,19,212.902,1103.094,1315.996
2019-10-14,20,242.418,1324.856,1567.274
2019-10-14,21,236.98,1670.928,1907.908
2019-10-14,22,230.672,2232.112,2462.784
2019-10-14,23,242.266,2730.86,2973.126
2019-10-14,24,265.908,3096.804,3362.712
2019-10-14,25,294.45,3137.95,3432.4
2019-10-14,26,292.052,3303.458,3595.51
2019-10-14,27,285.812,3698.688,3984.5
2019-10-14,28,293.232,3943.28,4236.512
2019-10-14,29,315.734,3941.656,4257.39
2019-10-14,30,346.57,3982,4328.57
2019-10-14,31,338.23,3780.89,4119.12
2019-10-14,32,317.706,3646.202,3963.908
2019-10-14,33,321.392,3613.74,3935.132
2019-10-14,34,372.34,3979.83,4352.17
2019-10-14,35,412.836,4157.022,4569.858
2019-10-14,36,424.392,4132.61,4557.002
2019-10-14,37,466.746,4464.96,4931.706
2019-10-14,38,481.164,4432.758,4913.922
2019-10-14,39,490.47,4534.244,5024.714
2019-10-14,40,505.324,4407.314,4912.638
2019-10-14,41,493.99,4390.526,4884.516
2019-10-14,42,523.364,4411.886,4935.25
2019-10-14,43,557.092,4357.996,4915.088
2019-10-14,44,595.682,4619.97,5215.652
2019-10-14,45,557.002,4728.64,5285.642
2019-10-14,46,564.386,4558.64,5123.026
2019-10-14,47,512.834,4351.274,4864.108
2019-10-14,48,483.364,4433.292,4916.656
2019-10-15,1,500.32,4038.204,4538.524
2019-10-15,2,525.73,3941.964,4467.694
2019-10-15,3,499.384,3957.726,4457.11
2019-10-15,4,568.358,3763.892,4332.25
2019-10-15,5,632.574,3682.618,4315.192
2019-10-15,6,580.868,3749.2,4330.068
2019-10-15,7,553.67,3714.448,4268.118
2019-10-15,8,580.458,3687.636,4268.094
2019-10-15,9,658.526,3634.874,4293.4
2019-10-15,10,694.718,3667.994,4362.712
2019-10-15,11,725.204,3595.054,4320.258
2019-10-15,12,739.116,3458.222,4197.338
2019-10-15,13,733.06,3427.884,4160.944
2019-10-15,14,732.918,3189.864,3922.782
2019-10-15,15,699.688,3008.882,3708.57
2019-10-15,16,730.072,2707.474,3437.546
2019-10-15,17,722.02,2606.582,3328.602
2019-10-15,18,742.836,2575.99,3318.826
2019-10-15,19,749.846,2393.632,3143.478
2019-10-15,20,675.38,2109.408,2784.788
2019-10-15,21,646.176,1993.902,2640.078
2019-10-15,22,628.698,1937.642,2566.34
2019-10-15,23,690.048,1777.5,2467.548
2019-10-15,24,679.006,1677.536,2356.542
2019-10-15,25,651.846,1595.09,2246.936
2019-10-15,26,719.56,1548.98,2268.54
2019-10-15,27,696.072,1501.396,2197.468
2019-10-15,28,626.482,1391.008,2017.49
2019-10-15,29,645.93,1414.604,2060.534
2019-10-15,30,625.456,1291.848,1917.304
2019-10-15,31,675.826,1184.332,1860.158
2019-10-15,32,637.192,1170.14,1807.332
2019-10-15,33,569.662,1273.812,1843.474
2019-10-15,34,599.034,1313.776,1912.81
2019-10-15,35,608.51,1194.51,1803.02
2019-10-15,36,656.44,1196.766,1853.206
2019-10-15,37,758.454,1468.77,2227.224
2019-10-15,38,760.028,1736.344,2496.372
2019-10-15,39,796.756,2121.072,2917.828
2019-10-15,40,925.046,2277.202,3202.248
2019-10-15,41,1061.282,2264.222,3325.504
2019-10-15,42,1176.692,2312.7,3489.392
2019-10-15,43,1292.772,2076.126,3368.898
2019-10-15,44,1358.736,1933.418,3292.154
2019-10-15,45,1441.278,1963.532,3404.81
2019-10-15,46,1511.27,2259.71,3770.98
2019-10-15,47,1577.26,2536.562,4113.822
2019-10-15,48,1591.208,2757.68,4348.888
2019-10-16,1,1691.904,3096.964,4788.868
2019-10-16,2,1764.402,3441.342,5205.744
2019-10-16,3,1935.796,3706.88,5642.676
2019-10-16,4,2061.436,3822.274,5883.71
2019-10-16,5,2096.676,4186.646,6283.322
2019-10-16,6,2231.14,4176.736,6407.876
2019-10-16,7,2394.542,4308.702,6703.244
2019-10-16,8,2482.466,4267.794,6750.26
2019-10-16,9,2520.82,4522.142,7042.962
2019-10-16,10,2562.504,5014.354,7576.858
2019-10-16,11,2632.284,5507.086,8139.37
2019-10-16,12,2515.63,5466.806,7982.436
2019-10-16,13,2459.388,5652.878,8112.266
2019-10-16,14,2395.37,6050.196,8445.566
2019-10-16,15,2256.162,6311.48,8567.642
2019-10-16,16,2412.076,6595.182,9007.258
2019-10-16,17,2362.886,6691.834,9054.72
2019-10-16,18,2300.196,6937.236,9237.432
2019-10-16,19,2126.57,6957.728,9084.298
2019-10-16,20,1984.878,7107.43,9092.308
2019-10-16,21,1871.846,7046.456,8918.302
2019-10-16,22,1855.514,6641.018,8496.532
2019-10-16,23,1891.254,6147.668,8038.922
2019-10-16,24,1819.366,5715.654,7535.02
2019-10-16,25,1755.866,5368.056,7123.922
2019-10-16,26,1631.66,5013.442,6645.102
2019-10-16,27,1428.358,4747.02,6175.378
2019-10-16,28,1364.726,4409.268,5773.994
2019-10-16,29,1417.218,3894.164,5311.382
2019-10-16,30,1380.314,3864.282,5244.596
2019-10-16,31,1263.004,3819.958,5082.962
2019-10-16,32,1114.356,3731.9,4846.256
2019-10-16,33,1015.65,3720.396,4736.046
2019-10-16,34,1016.91,3412.772,4429.682
2019-10-16,35,863.2,2768.642,3631.842
2019-10-16,36,837.564,2296.166,3133.73
2019-10-16,37,854.686,2164.956,3019.642
2019-10-16,38,863.156,2070.02,2933.176
2019-10-16,39,968.418,2031.328,2999.746
2019-10-16,40,948.624,1813.786,2762.41
2019-10-16,41,875.424,1879.686,2755.11
2019-10-16,42,776.904,1924.934,2701.838
2019-10-16,43,684.26,1992.334,2676.594
2019-10-16,44,622.96,1799.052,2422.012
2019-10-16,45,591.14,1650.498,2241.638
2019-10-16,46,586.248,1697.868,2284.116
2019-10-16,47,612.882,1757.114,2369.996
2019-10-16,48,618.56,1861.71,2480.27
2019-10-17,1,643.112,1771.96,2415.072
2019-10-17,2,636.2,1531.326,2167.526
2019-10-17,3,667.794,1510.462,2178.256
2019-10-17,4,693.012,1584.19,2277.202
2019-10-17,5,775.372,1585.76,2361.132
2019-10-17,6,801.43,1815.926,2617.356
2019-10-17,7,779.688,1427.492,2207.18
2019-10-17,8,779.612,1544.262,2323.874
2019-10-17,9,854.19,1528.784,2382.974
2019-10-17,10,907.126,1478.694,2385.82
2019-10-17,11,993.996,1750.216,2744.212
2019-10-17,12,1090.682,2014.256,3104.938
2019-10-17,13,1154.334,2065.09,3219.424
2019-10-17,14,1245.132,2188.022,3433.154
2019-10-17,15,1326.236,2288.71,3614.946
2019-10-17,16,1378.992,2209.866,3588.858
2019-10-17,17,1445.38,2195.126,3640.506
2019-10-17,18,1510.82,2697.702,4208.522
2019-10-17,19,1587.1,2942.884,4529.984
2019-10-17,20,1617.522,3001.362,4618.884
2019-10-17,21,1663.5,3034.906,4698.406
2019-10-17,22,1777.752,2955.484,4733.236
2019-10-17,23,1791.432,3207.982,4999.414
2019-10-17,24,1853.436,3058.498,4911.934
2019-10-17,25,1795.35,3144.078,4939.428
2019-10-17,26,1787.146,3278.016,5065.162
2019-10-17,27,1764.404,3621.084,5385.488
2019-10-17,28,1655.018,3643.712,5298.73
2019-10-17,29,1512.938,3923.382,5436.32
2019-10-17,30,1544.138,4333.554,5877.692
2019-10-17,31,1520.416,4828.588,6349.004
2019-10-17,32,1508.932,4814.398,6323.33
2019-10-17,33,1572.376,4842.374,6414.75
2019-10-17,34,1555.812,4983.988,6539.8
2019-10-17,35,1717.232,5144.014,6861.246
2019-10-17,36,1862.284,5212.222,7074.506
2019-10-17,37,2110.792,5659.826,7770.618
2019-10-17,38,2369.408,5380.994,7750.402
2019-10-17,39,2448.68,5390.068,7838.748
2019-10-17,40,2425.69,5424.238,7849.928
2019-10-17,41,2525.372,5777.282,8302.654
2019-10-17,42,2295.648,5786.39,8082.038
2019-10-17,43,2173.786,5923.392,8097.178
2019-10-17,44,2014.992,6105.65,8120.642
2019-10-17,45,1878.582,6033.988,7912.57
2019-10-17,46,1723.414,5476.126,7199.54
2019-10-17,47,1593.528,5229.36,6822.888
2019-10-17,48,1308.35,4947.122,6255.472
2019-10-18,1,1284.562,4818.212,6102.774
2019-10-18,2,1320.008,4846.35,6166.358
2019-10-18,3,1312.414,4600.29,5912.704
2019-10-18,4,1338.69,4418.684,5757.374
2019-10-18,5,1300.292,4244.228,5544.52
2019-10-18,6,1230.01,4261.94,5491.95
2019-10-18,7,1033.036,4019.482,5052.518
2019-10-18,8,898.514,3967.632,4866.146
2019-10-18,9,906.232,4144.998,5051.23
2019-10-18,10,893.744,4117.082,5010.826
2019-10-18,11,853.014,3757.292,4610.306
2019-10-18,12,895.684,3546.544,4442.228
2019-10-18,13,927.738,3766.184,4693.922
2019-10-18,14,789.948,4287.802,5077.75
2019-10-18,15,863.908,4477.56,5341.468
2019-10-18,16,604.634,4614.348,5218.982
2019-10-18,17,590.194,4618.242,5208.436
2019-10-18,18,546.142,4678.616,5224.758
2019-10-18,19,509.654,4359.204,4868.858
2019-10-18,20,419.376,4241.724,4661.1
2019-10-18,21,380.714,4377.21,4757.924
2019-10-18,22,405.296,4585.172,4990.468
2019-10-18,23,436.458,4650.56,5087.018
2019-10-18,24,418.748,4659.516,5078.264
2019-10-18,25,398.794,4938.138,5336.932
2019-10-18,26,361.792,5447.378,5809.17
2019-10-18,27,253.94,5489.258,5743.198
2019-10-18,28,234.094,5553.058,5787.152
2019-10-18,29,331.652,5541.08,5872.732
2019-10-18,30,511.362,5304.466,5815.828
2019-10-18,31,663.982,5166.252,5830.234
2019-10-18,32,629.06,5257.766,5886.826
2019-10-18,33,662.846,5427.05,6089.896
2019-10-18,34,841.194,5251.58,6092.774
2019-10-18,35,885.312,5309.59,6194.902
2019-10-18,36,965.416,5443.806,6409.222
2019-10-18,37,1037.492,5601.256,6638.748
2019-10-18,38,1148.078,5397.204,6545.282
2019-10-18,39,1218.356,5111.062,6329.418
2019-10-18,40,1293.176,5171.7,6464.876
2019-10-18,41,1344.252,5341.53,6685.782
2019-10-18,42,1401.788,5358.55,6760.338
2019-10-18,43,1502.062,5620.214,7122.276
2019-10-18,44,1574.494,5721.094,7295.588
2019-10-18,45,1722.284,5693.374,7415.658
2019-10-18,46,1819.226,5599.042,7418.268
2019-10-18,47,1875.624,5387.078,7262.702
2019-10-18,48,1873.526,5276.196,7149.722
2019-10-19,1,1925.434,5151.834,7077.268
2019-10-19,2,2020.24,4965.706,6985.946
2019-10-19,3,2119.498,4944.242,7063.74
2019-10-19,4,2251.142,5062.238,7313.38
2019-10-19,5,2309.246,4990.06,7299.306
2019-10-19,6,2418.08,4885.138,7303.218
2019-10-19,7,2622.16,4500.384,7122.544
2019-10-19,8,2766.786,4509.086,7275.872
2019-10-19,9,2863.98,4319.514,7183.494
2019-10-19,10,2948.308,4243.06,7191.368
2019-10-19,11,2867.704,4279.432,7147.136
2019-10-19,12,2812.036,4096.018,6908.054
2019-10-19,13,2869.928,3933.262,6803.19
2019-10-19,14,2899.246,3749.164,6648.41
2019-10-19,15,2907.298,3657.014,6564.312
2019-10-19,16,3202.318,3654.086,6856.404
2019-10-19,17,3354.988,3643.324,6998.312
2019-10-19,18,3388.222,3690.592,7078.814
2019-10-19,19,3383.464,3723.362,7106.826
2019-10-19,20,3398.306,3634.292,7032.598
2019-10-19,21,3480.692,3371.862,6852.554
2019-10-19,22,3433.518,3083.276,6516.794
2019-10-19,23,3623.686,3053.57,6677.256
2019-10-19,24,3833.624,3081.136,6914.76
2019-10-19,25,3790.034,3292.212,7082.246
2019-10-19,26,3686.476,3476.738,7163.214
2019-10-19,27,3682.66,3669.504,7352.164
2019-10-19,28,3752.762,3924.942,7677.704
2019-10-19,29,3616.502,4092.696,7709.198
2019-10-19,30,3503.268,3949.224,7452.492
2019-10-19,31,3354.47,3992.556,7347.026
2019-10-19,32,2981.48,4061.386,7042.866
2019-10-19,33,2929.626,4150.198,7079.824
2019-10-19,34,2840.09,3852.95,6693.04
2019-10-19,35,2913.146,3580.414,6493.56
2019-10-19,36,2937.99,3392.66,6330.65
2019-10-19,37,2894.862,3233.17,6128.032
2019-10-19,38,2969.104,3361.902,6331.006
2019-10-19,39,3063.558,3177.874,6241.432
2019-10-19,40,3199.42,3107.882,6307.302
2019-10-19,41,3361.036,3048.682,6409.718
2019-10-19,42,3421.816,2853.008,6274.824
2019-10-19,43,3503.136,2992.098,6495.234
2019-10-19,44,3460.448,3197.496,6657.944
2019-10-19,45,3374.01,3043.104,6417.114
2019-10-19,46,3283.196,2928.082,6211.278
2019-10-19,47,3345.592,3303.182,6648.774
2019-10-19,48,3313.952,3207.314,6521.266
2019-10-20,1,3361.964,3170.41,6532.374
2019-10-20,2,3454.504,3031.608,6486.112
2019-10-20,3,3673.86,3095.4,6769.26
2019-10-20,4,3669.364,2962.544,6631.908
2019-10-20,5,3535.42,3069.666,6605.086
2019-10-20,6,3536.574,3128.128,6664.702
2019-10-20,7,3449.868,2991.336,6441.204
2019-10-20,8,3443.256,3039.012,6482.268
2019-10-20,9,3506.47,3212.262,6718.732
2019-10-20,10,3458.298,3145.246,6603.544
2019-10-20,11,3318.84,3068.56,6387.4
2019-10-20,12,3340.738,3155.206,6495.944
2019-10-20,13,3265.432,3328.064,6593.496
2019-10-20,14,3212.076,3134.194,6346.27
2019-10-20,15,3310.676,3130.8,6441.476
2019-10-20,16,3375.52,3252.558,6628.078
2019-10-20,17,3431.52,3168.12,6599.64
2019-10-20,18,3414.086,3199.51,6613.596
2019-10-20,19,3327.974,3184.806,6512.78
2019-10-20,20,3193.352,3236.374,6429.726
2019-10-20,21,3106.894,3251.608,6358.502
2019-10-20,22,3074.87,3291.432,6366.302
2019-10-20,23,3224.45,3187.376,6411.826
2019-10-20,24,3269.624,3091.836,6361.46
2019-10-20,25,3316.286,2986.094,6302.38
2019-10-20,26,3231.658,2906.96,6138.618
2019-10-20,27,3055.544,2842.332,5897.876
2019-10-20,28,3111.292,2698.382,5809.674
2019-10-20,29,3090.672,2656.232,5746.904
2019-10-20,30,2945.056,2689.512,5634.568
2019-10-20,31,2835.104,2659.248,5494.352
2019-10-20,32,2782.546,2870.608,5653.154
2019-10-20,33,2446.1,3198.168,5644.268
2019-10-20,34,2293.396,3451.984,5745.38
2019-10-20,35,2122.092,3888.31,6010.402
2019-10-20,36,1940.416,4453.944,6394.36
2019-10-20,37,1684.018,4859.836,6543.854
2019-10-20,38,1655.078,5224.716,6879.794
2019-10-20,39,1663.594,5283.782,6947.376
2019-10-20,40,1515.588,5392.656,6908.244
2019-10-20,41,1409.108,5760.006,7169.114
2019-10-20,42,1282.852,6004.93,7287.782
2019-10-20,43,1107.218,5683.94,6791.158
2019-10-20,44,970.572,5477.73,6448.302
2019-10-20,45,858.13,5475.674,6333.804
2019-10-20,46,774.378,5078.796,5853.174
2019-10-20,47,711.492,5044.75,5756.242
2019-10-20,48,624.05,5111.134,5735.184
2019-10-21,1,548.288,5181.65,5729.938
2019-10-21,2,557.038,5180.788,5737.826
2019-10-21,3,529.828,5072.964,5602.792
2019-10-21,4,534.084,4985.342,5519.426
2019-10-21,5,504.274,5138.516,5642.79
2019-10-21,6,453.87,5301.708,5755.578
2019-10-21,7,443.542,5657.91,6101.452
2019-10-21,8,413.078,5677.918,6090.996
2019-10-21,9,403.842,5667.272,6071.114
2019-10-21,10,378.798,5678.366,6057.164
2019-10-21,11,346.742,5571.136,5917.878
2019-10-21,12,343.334,5479.244,5822.578
2019-10-21,13,315.122,5550.766,5865.888
2019-10-21,14,290.63,5579.81,5870.44
2019-10-21,15,267.614,5560.158,5827.772
2019-10-21,16,267.768,5437.23,5704.998
2019-10-21,17,283.362,5319.878,5603.24
2019-10-21,18,315.482,5234.42,5549.902
2019-10-21,19,363.698,5151.48,5515.178
2019-10-21,20,409.314,5153.992,5563.306
2019-10-21,21,410.564,5026.504,5437.068
2019-10-21,22,426.182,4896.468,5322.65
2019-10-21,23,514.978,4695.45,5210.428
2019-10-21,24,656.998,4558.35,5215.348
2019-10-21,25,902.502,4339.72,5242.222
2019-10-21,26,1090.124,4179.434,5269.558
2019-10-21,27,1199.084,3998.73,5197.814
2019-10-21,28,1342.08,3769.296,5111.376
2019-10-21,29,1533.124,3733.952,5267.076
2019-10-21,30,1741.202,3633.134,5374.336
2019-10-21,31,1865.542,3793.162,5658.704
2019-10-21,32,2015.428,3887.906,5903.334
2019-10-21,33,2204.164,3643.966,5848.13
2019-10-21,34,2324.022,3355.174,5679.196
2019-10-21,35,2471.85,3044.71,5516.56
2019-10-21,36,2486.378,2732.716,5219.094
2019-10-21,37,2600.23,2299.634,4899.864
2019-10-21,38,2696.894,2360.17,5057.064
2019-10-21,39,2817.156,2429.134,5246.29
2019-10-21,40,2976.384,2541.592,5517.976
2019-10-21,41,3107.134,2416.486,5523.62
2019-10-21,42,3137.566,2203.55,5341.116
2019-10-21,43,3212.592,1944.12,5156.712
2019-10-21,44,3172.586,1656.896,4829.482
2019-10-21,45,3280.658,1630.542,4911.2
2019-10-21,46,3450.934,1834.446,5285.38
2019-10-21,47,3456.494,2090.514,5547.008
2019-10-21,48,3583.386,2119.742,5703.128
2019-10-22,1,3573.404,2099.602,5673.006
2019-10-22,2,3599.97,2011.24,5611.21
2019-10-22,3,3648.822,1958.05,5606.872
2019-10-22,4,3643.016,1946.844,5589.86
2019-10-22,5,3577.7,1833.556,5411.256
2019-10-22,6,3454.158,1839.988,5294.146
2019-10-22,7,3510.528,1755.176,5265.704
2019-10-22,8,3466.456,1809.654,5276.11
2019-10-22,9,3386.21,1799.976,5186.186
2019-10-22,10,3453.324,1795.848,5249.172
2019-10-22,11,3418.146,1751.976,5170.122
2019-10-22,12,3449.252,1658.348,5107.6
2019-10-22,13,3552.776,1636.21,5188.986
2019-10-22,14,3703.522,1752.21,5455.732
2019-10-22,15,3620.444,1775.332,5395.776
2019-10-22,16,3514.43,1885.746,5400.176
2019-10-22,17,3521.028,1931.23,5452.258
2019-10-22,18,3550.546,1963.646,5514.192
2019-10-22,19,3538.448,1960.308,5498.756
2019-10-22,20,3654.79,2049.58,5704.37
2019-10-22,21,3711.516,2026.792,5738.308
2019-10-22,22,3785.654,2146.958,5932.612
2019-10-22,23,3885.088,2348.904,6233.992
2019-10-22,24,4049.338,2631.566,6680.904
2019-10-22,25,4070.78,2911.918,6982.698
2019-10-22,26,3969.082,2948.636,6917.718
2019-10-22,27,3932.73,2998.82,6931.55
2019-10-22,28,3880.096,3116.39,6996.486
2019-10-22,29,3805.256,2906.126,6711.382
2019-10-22,30,3675.61,2748.38,6423.99
2019-10-22,31,3449.97,2755.224,6205.194
2019-10-22,32,3321.408,2656.156,5977.564
2019-10-22,33,3162.728,2755.588,5918.316
2019-10-22,34,3285.398,2798.792,6084.19
2019-10-22,35,2963.314,2717.32,5680.634
2019-10-22,36,2844.328,2487.38,5331.708
2019-10-22,37,3025.058,2453.946,5479.004
2019-10-22,38,3216.26,2450.268,5666.528
2019-10-22,39,3125.864,2479.56,5605.424
2019-10-22,40,2941.156,2519.658,5460.814
2019-10-22,41,2713.272,2603.254,5316.526
2019-10-22,42,2528.29,2626.572,5154.862
2019-10-22,43,2590.776,2602.992,5193.768
2019-10-22,44,2380.848,2555.384,4936.232
2019-10-22,45,2173.162,2501.674,4674.836
2019-10-22,46,1919.836,2556.846,4476.682
2019-10-22,47,2129.758,2392.238,4521.996
2019-10-22,48,2252.952,2403.056,4656.008
2019-10-23,1,2133.558,2248.78,4382.338
2019-10-23,2,2238.122,2385.628,4623.75
2019-10-23,3,2296.2,2395.75,4691.95
2019-10-23,4,2327.35,2309.478,4636.828
2019-10-23,5,2226.846,2148.198,4375.044
2019-10-23,6,2157.656,2046.186,4203.842
2019-10-23,7,2172.028,1853.016,4025.044
2019-10-23,8,2491.238,1604.824,4096.062
2019-10-23,9,2376.214,1899.358,4275.572
2019-10-23,10,2215.584,1954.928,4170.512
2019-10-23,11,2245.554,2023.712,4269.266
2019-10-23,12,2310.842,2135.416,4446.258
2019-10-23,13,2193.544,2183.914,4377.458
2019-10-23,14,2369.408,2247.654,4617.062
2019-10-23,15,2714.372,2414.062,5128.434
2019-10-23,16,2901.85,2651.952,5553.802
2019-10-23,17,3431.436,2910.812,6342.248
2019-10-23,18,3421.922,2791.728,6213.65
2019-10-23,19,3566.646,2726.418,6293.064
2019-10-23,20,3450.008,2686.428,6136.436
2019-10-23,21,3466.666,2551.856,6018.522
2019-10-23,22,3588.924,2378.782,5967.706
2019-10-23,23,3592.806,2144.216,5737.022
2019-10-23,24,3672.708,1979.808,5652.516
2019-10-23,25,3671.032,2004.812,5675.844
2019-10-23,26,3603.24,2217.994,5821.234
2019-10-23,27,3646.308,2318.386,5964.694
2019-10-23,28,3588.126,2520.138,6108.264
2019-10-23,29,3551.798,2932.708,6484.506
2019-10-23,30,3396.672,3091.564,6488.236
2019-10-23,31,3371.76,2902.506,6274.266
2019-10-23,32,3389.498,2572.922,5962.42
2019-10-23,33,3396.28,2644.536,6040.816
2019-10-23,34,3339.932,2734.838,6074.77
2019-10-23,35,3509.568,3048.022,6557.59
2019-10-23,36,3571.58,2933.364,6504.944
2019-10-23,37,3538.232,2705.378,6243.61
2019-10-23,38,3683.374,2618.172,6301.546
2019-10-23,39,3662.884,2563.45,6226.334
2019-10-23,40,3687.06,2515.034,6202.094
2019-10-23,41,3699.23,2411.6,6110.83
2019-10-23,42,3424.212,2499.286,5923.498
2019-10-23,43,3347.178,2309.636,5656.814
2019-10-23,44,3186.45,2333.72,5520.17
2019-10-23,45,3020.664,2224.28,5244.944
2019-10-23,46,2806.18,2036.098,4842.278
2019-10-23,47,2614.508,1960.098,4574.606
2019-10-23,48,2368.444,2061.656,4430.1
2019-10-24,1,2134.024,2121.68,4255.704
2019-10-24,2,2044.88,2018.07,4062.95
2019-10-24,3,1905.816,1915.508,3821.324
2019-10-24,4,2154.21,1643.118,3797.328
2019-10-24,5,2395.846,1544.404,3940.25
2019-10-24,6,2326.66,1511.85,3838.51
2019-10-24,7,2266.834,1765.362,4032.196
2019-10-24,8,2211.568,2086.366,4297.934
2019-10-24,9,2127.962,2108.162,4236.124
2019-10-24,10,2187.854,1745.078,3932.932
2019-10-24,11,2512.486,1376.432,3888.918
2019-10-24,12,2747.336,1152.894,3900.23
2019-10-24,13,2995.616,1038.726,4034.342
2019-10-24,14,2986.378,859.388,3845.766
2019-10-24,15,2994.84,773.9,3768.74
2019-10-24,16,3203.022,646.934,3849.956
2019-10-24,17,3208.54,651.248,3859.788
2019-10-24,18,3194.92,829.23,4024.15
2019-10-24,19,3172.242,1071.132,4243.374
2019-10-24,20,3110.962,1093.9,4204.862
2019-10-24,21,3034.42,1188.024,4222.444
2019-10-24,22,3037.06,1460.864,4497.924
2019-10-24,23,3039.694,1733.716,4773.41
2019-10-24,24,3042.346,2006.564,5048.91
2019-10-24,25,3044.98,2279.416,5324.396
2019-10-24,26,3047.62,2552.256,5599.876
2019-10-24,27,3005.92,2944.786,5950.706
2019-10-24,28,2926.484,3172.168,6098.652
2019-10-24,29,2781.638,3317.414,6099.052
2019-10-24,30,2735.168,3590.702,6325.87
2019-10-24,31,2655.864,3956.468,6612.332
2019-10-24,32,2478.85,4258.772,6737.622
2019-10-24,33,2344.642,4349.124,6693.766
2019-10-24,34,2197.404,4141.876,6339.28
2019-10-24,35,2012.44,3778.458,5790.898
2019-10-24,36,1868.98,3319.912,5188.892
2019-10-24,37,1868.308,3365.642,5233.95
2019-10-24,38,1950.964,3781.01,5731.974
2019-10-24,39,1895.264,3915.332,5810.596
2019-10-24,40,1924.544,3587.95,5512.494
2019-10-24,41,2011.596,3361.912,5373.508
2019-10-24,42,1936.468,3339.056,5275.524
2019-10-24,43,1952.34,3820.058,5772.398
2019-10-24,44,2015.892,3837.868,5853.76
2019-10-24,45,2021.344,4201.842,6223.186
2019-10-24,46,2130.154,4242.924,6373.078
2019-10-24,47,2130.202,4144.192,6274.394
2019-10-24,48,2419.22,4063.762,6482.982
2019-10-25,1,2456.64,4073.62,6530.26
2019-10-25,2,2484.038,4168.116,6652.154
2019-10-25,3,2406.598,4107.168,6513.766
2019-10-25,4,2385.172,4345,6730.172
2019-10-25,5,2258.188,4301.29,6559.478
2019-10-25,6,2233.612,4030.642,6264.254
2019-10-25,7,2330.106,3910.276,6240.382
2019-10-25,8,2503.13,3791.478,6294.608
2019-10-25,9,2794.294,3685.302,6479.596
2019-10-25,10,2921.484,3611.818,6533.302
2019-10-25,11,3022.928,3491.816,6514.744
2019-10-25,12,3196.248,3263.76,6460.008
2019-10-25,13,3180.576,3106.616,6287.192
2019-10-25,14,3263.56,2767.366,6030.926
2019-10-25,15,3253.364,2376.782,5630.146
2019-10-25,16,3219.64,2115.006,5334.646
2019-10-25,17,3270.836,2017.69,5288.526
2019-10-25,18,3225.93,2041.038,5266.968
2019-10-25,19,3207.28,1929.79,5137.07
2019-10-25,20,3201.046,1738.562,4939.608
2019-10-25,21,3255.218,1599.858,4855.076
2019-10-25,22,3264.984,1708.516,4973.5
2019-10-25,23,3211.93,1924.134,5136.064
2019-10-25,24,3186.286,2276.868,5463.154
2019-10-25,25,3089.514,2669.892,5759.406
2019-10-25,26,2985.904,3326.792,6312.696
2019-10-25,27,2879.152,3698.376,6577.528
2019-10-25,28,2817.364,3851.264,6668.628
2019-10-25,29,2891.234,4089.678,6980.912
2019-10-25,30,2803.38,4598.734,7402.114
2019-10-25,31,2656.436,5122.854,7779.29
2019-10-25,32,2564.304,5262.414,7826.718
2019-10-25,33,2450.442,5396.174,7846.616
2019-10-25,34,2227.264,5540.092,7767.356
2019-10-25,35,2128.922,5760.158,7889.08
2019-10-25,36,2030.906,5933.596,7964.502
2019-10-25,37,1954.704,6087.582,8042.286
2019-10-25,38,1823.508,6190.93,8014.438
2019-10-25,39,1930.898,6068.664,7999.562
2019-10-25,40,1874.752,5990.652,7865.404
2019-10-25,41,1910.684,5902.87,7813.554
2019-10-25,42,1950.196,5868.318,7818.514
2019-10-25,43,1976.938,5910.898,7887.836
2019-10-25,44,2030.744,5891.356,7922.1
2019-10-25,45,2171.172,5796.686,7967.858
2019-10-25,46,2328.134,5441.536,7769.67
2019-10-25,47,2340.164,5286.38,7626.544
2019-10-25,48,2344.946,5338.35,7683.296
2019-10-26,1,2359.476,5151.79,7511.266
2019-10-26,2,2408.166,5075.446,7483.612
2019-10-26,3,2493.18,4483.682,6976.862
2019-10-26,4,2577.026,3794.65,6371.676
2019-10-26,5,2545.566,3384.758,5930.324
2019-10-26,6,2524.842,2960.14,5484.982
2019-10-26,7,2552.376,2490.842,5043.218
2019-10-26,8,2613.942,2390.108,5004.05
2019-10-26,9,2541.718,2367.988,4909.706
2019-10-26,10,2541.102,2382.854,4923.956
2019-10-26,11,2519.12,2431.768,4950.888
2019-10-26,12,2588.378,2497.96,5086.338
2019-10-26,13,2578.214,2350.88,4929.094
2019-10-26,14,2523.088,2381.042,4904.13
2019-10-26,15,2451.864,2374.104,4825.968
2019-10-26,16,2365.588,2416,4781.588
2019-10-26,17,2391.704,2486.272,4877.976
2019-10-26,18,2406.326,2654.512,5060.838
2019-10-26,19,2447.574,2813.442,5261.016
2019-10-26,20,2413.958,2803.366,5217.324
2019-10-26,21,2475.21,2719.534,5194.744
2019-10-26,22,2526.08,2719.01,5245.09
2019-10-26,23,2657.608,2869.51,5527.118
2019-10-26,24,2743.946,2893.1,5637.046
2019-10-26,25,2967.536,2769.402,5736.938
2019-10-26,26,3167.19,2924.47,6091.66
2019-10-26,27,3302.394,3068.372,6370.766
2019-10-26,28,3389.466,3393.12,6782.586
2019-10-26,29,3458.668,3855.402,7314.07
2019-10-26,30,3658.442,4437.344,8095.786
2019-10-26,31,3644.818,5227.272,8872.09
2019-10-26,32,3876.552,5785.53,9662.082
2019-10-26,33,3740.054,6113.676,9853.73
2019-10-26,34,3855.206,6403.166,10258.372
2019-10-26,35,3796.09,6530.154,10326.244
2019-10-26,36,3890.716,6597.78,10488.496
2019-10-26,37,4008.834,6455.602,10464.436
2019-10-26,38,4056.794,6266.582,10323.376
2019-10-26,39,4197.51,5928.128,10125.638
2019-10-26,40,4151.202,5654.018,9805.22
2019-10-26,41,4104.682,5877.28,9981.962
2019-10-26,42,4173.182,6379.576,10552.758
2019-10-26,43,4075.466,6669.716,10745.182
2019-10-26,44,4083.74,6639.554,10723.294
2019-10-26,45,3855.058,6602.634,10457.692
2019-10-26,46,3845.346,6606.486,10451.832
2019-10-26,47,3782.666,6753.702,10536.368
2019-10-26,48,3645.496,6717.906,10363.402
2019-10-27,1,3397.126,6693.898,10091.024
2019-10-27,2,3157.324,6628.802,9786.126
2019-10-27,3,3028.076,6617.728,9645.804
2019-10-27,5,3004.804,6416.558,9421.362
2019-10-27,4,3029.57,6468.52,9498.09
2019-10-27,6,2984.648,6303.43,9288.078
2019-10-27,7,2929.486,6328.674,9258.16
2019-10-27,8,2969.286,6541.01,9510.296
2019-10-27,9,3238.262,6687.066,9925.328
2019-10-27,10,3367.446,6603.562,9971.008
2019-10-27,11,3173.136,6502.856,9675.992
2019-10-27,12,3073.272,6412.634,9485.906
2019-10-27,13,3027.894,6353.066,9380.96
2019-10-27,14,3074.13,6229.524,9303.654
2019-10-27,15,3121.74,6042.68,9164.42
2019-10-27,16,3151.968,5917.84,9069.808
2019-10-27,17,3289.608,5978.626,9268.234
2019-10-27,18,3422.174,5857.072,9279.246
2019-10-27,19,3300.67,5752.17,9052.84
2019-10-27,20,3290.904,5482.908,8773.812
2019-10-27,21,3449.82,5174.794,8624.614
2019-10-27,22,3824.734,4717.222,8541.956
2019-10-27,23,4186.58,4340.344,8526.924
2019-10-27,24,4302.202,4469.27,8771.472
2019-10-27,25,4265.872,4577.118,8842.99
2019-10-27,26,4490.334,4371.166,8861.5
2019-10-27,27,4362.24,4288.924,8651.164
2019-10-27,28,4162.262,4058.8,8221.062
2019-10-27,29,4046.88,3931.074,7977.954
2019-10-27,30,3534.296,3791.97,7326.266
2019-10-27,31,3049.138,3774.468,6823.606
2019-10-27,32,3130.728,3826.266,6956.994
2019-10-27,33,3202.476,3841.07,7043.546
2019-10-27,34,2947.458,3755.884,6703.342
2019-10-27,35,2525.178,3554.504,6079.682
2019-10-27,36,2291.794,3235.414,5527.208
2019-10-27,37,2348.33,3117.656,5465.986
2019-10-27,38,2132.248,3257.412,5389.66
2019-10-27,39,2008.472,3181.074,5189.546
2019-10-27,40,2111.788,3163.846,5275.634
2019-10-27,41,2024.472,2940.678,4965.15
2019-10-27,42,1989.908,2846.102,4836.01
2019-10-27,43,1983.034,2914.528,4897.562
2019-10-27,44,1957.628,2640.326,4597.954
2019-10-27,45,1864.15,2337.172,4201.322
2019-10-27,46,1872.468,2171.16,4043.628
2019-10-27,47,1875.75,2080.636,3956.386
2019-10-27,48,1821.564,1977.798,3799.362
2019-10-27,49,1651.856,1794.796,3446.652
2019-10-27,50,1550.656,1597.142,3147.798
2019-10-28,1,1647.848,1405.408,3053.256
2019-10-28,2,1475.926,1315.526,2791.452
2019-10-28,3,1322.154,1272.542,2594.696
2019-10-28,4,1344.806,1265.62,2610.426
2019-10-28,5,1339.26,1190.076,2529.336
2019-10-28,6,1437.05,1095.544,2532.594
2019-10-28,7,1569.81,1071.6,2641.41
2019-10-28,8,1481.342,1068.01,2549.352
2019-10-28,9,1546.626,1036.136,2582.762
2019-10-28,10,1534.026,874.176,2408.202
2019-10-28,11,1375.872,896.068,2271.94
2019-10-28,12,1245.802,941.084,2186.886
2019-10-28,13,1297.178,972.082,2269.26
2019-10-28,14,1107.866,1008.328,2116.194
2019-10-28,15,1058.148,947.638,2005.786
2019-10-28,16,938.504,908.96,1847.464
2019-10-28,17,951.904,908.06,1859.964
2019-10-28,18,922.996,885.272,1808.268
2019-10-28,19,959.612,914.4,1874.012
2019-10-28,20,997.77,970.218,1967.988
2019-10-28,21,1004.6,1024.604,2029.204
2019-10-28,22,1051.58,986.704,2038.284
2019-10-28,23,1061.766,892.844,1954.61
2019-10-28,24,1036.508,937.006,1973.514
2019-10-28,25,1040.16,894.928,1935.088
2019-10-28,26,1050.194,867.682,1917.876
2019-10-28,27,1043.696,874.372,1918.068
2019-10-28,28,1026.208,1030.016,2056.224
2019-10-28,29,1028.82,1198.388,2227.208
2019-10-28,30,1020.806,1423.068,2443.874
2019-10-28,31,876.39,1595.844,2472.234
2019-10-28,32,933.276,1798.79,2732.066
2019-10-28,33,989.102,2107.404,3096.506
2019-10-28,34,997.938,2515.858,3513.796
2019-10-28,35,1009.15,2777.766,3786.916
2019-10-28,36,994.474,2711.868,3706.342
2019-10-28,37,1056.38,2876.824,3933.204
2019-10-28,38,1073.486,2936.794,4010.28
2019-10-28,39,1123.498,2860.332,3983.83
2019-10-28,40,1071.782,2817.74,3889.522
2019-10-28,41,966.57,2800.344,3766.914
2019-10-28,42,952.806,2567.312,3520.118
2019-10-28,43,982.878,2530.464,3513.342
2019-10-28,44,1013.878,2339.754,3353.632
2019-10-28,45,1038.892,2190.166,3229.058
2019-10-28,46,1022.926,1957.618,2980.544
2019-10-28,47,1112.388,1904.14,3016.528
2019-10-28,48,936.638,1901.484,2838.122
2019-10-29,1,889.984,2031.714,2921.698
2019-10-29,2,840.924,2096.094,2937.018
2019-10-29,3,864.656,2269.074,3133.73
2019-10-29,4,849.032,2483.91,3332.942
2019-10-29,5,766.5,2490.488,3256.988
2019-10-29,6,742.32,2583.476,3325.796
2019-10-29,7,763.872,2833.008,3596.88
2019-10-29,8,840.702,2948.282,3788.984
2019-10-29,9,875.742,3054.784,3930.526
2019-10-29,10,866.096,3054.578,3920.674
2019-10-29,11,832.19,3305.168,4137.358
2019-10-29,12,846.092,3366.326,4212.418
2019-10-29,13,932.334,3625.186,4557.52
2019-10-29,14,846.882,3715.564,4562.446
2019-10-29,15,781.376,3682.476,4463.852
2019-10-29,16,767.628,3546.078,4313.706
2019-10-29,17,769.698,3645.426,4415.124
2019-10-29,18,673.186,3564.578,4237.764
2019-10-29,19,658.598,3323.484,3982.082
2019-10-29,20,659.244,3301.646,3960.89
2019-10-29,21,668.836,3342.832,4011.668
2019-10-29,22,692.672,3354.798,4047.47
2019-10-29,23,772.41,3240.416,4012.826
2019-10-29,24,858.81,3049.994,3908.804
2019-10-29,25,824.4,3086.794,3911.194
2019-10-29,26,773.002,3180.816,3953.818
2019-10-29,27,733.078,3245.268,3978.346
2019-10-29,28,675.44,3183.618,3859.058
2019-10-29,29,660.058,3298.766,3958.824
2019-10-29,30,607.322,3458.014,4065.336
2019-10-29,31,553.844,3441.986,3995.83
2019-10-29,32,562.144,3519.934,4082.078
2019-10-29,33,541.062,3452.86,3993.922
2019-10-29,34,516.676,3672.244,4188.92
2019-10-29,35,608.784,3919.27,4528.054
2019-10-29,36,609.9,4106.036,4715.936
2019-10-29,37,616.076,4333.962,4950.038
2019-10-29,38,634.366,4476.892,5111.258
2019-10-29,39,633.362,4475.456,5108.818
2019-10-29,40,587.436,4607.906,5195.342
2019-10-29,41,593.196,4808.022,5401.218
2019-10-29,42,625.68,4818.182,5443.862
2019-10-29,43,621.994,4699.732,5321.726
2019-10-29,44,568.138,4545.758,5113.896
2019-10-29,45,609.65,4435.3,5044.95
2019-10-29,46,640.178,4521.014,5161.192
2019-10-29,47,591.798,4597.47,5189.268
2019-10-29,48,596.306,4142.46,4738.766
2019-10-30,1,614.16,4257.896,4872.056
2019-10-30,2,582.694,4349.15,4931.844
2019-10-30,3,544.654,4284.678,4829.332
2019-10-30,4,507.808,4269.84,4777.648
2019-10-30,5,518.81,4201.472,4720.282
2019-10-30,6,534.246,3975.948,4510.194
2019-10-30,7,545.1,3846.32,4391.42
2019-10-30,8,571.106,3942.404,4513.51
2019-10-30,9,581.106,4084.38,4665.486
2019-10-30,10,606.716,4216.348,4823.064
2019-10-30,11,635.108,4195.91,4831.018
2019-10-30,12,633.272,4122.286,4755.558
2019-10-30,13,657.24,4351.438,5008.678
2019-10-30,14,730.768,4377.518,5108.286
2019-10-30,15,809.17,4246.622,5055.792
2019-10-30,16,846.386,4335.158,5181.544
2019-10-30,17,860.428,4481.98,5342.408
2019-10-30,18,780.034,4516.046,5296.08
2019-10-30,19,756.958,4499.922,5256.88
2019-10-30,20,768.734,4488.274,5257.008
2019-10-30,21,842.112,4532.24,5374.352
2019-10-30,22,921.132,4476.482,5397.614
2019-10-30,23,986.952,4504.738,5491.69
2019-10-30,24,1035.37,4505.232,5540.602
2019-10-30,25,1042.082,4729.022,5771.104
2019-10-30,26,1014.43,5090.598,6105.028
2019-10-30,27,1003.836,5195.396,6199.232
2019-10-30,28,966.938,5208.502,6175.44
2019-10-30,29,998.086,5197.286,6195.372
2019-10-30,30,1036.554,5230.198,6266.752
2019-10-30,31,1063.54,5221.134,6284.674
2019-10-30,32,1066.326,5246.976,6313.302
2019-10-30,33,1107.634,5339.104,6446.738
2019-10-30,34,1151.898,5453.19,6605.088
2019-10-30,35,1256.132,5433.448,6689.58
2019-10-30,36,1355.104,5358.998,6714.102
2019-10-30,37,1419.674,5337.828,6757.502
2019-10-30,38,1504.56,5511.08,7015.64
2019-10-30,39,1639.69,5777.724,7417.414
2019-10-30,40,1716.582,5937.026,7653.608
2019-10-30,41,1717.184,5904.93,7622.114
2019-10-30,42,1703.528,5922.904,7626.432
2019-10-30,43,1693.408,6079.496,7772.904
2019-10-30,44,1702.212,6043.972,7746.184
2019-10-30,45,1717.642,5910.11,7627.752
2019-10-30,46,1780.366,5864.304,7644.67
2019-10-30,47,1840.418,5794.46,7634.878
2019-10-30,48,1824.968,5632.62,7457.588
2019-10-31,1,1857.894,5567.69,7425.584
2019-10-31,2,1825.686,5454.846,7280.532
2019-10-31,3,1736.59,5290.2,7026.79
2019-10-31,4,1641.42,5134.252,6775.672
2019-10-31,5,1584.474,4938.04,6522.514
2019-10-31,6,1628.548,4879.068,6507.616
2019-10-31,7,1677.318,4807.374,6484.692
2019-10-31,8,1654.298,4782.214,6436.512
2019-10-31,9,1576.85,4798.304,6375.154
2019-10-31,10,1588.768,4859.736,6448.504
2019-10-31,11,1678.916,4823.862,6502.778
2019-10-31,12,1738.26,4770.81,6509.07
2019-10-31,13,1719.156,4691.198,6410.354
2019-10-31,14,1803.798,4765.512,6569.31
2019-10-31,15,1867.048,4998.018,6865.066
2019-10-31,16,1978.92,4915.31,6894.23
2019-10-31,17,2014.78,4728.074,6742.854
2019-10-31,18,1979.58,4706.534,6686.114
2019-10-31,19,2002.584,4592.048,6594.632
2019-10-31,20,2092.936,4525.494,6618.43
2019-10-31,21,2149.632,4507.642,6657.274
2019-10-31,22,2136.946,4313.992,6450.938
2019-10-31,23,2160.93,4167.096,6328.026
2019-10-31,24,2212.838,3956.39,6169.228
2019-10-31,25,2169.948,3782.746,5952.694
2019-10-31,26,2227.564,3629.1,5856.664
2019-10-31,27,2131.484,3561.182,5692.666
2019-10-31,28,1968.128,3363.126,5331.254
2019-10-31,29,1803.232,3151.346,4954.578
2019-10-31,30,1815.616,3124.34,4939.956
2019-10-31,31,1864.884,3177.654,5042.538
2019-10-31,32,1939.576,3176.41,5115.986
2019-10-31,33,2161.644,3249.382,5411.026
2019-10-31,34,2191.904,3348.898,5540.802
2019-10-31,35,2269.848,3553.486,5823.334
2019-10-31,36,2356.698,3638.68,5995.378
2019-10-31,37,2424.696,3693.28,6117.976
2019-10-31,38,2445.248,3703.268,6148.516
2019-10-31,39,2484.522,3836.866,6321.388
2019-10-31,40,2496.352,3915.212,6411.564
2019-10-31,41,2515.08,3996.71,6511.79
2019-10-31,42,2665.94,4170.036,6835.976
2019-10-31,43,2575.736,4178.64,6754.376
2019-10-31,44,2354.588,4097.936,6452.524
2019-10-31,45,2264.264,4032.944,6297.208
2019-10-31,46,2243.866,4068.316,6312.182
2019-10-31,47,2231.366,3950.94,6182.306
2019-10-31,48,2259.592,3924.252,6183.844
2019-11-01,1,2141.566,3826.68,5968.246
2019-11-01,2,2045.68,3779.878,5825.558
2019-11-01,3,1881.93,3613.866,5495.796
2019-11-01,4,1831.212,3487.194,5318.406
2019-11-01,5,1811.504,3475.374,5286.878
2019-11-01,6,1760.548,3489.058,5249.606
2019-11-01,7,1704.33,3598.9,5303.23
2019-11-01,8,1648.082,3630.792,5278.874
2019-11-01,9,1642.35,3685.72,5328.07
2019-11-01,10,1593.988,3890.43,5484.418
2019-11-01,11,1552.012,3976.988,5529
2019-11-01,12,1500.018,4113.864,5613.882
2019-11-01,13,1543.472,4347.332,5890.804
2019-11-01,14,1604.85,4482.154,6087.004
2019-11-01,15,1709.888,4610.466,6320.354
2019-11-01,16,1753.392,4805.384,6558.776
2019-11-01,17,1831.048,4882.538,6713.586
2019-11-01,18,1873.966,5068.958,6942.924
2019-11-01,19,1967.28,5056.066,7023.346
2019-11-01,20,1947.874,5184.482,7132.356
2019-11-01,21,1930.322,5233.568,7163.89
2019-11-01,22,1973.294,5151.94,7125.234
2019-11-01,23,1979.502,5111.74,7091.242
2019-11-01,24,1894.206,5231.696,7125.902
2019-11-01,25,1813.91,5294.71,7108.62
2019-11-01,26,1715.53,4952.772,6668.302
2019-11-01,27,1534.218,4571.112,6105.33
2019-11-01,28,1437.804,4404.978,5842.782
2019-11-01,29,1469.238,4373.296,5842.534
2019-11-01,30,1557.984,4299.454,5857.438
2019-11-01,31,1670.196,4280.324,5950.52
2019-11-01,32,1691.8,4149.128,5840.928
2019-11-01,33,1678.348,4112.522,5790.87
2019-11-01,34,1750.308,4109.672,5859.98
2019-11-01,35,1847.608,3747.762,5595.37
2019-11-01,36,1962.228,3520.566,5482.794
2019-11-01,37,1978.058,3606.718,5584.776
2019-11-01,38,2035.17,4046.652,6081.822
2019-11-01,39,2063.886,4317.272,6381.158
2019-11-01,40,2087.384,4661.182,6748.566
2019-11-01,41,2129.832,4880.422,7010.254
2019-11-01,42,2232.952,5188.254,7421.206
2019-11-01,43,2372.692,5108.944,7481.636
2019-11-01,44,2377.77,5137.692,7515.462
2019-11-01,45,2472.246,5402.196,7874.442
2019-11-01,46,2519.864,5739.312,8259.176
2019-11-01,47,2431.856,6142.048,8573.904
2019-11-01,48,2403.926,6417.802,8821.728
2019-11-02,1,2533.402,6642.766,9176.168
2019-11-02,2,2713.114,6618.914,9332.028
2019-11-02,3,2814.872,6380.74,9195.612
2019-11-02,4,2845.568,6345.436,9191.004
2019-11-02,5,2911.366,6119.128,9030.494
2019-11-02,6,2815.966,6295.556,9111.522
2019-11-02,7,2736.422,6499.092,9235.514
2019-11-02,8,2678.258,6435.936,9114.194
2019-11-02,9,2583.76,6392.868,8976.628
2019-11-02,10,2381.844,6381.39,8763.234
2019-11-02,11,2267.034,5926.044,8193.078
2019-11-02,12,2226.832,6103.292,8330.124
2019-11-02,13,2141.69,6163.262,8304.952
2019-11-02,14,2054.928,6094.99,8149.918
2019-11-02,15,1973.178,6038.81,8011.988
2019-11-02,16,1965.12,6163.836,8128.956
2019-11-02,17,2042.776,5905.04,7947.816
2019-11-02,18,2053.774,5802.256,7856.03
2019-11-02,19,1979.764,5541.954,7521.718
2019-11-02,20,1872.024,5269.768,7141.792
2019-11-02,21,1851.214,5164.766,7015.98
2019-11-02,22,1840.32,5086.762,6927.082
2019-11-02,23,1804.504,5011.698,6816.202
2019-11-02,24,1816.69,4738.804,6555.494
2019-11-02,25,1818.628,4487.386,6306.014
2019-11-02,26,1810.542,4394.286,6204.828
2019-11-02,27,1798.228,4409.868,6208.096
2019-11-02,28,1749.56,4476.098,6225.658
2019-11-02,29,1696.25,4530.128,6226.378
2019-11-02,30,1716.11,4550.404,6266.514
2019-11-02,31,1736.404,4740.488,6476.892
2019-11-02,32,1776.84,4866.942,6643.782
2019-11-02,33,1697.286,4865.736,6563.022
2019-11-02,34,1658.356,4906.17,6564.526
2019-11-02,35,1631.392,4855.072,6486.464
2019-11-02,36,1609.698,4804.346,6414.044
2019-11-02,37,1623.246,4714.104,6337.35
2019-11-02,38,1589.57,4701.454,6291.024
2019-11-02,39,1635.27,4624.114,6259.384
2019-11-02,40,1639.138,4432.634,6071.772
2019-11-02,41,1671.306,4418.208,6089.514
2019-11-02,42,1770.148,4389.63,6159.778
2019-11-02,43,1826.406,4266.398,6092.804
2019-11-02,44,1874.7,4025.518,5900.218
2019-11-02,45,2001.974,4035.998,6037.972
2019-11-02,46,2072.666,4081.04,6153.706
2019-11-02,47,2134.282,4003.248,6137.53
2019-11-02,48,2220.628,3874.282,6094.91
2019-11-03,1,2270.444,3744.126,6014.57
2019-11-03,2,2392.156,3786.596,6178.752
2019-11-03,3,2515.702,3795.304,6311.006
2019-11-03,4,2608.186,3688.84,6297.026
2019-11-03,5,2722.796,3560.12,6282.916
2019-11-03,6,2956.184,3020.484,5976.668
2019-11-03,7,3079.79,2609.456,5689.246
2019-11-03,8,3181.144,2190.002,5371.146
2019-11-03,9,3236.63,1901.842,5138.472
2019-11-03,10,3325.842,1643.696,4969.538
2019-11-03,11,3452.736,1468.364,4921.1
2019-11-03,12,3494.958,1482,4976.958
2019-11-03,13,3480.622,1579.918,5060.54
2019-11-03,14,3410.896,1559.23,4970.126
2019-11-03,15,3519.276,1409.946,4929.222
2019-11-03,16,3568.192,1309.274,4877.466
2019-11-03,17,3455.96,1180.044,4636.004
2019-11-03,18,3366.85,1115.9,4482.75
2019-11-03,19,3285.93,1153.54,4439.47
2019-11-03,20,3284.96,1177.218,4462.178
2019-11-03,21,3369.732,1010.318,4380.05
2019-11-03,22,3285.144,947.666,4232.81
2019-11-03,23,3136.27,867.99,4004.26
2019-11-03,24,2944.21,788.152,3732.362
2019-11-03,25,2797.146,701.308,3498.454
2019-11-03,26,2748.2,697.764,3445.964
2019-11-03,27,2670.026,714.442,3384.468
2019-11-03,28,2592.002,626.156,3218.158
2019-11-03,29,2596.488,617.862,3214.35
2019-11-03,30,2615.876,597.05,3212.926
2019-11-03,31,2525.964,581.516,3107.48
2019-11-03,32,2637.874,620.988,3258.862
2019-11-03,33,2754.902,585.502,3340.404
2019-11-03,34,2788.304,562.014,3350.318
2019-11-03,35,2793.828,621.47,3415.298
2019-11-03,36,2836.544,617.074,3453.618
2019-11-03,37,2806.878,763.426,3570.304
2019-11-03,38,2725.946,871.66,3597.606
2019-11-03,39,2769.302,873.856,3643.158
2019-11-03,40,2807.28,838.468,3645.748
2019-11-03,41,2755.674,805.466,3561.14
2019-11-03,42,2745.662,759.034,3504.696
2019-11-03,43,2799.25,644.544,3443.794
2019-11-03,44,2865.228,496.814,3362.042
2019-11-03,45,2873.594,405.26,3278.854
2019-11-03,46,2847.394,398.02,3245.414
2019-11-03,47,2764.09,439.426,3203.516
2019-11-03,48,2723.54,453.434,3176.974
2019-11-04,1,2709.066,548.704,3257.77
2019-11-04,2,2880.808,514.402,3395.21
2019-11-04,3,2892.41,648.236,3540.646
2019-11-04,4,2883.856,805.55,3689.406
2019-11-04,5,2919.818,820.226,3740.044
2019-11-04,6,2989.45,772.788,3762.238
2019-11-04,7,3050.632,908.442,3959.074
2019-11-04,8,3012.584,890.186,3902.77
2019-11-04,9,2839.602,885.504,3725.106
2019-11-04,10,2897.632,853.64,3751.272
2019-11-04,11,2867.726,835.818,3703.544
2019-11-04,12,2832.128,862.108,3694.236
2019-11-04,13,2870.174,944.552,3814.726
2019-11-04,14,3021.656,1064.998,4086.654
2019-11-04,15,3115.222,1201.358,4316.58
2019-11-04,16,3148.108,1606.526,4754.634
2019-11-04,17,3106.782,1628.58,4735.362
2019-11-04,18,3064.002,1385.458,4449.46
2019-11-04,19,3106.194,1176.25,4282.444
2019-11-04,20,3166.756,1104.99,4271.746
2019-11-04,21,3230.53,1029.818,4260.348
2019-11-04,22,3364.842,1248.836,4613.678
2019-11-04,23,3452.468,1278.068,4730.536
2019-11-04,24,3565.932,1137.644,4703.576
2019-11-04,25,3543.26,1183.708,4726.968
2019-11-04,26,3495.272,1286.978,4782.25
2019-11-04,27,3345.6,1042.046,4387.646
2019-11-04,28,3334.19,1033.988,4368.178
2019-11-04,29,3339.964,1178.68,4518.644
2019-11-04,30,3415.044,1359.81,4774.854
2019-11-04,31,3434.478,1462.41,4896.888
2019-11-04,32,3242.354,1447.914,4690.268
2019-11-04,33,3140.68,1447.38,4588.06
2019-11-04,34,3334.574,1554.012,4888.586
2019-11-04,35,3668.858,1509.368,5178.226
2019-11-04,36,3598.262,1427.272,5025.534
2019-11-04,37,3477.368,1401.502,4878.87
2019-11-04,38,3470.27,1462.396,4932.666
2019-11-04,39,3390.906,1412.076,4802.982
2019-11-04,40,3326.046,1512.2,4838.246
2019-11-04,41,3131.932,1542.174,4674.106
2019-11-04,42,3002.44,1632.87,4635.31
2019-11-04,43,2667.86,1821.164,4489.024
2019-11-04,44,2426.878,1757.658,4184.536
2019-11-04,45,2661.634,1864.476,4526.11
2019-11-04,46,2666.102,1837.118,4503.22
2019-11-04,47,2530.494,1815.114,4345.608
2019-11-04,48,2330.916,2446.904,4777.82
2019-11-05,1,2158.854,2717.994,4876.848
2019-11-05,2,1987.148,2821.872,4809.02
2019-11-05,3,1963.404,3069.34,5032.744
2019-11-05,4,2156.586,3070.67,5227.256
2019-11-05,5,2278.274,3135.122,5413.396
2019-11-05,6,2109.636,3169.09,5278.726
2019-11-05,7,2067.964,3152.64,5220.604
2019-11-05,8,1935.924,3274.478,5210.402
2019-11-05,9,2048.864,3459.642,5508.506
2019-11-05,10,1989.998,3460.156,5450.154
2019-11-05,11,2347.822,3454.71,5802.532
2019-11-05,12,2556.824,3427.788,5984.612
2019-11-05,13,2642.498,3505.768,6148.266
2019-11-05,14,2718.866,3645.43,6364.296
2019-11-05,15,2537.422,3778.586,6316.008
2019-11-05,16,2433.816,3753.366,6187.182
2019-11-05,17,2228.97,3773.012,6001.982
2019-11-05,18,1988.19,3655.62,5643.81
2019-11-05,19,2089.338,3553.25,5642.588
2019-11-05,20,2086.654,3606.724,5693.378
2019-11-05,21,2096.242,3657.274,5753.516
2019-11-05,22,1991.844,3704.026,5695.87
2019-11-05,23,1819.73,4013.926,5833.656
2019-11-05,24,1644.834,4118.012,5762.846
2019-11-05,25,1520.608,4087.042,5607.65
2019-11-05,26,1362.442,4215.332,5577.774
2019-11-05,27,1263.606,4399.116,5662.722
2019-11-05,28,1096.684,4524.166,5620.85
2019-11-05,29,899.754,4465.55,5365.304
2019-11-05,30,760.624,4540.158,5300.782
2019-11-05,31,577.094,4655.862,5232.956
2019-11-05,32,453.472,4508.06,4961.532
2019-11-05,33,425.022,4437.222,4862.244
2019-11-05,34,442.058,4618.83,5060.888
2019-11-05,35,424.336,4767.2,5191.536
2019-11-05,36,393.906,4830.124,5224.03
2019-11-05,37,352.934,4900.37,5253.304
2019-11-05,38,362.618,4838.928,5201.546
2019-11-05,39,499.826,4822.438,5322.264
2019-11-05,40,436.112,4917.77,5353.882
2019-11-05,41,255.508,4828.444,5083.952
2019-11-05,42,204.492,4679.07,4883.562
2019-11-05,43,171.506,4495.92,4667.426
2019-11-05,44,171.17,4242.07,4413.24
2019-11-05,45,162.1,3995.24,4157.34
2019-11-05,46,150.784,3719.314,3870.098
2019-11-05,47,136.48,3361.046,3497.526
2019-11-05,48,156.442,3067.088,3223.53
2019-11-06,1,153.004,2934.814,3087.818
2019-11-06,2,168.66,2823.598,2992.258
2019-11-06,3,143.714,2654.984,2798.698
2019-11-06,4,125.376,2645.368,2770.744
2019-11-06,5,95.462,2555.684,2651.146
2019-11-06,6,92.222,2402.714,2494.936
2019-11-06,7,86.146,2235.212,2321.358
2019-11-06,8,93.13,2052.626,2145.756
2019-11-06,9,106.656,1798.954,1905.61
2019-11-06,10,120.582,1766.63,1887.212
2019-11-06,11,150.18,1633.132,1783.312
2019-11-06,12,151.096,1515.766,1666.862
2019-11-06,13,172.166,1523.42,1695.586
2019-11-06,14,213.126,1455.7,1668.826
2019-11-06,15,282.208,1402.87,1685.078
2019-11-06,16,285.414,1329.398,1614.812
2019-11-06,17,243.52,1197.976,1441.496
2019-11-06,18,199.918,1114.28,1314.198
2019-11-06,19,212.146,1091.34,1303.486
2019-11-06,20,205.17,1072.196,1277.366
2019-11-06,21,184.892,1058.818,1243.71
2019-11-06,22,222.546,934.31,1156.856
2019-11-06,23,220.048,814.484,1034.532
2019-11-06,24,226.25,646.662,872.912
2019-11-06,25,285.168,496.196,781.364
2019-11-06,26,374.898,356.572,731.47
2019-11-06,27,438.368,288.16,726.528
2019-11-06,28,482.024,245.564,727.588
2019-11-06,29,462.098,262.952,725.05
2019-11-06,30,503.08,264.854,767.934
2019-11-06,31,524.776,257.982,782.758
2019-11-06,32,533.918,323.888,857.806
2019-11-06,33,552.038,300.206,852.244
2019-11-06,34,572.566,384.082,956.648
2019-11-06,35,603.486,487.52,1091.006
2019-11-06,36,627.34,538.588,1165.928
2019-11-06,37,658.82,710.072,1368.892
2019-11-06,38,699.53,805.66,1505.19
2019-11-06,39,815.866,896.3,1712.166
2019-11-06,40,765.076,941.844,1706.92
2019-11-06,41,703.186,1043.984,1747.17
2019-11-06,42,795.114,1176.978,1972.092
2019-11-06,43,896.338,1288.718,2185.056
2019-11-06,44,915.818,1367.684,2283.502
2019-11-06,45,952.816,1479.818,2432.634
2019-11-06,46,1018.312,1615.924,2634.236
2019-11-06,47,996.864,1949.252,2946.116
2019-11-06,48,912.368,2344.41,3256.778
2019-11-07,1,1030.422,2741.556,3771.978
2019-11-07,2,1135.808,3058.92,4194.728
2019-11-07,3,1292.312,3475.506,4767.818
2019-11-07,4,1298.602,3822.772,5121.374
2019-11-07,5,1365.9,4160.45,5526.35
2019-11-07,6,1560.072,4523.454,6083.526
2019-11-07,7,1667.54,4723.562,6391.102
2019-11-07,8,1768.07,5087.796,6855.866
2019-11-07,9,1984.402,5333.392,7317.794
2019-11-07,10,2065.678,5706.184,7771.862
2019-11-07,11,2154.58,5911.404,8065.984
2019-11-07,12,2182.36,6160.472,8342.832
2019-11-07,13,2293.172,6371.258,8664.43
2019-11-07,14,2540.94,6166.748,8707.688
2019-11-07,15,2880.252,6111.232,8991.484
2019-11-07,16,2864.582,5902.674,8767.256
2019-11-07,17,2846.258,5661.606,8507.864
2019-11-07,18,2903.604,5324.82,8228.424
2019-11-07,19,2968.82,5079.066,8047.886
2019-11-07,20,3109.256,4956.138,8065.394
2019-11-07,21,3253.578,4998.708,8252.286
2019-11-07,22,3344.966,4914.42,8259.386
2019-11-07,23,3508.862,4849.896,8358.758
2019-11-07,24,3686.53,4733.222,8419.752
2019-11-07,25,3909.924,4585.096,8495.02
2019-11-07,26,4015.1,4350.93,8366.03
2019-11-07,27,4077.682,3978.382,8056.064
2019-11-07,28,4182.454,4246.052,8428.506
2019-11-07,29,4145.134,4416.34,8561.474
2019-11-07,30,4192.364,4307.576,8499.94
2019-11-07,31,4259.848,4363.674,8623.522
2019-11-07,32,4140.246,4619.214,8759.46
2019-11-07,33,4212.862,4493.312,8706.174
2019-11-07,34,4464.096,4312.3,8776.396
2019-11-07,35,4696.506,4108.872,8805.378
2019-11-07,36,4637.77,4142.828,8780.598
2019-11-07,37,4472.234,4149.318,8621.552
2019-11-07,38,4366.706,4570.904,8937.61
2019-11-07,39,4189.658,4481.814,8671.472
2019-11-07,40,4161.55,4358.054,8519.604
2019-11-07,41,4178.042,4255.48,8433.522
2019-11-07,42,3937.818,4341.946,8279.764
2019-11-07,43,3719.162,4221.612,7940.774
2019-11-07,44,3464.28,4116.734,7581.014
2019-11-07,45,3485.4,3968.232,7453.632
2019-11-07,46,3542.958,3730.392,7273.35
2019-11-07,47,3526.134,3496.044,7022.178
2019-11-07,48,3161.44,3383.662,6545.102
2019-11-08,1,3189.026,3249.85,6438.876
2019-11-08,2,3257.738,3049.63,6307.368
2019-11-08,3,3214.012,2918.03,6132.042
2019-11-08,4,2956.366,3119.81,6076.176
2019-11-08,5,2752.398,3014.714,5767.112
2019-11-08,6,2756.52,3001.538,5758.058
2019-11-08,7,2467.114,3257.544,5724.658
2019-11-08,8,2268.892,3416.314,5685.206
2019-11-08,9,2384.488,3432.302,5816.79
2019-11-08,10,2230.948,3646.944,5877.892
2019-11-08,11,1993.01,3912.548,5905.558
2019-11-08,12,1697.452,4124.8,5822.252
2019-11-08,13,1576.83,3879.362,5456.192
2019-11-08,14,1530.592,3776.008,5306.6
2019-11-08,15,1341.088,3809.208,5150.296
2019-11-08,16,1261.792,3621.698,4883.49
2019-11-08,17,1049.556,3466.68,4516.236
2019-11-08,18,987.228,3498.824,4486.052
2019-11-08,19,824.046,3454.36,4278.406
2019-11-08,20,646.308,3203.354,3849.662
2019-11-08,21,560.642,2995.444,3556.086
2019-11-08,22,530.164,3032.74,3562.904
2019-11-08,23,481.16,3083.802,3564.962
2019-11-08,24,470.598,3145.314,3615.912
2019-11-08,25,436.184,3387.978,3824.162
2019-11-08,26,481.192,3429.392,3910.584
2019-11-08,27,474.458,3791.922,4266.38
2019-11-08,28,364.224,4086.562,4450.786
2019-11-08,29,296.018,3845.762,4141.78
2019-11-08,30,307.272,3821.672,4128.944
2019-11-08,31,267.598,3842.534,4110.132
2019-11-08,32,246.056,4022.61,4268.666
2019-11-08,33,248.296,4163.052,4411.348
2019-11-08,34,232.11,4239.802,4471.912
2019-11-08,35,214.784,4313.938,4528.722
2019-11-08,36,297.152,4364.982,4662.134
2019-11-08,37,328.872,4304.032,4632.904
2019-11-08,38,349.658,4244.216,4593.874
2019-11-08,39,354.456,4342.52,4696.976
2019-11-08,40,373.496,4365.874,4739.37
2019-11-08,41,408.232,4336.446,4744.678
2019-11-08,42,462.832,4241.586,4704.418
2019-11-08,43,580.58,4221.216,4801.796
2019-11-08,44,675.526,4241.748,4917.274
2019-11-08,45,792.694,4255.038,5047.732
2019-11-08,46,928.832,4273.106,5201.938
2019-11-08,47,858.61,4171.036,5029.646
2019-11-08,48,877.902,4202.31,5080.212
2019-11-09,1,983.77,4333.964,5317.734
2019-11-09,2,1172.91,4391.03,5563.94
2019-11-09,3,1306.57,4218.482,5525.052
2019-11-09,4,1372.148,4074.458,5446.606
2019-11-09,5,1515.988,4174.728,5690.716
2019-11-09,6,1700.62,4398.978,6099.598
2019-11-09,7,1699.694,4353.738,6053.432
2019-11-09,8,1704.616,4234.692,5939.308
2019-11-09,9,1767.272,4008.646,5775.918
2019-11-09,10,1791.696,4056.518,5848.214
2019-11-09,11,1834.958,4071.434,5906.392
2019-11-09,12,1862.734,4001.592,5864.326
2019-11-09,13,1997.716,3996.992,5994.708
2019-11-09,14,2285.402,3857.37,6142.772
2019-11-09,15,2523.322,3789.64,6312.962
2019-11-09,16,2654.476,3702.022,6356.498
2019-11-09,17,2820.81,3620.372,6441.182
2019-11-09,18,2921.282,3434.846,6356.128
2019-11-09,19,2947.818,3214.954,6162.772
2019-11-09,20,2870.622,3116.448,5987.07
2019-11-09,21,2929.69,2929.418,5859.108
2019-11-09,22,2608.706,2791.47,5400.176
2019-11-09,23,2605.516,2727.17,5332.686
2019-11-09,24,2434.058,2714.148,5148.206
2019-11-09,25,2295.506,2748.53,5044.036
2019-11-09,26,2032.456,2663.69,4696.146
2019-11-09,27,1856.57,2550.224,4406.794
2019-11-09,28,1625.182,2512.592,4137.774
2019-11-09,29,1391.984,2457.29,3849.274
2019-11-09,30,1275.912,2458.23,3734.142
2019-11-09,31,1261.252,2525.392,3786.644
2019-11-09,32,1275.584,2576.282,3851.866
2019-11-09,33,1176.91,2761.236,3938.146
2019-11-09,34,905.454,2886.672,3792.126
2019-11-09,35,944.694,2980.86,3925.554
2019-11-09,36,1011.93,3111.966,4123.896
2019-11-09,37,899.502,3230.156,4129.658
2019-11-09,38,978.406,3476.37,4454.776
2019-11-09,39,983.398,3617.116,4600.514
2019-11-09,40,980.16,3558.898,4539.058
2019-11-09,41,986.886,3436.75,4423.636
2019-11-09,42,923.79,3115.256,4039.046
2019-11-09,43,962.672,2832.388,3795.06
2019-11-09,44,1028.164,2949.33,3977.494
2019-11-09,45,1010.434,2824.414,3834.848
2019-11-09,46,1051.368,2888.456,3939.824
2019-11-09,47,1192.14,2684.796,3876.936
2019-11-09,48,1228.58,2483.714,3712.294
2019-11-10,1,1270.622,2330.424,3601.046
2019-11-10,2,1381.37,2366.014,3747.384
2019-11-10,3,1370.652,2620.176,3990.828
2019-11-10,4,1398.354,2642.466,4040.82
2019-11-10,5,1428.314,2776.36,4204.674
2019-11-10,6,1345.724,2887.42,4233.144
2019-11-10,7,1232.578,2827.102,4059.68
2019-11-10,8,1126.73,3164.946,4291.676
2019-11-10,9,958.424,3379.326,4337.75
2019-11-10,10,940.242,3428.776,4369.018
2019-11-10,11,982.568,3343.374,4325.942
2019-11-10,12,982.626,3320.012,4302.638
2019-11-10,13,850.71,3285.686,4136.396
2019-11-10,14,726.312,3446.34,4172.652
2019-11-10,15,625.416,3397.712,4023.128
2019-11-10,16,568.996,3119.692,3688.688
2019-11-10,17,491.774,2857.092,3348.866
2019-11-10,18,464.194,2559.778,3023.972
2019-11-10,19,430.78,2379.234,2810.014
2019-11-10,20,445.282,2299.022,2744.304
2019-11-10,21,432.654,2139.26,2571.914
2019-11-10,22,423.244,1909.782,2333.026
2019-11-10,23,410.074,1742.98,2153.054
2019-11-10,24,388.892,1697.642,2086.534
2019-11-10,25,408.022,1651.538,2059.56
2019-11-10,26,439.79,1551.748,1991.538
2019-11-10,27,532.83,1451.312,1984.142
2019-11-10,28,678.212,1392.002,2070.214
2019-11-10,29,832.612,1346.828,2179.44
2019-11-10,30,992.322,1301.066,2293.388
2019-11-10,31,1227.49,1253.37,2480.86
2019-11-10,32,1422.098,1261.246,2683.344
2019-11-10,33,1597,1341.346,2938.346
2019-11-10,34,1713.062,1440.376,3153.438
2019-11-10,35,1803.674,1570.452,3374.126
2019-11-10,36,1829.786,1644.082,3473.868
2019-11-10,37,1931.132,1617.792,3548.924
2019-11-10,38,2195.414,1643.216,3838.63
2019-11-10,39,2589.342,1867.342,4456.684
2019-11-10,40,2745.992,2105.842,4851.834
2019-11-10,41,2886.636,2238.846,5125.482
2019-11-10,42,2878.622,2445.148,5323.77
2019-11-10,43,3163.766,2805.56,5969.326
2019-11-10,44,3318.112,3356.524,6674.636
2019-11-10,45,3563.052,3746.396,7309.448
2019-11-10,46,3738.19,4088.1,7826.29
2019-11-10,47,3657.87,4281.896,7939.766
2019-11-10,48,3583.404,4375.634,7959.038
2019-11-11,1,3317.594,4749.658,8067.252
2019-11-11,2,3172.564,4935.452,8108.016
2019-11-11,3,3026.18,4941.994,7968.174
2019-11-11,4,2967.306,5223.586,8190.892
2019-11-11,5,2980.03,5497.452,8477.482
2019-11-11,6,2828.602,5531.74,8360.342
2019-11-11,7,2617.86,5507.674,8125.534
2019-11-11,8,2820.314,5979.786,8800.1
2019-11-11,9,2764.302,6162.08,8926.382
2019-11-11,10,2841.972,6266.782,9108.754
2019-11-11,11,2883.786,6246.114,9129.9
2019-11-11,12,2710.266,6245.734,8956
2019-11-11,13,2731.362,6302.066,9033.428
2019-11-11,14,2889.502,6245.702,9135.204
2019-11-11,15,2765.202,6140.732,8905.934
2019-11-11,16,2641.23,6150.884,8792.114
2019-11-11,17,2671.844,5826.35,8498.194
2019-11-11,18,2754.936,6001.65,8756.586
2019-11-11,19,2954.162,6243.054,9197.216
2019-11-11,20,3059.114,6237.416,9296.53
2019-11-11,21,3215.07,6474.98,9690.05
2019-11-11,22,3180.462,6500.584,9681.046
2019-11-11,23,3177.86,6538.47,9716.33
2019-11-11,24,3063.998,6568.49,9632.488
2019-11-11,25,3027.69,6742.276,9769.966
2019-11-11,26,3072.872,6794.77,9867.642
2019-11-11,27,3141.93,6898.378,10040.308
2019-11-11,28,3096.67,6882.568,9979.238
2019-11-11,29,2943.194,6996.604,9939.798
2019-11-11,30,2820.274,7060.386,9880.66
2019-11-11,31,2868.194,7116.044,9984.238
2019-11-11,32,2838.086,7067.024,9905.11
2019-11-11,33,2827.346,7092.292,9919.638
2019-11-11,34,2683.572,7086.214,9769.786
2019-11-11,35,2745.432,7092.884,9838.316
2019-11-11,36,2716.93,7149.408,9866.338
2019-11-11,37,2728.78,7174.95,9903.73
2019-11-11,38,2791.846,7154.208,9946.054
2019-11-11,39,2822.968,7171.118,9994.086
2019-11-11,40,2806.766,7177.466,9984.232
2019-11-11,41,2847.53,7216.244,10063.774
2019-11-11,42,2787.354,7239.132,10026.486
2019-11-11,43,2869.574,7212.486,10082.06
2019-11-11,44,3030.13,7249.41,10279.54
2019-11-11,45,2927.186,7275.09,10202.276
2019-11-11,46,2958.588,7257.894,10216.482
2019-11-11,47,3127.556,7275.218,10402.774
2019-11-11,48,2917.308,7288.566,10205.874
2019-11-12,1,2842.43,7315.894,10158.324
2019-11-12,2,3038.886,7314.502,10353.388
2019-11-12,3,3084.888,7298.074,10382.962
2019-11-12,4,3005.682,7329.536,10335.218
2019-11-12,5,2918.032,7309.126,10227.158
2019-11-12,6,2828.806,7278.912,10107.718
2019-11-12,7,2829.89,7256.304,10086.194
2019-11-12,8,3049.826,7145.096,10194.922
2019-11-12,9,3153.524,7171.492,10325.016
2019-11-12,10,3270.616,7107.724,10378.34
2019-11-12,11,3410.91,6913.076,10323.986
2019-11-12,12,3332.91,6844.926,10177.836
2019-11-12,13,3259.706,6760.536,10020.242
2019-11-12,14,3347.436,7003.238,10350.674
2019-11-12,15,3456.958,7054.452,10511.41
2019-11-12,16,3851.84,7095.054,10946.894
2019-11-12,17,4220.23,6934.456,11154.686
2019-11-12,18,4465.502,6868.684,11334.186
2019-11-12,19,4585.954,6994.828,11580.782
2019-11-12,20,4602.322,7162.316,11764.638
2019-11-12,21,4625.442,7322.44,11947.882
2019-11-12,22,4584.496,7267.532,11852.028
2019-11-12,23,4494.254,7210.316,11704.57
2019-11-12,24,4461.174,7178.534,11639.708
2019-11-12,25,4309.462,7248.098,11557.56
2019-11-12,26,4244.536,7190.184,11434.72
2019-11-12,27,4075.176,7072.562,11147.738
2019-11-12,28,3890.08,7035.746,10925.826
2019-11-12,29,3632.594,7117.914,10750.508
2019-11-12,30,3386.576,7236.196,10622.772
2019-11-12,31,2961.036,7131.796,10092.832
2019-11-12,32,2766.924,7242.738,10009.662
2019-11-12,33,2410.804,7131.096,9541.9
2019-11-12,34,2243.87,7026.842,9270.712
2019-11-12,35,2131.304,7037.58,9168.884
2019-11-12,36,1861.18,6932.094,8793.274
2019-11-12,37,1714.99,6909.48,8624.47
2019-11-12,38,1617.02,6966.702,8583.722
2019-11-12,39,1517.21,6861.746,8378.956
2019-11-12,40,1443.93,6761.102,8205.032
2019-11-12,41,1191.4,6527.832,7719.232
2019-11-12,42,1162.338,6396.682,7559.02
2019-11-12,43,1090.354,6395.38,7485.734
2019-11-12,44,939.508,6192.51,7132.018
2019-11-12,45,792.964,6092.16,6885.124
2019-11-12,46,701.086,6077.732,6778.818
2019-11-12,47,585.384,6081.386,6666.77
2019-11-12,48,530.27,5902.704,6432.974
2019-11-13,1,489.798,5698.266,6188.064
2019-11-13,2,444.83,5656.554,6101.384
2019-11-13,3,541.702,5431.514,5973.216
2019-11-13,4,460.108,5331.65,5791.758
2019-11-13,5,363.428,5259.566,5622.994
2019-11-13,6,321.218,5195.67,5516.888
2019-11-13,7,280.344,4964.46,5244.804
2019-11-13,8,231.52,4742.318,4973.838
2019-11-13,9,237.94,4678.13,4916.07
2019-11-13,10,259.428,4184.88,4444.308
2019-11-13,11,212.97,3795.094,4008.064
2019-11-13,12,181.646,3663.382,3845.028
2019-11-13,13,149.078,3272.41,3421.488
2019-11-13,14,106.786,2945.058,3051.844
2019-11-13,15,108.212,2468.66,2576.872
2019-11-13,16,129.824,2195.626,2325.45
2019-11-13,17,132.814,2052.608,2185.422
2019-11-13,18,112.022,2021.984,2134.006
2019-11-13,19,112.358,1800.002,1912.36
2019-11-13,20,121.2,1433.304,1554.504
2019-11-13,21,147.454,1209.87,1357.324
2019-11-13,22,152.888,1160.232,1313.12
2019-11-13,23,183.684,1202.49,1386.174
2019-11-13,24,199.608,949.28,1148.888
2019-11-13,25,220.516,885.432,1105.948
2019-11-13,26,260.868,869.462,1130.33
2019-11-13,27,265.512,808.638,1074.15
2019-11-13,28,261.382,1121.608,1382.99
2019-11-13,29,252.35,1277.652,1530.002
2019-11-13,30,284.552,1537.44,1821.992
2019-11-13,31,365.052,1713.57,2078.622
2019-11-13,32,482.882,1882.284,2365.166
2019-11-13,33,597.448,2092.11,2689.558
2019-11-13,34,709.104,2440.072,3149.176
2019-11-13,35,814.294,2689.448,3503.742
2019-11-13,36,904.624,2679.996,3584.62
2019-11-13,37,977.602,2763.73,3741.332
2019-11-13,38,1005.606,2894.626,3900.232
2019-11-13,39,1062.316,3356.16,4418.476
2019-11-13,40,1062.504,3738.924,4801.428
2019-11-13,41,1098.3,3953.894,5052.194
2019-11-13,42,1027.004,3469.81,4496.814
2019-11-13,43,973.732,3346.254,4319.986
2019-11-13,44,1285.572,3846.324,5131.896
2019-11-13,45,1201.316,4333.842,5535.158
2019-11-13,46,1105.94,4398.904,5504.844
2019-11-13,47,1333.44,4578.456,5911.896
2019-11-13,48,1521.342,4832.722,6354.064
2019-11-14,1,1348.354,5127.388,6475.742
2019-11-14,2,1261.036,5235.174,6496.21
2019-11-14,3,1463.388,5324.688,6788.076
2019-11-14,4,1650.646,5661.166,7311.812
2019-11-14,5,1783.552,5844.31,7627.862
2019-11-14,6,1819.124,5977.336,7796.46
2019-11-14,7,1896.714,6194.816,8091.53
2019-11-14,8,1951.096,6382.044,8333.14
2019-11-14,9,1987.708,6421.646,8409.354
2019-11-14,10,2068.348,6479.582,8547.93
2019-11-14,11,2128.638,6480.014,8608.652
2019-11-14,12,2251.032,6501.488,8752.52
2019-11-14,13,2360.25,6203.648,8563.898
2019-11-14,14,2263.752,5946.526,8210.278
2019-11-14,15,2246.812,5721.126,7967.938
2019-11-14,16,2318.23,5684.252,8002.482
2019-11-14,17,2386.64,5957.42,8344.06
2019-11-14,18,2464.258,6298.562,8762.82
2019-11-14,19,2368.966,6396.072,8765.038
2019-11-14,20,2507.378,6275.03,8782.408
2019-11-14,21,2590.288,6291.274,8881.562
2019-11-14,22,2676.934,6394.762,9071.696
2019-11-14,23,2678.774,6599.266,9278.04
2019-11-14,24,2608.864,6262.11,8870.974
2019-11-14,25,2803.346,6175.978,8979.324
2019-11-14,26,2917.242,5878.998,8796.24
2019-11-14,27,3071.912,5562.448,8634.36
2019-11-14,28,3083.232,5206.794,8290.026
2019-11-14,29,3030.118,4677.244,7707.362
2019-11-14,30,3138.276,4436.174,7574.45
2019-11-14,31,3152.516,4253.308,7405.824
2019-11-14,32,3370.81,4221.044,7591.854
2019-11-14,33,3578.736,4136.266,7715.002
2019-11-14,34,3808.356,3958.16,7766.516
2019-11-14,35,3881.286,3674.244,7555.53
2019-11-14,36,3837.054,3532.342,7369.396
2019-11-14,37,3837.748,3632.642,7470.39
2019-11-14,38,3836.062,3612.454,7448.516
2019-11-14,39,3683.27,3380.044,7063.314
2019-11-14,40,3675.126,3141.782,6816.908
2019-11-14,41,3694.534,3027.638,6722.172
2019-11-14,42,3648.17,3003.224,6651.394
2019-11-14,43,3597.6,2961.42,6559.02
2019-11-14,44,3513.222,2863.094,6376.316
2019-11-14,45,3451.494,2728.224,6179.718
2019-11-14,46,3334.222,2727.284,6061.506
2019-11-14,47,3196.186,2787.886,5984.072
2019-11-14,48,3061.466,2975.416,6036.882
2019-11-15,1,3036.06,3233.464,6269.524
2019-11-15,2,3294.076,3398.626,6692.702
2019-11-15,3,3390.608,3578.656,6969.264
2019-11-15,4,3552.47,3787.376,7339.846
2019-11-15,5,3628.87,3722.548,7351.418
2019-11-15,6,3446.664,4016.962,7463.626
2019-11-15,7,3180.04,4368.022,7548.062
2019-11-15,8,3026.974,4628.746,7655.72
2019-11-15,9,2966.028,4906.32,7872.348
2019-11-15,10,2960.89,5287.014,8247.904
2019-11-15,11,2854.518,5587.48,8441.998
2019-11-15,12,2792.234,6076.268,8868.502
2019-11-15,13,2814.164,6390.258,9204.422
2019-11-15,14,2862.526,6491.806,9354.332
2019-11-15,15,2809.714,6545.338,9355.052
2019-11-15,16,2687.766,6625.748,9313.514
2019-11-15,17,2530.878,6618.75,9149.628
2019-11-15,18,2452.628,6465.284,8917.912
2019-11-15,19,2420.878,6504.632,8925.51
2019-11-15,20,2375.996,6566.768,8942.764
2019-11-15,21,2300.174,6468.136,8768.31
2019-11-15,22,2234.068,6408.42,8642.488
2019-11-15,23,2222.126,6422.166,8644.292
2019-11-15,24,2074.032,6314.812,8388.844
2019-11-15,25,1908.04,6312.768,8220.808
2019-11-15,26,1818.554,6373.312,8191.866
2019-11-15,27,1739.868,6209.524,7949.392
2019-11-15,28,1700.984,6191.532,7892.516
2019-11-15,29,1566.808,6464.692,8031.5
2019-11-15,30,1538.72,6634.952,8173.672
2019-11-15,31,1505.002,6674.396,8179.398
2019-11-15,32,1486.094,6626.81,8112.904
2019-11-15,33,1472.728,6475.218,7947.946
2019-11-15,34,1463.362,6412.734,7876.096
2019-11-15,35,1520.71,6467.174,7987.884
2019-11-15,36,1426.39,6271.156,7697.546
2019-11-15,37,1394.004,6141.684,7535.688
2019-11-15,38,1345.892,6007.574,7353.466
2019-11-15,39,1372.7,5942.42,7315.12
2019-11-15,40,1362.722,5511.994,6874.716
2019-11-15,41,1288.218,4944.934,6233.152
2019-11-15,42,1131.552,4531.878,5663.43
2019-11-15,43,1162.766,4047.136,5209.902
2019-11-15,44,1167.684,3404.708,4572.392
2019-11-15,45,1108.24,3395.97,4504.21
2019-11-15,46,1054.26,3418.45,4472.71
2019-11-15,47,929.876,3604.994,4534.87
2019-11-15,48,813.178,3509.874,4323.052
2019-11-16,1,760.016,3331.786,4091.802
2019-11-16,2,771.904,2943.406,3715.31
2019-11-16,3,793.504,2670.268,3463.772
2019-11-16,4,818.342,2506.182,3324.524
2019-11-16,5,803.886,2639.554,3443.44
2019-11-16,6,783.064,2583.412,3366.476
2019-11-16,7,773.018,2662.654,3435.672
2019-11-16,8,813.542,2453.064,3266.606
2019-11-16,9,852.14,2291.876,3144.016
2019-11-16,10,850.904,2209.032,3059.936
2019-11-16,11,855.934,2106.768,2962.702
2019-11-16,12,815.88,2036.872,2852.752
2019-11-16,13,825.038,1955.95,2780.988
2019-11-16,14,857.656,1630.254,2487.91
2019-11-16,15,788.898,1218.002,2006.9
2019-11-16,16,713.266,1007.628,1720.894
2019-11-16,17,653.308,871.952,1525.26
2019-11-16,18,584.998,807.428,1392.426
2019-11-16,19,530.678,874.152,1404.83
2019-11-16,20,497.222,823.878,1321.1
2019-11-16,21,460.28,770.22,1230.5
2019-11-16,22,381.362,750.408,1131.77
2019-11-16,23,348.006,800.794,1148.8
2019-11-16,24,286.254,869.05,1155.304
2019-11-16,25,252.83,895.91,1148.74
2019-11-16,26,236.448,903.642,1140.09
2019-11-16,27,195.776,893.198,1088.974
2019-11-16,28,202.06,938.902,1140.962
2019-11-16,29,205.19,1051.746,1256.936
2019-11-16,30,172.156,1136.456,1308.612
2019-11-16,31,161.448,1193.656,1355.104
2019-11-16,32,152.55,1253.348,1405.898
2019-11-16,33,176.516,1282.926,1459.442
2019-11-16,34,201.644,1316.464,1518.108
2019-11-16,35,219.498,1316.572,1536.07
2019-11-16,36,228.686,1338.33,1567.016
2019-11-16,37,245.502,1389.202,1634.704
2019-11-16,38,237.482,1382.304,1619.786
2019-11-16,39,249.404,1391.66,1641.064
2019-11-16,40,225.212,1438.938,1664.15
2019-11-16,41,199.598,1471.782,1671.38
2019-11-16,42,195.378,1405.198,1600.576
2019-11-16,43,182.604,1350.18,1532.784
2019-11-16,44,169.232,1295.088,1464.32
2019-11-16,45,155.22,1286.214,1441.434
2019-11-16,46,133.618,1332.202,1465.82
2019-11-16,47,126.224,1348.164,1474.388
2019-11-16,48,107.518,1317.322,1424.84
2019-11-17,1,116.762,1274.922,1391.684
2019-11-17,2,125.72,1233.13,1358.85
2019-11-17,3,135.996,1154.26,1290.256
2019-11-17,4,152.638,1121.604,1274.242
2019-11-17,5,164.988,1063.092,1228.08
2019-11-17,6,149.718,941.236,1090.954
2019-11-17,7,158.846,780.944,939.79
2019-11-17,8,190.504,730.63,921.134
2019-11-17,9,203.492,691.062,894.554
2019-11-17,10,230.72,637.472,868.192
2019-11-17,11,268.922,586.832,855.754
2019-11-17,12,313.1,578.458,891.558
2019-11-17,13,333.414,556.616,890.03
2019-11-17,14,341.022,593.376,934.398
2019-11-17,15,415.646,628.616,1044.262
2019-11-17,16,505.486,684.618,1190.104
2019-11-17,17,490.472,736.074,1226.546
2019-11-17,18,479.556,775.716,1255.272
2019-11-17,19,545.858,818.188,1364.046
2019-11-17,20,562.092,869.178,1431.27
2019-11-17,21,503.416,869.02,1372.436
2019-11-17,22,565.008,967.35,1532.358
2019-11-17,23,601.372,1046.378,1647.75
2019-11-17,24,517.108,1210.248,1727.356
2019-11-17,25,443.014,1293.25,1736.264
2019-11-17,26,391.698,1333.372,1725.07
2019-11-17,27,420.168,1493.118,1913.286
2019-11-17,28,419.658,1822.148,2241.806
2019-11-17,29,520.442,1969.142,2489.584
2019-11-17,30,509.434,2137.036,2646.47
2019-11-17,31,568.088,2113.738,2681.826
2019-11-17,32,626.71,2162.224,2788.934
2019-11-17,33,668.942,2132.968,2801.91
2019-11-17,34,665.856,2274.844,2940.7
2019-11-17,35,830.812,2357.864,3188.676
2019-11-17,36,834.46,2556.506,3390.966
2019-11-17,37,640.366,2987.326,3627.692
2019-11-17,38,677.974,3420.35,4098.324
2019-11-17,39,714.758,3599.708,4314.466
2019-11-17,40,748.252,3820.506,4568.758
2019-11-17,41,716.528,3917.074,4633.602
2019-11-17,42,759.766,4021.582,4781.348
2019-11-17,43,760.216,4031.582,4791.798
2019-11-17,44,859.172,4016.81,4875.982
2019-11-17,45,783.792,4034.19,4817.982
2019-11-17,46,734.538,3884.992,4619.53
2019-11-17,47,652.148,3789.58,4441.728
2019-11-17,48,557.406,3764.066,4321.472
2019-11-18,1,564.408,3767.31,4331.718
2019-11-18,2,635.122,3789.622,4424.744
2019-11-18,3,589.234,3852.346,4441.58
2019-11-18,4,580.914,3961.58,4542.494
2019-11-18,5,574.212,4301.572,4875.784
2019-11-18,6,721.404,4455.67,5177.074
2019-11-18,7,714.374,4584.98,5299.354
2019-11-18,8,640.348,4621.304,5261.652
2019-11-18,9,548.37,4709.068,5257.438
2019-11-18,10,495.512,4695.802,5191.314
2019-11-18,11,509.852,4616.25,5126.102
2019-11-18,12,518.736,4654.796,5173.532
2019-11-18,13,439.33,4679.894,5119.224
2019-11-18,14,460.274,4630.978,5091.252
2019-11-18,15,394.036,4585.316,4979.352
2019-11-18,16,370.262,4478.824,4849.086
2019-11-18,17,300.412,4524.604,4825.016
2019-11-18,18,264.78,4553.458,4818.238
2019-11-18,19,243.274,4463.406,4706.68
2019-11-18,20,240.184,4445.864,4686.048
2019-11-18,21,233.272,4493.01,4726.282
2019-11-18,22,206.712,4509.824,4716.536
2019-11-18,23,210.678,4427.154,4637.832
2019-11-18,24,186.98,4300.046,4487.026
2019-11-18,25,171.164,4283.59,4454.754
2019-11-18,26,175.732,4269.622,4445.354
2019-11-18,27,190.204,4245.304,4435.508
2019-11-18,28,172.156,4320.98,4493.136
2019-11-18,29,166.862,4381.046,4547.908
2019-11-18,30,171.43,4345.798,4517.228
2019-11-18,31,177.832,4297.89,4475.722
2019-11-18,32,172.01,4247.978,4419.988
2019-11-18,33,183.16,4185.082,4368.242
2019-11-18,34,185.658,4077.376,4263.034
2019-11-18,35,178.206,3962.968,4141.174
2019-11-18,36,188.832,3889.14,4077.972
2019-11-18,37,189.002,3821.46,4010.462
2019-11-18,38,202.278,3787.388,3989.666
2019-11-18,39,206.85,3905.406,4112.256
2019-11-18,40,203.108,3827.818,4030.926
2019-11-18,41,226.21,3787.218,4013.428
2019-11-18,42,236.834,3837.324,4074.158
2019-11-18,43,241.686,3703.29,3944.976
2019-11-18,44,257.914,3566.524,3824.438
2019-11-18,45,269.882,3342.328,3612.21
2019-11-18,46,319.216,3083.362,3402.578
2019-11-18,47,340.522,2948.604,3289.126
2019-11-18,48,365.422,2599.826,2965.248
2019-11-19,1,379.648,2389.082,2768.73
2019-11-19,2,381.982,2304.096,2686.078
2019-11-19,3,379.188,2209.416,2588.604
2019-11-19,4,410.348,1943.09,2353.438
2019-11-19,5,432.164,1932.998,2365.162
2019-11-19,6,480.394,2134.584,2614.978
2019-11-19,7,558.262,2037.394,2595.656
2019-11-19,8,588.588,1963.624,2552.212
2019-11-19,9,582.702,1877.05,2459.752
2019-11-19,10,630.26,1831.616,2461.876
2019-11-19,11,680.434,1704.766,2385.2
2019-11-19,12,672.174,1728.148,2400.322
2019-11-19,13,733.036,1786.41,2519.446
2019-11-19,14,820.738,1730.64,2551.378
2019-11-19,15,893.494,1597.304,2490.798
2019-11-19,16,948.382,1575.218,2523.6
2019-11-19,17,1030.342,1585.622,2615.964
2019-11-19,18,1125.404,1545.788,2671.192
2019-11-19,19,1174.078,1724.322,2898.4
2019-11-19,20,1236.994,1891.006,3128
2019-11-19,21,1284.808,1938.718,3223.526
2019-11-19,22,1341.642,1855.136,3196.778
2019-11-19,23,1518.88,1837.696,3356.576
2019-11-19,24,1593.156,1758.084,3351.24
2019-11-19,25,1651.406,1810.152,3461.558
2019-11-19,26,1823.24,1870.692,3693.932
2019-11-19,27,2048.506,1937.742,3986.248
2019-11-19,28,2173.8,1988.606,4162.406
2019-11-19,29,2347.72,1965.04,4312.76
2019-11-19,30,2336.632,1998.606,4335.238
2019-11-19,31,2357.956,1997.568,4355.524
2019-11-19,32,2556.712,2020.718,4577.43
2019-11-19,33,2608.456,2228.072,4836.528
2019-11-19,34,2802.196,2379.356,5181.552
2019-11-19,35,2991.808,2476.264,5468.072
2019-11-19,36,3099.906,2561.966,5661.872
2019-11-19,37,3316.782,2633.29,5950.072
2019-11-19,38,3431.878,2812.8,6244.678
2019-11-19,39,3333.558,2847.142,6180.7
2019-11-19,40,3387.836,2870.428,6258.264
2019-11-19,41,3286.62,2988.28,6274.9
2019-11-19,42,3312.168,3055.126,6367.294
2019-11-19,43,3250.01,3198.14,6448.15
2019-11-19,44,3207.912,3449.434,6657.346
2019-11-19,45,3203.634,3588.448,6792.082
2019-11-19,46,3159.064,3624.15,6783.214
2019-11-19,47,3100.654,3561.93,6662.584
2019-11-19,48,3058.65,3578.068,6636.718
2019-11-20,1,3154.724,3615.61,6770.334
2019-11-20,2,3298.66,3609.27,6907.93
2019-11-20,3,3240.044,3577.982,6818.026
2019-11-20,4,3259.844,3641.046,6900.89
2019-11-20,5,3099.362,3848.87,6948.232
2019-11-20,6,2992.3,3876.392,6868.692
2019-11-20,7,3021.926,3830.308,6852.234
2019-11-20,8,2943.414,3771.338,6714.752
2019-11-20,9,2880.906,3747.164,6628.07
2019-11-20,10,2925.738,3890.672,6816.41
2019-11-20,11,3051.66,3915.524,6967.184
2019-11-20,12,3219.806,4152.654,7372.46
2019-11-20,13,3374.938,4316.824,7691.762
2019-11-20,14,3409.086,4462.276,7871.362
2019-11-20,15,3542.168,4487.856,8030.024
2019-11-20,16,3474.282,4664.382,8138.664
2019-11-20,17,3558.826,4632.63,8191.456
2019-11-20,18,3579.792,4368.922,7948.714
2019-11-20,19,3600.744,4445.098,8045.842
2019-11-20,20,3687.474,4644.036,8331.51
2019-11-20,21,3773.694,4749.86,8523.554
2019-11-20,22,3814.93,4940.654,8755.584
2019-11-20,23,3815.484,4879.902,8695.386
2019-11-20,24,3880.65,4745.654,8626.304
2019-11-20,25,3915.166,4730.204,8645.37
2019-11-20,26,3901.994,4814.854,8716.848
2019-11-20,27,3878.392,4991.568,8869.96
2019-11-20,28,3730.818,5212.238,8943.056
2019-11-20,29,3746.636,5644.888,9391.524
2019-11-20,30,3854.834,6195.666,10050.5
2019-11-20,31,3952.128,6652.794,10604.922
2019-11-20,32,3900.588,6905.248,10805.836
2019-11-20,33,3891.518,7054.456,10945.974
2019-11-20,34,3913.276,7155.214,11068.49
2019-11-20,35,3943.01,7254.932,11197.942
2019-11-20,36,4011.19,7322.164,11333.354
2019-11-20,37,3942.638,7360.09,11302.728
2019-11-20,38,3868.876,7388.22,11257.096
2019-11-20,39,3952.232,7384.01,11336.242
2019-11-20,40,3996.648,7336.832,11333.48
2019-11-20,41,4247.612,7227.942,11475.554
2019-11-20,42,4224.2,7169.546,11393.746
2019-11-20,43,4145.678,7134.758,11280.436
2019-11-20,44,3807.938,7094.294,10902.232
2019-11-20,45,3642.48,6965.208,10607.688
2019-11-20,46,3701.946,6859.398,10561.344
2019-11-20,47,3638.186,6654.75,10292.936
2019-11-20,48,3666.9,6471.818,10138.718
2019-11-21,1,3617.51,6472.91,10090.42
2019-11-21,2,3617.88,6436.588,10054.468
2019-11-21,3,3529.572,6349.574,9879.146
2019-11-21,4,3714.154,6296.078,10010.232
2019-11-21,5,3835.914,6248.71,10084.624
2019-11-21,6,3832.976,6261.544,10094.52
2019-11-21,7,3832.872,6373.658,10206.53
2019-11-21,8,3993.568,6397.9,10391.468
2019-11-21,9,4026.91,6611.212,10638.122
2019-11-21,10,3961.756,6879.17,10840.926
2019-11-21,11,3932.864,6863.328,10796.192
2019-11-21,12,4053.35,6926.206,10979.556
2019-11-21,13,4104.926,6883.352,10988.278
2019-11-21,14,4017.744,6865.936,10883.68
2019-11-21,15,3953.756,6900.588,10854.344
2019-11-21,16,3960.658,6948.692,10909.35
2019-11-21,17,3950.236,6934.896,10885.132
2019-11-21,18,3970.41,6812.902,10783.312
2019-11-21,19,3970.238,6779.29,10749.528
2019-11-21,20,3971.296,6785.39,10756.686
2019-11-21,21,3954.022,6796.328,10750.35
2019-11-21,22,4011.684,6701.202,10712.886
2019-11-21,23,4065.864,6560.65,10626.514
2019-11-21,24,4094.112,6477.1,10571.212
2019-11-21,25,4154.34,6504.55,10658.89
2019-11-21,26,4034.488,6101.648,10136.136
2019-11-21,27,3946.448,5894.896,9841.344
2019-11-21,28,3891.132,5860.902,9752.034
2019-11-21,29,3754.17,5765.512,9519.682
2019-11-21,30,3607.914,5539.316,9147.23
2019-11-21,31,3314.184,5345.554,8659.738
2019-11-21,32,3234.24,5113.314,8347.554
2019-11-21,33,3239.958,5090.526,8330.484
2019-11-21,34,3171.782,5160.78,8332.562
2019-11-21,35,3272.54,5294.222,8566.762
2019-11-21,36,3311.45,5466.198,8777.648
2019-11-21,37,3327.042,5627.578,8954.62
2019-11-21,38,3369.396,5733.948,9103.344
2019-11-21,39,3280.954,5718.304,8999.258
2019-11-21,40,3097.962,5625.038,8723
2019-11-21,41,3065.512,5416.674,8482.186
2019-11-21,42,2896.382,5290.532,8186.914
2019-11-21,43,2708.384,5296.556,8004.94
2019-11-21,44,2554.332,5241.92,7796.252
2019-11-21,45,2471.484,5175.318,7646.802
2019-11-21,46,2553.036,5150.376,7703.412
2019-11-21,47,2396.724,5106.162,7502.886
2019-11-21,48,2501.936,4914.344,7416.28
2019-11-22,1,2469.488,4724.278,7193.766
2019-11-22,2,2339.504,4591.746,6931.25
2019-11-22,3,2437.608,4750.67,7188.278
2019-11-22,4,2447.902,5016.368,7464.27
2019-11-22,5,2319.152,5391.542,7710.694
2019-11-22,6,2381.62,5619.656,8001.276
2019-11-22,7,2401.89,5890.616,8292.506
2019-11-22,8,2535.076,5944.932,8480.008
2019-11-22,9,2630,5741.532,8371.532
2019-11-22,10,2539.99,5606.81,8146.8
2019-11-22,11,2517.728,5750.806,8268.534
2019-11-22,12,2424.878,5674.642,8099.52
2019-11-22,13,2328.928,5783.042,8111.97
2019-11-22,14,2253.97,5736.37,7990.34
2019-11-22,15,2279.678,5895.288,8174.966
2019-11-22,16,2367.262,5890.82,8258.082
2019-11-22,17,2338.942,5883.854,8222.796
2019-11-22,18,2210.652,5745.73,7956.382
2019-11-22,19,2149.406,5603.156,7752.562
2019-11-22,20,2168.016,5204.624,7372.64
2019-11-22,21,2086.52,4957.534,7044.054
2019-11-22,22,1935.06,4677.686,6612.746
2019-11-22,23,1879.152,4475.992,6355.144
2019-11-22,24,1996.09,4231.996,6228.086
2019-11-22,25,1856.886,4074.752,5931.638
2019-11-22,26,1823.98,4012.48,5836.46
2019-11-22,27,1743.25,3897.012,5640.262
2019-11-22,28,1729.874,3888.802,5618.676
2019-11-22,29,1592.46,4164.64,5757.1
2019-11-22,30,1528.926,4137.854,5666.78
2019-11-22,31,1575.068,4174.808,5749.876
2019-11-22,32,1457.38,4338.42,5795.8
2019-11-22,33,1469.772,4615.242,6085.014
2019-11-22,34,1506.776,4930.84,6437.616
2019-11-22,35,1488.244,5265.752,6753.996
2019-11-22,36,1627.964,5257.696,6885.66
2019-11-22,37,1785.758,5393.648,7179.406
2019-11-22,38,1866.778,5736.338,7603.116
2019-11-22,39,1963.844,6214.54,8178.384
2019-11-22,40,2051.356,6624.064,8675.42
2019-11-22,41,2141.254,6741.896,8883.15
2019-11-22,42,2172.89,6550.858,8723.748
2019-11-22,43,2178.592,6421.21,8599.802
2019-11-22,44,2095.386,6241.596,8336.982
2019-11-22,45,2204.422,6282.238,8486.66
2019-11-22,46,2096.494,6328.022,8424.516
2019-11-22,47,2170.334,6346.48,8516.814
2019-11-22,48,2178.908,6332.932,8511.84
2019-11-23,1,1972.616,6451.478,8424.094
2019-11-23,2,1968.812,6429.404,8398.216
2019-11-23,3,1878.212,6517.29,8395.502
2019-11-23,4,1759.494,6628.744,8388.238
2019-11-23,5,1801.088,6717.676,8518.764
2019-11-23,6,1936.5,6826.306,8762.806
2019-11-23,7,1945.942,6819.798,8765.74
2019-11-23,8,1922.242,6892.444,8814.686
2019-11-23,9,1976.006,6980.798,8956.804
2019-11-23,10,2062.294,6940.358,9002.652
2019-11-23,11,2126.148,6763.954,8890.102
2019-11-23,12,2376.178,6817.548,9193.726
2019-11-23,13,2582.238,6787.746,9369.984
2019-11-23,14,2596.544,6777.652,9374.196
2019-11-23,15,2585.266,6636.304,9221.57
2019-11-23,16,2845.31,6293.754,9139.064
2019-11-23,17,2891.338,6406.374,9297.712
2019-11-23,18,2815.168,6454.922,9270.09
2019-11-23,19,2786.91,6417.294,9204.204
2019-11-23,20,2873.94,6082.43,8956.37
2019-11-23,21,2924.888,5643.556,8568.444
2019-11-23,22,2809.886,5478.582,8288.468
2019-11-23,23,2812.73,5415.364,8228.094
2019-11-23,24,2756.35,5275.792,8032.142
2019-11-23,25,2681.828,4869.494,7551.322
2019-11-23,26,2669.49,4721.446,7390.936
2019-11-23,27,2605.654,4200.478,6806.132
2019-11-23,28,2715.372,4097.654,6813.026
2019-11-23,29,2706.002,4267.772,6973.774
2019-11-23,30,2811.808,4152.01,6963.818
2019-11-23,31,2978.444,3674.252,6652.696
2019-11-23,32,2921.278,3256.618,6177.896
2019-11-23,33,2800.856,3093.528,5894.384
2019-11-23,34,2682.856,3166.21,5849.066
2019-11-23,35,2545.522,3299.812,5845.334
2019-11-23,36,2427.622,3349.626,5777.248
2019-11-23,37,2425.312,3627.192,6052.504
2019-11-23,38,2293.802,3695.606,5989.408
2019-11-23,39,2105.746,3362.874,5468.62
2019-11-23,40,1976.992,3046.176,5023.168
2019-11-23,41,1900.522,2896.878,4797.4
2019-11-23,42,1853.508,2793.298,4646.806
2019-11-23,43,1712.842,2788.032,4500.874
2019-11-23,44,1741.588,2809.186,4550.774
2019-11-23,45,1780.246,2693.448,4473.694
2019-11-23,46,1854.276,2432.586,4286.862
2019-11-23,47,1939.592,2175.036,4114.628
2019-11-23,48,2064.33,2027.106,4091.436
2019-11-24,1,2070.926,1788.916,3859.842
2019-11-24,2,2055.026,1594.786,3649.812
2019-11-24,3,2026.742,1530.422,3557.164
2019-11-24,4,1989.538,1489.466,3479.004
2019-11-24,5,1951.694,1414.484,3366.178
2019-11-24,6,1937.876,1356.05,3293.926
2019-11-24,7,1833.848,1312.772,3146.62
2019-11-24,8,1792.256,1234.706,3026.962
2019-11-24,9,1652.612,1102.188,2754.8
2019-11-24,10,1589.804,1149.038,2738.842
2019-11-24,11,1544.196,1197.47,2741.666
2019-11-24,12,1516.162,1193.688,2709.85
2019-11-24,13,1498.202,1109.898,2608.1
2019-11-24,14,1510.788,1033.108,2543.896
2019-11-24,15,1558.186,1117.166,2675.352
2019-11-24,16,1595.184,1088.428,2683.612
2019-11-24,17,1622.72,1157.39,2780.11
2019-11-24,18,1583.47,1284.422,2867.892
2019-11-24,19,1522.544,1349.562,2872.106
2019-11-24,20,1538.774,1506.48,3045.254
2019-11-24,21,1578.728,1684.138,3262.866
2019-11-24,22,1498.494,1838.386,3336.88
2019-11-24,23,1431.64,2022.624,3454.264
2019-11-24,24,1331.568,2161.458,3493.026
2019-11-24,25,1193.21,2154.06,3347.27
2019-11-24,26,1042.032,2065.648,3107.68
2019-11-24,27,992.694,2058.832,3051.526
2019-11-24,28,863.25,1959.974,2823.224
2019-11-24,29,856.762,1852.982,2709.744
2019-11-24,30,826.622,1708.806,2535.428
2019-11-24,31,929.8,1684.368,2614.168
2019-11-24,32,945.484,1731.594,2677.078
2019-11-24,33,815.456,1890.984,2706.44
2019-11-24,34,779.156,1998.668,2777.824
2019-11-24,35,737.754,2070.8,2808.554
2019-11-24,36,721.938,2023.606,2745.544
2019-11-24,37,852.124,1941.964,2794.088
2019-11-24,38,822.926,1824.56,2647.486
2019-11-24,39,852.282,1768.958,2621.24
2019-11-24,40,809.218,1727.72,2536.938
2019-11-24,41,757.194,1633.372,2390.566
2019-11-24,42,742.138,1859.762,2601.9
2019-11-24,43,702.692,1934.914,2637.606
2019-11-24,44,725.726,2121.174,2846.9
2019-11-24,45,735.734,2396.352,3132.086
2019-11-24,46,725.666,2523.136,3248.802
2019-11-24,47,659.42,2659.052,3318.472
2019-11-24,48,614.632,2706.096,3320.728
2019-11-25,1,533.868,2747.078,3280.946
2019-11-25,2,537.51,2943.068,3480.578
2019-11-25,3,542.548,3125.916,3668.464
2019-11-25,4,577.878,3289.264,3867.142
2019-11-25,5,595.022,3055.884,3650.906
2019-11-25,6,599.03,2890.92,3489.95
2019-11-25,7,606.938,2829.528,3436.466
2019-11-25,8,582.772,2884.74,3467.512
2019-11-25,9,637.772,2931.49,3569.262
2019-11-25,10,662.35,3060.91,3723.26
2019-11-25,11,722.114,3104.628,3826.742
2019-11-25,12,806.28,3222.698,4028.978
2019-11-25,13,815.294,3379.83,4195.124
2019-11-25,14,898.01,3712.222,4610.232
2019-11-25,15,915.458,3872.034,4787.492
2019-11-25,16,936.702,3717.772,4654.474
2019-11-25,17,959.346,3811.338,4770.684
2019-11-25,18,1048.158,3897.042,4945.2
2019-11-25,19,1148.194,4119.576,5267.77
2019-11-25,20,1248.366,4362.516,5610.882
2019-11-25,21,1470.968,4588.212,6059.18
2019-11-25,22,1565.312,4484.44,6049.752
2019-11-25,23,1505.648,4465.44,5971.088
2019-11-25,24,1417.118,4323.352,5740.47
2019-11-25,25,1466.62,4144.14,5610.76
2019-11-25,26,1478.484,3970.912,5449.396
2019-11-25,27,1413.268,3725.692,5138.96
2019-11-25,28,1484.502,3635.354,5119.856
2019-11-25,29,1655.53,3417.654,5073.184
2019-11-25,30,1657.702,3305.318,4963.02
2019-11-25,31,1726.066,3487.554,5213.62
2019-11-25,32,1845.276,3540.312,5385.588
2019-11-25,33,1857.866,3518.96,5376.826
2019-11-25,34,1803.256,3619.232,5422.488
2019-11-25,35,1734.92,3787.446,5522.366
2019-11-25,36,1674.91,3877.312,5552.222
2019-11-25,37,1676.36,3983.33,5659.69
2019-11-25,38,1684.038,3893.67,5577.708
2019-11-25,39,1650.442,3741.274,5391.716
2019-11-25,40,1592.898,3792.102,5385
2019-11-25,41,1573.278,3924.008,5497.286
2019-11-25,42,1497.768,3842.102,5339.87
2019-11-25,43,1431.122,3819.334,5250.456
2019-11-25,44,1342.742,3666.002,5008.744
2019-11-25,45,1316.304,3400.13,4716.434
2019-11-25,46,1323.21,3296.682,4619.892
2019-11-25,47,1313.49,3367.034,4680.524
2019-11-25,48,1250.128,3492.916,4743.044
2019-11-26,1,1255.3,3790.894,5046.194
2019-11-26,2,1299.266,3848.43,5147.696
2019-11-26,3,1383.518,3450.71,4834.228
2019-11-26,4,1368.828,3185.38,4554.208
2019-11-26,5,1337.894,2985.016,4322.91
2019-11-26,6,1248.962,2778.716,4027.678
2019-11-26,7,1274.618,2616.798,3891.416
2019-11-26,8,1264.378,2569.996,3834.374
2019-11-26,9,1320.088,2573.212,3893.3
2019-11-26,10,1422.026,2723.748,4145.774
2019-11-26,11,1556.636,2837.856,4394.492
2019-11-26,12,1680.674,2983.94,4664.614
2019-11-26,13,1672.082,3318.632,4990.714
2019-11-26,14,1818.694,3182.824,5001.518
2019-11-26,15,1982.944,3269.692,5252.636
2019-11-26,16,2182.028,3756.556,5938.584
2019-11-26,17,2291.384,4295.524,6586.908
2019-11-26,18,2315.616,4926.472,7242.088
2019-11-26,19,2323.802,5441.152,7764.954
2019-11-26,20,2415.324,6114.094,8529.418
2019-11-26,21,2407.516,6256.662,8664.178
2019-11-26,22,2449.764,6128.166,8577.93
2019-11-26,23,2647.984,6090.84,8738.824
2019-11-26,24,2689.868,6278.422,8968.29
2019-11-26,25,2758.006,6564.484,9322.49
2019-11-26,26,2891.658,6407.582,9299.24
2019-11-26,27,3062.194,6541.808,9604.002
2019-11-26,28,3257.488,6541.794,9799.282
2019-11-26,29,3380.21,6358.72,9738.93
2019-11-26,30,3451.23,6246.648,9697.878
2019-11-26,31,3494.652,6277.688,9772.34
2019-11-26,32,3539.48,6157.19,9696.67
2019-11-26,33,3629.788,5823.944,9453.732
2019-11-26,34,3698.868,5855.924,9554.792
2019-11-26,35,3577.402,5731.498,9308.9
2019-11-26,36,3313.61,5639.904,8953.514
2019-11-26,37,3135.814,5317.576,8453.39
2019-11-26,38,3022.858,5322.56,8345.418
2019-11-26,39,2841.316,5386.984,8228.3
2019-11-26,40,2635.336,5508.872,8144.208
2019-11-26,41,2465.394,5350.236,7815.63
2019-11-26,42,2304.936,5184.122,7489.058
2019-11-26,43,2196.938,5193.306,7390.244
2019-11-26,44,2230.516,5320.264,7550.78
2019-11-26,45,2140.99,5116.366,7257.356
2019-11-26,46,1991.734,4715.48,6707.214
2019-11-26,47,1920.04,4219.786,6139.826
2019-11-26,48,1884.206,3676.25,5560.456
2019-11-27,1,1809.394,3367.878,5177.272
2019-11-27,2,1800.88,3279.192,5080.072
2019-11-27,3,1807.78,2962.996,4770.776
2019-11-27,4,1811.794,2816.896,4628.69
2019-11-27,5,1743.048,3021.454,4764.502
2019-11-27,6,1702.01,2868.014,4570.024
2019-11-27,7,1676.744,2627.82,4304.564
2019-11-27,8,1655.266,2733.422,4388.688
2019-11-27,9,1682.124,2881.482,4563.606
2019-11-27,10,1662.59,2836.112,4498.702
2019-11-27,11,1676.352,2774.73,4451.082
2019-11-27,12,1714.334,2680.084,4394.418
2019-11-27,13,1780.51,2411.828,4192.338
2019-11-27,14,1853.32,2446.186,4299.506
2019-11-27,15,1887.8,2589.2,4477
2019-11-27,16,1889.596,2699.342,4588.938
2019-11-27,17,1856.538,2495.686,4352.224
2019-11-27,18,1890.38,2572.482,4462.862
2019-11-27,19,1819.91,2510.494,4330.404
2019-11-27,20,1767.764,2526.262,4294.026
2019-11-27,21,1789.63,2812.212,4601.842
2019-11-27,22,1823.898,2852.304,4676.202
2019-11-27,23,1833.502,2711.136,4544.638
2019-11-27,24,1842.824,2456.612,4299.436
2019-11-27,25,1875.194,2142.5,4017.694
2019-11-27,26,1903.278,2084.772,3988.05
2019-11-27,27,1968.758,2131.546,4100.304
2019-11-27,28,2036.068,2047.802,4083.87
2019-11-27,29,2070.22,2347.26,4417.48
2019-11-27,30,2096.276,2396.646,4492.922
2019-11-27,31,2173.864,2525.328,4699.192
2019-11-27,32,2219.136,2531.658,4750.794
2019-11-27,33,2267.25,2501.618,4768.868
2019-11-27,34,2286.668,2612.608,4899.276
2019-11-27,35,2338.98,2902.918,5241.898
2019-11-27,36,2461.552,3367.114,5828.666
2019-11-27,37,2568.954,3393.794,5962.748
2019-11-27,38,2719.444,3618.566,6338.01
2019-11-27,39,2867.464,3740.438,6607.902
2019-11-27,40,2956.786,3900.474,6857.26
2019-11-27,41,3010.768,4098.372,7109.14
2019-11-27,42,3057.402,4248.686,7306.088
2019-11-27,43,3110.8,4216.67,7327.47
2019-11-27,44,3152.628,4373.32,7525.948
2019-11-27,45,3154.862,4436.35,7591.212
2019-11-27,46,3222.868,4527.676,7750.544
2019-11-27,47,3338.144,4622.824,7960.968
2019-11-27,48,3239.288,4786.362,8025.65
2019-11-28,1,3258.042,4882.438,8140.48
2019-11-28,2,3346.582,4837.97,8184.552
2019-11-28,3,3417.474,4918.198,8335.672
2019-11-28,4,3483.546,4959.118,8442.664
2019-11-28,5,3510.298,4847.984,8358.282
2019-11-28,6,3431.79,4718.016,8149.806
2019-11-28,7,3363.38,4658.622,8022.002
2019-11-28,8,3263.084,4837.982,8101.066
2019-11-28,9,3094.534,5184.646,8279.18
2019-11-28,10,3033.676,5487.974,8521.65
2019-11-28,11,2969.506,5681.642,8651.148
2019-11-28,12,2901.912,5582.094,8484.006
2019-11-28,13,3081.71,5634.028,8715.738
2019-11-28,14,3409.546,5933.656,9343.202
2019-11-28,15,3509.392,5871.446,9380.838
2019-11-28,16,4278.576,5675.37,9953.946
2019-11-28,17,4552.796,5455.504,10008.3
2019-11-28,18,4638.564,5570.046,10208.61
2019-11-28,19,4401.456,5524.528,9925.984
2019-11-28,20,4209.79,5636.746,9846.536
2019-11-28,21,4068.182,5359.56,9427.742
2019-11-28,22,3895.518,5220.488,9116.006
2019-11-28,23,3769.32,5042.674,8811.994
2019-11-28,24,3575.148,5068.592,8643.74
2019-11-28,25,3509.776,4906.076,8415.852
2019-11-28,26,3504.882,4711.024,8215.906
2019-11-28,27,3323.852,4623.572,7947.424
2019-11-28,28,3120.196,4614.982,7735.178
2019-11-28,29,2801.332,4725.188,7526.52
2019-11-28,30,2647.756,5004.294,7652.05
2019-11-28,31,2525.988,4737.498,7263.486
2019-11-28,32,2410.648,4262.754,6673.402
2019-11-28,33,2340.704,4128.388,6469.092
2019-11-28,34,2299.944,4177.37,6477.314
2019-11-28,35,2221.282,3954.234,6175.516
2019-11-28,36,2208.356,3824.994,6033.35
2019-11-28,37,2149.182,3812.96,5962.142
2019-11-28,38,2005.628,3800.776,5806.404
2019-11-28,39,1968.722,3985.266,5953.988
2019-11-28,40,1881.686,4097.478,5979.164
2019-11-28,41,1758.502,4042.204,5800.706
2019-11-28,42,1693.174,3977.114,5670.288
2019-11-28,43,1661.406,3807.778,5469.184
2019-11-28,44,1721.78,3519.876,5241.656
2019-11-28,45,1734.882,3406.442,5141.324
2019-11-28,46,1769.164,3192.008,4961.172
2019-11-28,47,1716.982,2993.382,4710.364
2019-11-28,48,1751.702,3041.136,4792.838
2019-11-29,1,1771.648,2996.624,4768.272
2019-11-29,2,1737.4,2973.93,4711.33
2019-11-29,3,1700.304,2825.866,4526.17
2019-11-29,4,1653.136,2730.598,4383.734
2019-11-29,5,1688.538,2681.07,4369.608
2019-11-29,6,1660.812,2736.048,4396.86
2019-11-29,7,1623.4,2398.408,4021.808
2019-11-29,8,1491.346,2341.406,3832.752
2019-11-29,9,1373.232,2759.72,4132.952
2019-11-29,10,1219.026,2543.552,3762.578
2019-11-29,11,1191.646,2505.024,3696.67
2019-11-29,12,1176.282,2713.462,3889.744
2019-11-29,13,1122.99,2570.534,3693.524
2019-11-29,14,1114.05,2557.902,3671.952
2019-11-29,15,988.752,2548.138,3536.89
2019-11-29,16,968.382,2560.04,3528.422
2019-11-29,17,793.116,2229.382,3022.498
2019-11-29,18,847.784,2212.19,3059.974
2019-11-29,19,719.1,2377.124,3096.224
2019-11-29,20,742.698,1936.022,2678.72
2019-11-29,21,668.82,1866.24,2535.06
2019-11-29,22,768.906,1770.426,2539.332
2019-11-29,23,554.098,1865.256,2419.354
2019-11-29,24,593.902,1987.7,2581.602
2019-11-29,25,567.548,1769.65,2337.198
2019-11-29,26,419.86,1710.766,2130.626
2019-11-29,27,556.826,1515.336,2072.162
2019-11-29,28,490.358,1535.112,2025.47
2019-11-29,29,417.72,1301.53,1719.25
2019-11-29,30,333.064,1414.73,1747.794
2019-11-29,31,279.478,1543.93,1823.408
2019-11-29,32,319.136,1322.66,1641.796
2019-11-29,33,306.902,1126.84,1433.742
2019-11-29,34,280.008,952.768,1232.776
2019-11-29,35,296.608,1043.21,1339.818
2019-11-29,36,304.392,1124.93,1429.322
2019-11-29,37,300.966,1107.42,1408.386
2019-11-29,38,298.486,1158.718,1457.204
2019-11-29,39,359.284,1067.526,1426.81
2019-11-29,40,420.198,946.032,1366.23
2019-11-29,41,486.566,1031.4,1517.966
2019-11-29,42,560.26,1056.336,1616.596
2019-11-29,43,653.926,1091.026,1744.952
2019-11-29,44,715.444,1011.526,1726.97
2019-11-29,45,795.622,921.17,1716.792
2019-11-29,46,791.466,887.944,1679.41
2019-11-29,47,718.912,848.712,1567.624
2019-11-29,48,656.334,879.4,1535.734
2019-11-30,1,633.078,892.782,1525.86
2019-11-30,2,698.896,904.67,1603.566
2019-11-30,3,713.462,956.89,1670.352
2019-11-30,4,623.062,960.23,1583.292
2019-11-30,5,671.118,1002.84,1673.958
2019-11-30,6,610.932,1198.652,1809.584
2019-11-30,7,601.57,1269.094,1870.664
2019-11-30,8,516.558,1154.614,1671.172
2019-11-30,9,507.546,1054.454,1562
2019-11-30,10,459.334,966.564,1425.898
2019-11-30,11,433.414,969.228,1402.642
2019-11-30,12,441.264,1066.174,1507.438
2019-11-30,13,396.35,1149.806,1546.156
2019-11-30,14,402.094,1330.2,1732.294
2019-11-30,15,408.908,1330.064,1738.972
2019-11-30,16,440.196,1389.992,1830.188
2019-11-30,17,456.216,1452.986,1909.202
2019-11-30,18,445.7,1426.946,1872.646
2019-11-30,19,430.072,1379.344,1809.416
2019-11-30,20,408.802,1388.594,1797.396
2019-11-30,21,392.45,1330.34,1722.79
2019-11-30,22,377.346,1348.684,1726.03
2019-11-30,23,343.16,1333.462,1676.622
2019-11-30,24,298.466,1229.86,1528.326
2019-11-30,25,276.006,1295.794,1571.8
2019-11-30,26,275.112,1367.78,1642.892
2019-11-30,27,246.634,1350.488,1597.122
2019-11-30,28,224.798,1373.654,1598.452
2019-11-30,29,213.368,1439.206,1652.574
2019-11-30,30,215.866,1602.426,1818.292
2019-11-30,31,217.168,1759.364,1976.532
2019-11-30,32,230.82,1878.206,2109.026
2019-11-30,33,272.062,1997.366,2269.428
2019-11-30,34,300.968,2140.506,2441.474
2019-11-30,35,302.438,2357.368,2659.806
2019-11-30,36,310.704,2488.754,2799.458
2019-11-30,37,314.752,2572.87,2887.622
2019-11-30,38,295.462,2618.402,2913.864
2019-11-30,39,279.318,2614.94,2894.258
2019-11-30,40,255.054,2458.416,2713.47
2019-11-30,41,214.224,2392.87,2607.094
2019-11-30,42,197.386,2443.512,2640.898
2019-11-30,43,194.136,2535.948,2730.084
2019-11-30,44,195.274,2510.972,2706.246
2019-11-30,45,195.376,2437.536,2632.912
2019-11-30,46,203.86,2456.926,2660.786
2019-11-30,47,190.06,2382.994,2573.054
2019-11-30,48,182.482,2245.674,2428.156
2019-12-01,1,233.488,2009.328,2242.816
2019-12-01,2,261.466,1823.388,2084.854
2019-12-01,3,268.928,1775.06,2043.988
2019-12-01,4,310.98,1752.686,2063.666
2019-12-01,5,307.658,1780.868,2088.526
2019-12-01,6,384.612,1826.766,2211.378
2019-12-01,7,482.524,1894.78,2377.304
2019-12-01,8,674.354,2006.486,2680.84
2019-12-01,9,839.772,2102.494,2942.266
2019-12-01,10,851.558,2274.854,3126.412
2019-12-01,11,900.536,2417.872,3318.408
2019-12-01,12,963.36,2754.8,3718.16
2019-12-01,13,1056.508,2992.322,4048.83
2019-12-01,14,1237.324,2871.232,4108.556
2019-12-01,15,1299.036,2809.246,4108.282
2019-12-01,16,1338.716,2947.87,4286.586
2019-12-01,17,1430.906,3082.86,4513.766
2019-12-01,18,1527.346,2998.97,4526.316
2019-12-01,19,1413.794,2975.27,4389.064
2019-12-01,20,1247.302,2887.266,4134.568
2019-12-01,21,1139.138,2764.298,3903.436
2019-12-01,22,1031.206,2435.718,3466.924
2019-12-01,23,1024.152,2267.16,3291.312
2019-12-01,24,1129,2098.592,3227.592
2019-12-01,25,1277.182,2057.378,3334.56
2019-12-01,26,1350.29,2283.6,3633.89
2019-12-01,27,1392.482,2449.22,3841.702
2019-12-01,28,1577.914,2839.182,4417.096
2019-12-01,29,1764.808,2844.75,4609.558
2019-12-01,30,1907.504,3332.586,5240.09
2019-12-01,31,1927.834,3821.138,5748.972
2019-12-01,32,1910.814,3903.526,5814.34
2019-12-01,33,1975.59,4219.884,6195.474
2019-12-01,34,2031.096,4702.368,6733.464
2019-12-01,35,2054.942,4673.766,6728.708
2019-12-01,36,2138.022,4489.402,6627.424
2019-12-01,37,1987.286,4623.836,6611.122
2019-12-01,38,1877.396,4412.694,6290.09
2019-12-01,39,1818.356,4271.934,6090.29
2019-12-01,40,1698.236,4203.392,5901.628
2019-12-01,41,1613.578,4047.548,5661.126
2019-12-01,42,1590.988,4193.288,5784.276
2019-12-01,43,1635.298,3952.942,5588.24
2019-12-01,44,1759.836,3727.796,5487.632
2019-12-01,45,1890.906,3501.386,5392.292
2019-12-01,46,1885.142,3256.45,5141.592
2019-12-01,47,2041.08,3079.974,5121.054
2019-12-01,48,2124.754,2984.28,5109.034
2019-12-02,1,1973.446,2872.15,4845.596
2019-12-02,2,1914.218,2790.586,4704.804
2019-12-02,3,1999.978,2592.86,4592.838
2019-12-02,4,2132.91,2585.516,4718.426
2019-12-02,5,2206.21,2693.488,4899.698
2019-12-02,6,2258.08,2784.096,5042.176
2019-12-02,7,2250.708,2683.306,4934.014
2019-12-02,8,2218.688,2618.038,4836.726
2019-12-02,9,2206.912,2420.93,4627.842
2019-12-02,10,2243.262,2374.326,4617.588
2019-12-02,11,2207.544,2205.332,4412.876
2019-12-02,12,2169.2,2177.366,4346.566
2019-12-02,13,2199.684,2238.142,4437.826
2019-12-02,14,2157.326,2311.648,4468.974
2019-12-02,15,2212.954,2374.828,4587.782
2019-12-02,16,2075.076,2445.18,4520.256
2019-12-02,17,1885.186,2439.024,4324.21
2019-12-02,18,1929.804,2216.016,4145.82
2019-12-02,19,2029.942,2209.338,4239.28
2019-12-02,20,2048.042,2127.376,4175.418
2019-12-02,21,2105.852,2049.702,4155.554
2019-12-02,22,2176.632,1823.254,3999.886
2019-12-02,23,2293.656,1776.974,4070.63
2019-12-02,24,2461.166,1770.522,4231.688
2019-12-02,25,2340.92,1766.256,4107.176
2019-12-02,26,2277.43,1453.706,3731.136
2019-12-02,27,2418.798,1448.668,3867.466
2019-12-02,28,2585.956,1447.128,4033.084
2019-12-02,29,2788.494,1403.098,4191.592
2019-12-02,30,2904.482,1465.864,4370.346
2019-12-02,31,2997.31,1501.858,4499.168
2019-12-02,32,3099.28,1538.598,4637.878
2019-12-02,33,3152.612,1513.028,4665.64
2019-12-02,34,3322.186,1458.85,4781.036
2019-12-02,35,3521.532,1482.468,5004
2019-12-02,36,3631.644,1500.06,5131.704
2019-12-02,37,3668.4,1567.678,5236.078
2019-12-02,38,3720.918,1543.046,5263.964
2019-12-02,39,3766.988,1421.424,5188.412
2019-12-02,40,3715.414,1520.952,5236.366
2019-12-02,41,3682.494,1520.32,5202.814
2019-12-02,42,3614.728,1530.042,5144.77
2019-12-02,43,3614.606,1556.854,5171.46
2019-12-02,44,3673.364,1498.608,5171.972
2019-12-02,45,3611.732,1377.496,4989.228
2019-12-02,46,3651.964,1260.034,4911.998
2019-12-02,47,3668.53,1384.454,5052.984
2019-12-02,48,3791.642,1508.478,5300.12
2019-12-03,1,3770.286,1580.096,5350.382
2019-12-03,2,3739.35,1614.582,5353.932
2019-12-03,3,3692.05,1753.906,5445.956
2019-12-03,4,3730.932,1909.632,5640.564
2019-12-03,5,3679.588,1865.862,5545.45
2019-12-03,6,3672.3,1796.572,5468.872
2019-12-03,7,3605.726,1844.25,5449.976
2019-12-03,8,3611,1883.5,5494.5
2019-12-03,9,3552.002,1863.646,5415.648
2019-12-03,10,3472.504,1865.842,5338.346
2019-12-03,11,3402.04,1657.712,5059.752
2019-12-03,12,3262.992,1525.558,4788.55
2019-12-03,13,3269.976,1407.94,4677.916
2019-12-03,14,3224.724,1409.462,4634.186
2019-12-03,15,3128.728,1478.586,4607.314
2019-12-03,16,3034.088,1616.158,4650.246
2019-12-03,17,3036.238,1632.878,4669.116
2019-12-03,18,2964.296,1770.18,4734.476
2019-12-03,19,2973.218,1886.51,4859.728
2019-12-03,20,3089.954,1962.032,5051.986
2019-12-03,21,3051.778,1878.048,4929.826
2019-12-03,22,2951.516,1739.62,4691.136
2019-12-03,23,2963.894,1794.498,4758.392
2019-12-03,24,3029.134,1888.208,4917.342
2019-12-03,25,2988.032,1950.17,4938.202
2019-12-03,26,2776.526,2031.93,4808.456
2019-12-03,27,2710.288,2128.648,4838.936
2019-12-03,28,2683.282,2191.784,4875.066
2019-12-03,29,2577.682,2106.21,4683.892
2019-12-03,30,2554.02,1985.956,4539.976
2019-12-03,31,2687.436,1785.744,4473.18
2019-12-03,32,2763.91,1777.44,4541.35
2019-12-03,33,2896.234,1771.784,4668.018
2019-12-03,34,2894.556,1931.226,4825.782
2019-12-03,35,3090.064,2126.158,5216.222
2019-12-03,36,3107.204,2265.924,5373.128
2019-12-03,37,3143.056,2406.686,5549.742
2019-12-03,38,2989.172,2439.034,5428.206
2019-12-03,39,3093.998,2540.154,5634.152
2019-12-03,40,3264.14,2672.158,5936.298
2019-12-03,41,3333.484,2578.57,5912.054
2019-12-03,42,3614.056,2361.58,5975.636
2019-12-03,43,3934.856,2053.354,5988.21
2019-12-03,44,4086.686,1878.35,5965.036
2019-12-03,45,4044.554,1739.892,5784.446
2019-12-03,46,3806.796,1847.864,5654.66
2019-12-03,47,4053.666,1826.85,5880.516
2019-12-03,48,4018.606,1809.99,5828.596
2019-12-04,1,4093.036,1807.002,5900.038
2019-12-04,2,3978.896,1939.394,5918.29
2019-12-04,3,3866.608,2024.096,5890.704
2019-12-04,4,3840.206,2089.526,5929.732
2019-12-04,5,3698.824,2252.512,5951.336
2019-12-04,6,3622.924,2571.656,6194.58
2019-12-04,7,3661.134,2719.236,6380.37
2019-12-04,8,3542.94,3047.2,6590.14
2019-12-04,9,3275.974,3378.896,6654.87
2019-12-04,10,3076.646,3501.09,6577.736
2019-12-04,11,3008.934,3396.226,6405.16
2019-12-04,12,2972.636,3365.892,6338.528
2019-12-04,13,3206.936,3390.566,6597.502
2019-12-04,14,3790.732,3405.254,7195.986
2019-12-04,15,4137.212,3423.962,7561.174
2019-12-04,16,4553.13,3387.292,7940.422
2019-12-04,17,4717.956,3410.212,8128.168
2019-12-04,18,4629.012,3430.004,8059.016
2019-12-04,19,4515.564,3475.302,7990.866
2019-12-04,20,4458.008,3439.478,7897.486
2019-12-04,21,4726.502,3385.842,8112.344
2019-12-04,22,4770.718,3342.444,8113.162
2019-12-04,23,4691.916,3253.01,7944.926
2019-12-04,24,4626.24,3209.824,7836.064
2019-12-04,25,4561.812,3224.356,7786.168
2019-12-04,26,4660.004,3357.878,8017.882
2019-12-04,27,4565.686,3530.344,8096.03
2019-12-04,28,4445.536,3539.534,7985.07
2019-12-04,29,4391.266,3429.542,7820.808
2019-12-04,30,4358.772,3386.074,7744.846
2019-12-04,31,4353.5,3376.074,7729.574
2019-12-04,32,4228.122,3386.61,7614.732
2019-12-04,33,4086.496,3382.482,7468.978
2019-12-04,34,4301.814,3287.076,7588.89
2019-12-04,35,4407.102,2940.352,7347.454
2019-12-04,36,4455.454,2625.814,7081.268
2019-12-04,37,4584.976,2507.404,7092.38
2019-12-04,38,4687.426,2828.954,7516.38
2019-12-04,39,4825.666,2796.338,7622.004
2019-12-04,40,4924.738,2675.118,7599.856
2019-12-04,41,4992.978,2914.088,7907.066
2019-12-04,42,5056.308,3063.92,8120.228
2019-12-04,43,4991.414,3075.496,8066.91
2019-12-04,44,4486.564,3178.778,7665.342
2019-12-04,45,4022.928,3178.44,7201.368
2019-12-04,46,4031.576,3248.306,7279.882
2019-12-04,47,3691.534,3261.004,6952.538
2019-12-04,48,3592.008,3306.354,6898.362
2019-12-05,1,3436.776,3352.336,6789.112
2019-12-05,2,3241.014,3390.196,6631.21
2019-12-05,3,3111.192,3489.468,6600.66
2019-12-05,4,3148.01,3525.634,6673.644
2019-12-05,5,3219.312,3703.426,6922.738
2019-12-05,6,3207.75,3537.448,6745.198
2019-12-05,7,3357.258,3389.538,6746.796
2019-12-05,8,3242.086,3307.862,6549.948
2019-12-05,9,3138.69,3519.002,6657.692
2019-12-05,10,3093.678,3994.57,7088.248
2019-12-05,11,2961.77,4111.724,7073.494
2019-12-05,12,2884.696,4131.53,7016.226
2019-12-05,13,3095.39,4151.796,7247.186
2019-12-05,14,3381.304,4416.804,7798.108
2019-12-05,15,3718.016,4686.08,8404.096
2019-12-05,16,4008.428,4879.76,8888.188
2019-12-05,17,3973.754,5032.692,9006.446
2019-12-05,18,3974.798,5163.564,9138.362
2019-12-05,19,4132.244,5391.436,9523.68
2019-12-05,20,4188.014,5672.722,9860.736
2019-12-05,21,4220.794,5639.486,9860.28
2019-12-05,22,4538.588,5772.83,10311.418
2019-12-05,23,4687.906,5903.462,10591.368
2019-12-05,24,4707.106,6034.922,10742.028
2019-12-05,25,4756.024,6382.584,11138.608
2019-12-05,26,4815.282,6598.628,11413.91
2019-12-05,27,4820.548,6593.294,11413.842
2019-12-05,28,4839.57,6652.588,11492.158
2019-12-05,29,4735.984,6701.188,11437.172
2019-12-05,30,4800.618,6817.962,11618.58
2019-12-05,31,4949.752,6801.358,11751.11
2019-12-05,32,4909.726,6846.204,11755.93
2019-12-05,33,4924.292,6945.802,11870.094
2019-12-05,34,5104.77,6965.312,12070.082
2019-12-05,35,5390.482,6960.458,12350.94
2019-12-05,36,5519.452,7007.394,12526.846
2019-12-05,37,5303.848,7046.994,12350.842
2019-12-05,38,5220.076,7200.542,12420.618
2019-12-05,39,5110.904,7325.42,12436.324
2019-12-05,40,4841.986,7331.292,12173.278
2019-12-05,41,4683.2,7299.164,11982.364
2019-12-05,42,4444.854,7206.016,11650.87
2019-12-05,43,3946.65,7165.446,11112.096
2019-12-05,44,3455.136,7049.406,10504.542
2019-12-05,45,3302.878,6946.65,10249.528
2019-12-05,46,3296.498,6828.752,10125.25
2019-12-05,47,3357.404,6837.174,10194.578
2019-12-05,48,3131.3,6881.038,10012.338
2019-12-06,1,3146.808,7006.692,10153.5
2019-12-06,2,3035.51,7146.156,10181.666
2019-12-06,3,3048.732,7285.128,10333.86
2019-12-06,4,2968.942,7163.592,10132.534
2019-12-06,5,3005.308,7192.018,10197.326
2019-12-06,6,3080.402,7169.42,10249.822
2019-12-06,7,2904.142,7110.076,10014.218
2019-12-06,8,2712.638,7057.634,9770.272
2019-12-06,9,2612.03,7059.314,9671.344
2019-12-06,10,2583.388,6996.96,9580.348
2019-12-06,11,2457.29,6913.882,9371.172
2019-12-06,12,2778.336,6877.404,9655.74
2019-12-06,13,3095.162,7054.92,10150.082
2019-12-06,14,3599.092,7199.842,10798.934
2019-12-06,15,3731.68,7417.846,11149.526
2019-12-06,16,3657.872,7496.108,11153.98
2019-12-06,17,3507.752,7668.732,11176.484
2019-12-06,18,3283.266,7662.988,10946.254
2019-12-06,19,3039.3,7671.38,10710.68
2019-12-06,20,2895.96,7700.536,10596.496
2019-12-06,21,2954.146,7586.316,10540.462
2019-12-06,22,2979.202,7526.262,10505.464
2019-12-06,23,3103.612,7647.346,10750.958
2019-12-06,24,3179.15,7665.79,10844.94
2019-12-06,25,3074.848,7723.822,10798.67
2019-12-06,26,3047.298,7736.258,10783.556
2019-12-06,27,3011.9,7667.596,10679.496
2019-12-06,28,2785.406,7539.916,10325.322
2019-12-06,29,2753.544,7409.894,10163.438
2019-12-06,30,2892.326,7428.984,10321.31
2019-12-06,31,3123.466,7393.218,10516.684
2019-12-06,32,3458.222,7296.61,10754.832
2019-12-06,33,3484.6,7152.366,10636.966
2019-12-06,34,3802.154,7146.964,10949.118
2019-12-06,35,4057.362,7257.498,11314.86
2019-12-06,36,4100.748,7446.538,11547.286
2019-12-06,37,4323.858,7502.808,11826.666
2019-12-06,38,4328.738,7554.634,11883.372
2019-12-06,39,3838.76,7487.16,11325.92
2019-12-06,40,3544.548,7496.292,11040.84
2019-12-06,41,3400.852,7488.718,10889.57
2019-12-06,42,3124.628,7370.592,10495.22
2019-12-06,43,2812.808,7128.722,9941.53
2019-12-06,44,2552.104,6941.1,9493.204
2019-12-06,45,2601.856,6816.09,9417.946
2019-12-06,46,2653.342,6828.104,9481.446
2019-12-06,47,2832.122,6854.496,9686.618
2019-12-06,48,2788.346,6897.598,9685.944
2019-12-07,1,2802.208,7029.118,9831.326
2019-12-07,2,2884.528,7055.548,9940.076
2019-12-07,3,2810.926,7126.59,9937.516
2019-12-07,4,2817.44,7036.92,9854.36
2019-12-07,5,2719.792,7070.162,9789.954
2019-12-07,6,2783.83,6998.86,9782.69
2019-12-07,7,2901.062,6755.038,9656.1
2019-12-07,8,2867.26,6690.538,9557.798
2019-12-07,9,2665.682,6483.926,9149.608
2019-12-07,10,2632.842,6285.94,8918.782
2019-12-07,11,2469.584,6263.464,8733.048
2019-12-07,12,2137.688,5972.852,8110.54
2019-12-07,13,1983.63,5889.868,7873.498
2019-12-07,14,2096.252,5713.856,7810.108
2019-12-07,15,2026.3,5622.498,7648.798
2019-12-07,16,1907.772,5559.03,7466.802
2019-12-07,17,1912.936,5759.108,7672.044
2019-12-07,18,1785.97,6023.394,7809.364
2019-12-07,19,1914.194,5897.468,7811.662
2019-12-07,20,2056.342,5860.616,7916.958
2019-12-07,21,2114.902,5827.444,7942.346
2019-12-07,22,2056.916,5507.562,7564.478
2019-12-07,23,2145.208,5424.088,7569.296
2019-12-07,24,2356.364,5628.538,7984.902
2019-12-07,25,2557.626,5666.178,8223.804
2019-12-07,26,3051.088,5663.292,8714.38
2019-12-07,27,3503.944,5868.838,9372.782
2019-12-07,28,3914.254,5897.84,9812.094
2019-12-07,29,4452.544,5960.358,10412.902
2019-12-07,30,4624.582,6110.892,10735.474
2019-12-07,31,4685.062,6366.81,11051.872
2019-12-07,32,4750.742,6436.77,11187.512
2019-12-07,33,4939.758,6611.896,11551.654
2019-12-07,34,5079.628,6663.55,11743.178
2019-12-07,35,5057.804,6936.518,11994.322
2019-12-07,36,5030.504,7204.49,12234.994
2019-12-07,37,4762.394,7416.94,12179.334
2019-12-07,38,4537.594,7544.57,12082.164
2019-12-07,39,4336.172,7648.652,11984.824
2019-12-07,40,4182.484,7503.2,11685.684
2019-12-07,41,4086.898,7419.124,11506.022
2019-12-07,42,3933.86,7578.192,11512.052
2019-12-07,43,3637.026,7596.82,11233.846
2019-12-07,44,3484.092,7679.584,11163.676
2019-12-07,45,3316.744,7710.518,11027.262
2019-12-07,46,3327.156,7727.616,11054.772
2019-12-07,47,3286.122,7714.766,11000.888
2019-12-07,48,3138.472,7633.924,10772.396
2019-12-08,1,2939.372,7651.398,10590.77
2019-12-08,2,2965.096,7662.502,10627.598
2019-12-08,3,2943.134,7603.4,10546.534
2019-12-08,4,2778.312,7578.09,10356.402
2019-12-08,5,2525.726,7623.948,10149.674
2019-12-08,6,2481.422,7516.468,9997.89
2019-12-08,7,2452.038,7419.056,9871.094
2019-12-08,8,2432.888,7002.368,9435.256
2019-12-08,9,2415.128,6824.548,9239.676
2019-12-08,10,2417.48,6772.212,9189.692
2019-12-08,11,2364.194,6936.574,9300.768
2019-12-08,12,2376.258,7134.444,9510.702
2019-12-08,13,2476.656,7505.92,9982.576
2019-12-08,14,2568.214,7553.462,10121.676
2019-12-08,15,2522.468,7510.616,10033.084
2019-12-08,16,2565.47,7556.154,10121.624
2019-12-08,17,2706.166,7464.432,10170.598
2019-12-08,18,2849.01,7630.886,10479.896
2019-12-08,19,3098.432,7623.488,10721.92
2019-12-08,20,3565.662,7776.436,11342.098
2019-12-08,21,4000.372,7906.756,11907.128
2019-12-08,22,4206.096,7891.926,12098.022
2019-12-08,23,4210.604,7901.71,12112.314
2019-12-08,24,4195.394,7888.384,12083.778
2019-12-08,25,4382.124,7880.954,12263.078
2019-12-08,26,4602.956,7878.394,12481.35
2019-12-08,27,4568.06,7894.81,12462.87
2019-12-08,28,4523.704,7909.802,12433.506
2019-12-08,29,4448.988,7913.82,12362.808
2019-12-08,30,4414.146,7903.688,12317.834
2019-12-08,31,4381.89,7933.074,12314.964
2019-12-08,32,4334.84,7907.524,12242.364
2019-12-08,33,4550.244,7892.872,12443.116
2019-12-08,34,4837.638,7916.46,12754.098
2019-12-08,35,5060.128,7864.402,12924.53
2019-12-08,36,4895.974,7884.08,12780.054
2019-12-08,37,4746.562,7901.61,12648.172
2019-12-08,38,4522.948,7890.32,12413.268
2019-12-08,39,4275.618,7895.104,12170.722
2019-12-08,40,4124.684,7917.756,12042.44
2019-12-08,41,4140.562,7884.804,12025.366
2019-12-08,42,3966.24,7800.55,11766.79
2019-12-08,43,3752.196,7816.388,11568.584
2019-12-08,44,3476.868,7815.96,11292.828
2019-12-08,45,3422.808,7870.328,11293.136
2019-12-08,46,3246.568,7747.644,10994.212
2019-12-08,47,3172.002,7632.684,10804.686
2019-12-08,48,3448.82,7524.144,10972.964
2019-12-09,1,3939.82,7223.102,11162.922
2019-12-09,2,3955.144,6803.026,10758.17
2019-12-09,3,3647.494,6999.438,10646.932
2019-12-09,4,3152.48,7297.616,10450.096
2019-12-09,5,2879.646,7068.264,9947.91
2019-12-09,6,2680.598,7215.274,9895.872
2019-12-09,7,2685.448,7248.644,9934.092
2019-12-09,8,2587.74,7273.016,9860.756
2019-12-09,9,2562.834,7220.606,9783.44
2019-12-09,10,2586.392,7205.08,9791.472
2019-12-09,11,2515.336,7407.224,9922.56
2019-12-09,12,2622.516,7564.426,10186.942
2019-12-09,13,2861.408,7587.068,10448.476
2019-12-09,14,3429.262,7622.484,11051.746
2019-12-09,15,3588.114,7697.008,11285.122
2019-12-09,16,3634.43,7725.378,11359.808
2019-12-09,17,3932.12,7579.974,11512.094
2019-12-09,18,3677.3,7389.996,11067.296
2019-12-09,19,3544.168,7359.132,10903.3
2019-12-09,20,3404.742,7284.314,10689.056
2019-12-09,21,3159.414,7589.524,10748.938
2019-12-09,22,3136.094,7648.288,10784.382
2019-12-09,23,3083.658,7678.752,10762.41
2019-12-09,24,3117.592,7571.62,10689.212
2019-12-09,25,2942.618,7583.934,10526.552
2019-12-09,26,2767.788,7516.22,10284.008
2019-12-09,27,2327.97,7245.552,9573.522
2019-12-09,28,1769.614,7066.804,8836.418
2019-12-09,29,1359.536,6798.532,8158.068
2019-12-09,30,1202.536,6406.02,7608.556
2019-12-09,31,1013.402,6172.884,7186.286
2019-12-09,32,905.994,5985.876,6891.87
2019-12-09,33,681.464,5821.78,6503.244
2019-12-09,34,580.798,5532.796,6113.594
2019-12-09,35,571.068,5314.364,5885.432
2019-12-09,36,753.372,5061.084,5814.456
2019-12-09,37,975.574,4928.698,5904.272
2019-12-09,38,1088.098,4884.858,5972.956
2019-12-09,39,1340.28,4777.886,6118.166
2019-12-09,40,1666.704,4524.958,6191.662
2019-12-09,41,2142.086,4014.686,6156.772
2019-12-09,42,2499.39,3664.204,6163.594
2019-12-09,43,2732.672,3259.83,5992.502
2019-12-09,44,3106.57,2967.25,6073.82
2019-12-09,45,3511.322,2909.85,6421.172
2019-12-09,46,3983.384,2787.464,6770.848
2019-12-09,47,4402.02,2566.112,6968.132
2019-12-09,48,4285.416,2527.724,6813.14
2019-12-10,1,4233.86,2583.984,6817.844
2019-12-10,2,4169.894,2722.59,6892.484
2019-12-10,3,4050.904,2964.612,7015.516
2019-12-10,4,3945.278,3144.63,7089.908
2019-12-10,5,3874.466,3226.312,7100.778
2019-12-10,6,3865.664,3401.328,7266.992
2019-12-10,7,3881.664,3665.602,7547.266
2019-12-10,8,3823.512,4224.096,8047.608
2019-12-10,9,3764.548,4939.078,8703.626
2019-12-10,10,3807.798,5749.28,9557.078
2019-12-10,11,3665.116,6223.32,9888.436
2019-12-10,12,3589.106,6833.148,10422.254
2019-12-10,13,3957.918,7241.422,11199.34
2019-12-10,14,4144.97,7496.568,11641.538
2019-12-10,15,4345.994,7676.024,12022.018
2019-12-10,16,4772.866,7742.676,12515.542
2019-12-10,17,5180.612,7845.766,13026.378
2019-12-10,18,5137.358,7865.602,13002.96
2019-12-10,19,5095.53,7875.912,12971.442
2019-12-10,20,5134.572,7894.63,13029.202
2019-12-10,21,5211.842,7874.552,13086.394
2019-12-10,22,5378.59,7877.728,13256.318
2019-12-10,23,5359.586,7855.056,13214.642
2019-12-10,24,5455.518,7801.368,13256.886
2019-12-10,25,5527.198,7782.25,13309.448
2019-12-10,26,5429.492,7829.078,13258.57
2019-12-10,27,5531.896,7870.198,13402.094
2019-12-10,28,5538.604,7877.422,13416.026
2019-12-10,29,5423.916,7893.236,13317.152
2019-12-10,30,5340.858,7856.686,13197.544
2019-12-10,31,5517.726,7803.664,13321.39
2019-12-10,32,5633.728,7599.158,13232.886
2019-12-10,33,5680.89,7716.262,13397.152
2019-12-10,34,5656.102,7816.146,13472.248
2019-12-10,35,5541.722,7734.262,13275.984
2019-12-10,36,5421.65,7777.336,13198.986
2019-12-10,37,5450.444,7762.598,13213.042
2019-12-10,38,5631.69,7764.508,13396.198
2019-12-10,39,5735.194,7766.988,13502.182
2019-12-10,40,5689.042,7767.212,13456.254
2019-12-10,41,5641.614,7686.852,13328.466
2019-12-10,42,5520.878,7620.954,13141.832
2019-12-10,43,5130.53,7761.572,12892.102
2019-12-10,44,4829.2,7784.05,12613.25
2019-12-10,45,4763.11,7778.694,12541.804
2019-12-10,46,4630.214,7804.438,12434.652
2019-12-10,47,4308.33,7601.518,11909.848
2019-12-10,48,4118.63,7544.24,11662.87
2019-12-11,1,4003.226,7539.508,11542.734
2019-12-11,2,3906.02,7498.864,11404.884
2019-12-11,3,3819.804,7414.174,11233.978
2019-12-11,4,3821.42,7273.266,11094.686
2019-12-11,5,3759.702,7065.898,10825.6
2019-12-11,6,3730.018,6950.128,10680.146
2019-12-11,7,3790.066,6924.22,10714.286
2019-12-11,8,3733.484,6813.352,10546.836
2019-12-11,9,3689.16,6613.034,10302.194
2019-12-11,10,3742.9,6328.098,10070.998
2019-12-11,11,3738.136,6088.428,9826.564
2019-12-11,12,3715.166,5861.286,9576.452
2019-12-11,13,3937.656,5523.586,9461.242
2019-12-11,14,4391.674,5353.188,9744.862
2019-12-11,15,4516.298,5155.864,9672.162
2019-12-11,16,4858.676,4968.432,9827.108
2019-12-11,17,4911.948,5120.452,10032.4
2019-12-11,18,4817.034,4986.354,9803.388
2019-12-11,19,4946.652,4858.336,9804.988
2019-12-11,20,4936.134,5034.488,9970.622
2019-12-11,21,4864.262,5171.848,10036.11
2019-12-11,22,4828.79,5154.01,9982.8
2019-12-11,23,4903.462,5187.026,10090.488
2019-12-11,24,4904.912,5109.716,10014.628
2019-12-11,25,4754.608,4688.714,9443.322
2019-12-11,26,4696.46,4734.148,9430.608
2019-12-11,27,4739.172,4806.286,9545.458
2019-12-11,28,4629.142,4640.324,9269.466
2019-12-11,29,4561.24,4907.75,9468.99
2019-12-11,30,4346.354,5186.238,9532.592
2019-12-11,31,4332.16,5082.684,9414.844
2019-12-11,32,4557.066,5167.93,9724.996
2019-12-11,33,4585.058,5139.396,9724.454
2019-12-11,34,4586.27,5176.426,9762.696
2019-12-11,35,4526.318,5306.948,9833.266
2019-12-11,36,4727.33,5538.406,10265.736
2019-12-11,37,4750.73,5424.448,10175.178
2019-12-11,38,4613.802,5119.612,9733.414
2019-12-11,39,4566.942,5382.184,9949.126
2019-12-11,40,4475.7,5606.844,10082.544
2019-12-11,41,4287.446,5799.412,10086.858
2019-12-11,42,4357.492,5674.204,10031.696
2019-12-11,43,4076.282,5300.298,9376.58
2019-12-11,44,4130.812,5319.526,9450.338
2019-12-11,45,4102.936,5212.78,9315.716
2019-12-11,46,4051.462,4992.944,9044.406
2019-12-11,47,4064.446,5120.676,9185.122
2019-12-11,48,3883.604,4859.792,8743.396
2019-12-12,1,3696.922,4716.85,8413.772
2019-12-12,2,3777.802,4663.44,8441.242
2019-12-12,3,3502.536,4474.522,7977.058
2019-12-12,4,3585.484,4204.262,7789.746
2019-12-12,5,3493.85,3633.774,7127.624
2019-12-12,6,3439.184,3830.552,7269.736
2019-12-12,7,3236.264,3940.398,7176.662
2019-12-12,8,3054.306,3791.994,6846.3
2019-12-12,9,2850.59,3703.946,6554.536
2019-12-12,10,2818.264,3448.106,6266.37
2019-12-12,11,2774.658,3289.404,6064.062
2019-12-12,12,2681.654,3232.72,5914.374
2019-12-12,13,2590.906,3277.056,5867.962
2019-12-12,14,2548.702,4019.486,6568.188
2019-12-12,15,2516.346,4864.6,7380.946
2019-12-12,16,2385.072,5296.988,7682.06
2019-12-12,17,2285.55,5578.984,7864.534
2019-12-12,18,2194.118,5878.488,8072.606
2019-12-12,19,2219.116,6348.778,8567.894
2019-12-12,20,2178.818,6673.79,8852.608
2019-12-12,21,2111.674,7073.244,9184.918
2019-12-12,22,2118.974,7172.63,9291.604
2019-12-12,23,1984.152,7088.896,9073.048
2019-12-12,24,1706.842,7006.474,8713.316
2019-12-12,25,1458.972,6789.012,8247.984
2019-12-12,26,1275.94,6558.62,7834.56
2019-12-12,27,1165.958,6147.628,7313.586
2019-12-12,28,1027.968,5809.354,6837.322
2019-12-12,29,966.868,5735.102,6701.97
2019-12-12,30,921.744,5808.61,6730.354
2019-12-12,31,962.982,5885.402,6848.384
2019-12-12,32,1012.174,5934.11,6946.284
2019-12-12,33,1171.768,5899.046,7070.814
2019-12-12,34,1187.134,5787.004,6974.138
2019-12-12,35,1080.24,5862.792,6943.032
2019-12-12,36,1025.87,5862.654,6888.524
2019-12-12,37,1047.728,5808.812,6856.54
2019-12-12,38,983.496,5819.494,6802.99
2019-12-12,39,812.592,5954.264,6766.856
2019-12-12,40,711.294,6061.326,6772.62
2019-12-12,41,657.218,6039.134,6696.352
2019-12-12,42,590.75,5971.18,6561.93
2019-12-12,43,576.964,5467.658,6044.622
2019-12-12,44,577.728,4993.758,5571.486
2019-12-12,45,595.514,4440.938,5036.452
2019-12-12,46,635.316,4168.926,4804.242
2019-12-12,47,675.082,4147.466,4822.548
2019-12-12,48,717.864,3997.448,4715.312
2019-12-13,1,809.732,3526.366,4336.098
2019-12-13,2,814.482,2618.558,3433.04
2019-12-13,3,844.892,2383.258,3228.15
2019-12-13,4,859.534,2631.338,3490.872
2019-12-13,5,975.868,2709.048,3684.916
2019-12-13,6,1052.16,2440.834,3492.994
2019-12-13,7,1263.688,2880.792,4144.48
2019-12-13,8,1445.356,3596.604,5041.96
2019-12-13,9,1579.61,4426.582,6006.192
2019-12-13,10,1642.274,4785.4,6427.674
2019-12-13,11,1843.836,5076.326,6920.162
2019-12-13,12,2104.768,5450.28,7555.048
2019-12-13,13,2171.476,5722.436,7893.912
2019-12-13,14,2254.458,6022.516,8276.974
2019-12-13,15,2397.744,6313.966,8711.71
2019-12-13,16,2560.482,6563.166,9123.648
2019-12-13,17,2578.578,6720.342,9298.92
2019-12-13,18,2652.164,6694.508,9346.672
2019-12-13,19,2643.46,6546.86,9190.32
2019-12-13,20,2596.732,6588.748,9185.48
2019-12-13,21,2467.586,6913.75,9381.336
2019-12-13,22,2378.256,7129.318,9507.574
2019-12-13,23,2402.528,7177.35,9579.878
2019-12-13,24,2372.94,6974.1,9347.04
2019-12-13,25,2281.73,6575.56,8857.29
2019-12-13,26,2295.606,6392.4,8688.006
2019-12-13,27,2270.45,6611.174,8881.624
2019-12-13,28,2145.196,6835.968,8981.164
2019-12-13,29,2028.946,6766.754,8795.7
2019-12-13,30,1867.51,6851.652,8719.162
2019-12-13,31,1822.55,7014.5,8837.05
2019-12-13,32,1723.47,7287.65,9011.12
2019-12-13,33,1630.566,7372.838,9003.404
2019-12-13,34,1625.172,7414.846,9040.018
2019-12-13,35,1640.52,7323.606,8964.126
2019-12-13,36,1438.692,7234.906,8673.598
2019-12-13,37,1435.546,7306.848,8742.394
2019-12-13,38,1512.842,7332.388,8845.23
2019-12-13,39,1681.694,7360.57,9042.264
2019-12-13,40,1815.342,7340.974,9156.316
2019-12-13,41,1941.71,7083.046,9024.756
2019-12-13,42,2176.328,7221.538,9397.866
2019-12-13,43,2180.288,7064.62,9244.908
2019-12-13,44,2204.548,7100.29,9304.838
2019-12-13,45,2307.484,7203.064,9510.548
2019-12-13,46,2329.198,7218.212,9547.41
2019-12-13,47,2317.494,7010.644,9328.138
2019-12-13,48,2384.452,6730.072,9114.524
2019-12-14,1,2494.504,6559.438,9053.942
2019-12-14,2,2846.37,6500.258,9346.628
2019-12-14,3,2968.508,6360.224,9328.732
2019-12-14,4,2989.55,6337.296,9326.846
2019-12-14,5,3107.572,6540.858,9648.43
2019-12-14,6,3019.956,6905.276,9925.232
2019-12-14,7,2904.35,7087.73,9992.08
2019-12-14,8,3048.614,7222.968,10271.582
2019-12-14,9,3311.346,7033.014,10344.36
2019-12-14,10,3409.688,6956.262,10365.95
2019-12-14,11,3589.4,6981.542,10570.942
2019-12-14,12,3514.778,6962.976,10477.754
2019-12-14,13,3396.558,7039.682,10436.24
2019-12-14,14,3547.052,7307.42,10854.472
2019-12-14,15,3512.684,7092.36,10605.044
2019-12-14,16,3538.542,7414.618,10953.16
2019-12-14,17,3709.418,7819.948,11529.366
2019-12-14,18,3812.158,7843.648,11655.806
2019-12-14,19,3755.918,7775.278,11531.196
2019-12-14,20,3674.742,7829.018,11503.76
2019-12-14,21,3719.258,7849.554,11568.812
2019-12-14,22,3852.03,7824.716,11676.746
2019-12-14,23,3881.73,7788.778,11670.508
2019-12-14,24,3932.522,7804.66,11737.182
2019-12-14,25,3854.7,7789.022,11643.722
2019-12-14,26,3700.14,7782.244,11482.384
2019-12-14,27,3686.026,7843.618,11529.644
2019-12-14,28,3604.734,7835.916,11440.65
2019-12-14,29,3663,7860.726,11523.726
2019-12-14,30,3746.356,7862.46,11608.816
2019-12-14,31,3795.212,7865.214,11660.426
2019-12-14,32,3820.966,7764.854,11585.82
2019-12-14,33,3940.728,7677.452,11618.18
2019-12-14,34,3871.262,7626.522,11497.784
2019-12-14,35,3867.854,7577.976,11445.83
2019-12-14,36,3881.202,7391.764,11272.966
2019-12-14,37,3770.616,7558.816,11329.432
2019-12-14,38,3691.06,7298.812,10989.872
2019-12-14,39,3722.992,6967.958,10690.95
2019-12-14,40,3546.04,7009.268,10555.308
2019-12-14,41,3400.62,6965.428,10366.048
2019-12-14,42,3209.238,6674.47,9883.708
2019-12-14,43,3004.034,6280.992,9285.026
2019-12-14,44,2803.408,6251.656,9055.064
2019-12-14,45,2747.584,6032.94,8780.524
2019-12-14,46,2459.574,5859.656,8319.23
2019-12-14,47,2102.89,5801.048,7903.938
2019-12-14,48,1979.622,6136.046,8115.668
2019-12-15,1,1789.76,6334.998,8124.758
2019-12-15,2,1517.862,6525.578,8043.44
2019-12-15,3,1408.262,6086.714,7494.976
2019-12-15,4,1488.508,5924.85,7413.358
2019-12-15,5,1483.876,6051.114,7534.99
2019-12-15,6,1366.832,6680.61,8047.442
2019-12-15,7,1396.044,7147.86,8543.904
2019-12-15,8,1581.426,7491.346,9072.772
2019-12-15,9,1682.892,7520.622,9203.514
2019-12-15,10,1805.374,7416.28,9221.654
2019-12-15,11,1884.644,7453.758,9338.402
2019-12-15,12,1927.082,7414.752,9341.834
2019-12-15,13,1950.262,7416.606,9366.868
2019-12-15,14,1972.074,7400.136,9372.21
2019-12-15,15,2042.396,7469.14,9511.536
2019-12-15,16,2130.298,7508.398,9638.696
2019-12-15,17,2297.572,7351.636,9649.208
2019-12-15,18,2593.348,7246.56,9839.908
2019-12-15,19,2745.96,7170.432,9916.392
2019-12-15,20,3073.272,6858.772,9932.044
2019-12-15,21,3262.376,6453.876,9716.252
2019-12-15,22,3116.446,6295.034,9411.48
2019-12-15,23,2924.674,6238.35,9163.024
2019-12-15,24,2958.724,6137.214,9095.938
2019-12-15,25,3065.584,6134.68,9200.264
2019-12-15,26,2909.578,6030.246,8939.824
2019-12-15,27,3001.64,5753.038,8754.678
2019-12-15,28,3096.304,5896.068,8992.372
2019-12-15,29,2892.898,6168.79,9061.688
2019-12-15,30,2905.796,6297.47,9203.266
2019-12-15,31,2870.984,6621.498,9492.482
2019-12-15,32,2827.592,6309.346,9136.938
2019-12-15,33,2726.502,6653.232,9379.734
2019-12-15,34,2571.982,6780.704,9352.686
2019-12-15,35,2507.62,6772.048,9279.668
2019-12-15,36,2522.606,6682.474,9205.08
2019-12-15,37,2400.492,6873.768,9274.26
2019-12-15,38,2381.868,7175.35,9557.218
2019-12-15,39,2265.07,7148.214,9413.284
2019-12-15,40,2195.882,7131.034,9326.916
2019-12-15,41,2098.506,7411.604,9510.11
2019-12-15,42,2121.266,7357.7,9478.966
2019-12-15,43,1955.472,7072.038,9027.51
2019-12-15,44,1864.406,6960.258,8824.664
2019-12-15,45,1849.706,6903.59,8753.296
2019-12-15,46,1695.954,7002.09,8698.044
2019-12-15,47,1643.384,6999.608,8642.992
2019-12-15,48,1526.724,7083.354,8610.078
2019-12-16,1,1717.8,7196.088,8913.888
2019-12-16,2,1828.882,7238.196,9067.078
2019-12-16,3,1821.35,6971.236,8792.586
2019-12-16,4,1670.082,6966.012,8636.094
2019-12-16,5,1467.89,7204.528,8672.418
2019-12-16,6,1429.07,6733.284,8162.354
2019-12-16,7,1409.916,6649.748,8059.664
2019-12-16,8,1290.906,6864.718,8155.624
2019-12-16,9,1133.448,6753.274,7886.722
2019-12-16,10,967.57,6485.47,7453.04
2019-12-16,11,903.624,6373.83,7277.454
2019-12-16,12,953.542,6436.706,7390.248
2019-12-16,13,944.826,6428.896,7373.722
2019-12-16,14,1020.518,6448.894,7469.412
2019-12-16,15,1129.478,6415.1,7544.578
2019-12-16,16,1404.398,6467.168,7871.566
2019-12-16,17,1656.57,6414.96,8071.53
2019-12-16,18,1834.414,6194.048,8028.462
2019-12-16,19,2102.904,5810.972,7913.876
2019-12-16,20,2264.912,5429.868,7694.78
2019-12-16,21,2601.888,5142.588,7744.476
2019-12-16,22,2779.764,4999.544,7779.308
2019-12-16,23,2963.432,4724.892,7688.324
2019-12-16,24,2936.746,4317.558,7254.304
2019-12-16,25,2984.924,3871.608,6856.532
2019-12-16,26,3085.622,3579.074,6664.696
2019-12-16,27,3142.784,3318.552,6461.336
2019-12-16,28,3047.79,3104.298,6152.088
2019-12-16,29,2882.43,2895.806,5778.236
2019-12-16,30,2815.196,2750.858,5566.054
2019-12-16,31,2695.024,2579.656,5274.68
2019-12-16,32,2682.11,2535.552,5217.662
2019-12-16,33,2702.592,2558.292,5260.884
2019-12-16,34,2510.238,2554.6,5064.838
2019-12-16,35,2483.032,2404.712,4887.744
2019-12-16,36,2418.85,2310.356,4729.206
2019-12-16,37,2387.522,2083.134,4470.656
2019-12-16,38,2297.888,1940.182,4238.07
2019-12-16,39,2198.098,1617.56,3815.658
2019-12-16,40,2172.26,1420.216,3592.476
2019-12-16,41,2254.48,1132.786,3387.266
2019-12-16,42,2216.894,1039.93,3256.824
2019-12-16,43,2223.26,939,3162.26
2019-12-16,44,2277.376,905.614,3182.99
2019-12-16,45,2332.984,887.006,3219.99
2019-12-16,46,2210.81,814.792,3025.602
2019-12-16,47,2093.512,838.076,2931.588
2019-12-16,48,2033.456,879.006,2912.462
2019-12-17,1,2069.724,926.1,2995.824
2019-12-17,2,2064.088,1071.822,3135.91
2019-12-17,3,2164.178,1179.462,3343.64
2019-12-17,4,2253.232,1340.082,3593.314
2019-12-17,5,2259.078,1415.416,3674.494
2019-12-17,6,2290.688,1330.62,3621.308
2019-12-17,7,2303.578,1332.61,3636.188
2019-12-17,8,2255.754,1396.526,3652.28
2019-12-17,9,2239.546,1282.816,3522.362
2019-12-17,10,2210.458,1156.106,3366.564
2019-12-17,11,2111.552,1182.234,3293.786
2019-12-17,12,1997.158,1140,3137.158
2019-12-17,13,1848.78,1210.694,3059.474
2019-12-17,14,1749.576,1250.726,3000.302
2019-12-17,15,1716.984,1249.57,2966.554
2019-12-17,16,1525.226,1310.352,2835.578
2019-12-17,17,1454.344,1435.88,2890.224
2019-12-17,18,1381.332,1436.378,2817.71
2019-12-17,19,1316.666,1338.17,2654.836
2019-12-17,20,1221.4,1147.566,2368.966
2019-12-17,21,1131.96,1123.448,2255.408
2019-12-17,22,1053.038,1247.34,2300.378
2019-12-17,23,1089.884,1542.796,2632.68
2019-12-17,24,1009.688,1655.552,2665.24
2019-12-17,25,951.066,1631.954,2583.02
2019-12-17,26,909.072,1441.354,2350.426
2019-12-17,27,916.674,1220.878,2137.552
2019-12-17,28,962.254,1175.802,2138.056
2019-12-17,29,942.72,1150.378,2093.098
2019-12-17,30,873.888,1124.19,1998.078
2019-12-17,31,983.92,1205.252,2189.172
2019-12-17,32,1066.838,1139.446,2206.284
2019-12-17,33,1012.076,1167.156,2179.232
2019-12-17,34,990.604,1210.1,2200.704
2019-12-17,35,1023.976,1150.596,2174.572
2019-12-17,36,1000.734,1194.278,2195.012
2019-12-17,37,922.922,1302.948,2225.87
2019-12-17,38,991.7,1422.768,2414.468
2019-12-17,39,933.948,1630.874,2564.822
2019-12-17,40,947.64,1962.094,2909.734
2019-12-17,41,938.806,1984.308,2923.114
2019-12-17,42,896.916,2151.594,3048.51
2019-12-17,43,918.924,2216.308,3135.232
2019-12-17,44,936.46,2191.286,3127.746
2019-12-17,45,927.176,2289.4,3216.576
2019-12-17,46,992.456,2202.976,3195.432
2019-12-17,47,1034.704,2219.13,3253.834
2019-12-17,48,1026.94,2212.272,3239.212
2019-12-18,1,1114.046,2273.098,3387.144
2019-12-18,2,1218.666,2149.904,3368.57
2019-12-18,3,1225.246,2037.362,3262.608
2019-12-18,4,1084.7,1868.948,2953.648
2019-12-18,5,1091.556,1690.24,2781.796
2019-12-18,6,1097.256,1580.018,2677.274
2019-12-18,7,1060.302,1469.666,2529.968
2019-12-18,8,1056.86,1398.178,2455.038
2019-12-18,9,1052.584,1376.654,2429.238
2019-12-18,10,1028.036,1518.212,2546.248
2019-12-18,11,1084.036,1496.466,2580.502
2019-12-18,12,1140.982,1730.366,2871.348
2019-12-18,13,1248.158,1879.55,3127.708
2019-12-18,14,1251.374,2222.34,3473.714
2019-12-18,15,1327.702,2220.326,3548.028
2019-12-18,16,1448.586,2516.086,3964.672
2019-12-18,17,1576.45,3041.426,4617.876
2019-12-18,18,1658.486,3213.788,4872.274
2019-12-18,19,2030.092,3191.208,5221.3
2019-12-18,20,2145.05,3468.92,5613.97
2019-12-18,21,2325.692,4026.972,6352.664
2019-12-18,22,2453.118,4403.45,6856.568
2019-12-18,23,2577.32,4345.654,6922.974
2019-12-18,24,2664.926,4338.11,7003.036
2019-12-18,25,2754.412,4359.618,7114.03
2019-12-18,26,2800.598,4479.29,7279.888
2019-12-18,27,2819.786,4712.294,7532.08
2019-12-18,28,2849.1,5043.51,7892.61
2019-12-18,29,2972.752,5645.992,8618.744
2019-12-18,30,3181.184,6137.898,9319.082
2019-12-18,31,3388.746,6550.47,9939.216
2019-12-18,32,3593.614,7048.944,10642.558
2019-12-18,33,3790.284,7547.554,11337.838
2019-12-18,34,4340.022,7820.436,12160.458
2019-12-18,35,4552.202,8111.536,12663.738
2019-12-18,36,4853.128,8266.576,13119.704
2019-12-18,37,4954.602,8298.934,13253.536
2019-12-18,38,5074.8,8197.254,13272.054
2019-12-18,39,5021.61,8250.742,13272.352
2019-12-18,40,4931.274,8349.914,13281.188
2019-12-18,41,4989.87,8325.06,13314.93
2019-12-18,42,5117.938,8179.782,13297.72
2019-12-18,43,5088.792,8162.75,13251.542
2019-12-18,44,5056.222,8133.03,13189.252
2019-12-18,45,4864.69,8079.568,12944.258
2019-12-18,46,4792.436,7973.762,12766.198
2019-12-18,47,4602.704,7863.862,12466.566
2019-12-18,48,4288.632,7803.4,12092.032
2019-12-19,1,4067.884,7800.794,11868.678
2019-12-19,2,4107.904,7659.282,11767.186
2019-12-19,3,4216.822,7263.796,11480.618
2019-12-19,4,4369.972,7079.676,11449.648
2019-12-19,5,4602.708,7073.722,11676.43
2019-12-19,6,4616.368,6995.018,11611.386
2019-12-19,7,4718.856,6926.076,11644.932
2019-12-19,8,4591.288,7004.262,11595.55
2019-12-19,9,4482.534,7207.112,11689.646
2019-12-19,10,4315.112,7229.508,11544.62
2019-12-19,11,4129.54,7053.098,11182.638
2019-12-19,12,4112.422,7046.038,11158.46
2019-12-19,13,3849.054,6970.06,10819.114
2019-12-19,14,3651.302,6637.53,10288.832
2019-12-19,15,3349.56,6440.302,9789.862
2019-12-19,16,3187.356,6262.878,9450.234
2019-12-19,17,3025.51,6141.346,9166.856
2019-12-19,18,3014.874,6268.966,9283.84
2019-12-19,19,2924.564,6506.462,9431.026
2019-12-19,20,2752.156,6852.128,9604.284
2019-12-19,21,2688.022,6921.768,9609.79
2019-12-19,22,2713.402,6998.052,9711.454
2019-12-19,23,2548.266,7073.106,9621.372
2019-12-19,24,2373.938,7126.106,9500.044
2019-12-19,25,2191.556,7191.554,9383.11
2019-12-19,26,2259.716,6973.986,9233.702
2019-12-19,27,2130.696,6705.388,8836.084
2019-12-19,28,1971.924,7038.87,9010.794
2019-12-19,29,1979.164,7319.724,9298.888
2019-12-19,30,1930.896,7526.158,9457.054
2019-12-19,31,1722.234,7640.292,9362.526
2019-12-19,32,1543.996,7807.324,9351.32
2019-12-19,33,1472.736,7977.946,9450.682
2019-12-19,34,1564.538,8037.204,9601.742
2019-12-19,35,1664.592,7889.476,9554.068
2019-12-19,36,1819.078,7838.37,9657.448
2019-12-19,37,2181.788,7705.734,9887.522
2019-12-19,38,2403.812,7861.136,10264.948
2019-12-19,39,2329.774,8076.15,10405.924
2019-12-19,40,2451.874,8115.674,10567.548
2019-12-19,41,2664.674,8246.98,10911.654
2019-12-19,42,2951.198,8191.292,11142.49
2019-12-19,43,3200.212,8068.568,11268.78
2019-12-19,44,3483.77,7995.838,11479.608
2019-12-19,45,3719.464,7809.148,11528.612
2019-12-19,46,3974.562,7681.982,11656.544
2019-12-19,47,4310.954,7627.376,11938.33
2019-12-19,48,4446.784,7374.732,11821.516
2019-12-20,1,4565.138,6604.166,11169.304
2019-12-20,2,4608.406,6211.272,10819.678
2019-12-20,3,4578.562,5691.09,10269.652
2019-12-20,4,4570.712,5627.076,10197.788
2019-12-20,5,4468.678,5582.42,10051.098
2019-12-20,6,4305.394,5827.66,10133.054
2019-12-20,7,4340.512,6101.76,10442.272
2019-12-20,8,4201.594,6239.52,10441.114
2019-12-20,9,4073.194,6023.032,10096.226
2019-12-20,10,4099.28,5564.494,9663.774
2019-12-20,11,4053.942,5338.51,9392.452
2019-12-20,12,3830.91,5032.41,8863.32
2019-12-20,13,2786.344,4806.062,7592.406
2019-12-20,14,1863.07,4587.33,6450.4
2019-12-20,15,1529.956,4565.682,6095.638
2019-12-20,16,1571.922,4499.022,6070.944
2019-12-20,17,1292.34,4500,5792.34
2019-12-20,18,1248.738,4467.196,5715.934
2019-12-20,19,1296.78,4512.394,5809.174
2019-12-20,20,1368.184,4405.222,5773.406
2019-12-20,21,1377.224,4402.48,5779.704
2019-12-20,22,1396.266,4417.586,5813.852
2019-12-20,23,1413.738,4418.682,5832.42
2019-12-20,24,1210.66,4699.688,5910.348
2019-12-20,25,1073.368,4792.904,5866.272
2019-12-20,26,963.616,5047.38,6010.996
2019-12-20,27,1088.322,5400.858,6489.18
2019-12-20,28,1120.164,5204.254,6324.418
2019-12-20,29,1031.892,5213,6244.892
2019-12-20,30,1007.044,5508.546,6515.59
2019-12-20,31,974.216,5781.818,6756.034
2019-12-20,32,1053.042,6237.582,7290.624
2019-12-20,33,981.118,6578.982,7560.1
2019-12-20,34,889.526,6417.53,7307.056
2019-12-20,35,957.606,6095.668,7053.274
2019-12-20,36,1030.094,5882.032,6912.126
2019-12-20,37,1119.254,5978.468,7097.722
2019-12-20,38,1227.798,6168.986,7396.784
2019-12-20,39,1356.674,5775.482,7132.156
2019-12-20,40,1593.46,5400.686,6994.146
2019-12-20,41,1735.614,4733.628,6469.242
2019-12-20,42,1955.306,4558.642,6513.948
2019-12-20,43,2104.568,4561.082,6665.65
2019-12-20,44,2043.018,4913.242,6956.26
2019-12-20,45,2423.018,5124.668,7547.686
2019-12-20,46,2685.12,4973.22,7658.34
2019-12-20,47,2798.796,4725.996,7524.792
2019-12-20,48,2806.318,4926.294,7732.612
2019-12-21,1,2798.886,4625.908,7424.794
2019-12-21,2,2803.854,4360.308,7164.162
2019-12-21,3,2834.328,4403,7237.328
2019-12-21,4,2776.046,4477.3,7253.346
2019-12-21,5,2774.902,4457.758,7232.66
2019-12-21,6,2703.498,4323.602,7027.1
2019-12-21,7,2699.824,4491.59,7191.414
2019-12-21,8,2662.432,4715.262,7377.694
2019-12-21,9,2622.736,4968.852,7591.588
2019-12-21,10,2677.73,5256.252,7933.982
2019-12-21,11,2501.678,5298.43,7800.108
2019-12-21,12,2361.828,5745.968,8107.796
2019-12-21,13,2379.53,6060.228,8439.758
2019-12-21,14,2335.732,6025.536,8361.268
2019-12-21,15,2240.894,6085.358,8326.252
2019-12-21,16,2181.73,6176.374,8358.104
2019-12-21,17,2231.354,6086.86,8318.214
2019-12-21,18,2361.762,5892.872,8254.634
2019-12-21,19,2404.128,5662.098,8066.226
2019-12-21,20,2183.634,5566.46,7750.094
2019-12-21,21,1927.264,5379.728,7306.992
2019-12-21,22,1832.93,5203.286,7036.216
2019-12-21,23,1806.588,5497.452,7304.04
2019-12-21,24,1576.588,5460.25,7036.838
2019-12-21,25,1412.478,5299.034,6711.512
2019-12-21,26,1337.472,5219.494,6556.966
2019-12-21,27,1246.754,5231.462,6478.216
2019-12-21,28,1194.782,4841.466,6036.248
2019-12-21,29,1030.708,4811.614,5842.322
2019-12-21,30,919.802,4473.278,5393.08
2019-12-21,31,976.178,4796.322,5772.5
2019-12-21,32,978.102,5266.376,6244.478
2019-12-21,33,874.282,5660.504,6534.786
2019-12-21,34,849.318,5560.016,6409.334
2019-12-21,35,789.78,5523.664,6313.444
2019-12-21,36,754.878,5456.812,6211.69
2019-12-21,37,699.764,5100.996,5800.76
2019-12-21,38,714.162,4757.598,5471.76
2019-12-21,39,611.488,4720.346,5331.834
2019-12-21,40,568.794,4539.134,5107.928
2019-12-21,41,528.458,4564.694,5093.152
2019-12-21,42,431.76,4654.888,5086.648
2019-12-21,43,395.328,4589.636,4984.964
2019-12-21,44,305.68,4475.774,4781.454
2019-12-21,45,255.946,4344.384,4600.33
2019-12-21,46,233.228,4162.1,4395.328
2019-12-21,47,194.778,3842.654,4037.432
2019-12-21,48,186.24,3458.226,3644.466
2019-12-22,1,145.704,2993.638,3139.342
2019-12-22,2,103.254,2754.866,2858.12
2019-12-22,3,114.238,2467.122,2581.36
2019-12-22,4,143.122,2255.472,2398.594
2019-12-22,5,127.694,2213.272,2340.966
2019-12-22,6,110.966,2292.758,2403.724
2019-12-22,7,107.758,2323.176,2430.934
2019-12-22,8,118.136,2392.556,2510.692
2019-12-22,9,145.72,2467.036,2612.756
2019-12-22,10,149.488,2410.974,2560.462
2019-12-22,11,155.78,2253.796,2409.576
2019-12-22,12,145.012,2118.542,2263.554
2019-12-22,13,151.048,2090.972,2242.02
2019-12-22,14,161.052,2232.124,2393.176
2019-12-22,15,165.914,2252.85,2418.764
2019-12-22,16,144.818,2247.746,2392.564
2019-12-22,17,166.724,2539.082,2705.806
2019-12-22,18,195.222,2855.82,3051.042
2019-12-22,19,224.726,2989.598,3214.324
2019-12-22,20,220.748,3094.024,3314.772
2019-12-22,21,208.372,3255.24,3463.612
2019-12-22,22,178.112,3200.68,3378.792
2019-12-22,23,153.232,3587.152,3740.384
2019-12-22,24,132.014,4042.656,4174.67
2019-12-22,25,132.598,4302.106,4434.704
2019-12-22,26,114.868,4388.982,4503.85
2019-12-22,27,113.142,4487.406,4600.548
2019-12-22,28,109.882,4499.558,4609.44
2019-12-22,29,111.994,4340.966,4452.96
2019-12-22,30,113.212,4221.786,4334.998
2019-12-22,31,101.568,4019.642,4121.21
2019-12-22,32,101.042,3939.56,4040.602
2019-12-22,33,112.27,3928.672,4040.942
2019-12-22,34,126.26,4002.886,4129.146
2019-12-22,35,154.994,4228.622,4383.616
2019-12-22,36,163.794,4112.69,4276.484
2019-12-22,37,144.24,4164.16,4308.4
2019-12-22,38,147.27,4460.562,4607.832
2019-12-22,39,166.624,4468.406,4635.03
2019-12-22,40,200.306,4322.882,4523.188
2019-12-22,41,228.242,4005.236,4233.478
2019-12-22,42,301.092,3962.95,4264.042
2019-12-22,43,375.86,3949.17,4325.03
2019-12-22,44,495.914,4570.258,5066.172
2019-12-22,45,601.48,4841.914,5443.394
2019-12-22,46,608.74,5290.99,5899.73
2019-12-22,47,740.354,5777.514,6517.868
2019-12-22,48,913.386,5808.298,6721.684
2019-12-23,1,1012.678,6178.618,7191.296
2019-12-23,2,1056.036,6384.604,7440.64
2019-12-23,3,1207.01,6438.638,7645.648
2019-12-23,4,1314.234,6437.924,7752.158
2019-12-23,5,1397.646,6783.162,8180.808
2019-12-23,6,1503.788,6878.49,8382.278
2019-12-23,7,1715.728,6773.56,8489.288
2019-12-23,8,1732.18,6846.006,8578.186
2019-12-23,9,1727.894,6884.798,8612.692
2019-12-23,10,1815.9,7049.282,8865.182
2019-12-23,11,1867.834,7213.8,9081.634
2019-12-23,12,1961.896,7354.638,9316.534
2019-12-23,13,2108.52,7544.494,9653.014
2019-12-23,14,2247.368,7564.892,9812.26
2019-12-23,15,2416.51,7726.724,10143.234
2019-12-23,16,2546.11,7828.646,10374.756
2019-12-23,17,2613.364,7797.412,10410.776
2019-12-23,18,2749.448,7810.672,10560.12
2019-12-23,19,2855.486,7810.834,10666.32
2019-12-23,20,2928.088,7745.516,10673.604
2019-12-23,21,3025.808,7719.706,10745.514
2019-12-23,22,3124.038,7947.122,11071.16
2019-12-23,23,3145.786,8024.604,11170.39
2019-12-23,24,3180.784,7943.522,11124.306
2019-12-23,25,3161.8,7906.486,11068.286
2019-12-23,26,3184.138,7854.832,11038.97
2019-12-23,27,3177.264,7803.462,10980.726
2019-12-23,28,3142.35,7647.488,10789.838
2019-12-23,29,3193.172,7607.862,10801.034
2019-12-23,30,3050.468,7533.72,10584.188
2019-12-23,31,3091.858,7496.15,10588.008
2019-12-23,32,3056.436,7446.188,10502.624
2019-12-23,33,2997.678,7299.348,10297.026
2019-12-23,34,2863.152,7171.27,10034.422
2019-12-23,35,2704.1,7156.9,9861
2019-12-23,36,2534.116,7338.706,9872.822
2019-12-23,37,2415.276,7182.064,9597.34
2019-12-23,38,2323.184,6924.556,9247.74
2019-12-23,39,2222.972,6579.522,8802.494
2019-12-23,40,2041.29,6416.276,8457.566
2019-12-23,41,1942.268,5981.422,7923.69
2019-12-23,42,1870.422,5668.024,7538.446
2019-12-23,43,1814.488,5232.312,7046.8
2019-12-23,44,1592.144,4704.23,6296.374
2019-12-23,45,1502.95,4513.502,6016.452
2019-12-23,46,1366.666,4364.676,5731.342
2019-12-23,47,1123.806,3991.778,5115.584
2019-12-23,48,959.21,3854.466,4813.676
2019-12-24,1,802.724,3487.386,4290.11
2019-12-24,2,728.36,3445.124,4173.484
2019-12-24,3,602.138,3601.292,4203.43
2019-12-24,4,450.742,3536.282,3987.024
2019-12-24,5,338.57,3562.156,3900.726
2019-12-24,6,274.45,3425.716,3700.166
2019-12-24,7,261.148,3625.112,3886.26
2019-12-24,8,259.052,3983.664,4242.716
2019-12-24,9,197.704,4053.274,4250.978
2019-12-24,10,113.038,3629.812,3742.85
2019-12-24,11,79.408,2923.818,3003.226
2019-12-24,12,84.824,2615.898,2700.722
2019-12-24,13,65.582,3135.492,3201.074
2019-12-24,14,51.848,3672.76,3724.608
2019-12-24,15,57.388,3841.048,3898.436
2019-12-24,16,57.212,4093.754,4150.966
2019-12-24,17,42.27,4546.666,4588.936
2019-12-24,18,51.48,5191.972,5243.452
2019-12-24,19,70.678,5607.708,5678.386
2019-12-24,20,60.628,5995.26,6055.888
2019-12-24,21,61.92,6139.198,6201.118
2019-12-24,22,59.898,6181.758,6241.656
2019-12-24,23,51.374,6305.076,6356.45
2019-12-24,24,54.274,6261.114,6315.388
2019-12-24,25,78.198,6150.104,6228.302
2019-12-24,26,137.288,6020.706,6157.994
2019-12-24,27,179.482,5934.292,6113.774
2019-12-24,28,255.276,5868.544,6123.82
2019-12-24,29,308.03,5846.166,6154.196
2019-12-24,30,338.392,5502.982,5841.374
2019-12-24,31,408.668,5097.466,5506.134
2019-12-24,32,464.894,4953.822,5418.716
2019-12-24,33,506.084,4658.44,5164.524
2019-12-24,34,572.042,4699.872,5271.914
2019-12-24,35,649.754,5048.712,5698.466
2019-12-24,36,716.592,5261.048,5977.64
2019-12-24,37,802.484,5171.06,5973.544
2019-12-24,38,796.866,5078.864,5875.73
2019-12-24,39,836.588,5066.052,5902.64
2019-12-24,40,816.044,4929.06,5745.104
2019-12-24,41,804.222,4832.456,5636.678
2019-12-24,42,932.95,4810.656,5743.606
2019-12-24,43,988.162,5092.786,6080.948
2019-12-24,44,947.562,5360.646,6308.208
2019-12-24,45,1032.988,5464.672,6497.66
2019-12-24,46,992.174,5524.564,6516.738
2019-12-24,47,1024.724,5603.97,6628.694
2019-12-24,48,1079.694,5882.61,6962.304
2019-12-25,1,1058.1,6199.794,7257.894
2019-12-25,2,1024.014,6287.932,7311.946
2019-12-25,3,1145.018,6408.076,7553.094
2019-12-25,4,1127.956,6365.586,7493.542
2019-12-25,5,1068.11,6294.21,7362.32
2019-12-25,6,1094.866,6291.294,7386.16
2019-12-25,7,1110.28,5850.156,6960.436
2019-12-25,8,1075.662,5236.978,6312.64
2019-12-25,9,1122.594,5035.792,6158.386
2019-12-25,10,1173.786,4914.6,6088.386
2019-12-25,11,1132.452,4870.032,6002.484
2019-12-25,12,1104.824,4762.814,5867.638
2019-12-25,13,1047.968,4596.278,5644.246
2019-12-25,14,926.128,4206.494,5132.622
2019-12-25,15,826.216,3921.734,4747.95
2019-12-25,16,763.904,3729.082,4492.986
2019-12-25,17,698.372,3379.444,4077.816
2019-12-25,18,716.234,2880.994,3597.228
2019-12-25,19,711.256,2484.736,3195.992
2019-12-25,20,652.43,2048.526,2700.956
2019-12-25,21,534.444,1668.712,2203.156
2019-12-25,22,443.206,1587.094,2030.3
2019-12-25,23,334.626,1376.452,1711.078
2019-12-25,24,287.922,1225.17,1513.092
2019-12-25,25,235.302,1051.276,1286.578
2019-12-25,26,209.646,921.548,1131.194
2019-12-25,27,176.34,839.018,1015.358
2019-12-25,28,173.414,815.136,988.55
2019-12-25,29,150.59,616.574,767.164
2019-12-25,30,142.844,405.856,548.7
2019-12-25,31,125.754,291.448,417.202
2019-12-25,32,78.934,266.468,345.402
2019-12-25,33,64.666,263.51,328.176
2019-12-25,34,46.706,256.964,303.67
2019-12-25,35,36.194,248.008,284.202
2019-12-25,36,41.196,257.928,299.124
2019-12-25,37,57.65,237.462,295.112
2019-12-25,38,79.302,264.086,343.388
2019-12-25,39,101.574,389.36,490.934
2019-12-25,40,155.342,555.916,711.258
2019-12-25,41,275.992,628.512,904.504
2019-12-25,42,490.552,780.396,1270.948
2019-12-25,43,609.36,962.572,1571.932
2019-12-25,44,658.518,1213.734,1872.252
2019-12-25,45,773.366,1386.33,2159.696
2019-12-25,46,976.116,1583.262,2559.378
2019-12-25,47,1229.164,1781.542,3010.706
2019-12-25,48,1463.09,2008.158,3471.248
2019-12-26,1,1663.462,2288.958,3952.42
2019-12-26,2,1806.626,2564.228,4370.854
2019-12-26,3,2001.606,2740.202,4741.808
2019-12-26,4,2222.586,2897.274,5119.86
2019-12-26,5,2381.438,3267.69,5649.128
2019-12-26,6,2453.516,3568.306,6021.822
2019-12-26,7,2601.244,3739.356,6340.6
2019-12-26,8,2684.618,3918.726,6603.344
2019-12-26,9,2865.762,4073.606,6939.368
2019-12-26,10,3026.818,4175.07,7201.888
2019-12-26,11,3034.326,4293.274,7327.6
2019-12-26,12,3060.684,4439.92,7500.604
2019-12-26,13,3207.084,4773.526,7980.61
2019-12-26,14,3367.14,5069.278,8436.418
2019-12-26,15,3507.342,5423.764,8931.106
2019-12-26,16,3681.484,5666.182,9347.666
2019-12-26,17,3728.386,5936.356,9664.742
2019-12-26,18,3752.502,6211.786,9964.288
2019-12-26,19,3876.11,6478.412,10354.522
2019-12-26,20,4036.97,6566.886,10603.856
2019-12-26,21,4048.554,6669.79,10718.344
2019-12-26,22,3979.716,6669.548,10649.264
2019-12-26,23,3960.562,6685.832,10646.394
2019-12-26,24,3908.604,6713.68,10622.284
2019-12-26,25,3901.346,6807.87,10709.216
2019-12-26,26,3809.85,6728.808,10538.658
2019-12-26,27,3693.232,6575.18,10268.412
2019-12-26,28,3608.182,6527.472,10135.654
2019-12-26,29,3448.23,6384.556,9832.786
2019-12-26,30,3384.262,6309.126,9693.388
2019-12-26,31,3242.428,6181.508,9423.936
2019-12-26,32,3110.704,5981.906,9092.61
2019-12-26,33,3098.002,5728.814,8826.816
2019-12-26,34,3073.24,5351.196,8424.436
2019-12-26,35,2986.066,5225.292,8211.358
2019-12-26,36,2862.8,5200.686,8063.486
2019-12-26,37,2904.378,5194.404,8098.782
2019-12-26,38,2886.302,4973.272,7859.574
2019-12-26,39,2930.308,4864.752,7795.06
2019-12-26,40,2990.518,4698.62,7689.138
2019-12-26,41,3017.2,4573.824,7591.024
2019-12-26,42,3087.83,4474.658,7562.488
2019-12-26,43,3176.784,4391.732,7568.516
2019-12-26,44,3129.562,4451.052,7580.614
2019-12-26,45,3090.6,4281.1,7371.7
2019-12-26,46,3145.564,4334.39,7479.954
2019-12-26,47,3315.858,4326.172,7642.03
2019-12-26,48,3413.806,4245.822,7659.628
2019-12-27,1,3469.25,3989.906,7459.156
2019-12-27,2,3494.404,3596.93,7091.334
2019-12-27,3,3517.742,3255.15,6772.892
2019-12-27,4,3488.356,3180.276,6668.632
2019-12-27,5,3583.944,3023.69,6607.634
2019-12-27,6,3801.692,2878.726,6680.418
2019-12-27,7,3885.728,2525.226,6410.954
2019-12-27,8,3935.014,2279.046,6214.06
2019-12-27,9,3941.386,2099.106,6040.492
2019-12-27,10,4023.94,2141.552,6165.492
2019-12-27,11,4110.86,2188.038,6298.898
2019-12-27,12,4149.002,2280.716,6429.718
2019-12-27,13,4180.666,2511.484,6692.15
2019-12-27,14,4300.704,2551.628,6852.332
2019-12-27,15,4390.672,2701.012,7091.684
2019-12-27,16,4460.412,3131.192,7591.604
2019-12-27,17,4516.938,3650.03,8166.968
2019-12-27,18,4464.482,3533.562,7998.044
2019-12-27,19,4481.226,3362.67,7843.896
2019-12-27,20,4537.128,3463.292,8000.42
2019-12-27,21,4562.052,3448.366,8010.418
2019-12-27,22,4659.05,3276.444,7935.494
2019-12-27,23,4575.604,3042.346,7617.95
2019-12-27,24,4551.39,2846.498,7397.888
2019-12-27,25,4551.192,2557.266,7108.458
2019-12-27,26,4402.73,2546.722,6949.452
2019-12-27,27,4351.806,2648.628,7000.434
2019-12-27,28,4514.266,2684.136,7198.402
2019-12-27,29,4544.08,2788.498,7332.578
2019-12-27,30,4487.724,2713.354,7201.078
2019-12-27,31,4387.742,2762.63,7150.372
2019-12-27,32,4208.228,2970.52,7178.748
2019-12-27,33,4120.928,2966.748,7087.676
2019-12-27,34,4106.13,2734.716,6840.846
2019-12-27,35,4044.844,2625.34,6670.184
2019-12-27,36,3953.564,2650.55,6604.114
2019-12-27,37,3700.002,2576.166,6276.168
2019-12-27,38,3470.53,2630.636,6101.166
2019-12-27,39,3438.768,2819.9,6258.668
2019-12-27,40,3465.39,2697.872,6163.262
2019-12-27,41,3348.934,2539.424,5888.358
2019-12-27,42,2988.194,2646.902,5635.096
2019-12-27,43,2656.224,2778.74,5434.964
2019-12-27,44,2565.118,2741.122,5306.24
2019-12-27,45,2627.09,2738.626,5365.716
2019-12-27,46,2793.798,2614.55,5408.348
2019-12-27,47,2877.898,2679.952,5557.85
2019-12-27,48,3110.58,2873.59,5984.17
2019-12-28,1,3295.592,3053.1,6348.692
2019-12-28,2,3641.916,3024.75,6666.666
2019-12-28,3,3860.728,2932.77,6793.498
2019-12-28,4,4119.364,2766.244,6885.608
2019-12-28,5,4116.512,2602.704,6719.216
2019-12-28,6,4347.418,2693.814,7041.232
2019-12-28,7,4277.774,2762.548,7040.322
2019-12-28,8,4469.982,2815.1,7285.082
2019-12-28,9,4406.822,3090.394,7497.216
2019-12-28,10,4355.03,3158.084,7513.114
2019-12-28,11,4315.908,3190.84,7506.748
2019-12-28,12,4269.554,3226.934,7496.488
2019-12-28,13,4388.028,3319.434,7707.462
2019-12-28,14,4190.706,3219.338,7410.044
2019-12-28,15,4337.246,3357.628,7694.874
2019-12-28,16,4522.746,3566.594,8089.34
2019-12-28,17,4405.766,3511.16,7916.926
2019-12-28,18,4637.608,3536.398,8174.006
2019-12-28,19,4841.734,3704.918,8546.652
2019-12-28,20,4900.572,3823.312,8723.884
2019-12-28,21,4974.612,4052.602,9027.214
2019-12-28,22,5116.906,4197.3,9314.206
2019-12-28,23,5227.014,4294.47,9521.484
2019-12-28,24,5313.632,4384.06,9697.692
2019-12-28,25,5200.33,4578.134,9778.464
2019-12-28,26,5064.016,4824.58,9888.596
2019-12-28,27,4831.532,4886.584,9718.116
2019-12-28,28,5026.618,4705.504,9732.122
2019-12-28,29,5117.26,4448.898,9566.158
2019-12-28,30,5139.034,4851.746,9990.78
2019-12-28,31,4994.388,4895.96,9890.348
2019-12-28,32,5025.578,5069.468,10095.046
2019-12-28,33,4997.868,5402.644,10400.512
2019-12-28,34,5171.936,5533.482,10705.418
2019-12-28,35,5075.962,5139.482,10215.444
2019-12-28,36,5042.186,5035.562,10077.748
2019-12-28,37,4866.042,4851.138,9717.18
2019-12-28,38,4969.894,4549.87,9519.764
2019-12-28,39,5028.942,4259.182,9288.124
2019-12-28,40,5114.982,4430.758,9545.74
2019-12-28,41,4939.88,4638.042,9577.922
2019-12-28,42,4893.678,4588.318,9481.996
2019-12-28,43,4882.392,4523.586,9405.978
2019-12-28,44,4724.442,4516.708,9241.15
2019-12-28,45,4655.164,4407.71,9062.874
2019-12-28,46,4665.392,4133.63,8799.022
2019-12-28,47,4755.994,3983.504,8739.498
2019-12-28,48,4674.812,3995.384,8670.196
2019-12-29,1,4504.26,4048.402,8552.662
2019-12-29,2,4652.664,4064.9,8717.564
2019-12-29,3,4555.818,4105.7,8661.518
2019-12-29,4,4431.442,4094.808,8526.25
2019-12-29,5,4293.854,4155.736,8449.59
2019-12-29,6,4276.446,3796.896,8073.342
2019-12-29,7,4210.978,3511.374,7722.352
2019-12-29,8,4121.326,3567.706,7689.032
2019-12-29,9,3991.042,3774.322,7765.364
2019-12-29,10,4043.81,3694.92,7738.73
2019-12-29,11,3884.804,3669.804,7554.608
2019-12-29,12,3474.88,4024.276,7499.156
2019-12-29,13,3526.588,3734.516,7261.104
2019-12-29,14,3809.232,3854.334,7663.566
2019-12-29,15,4116.978,3630.968,7747.946
2019-12-29,16,4403.54,3680.98,8084.52
2019-12-29,17,4305.252,3838.29,8143.542
2019-12-29,18,4280.486,4289.096,8569.582
2019-12-29,19,4271.346,4727.942,8999.288
2019-12-29,20,4144.25,4817.274,8961.524
2019-12-29,21,4329.408,4849.388,9178.796
2019-12-29,22,4649.622,4899.258,9548.88
2019-12-29,23,4852.948,4806.298,9659.246
2019-12-29,24,5128.766,4861.16,9989.926
2019-12-29,25,5125.068,4806.002,9931.07
2019-12-29,26,5083.796,4492.574,9576.37
2019-12-29,27,4957.342,4461.296,9418.638
2019-12-29,28,4883.85,4425.304,9309.154
2019-12-29,29,4835.376,4672.194,9507.57
2019-12-29,30,4803.348,4590.16,9393.508
2019-12-29,31,4750.374,4621.088,9371.462
2019-12-29,32,4748.57,4548.448,9297.018
2019-12-29,33,4845.542,4476.282,9321.824
2019-12-29,34,4860.724,4566.732,9427.456
2019-12-29,35,4969.946,4736.382,9706.328
2019-12-29,36,5086.928,5066.57,10153.498
2019-12-29,37,5146.85,5300.748,10447.598
2019-12-29,38,5071.026,5158.948,10229.974
2019-12-29,39,5032.102,5153.392,10185.494
2019-12-29,40,4994.432,5002.356,9996.788
2019-12-29,41,5066.262,4780.256,9846.518
2019-12-29,42,4945.348,4769.378,9714.726
2019-12-29,43,4835.98,4519.754,9355.734
2019-12-29,44,4767.708,4444.944,9212.652
2019-12-29,45,4644.334,4654.228,9298.562
2019-12-29,46,4401.404,4735.07,9136.474
2019-12-29,47,4170.068,4720.32,8890.388
2019-12-29,48,4319.348,4815.88,9135.228
2019-12-30,1,4471.208,4760.35,9231.558
2019-12-30,2,4443.942,4743.586,9187.528
2019-12-30,3,4359.65,4603.874,8963.524
2019-12-30,4,4261.952,4569.7,8831.652
2019-12-30,5,4366.45,4668.76,9035.21
2019-12-30,6,4440.566,4593.58,9034.146
2019-12-30,7,4447.778,4490.118,8937.896
2019-12-30,8,4270.26,4296.48,8566.74
2019-12-30,9,3984.538,4120.61,8105.148
2019-12-30,10,3817.452,4050.856,7868.308
2019-12-30,11,3674.72,4140.436,7815.156
2019-12-30,12,3780.22,4228.008,8008.228
2019-12-30,13,3733.984,4160.99,7894.974
2019-12-30,14,3584.684,4300.576,7885.26
2019-12-30,15,3525.95,4544.276,8070.226
2019-12-30,16,3387.404,4850.306,8237.71
2019-12-30,17,3271.764,4926.83,8198.594
2019-12-30,18,3231.016,4657.9,7888.916
2019-12-30,19,3342.724,4421.14,7763.864
2019-12-30,20,3426.61,3975.968,7402.578
2019-12-30,21,3378.032,4102.88,7480.912
2019-12-30,22,3388.524,4452.08,7840.604
2019-12-30,23,3540.808,4930.634,8471.442
2019-12-30,24,3442.116,5307.39,8749.506
2019-12-30,25,3327.792,5396.218,8724.01
2019-12-30,26,3639.29,5614.75,9254.04
2019-12-30,27,3601.772,5616.35,9218.122
2019-12-30,28,3602.376,5642.748,9245.124
2019-12-30,29,3455.672,5916.918,9372.59
2019-12-30,30,3431.432,5848.622,9280.054
2019-12-30,31,3475.934,5677.034,9152.968
2019-12-30,32,3327.966,5555.866,8883.832
2019-12-30,33,3283.716,5236.884,8520.6
2019-12-30,34,3076.494,4866.612,7943.106
2019-12-30,35,3175.51,4505.702,7681.212
2019-12-30,36,3192.318,4281.044,7473.362
2019-12-30,37,3129.08,4064.176,7193.256
2019-12-30,38,2739.478,3876.69,6616.168
2019-12-30,39,2494.762,3627.9,6122.662
2019-12-30,40,2611.592,3434.054,6045.646
2019-12-30,41,2654.192,3287.178,5941.37
2019-12-30,42,2506.75,3096.294,5603.044
2019-12-30,43,2209.896,2643.222,4853.118
2019-12-30,44,2145.362,2436.294,4581.656
2019-12-30,45,2053.326,2153.624,4206.95
2019-12-30,46,1946.87,1785.406,3732.276
2019-12-30,47,1776.956,1711.98,3488.936
2019-12-30,48,1490.666,1760.928,3251.594
2019-12-31,1,1385.698,1854.544,3240.242
2019-12-31,2,1475.262,1724.9,3200.162
2019-12-31,3,1291.886,1276.228,2568.114
2019-12-31,4,1084.654,1079.276,2163.93
2019-12-31,5,912.798,892.78,1805.578
2019-12-31,6,795.16,803.178,1598.338
2019-12-31,7,658.506,808.386,1466.892
2019-12-31,8,543.878,858.836,1402.714
2019-12-31,9,551.866,881.692,1433.558
2019-12-31,10,584.374,893.752,1478.126
2019-12-31,11,564.626,937.124,1501.75
2019-12-31,12,497.328,1068.16,1565.488
2019-12-31,13,359.8,992.994,1352.794
2019-12-31,14,323.744,1043.954,1367.698
2019-12-31,15,425.824,1401.978,1827.802
2019-12-31,16,545.75,1699.664,2245.414
2019-12-31,17,726.952,1764.672,2491.624
2019-12-31,18,847.61,2004.564,2852.174
2019-12-31,19,803.844,2195.978,2999.822
2019-12-31,20,850.088,2206.57,3056.658
2019-12-31,21,895.28,2160.52,3055.8
2019-12-31,22,1058.99,2190.296,3249.286
2019-12-31,23,1169.414,2400.934,3570.348
2019-12-31,24,1086.51,2309.926,3396.436
2019-12-31,25,1304.416,2085.004,3389.42
2019-12-31,26,1541.686,2034.246,3575.932
2019-12-31,27,1622.004,2079.826,3701.83
2019-12-31,28,1680.036,1991.646,3671.682
2019-12-31,29,1755.502,2024.368,3779.87
2019-12-31,30,1760.276,2126.464,3886.74
2019-12-31,31,1663.854,2283.75,3947.604
2019-12-31,32,1566.932,2298.232,3865.164
2019-12-31,33,1522.698,2378.626,3901.324
2019-12-31,34,1694.736,2392.412,4087.148
2019-12-31,35,1867.476,2351.994,4219.47
2019-12-31,36,1965.75,2442.986,4408.736
2019-12-31,37,2115.934,2316.328,4432.262
2019-12-31,38,2126.046,2159.512,4285.558
2019-12-31,39,2198.89,2194.89,4393.78
2019-12-31,40,2342.816,2196.828,4539.644
2019-12-31,41,2307.822,2257.732,4565.554
2019-12-31,42,2405.062,2253.722,4658.784
2019-12-31,43,2622.056,2127.724,4749.78
2019-12-31,44,2796.386,2261.944,5058.33
2019-12-31,45,2839.728,2475.844,5315.572
2019-12-31,46,2644.574,2686.956,5331.53
2019-12-31,47,2613.64,2643.776,5257.416
2019-12-31,48,2458.168,2505.268,4963.436
2020-01-01,1,2451.886,2557.984,5009.87
2020-01-01,2,2582.646,2467.156,5049.802
2020-01-01,3,2549.67,2455.008,5004.678
2020-01-01,4,2525.304,2295.28,4820.584
2020-01-01,5,2437.928,2272.776,4710.704
2020-01-01,6,2413.378,2205.434,4618.812
2020-01-01,7,2501.62,1951.866,4453.486
2020-01-01,8,2600.908,1762.216,4363.124
2020-01-01,9,2801.864,1767.246,4569.11
2020-01-01,10,3058.288,1784.246,4842.534
2020-01-01,11,3313.042,1644.508,4957.55
2020-01-01,12,3262.85,1596.476,4859.326
2020-01-01,13,3296.132,1602.476,4898.608
2020-01-01,14,3266.592,1514.858,4781.45
2020-01-01,15,3163.902,1422.528,4586.43
2020-01-01,16,3238.844,1172.312,4411.156
2020-01-01,17,3273.002,1078.55,4351.552
2020-01-01,18,3279.764,984.236,4264
2020-01-01,19,3171.088,815.608,3986.696
2020-01-01,20,3113.252,866.296,3979.548
2020-01-01,21,3367.956,850.57,4218.526
2020-01-01,22,3618.332,897.904,4516.236
2020-01-01,23,3880.09,871.266,4751.356
2020-01-01,24,4125.428,825.266,4950.694
2020-01-01,25,4092.394,861.536,4953.93
2020-01-01,26,3961.484,1011.752,4973.236
2020-01-01,27,3756.544,1316.5,5073.044
2020-01-01,28,3798.202,1654.744,5452.946
2020-01-01,29,3867.092,1920.974,5788.066
2020-01-01,30,4050.774,2031.184,6081.958
2020-01-01,31,4104.346,2099.606,6203.952
2020-01-01,32,4261.822,2258.774,6520.596
2020-01-01,33,4401.828,2418.616,6820.444
2020-01-01,34,4430.31,2685.31,7115.62
2020-01-01,35,4321.596,2741.356,7062.952
2020-01-01,36,4413.97,2757.212,7171.182
2020-01-01,37,4414.878,2908.75,7323.628
2020-01-01,38,4465.764,3172.956,7638.72
2020-01-01,39,4596.954,3342.404,7939.358
2020-01-01,40,4725.062,3325.684,8050.746
2020-01-01,41,4696.802,3178.196,7874.998
2020-01-01,42,4849.468,3107.928,7957.396
2020-01-01,43,4938.536,3248.602,8187.138
2020-01-01,44,4708.158,3239.756,7947.914
2020-01-01,45,4628.498,3288.99,7917.488
2020-01-01,46,4828.11,3203.218,8031.328
2020-01-01,47,4736.144,3168.378,7904.522
2020-01-01,48,4505.022,3358.242,7863.264
2020-01-02,1,4192.23,3786.664,7978.894
2020-01-02,2,4269.17,3851.32,8120.49
2020-01-02,3,4310.49,3831.688,8142.178
2020-01-02,4,4081.272,4046.346,8127.618
2020-01-02,5,3878.098,4285.946,8164.044
2020-01-02,6,3761.634,4604.64,8366.274
2020-01-02,7,3682.68,4716.17,8398.85
2020-01-02,8,3661.292,4865.806,8527.098
2020-01-02,9,3682.668,4920.614,8603.282
2020-01-02,10,3575.79,5105.606,8681.396
2020-01-02,11,3351.19,5473.258,8824.448
2020-01-02,12,3423.162,5677.448,9100.61
2020-01-02,13,3344.104,5790.53,9134.634
2020-01-02,14,3488.502,5983.08,9471.582
2020-01-02,15,3655.886,6235.596,9891.482
2020-01-02,16,3729.596,6247.506,9977.102
2020-01-02,17,3921.892,6540.9,10462.792
2020-01-02,18,4058.284,6636.794,10695.078
2020-01-02,19,4105.352,6820.134,10925.486
2020-01-02,20,4215.972,7162.472,11378.444
2020-01-02,21,4381.58,7274.79,11656.37
2020-01-02,22,4542.088,7362.182,11904.27
2020-01-02,23,4645.742,7492.4,12138.142
2020-01-02,24,4743.806,7632.26,12376.066
2020-01-02,25,4818.424,7771.346,12589.77
2020-01-02,26,4845.412,7787.114,12632.526
2020-01-02,27,4904.294,7861.29,12765.584
2020-01-02,28,4993.49,7918.206,12911.696
2020-01-02,29,5026.772,7912.572,12939.344
2020-01-02,30,4949.922,8018.098,12968.02
2020-01-02,31,4921.458,7939.544,12861.002
2020-01-02,32,4938.032,7995.166,12933.198
2020-01-02,33,4938.038,8084.334,13022.372
2020-01-02,34,4993.056,8096.504,13089.56
2020-01-02,35,5075.06,8075.738,13150.798
2020-01-02,36,5311.848,8125.534,13437.382
2020-01-02,37,5484.274,8150.356,13634.63
2020-01-02,38,5548.242,8154.536,13702.778
2020-01-02,39,5409.648,8109.78,13519.428
2020-01-02,40,5319.092,8118.026,13437.118
2020-01-02,41,5231.488,8072.44,13303.928
2020-01-02,42,5200.416,7940.442,13140.858
2020-01-02,43,4976.11,7975.442,12951.552
2020-01-02,44,4551.206,8082.766,12633.972
2020-01-02,45,4215.452,8112.008,12327.46
2020-01-02,46,3994.122,8052.708,12046.83
2020-01-02,47,3883.746,7932.196,11815.942
2020-01-02,48,3877.174,7766.058,11643.232
2020-01-03,1,3652.792,7923.472,11576.264
2020-01-03,2,3681.844,7901.186,11583.03
2020-01-03,3,3984.432,7851.25,11835.682
2020-01-03,4,4066.004,7850.738,11916.742
2020-01-03,5,3790.452,7839.58,11630.032
2020-01-03,6,3539.568,7787.818,11327.386
2020-01-03,7,3491.546,7678.178,11169.724
2020-01-03,8,3438.044,7506.722,10944.766
2020-01-03,9,3328.284,7405.954,10734.238
2020-01-03,10,3437.308,6969.918,10407.226
2020-01-03,11,3367.904,6587.912,9955.816
2020-01-03,12,3645.136,6330.316,9975.452
2020-01-03,13,3705.74,6227.336,9933.076
2020-01-03,14,3559.344,6175.612,9734.956
2020-01-03,15,3435.408,6109.088,9544.496
2020-01-03,16,3296.724,6743.506,10040.23
2020-01-03,17,3370.754,7185.136,10555.89
2020-01-03,18,3739.708,7013.656,10753.364
2020-01-03,19,3834.732,6766.072,10600.804
2020-01-03,20,3958.586,6875.178,10833.764
2020-01-03,21,4017.078,6770.06,10787.138
2020-01-03,22,4041.502,6759.694,10801.196
2020-01-03,23,4211.006,6540.03,10751.036
2020-01-03,24,4240.722,6813.274,11053.996
2020-01-03,25,4214.132,7156.7,11370.832
2020-01-03,26,4250.334,7117.116,11367.45
2020-01-03,27,4414.224,6779.614,11193.838
2020-01-03,28,4602.586,6437.154,11039.74
2020-01-03,29,4838.05,6418.186,11256.236
2020-01-03,30,4921.16,6272.426,11193.586
2020-01-03,31,4905.778,6370.938,11276.716
2020-01-03,32,4985.982,6221.672,11207.654
2020-01-03,33,5096.728,6460.966,11557.694
2020-01-03,34,5019.044,6297.934,11316.978
2020-01-03,35,4847.63,6427.126,11274.756
2020-01-03,36,4803.028,6455.252,11258.28
2020-01-03,37,4874.72,6554.822,11429.542
2020-01-03,38,5100.036,6885.526,11985.562
2020-01-03,39,5225.23,6914.976,12140.206
2020-01-03,40,5236.638,7092,12328.638
2020-01-03,41,5185.036,7158.362,12343.398
2020-01-03,42,5265.15,7192.108,12457.258
2020-01-03,43,5132.792,7239.424,12372.216
2020-01-03,44,4917.678,7321.924,12239.602
2020-01-03,45,4602.878,7339.544,11942.422
2020-01-03,46,4357.742,7551.47,11909.212
2020-01-03,47,4213.11,7654.274,11867.384
2020-01-03,48,4043.578,7719.744,11763.322
2020-01-04,1,3874.292,7716.302,11590.594
2020-01-04,2,3994.232,7419.418,11413.65
2020-01-04,3,3936.646,7550.524,11487.17
2020-01-04,4,3798.164,7756.406,11554.57
2020-01-04,5,3606.804,7586.182,11192.986
2020-01-04,6,3407.696,7529.076,10936.772
2020-01-04,7,3458.44,7460.66,10919.1
2020-01-04,8,3288.518,7501.372,10789.89
2020-01-04,9,3332.782,7548.982,10881.764
2020-01-04,10,3392.474,7688.116,11080.59
2020-01-04,11,3273.354,7769.972,11043.326
2020-01-04,12,3232.758,7694.656,10927.414
2020-01-04,13,3240.062,7647.504,10887.566
2020-01-04,14,3111.228,7643.86,10755.088
2020-01-04,15,2791.448,7560.646,10352.094
2020-01-04,16,2646.404,7650.794,10297.198
2020-01-04,17,2473.77,7740.442,10214.212
2020-01-04,18,2345.23,7777.346,10122.576
2020-01-04,19,2030.142,7799.788,9829.93
2020-01-04,20,1854.522,7794.938,9649.46
2020-01-04,21,1742.342,7655.194,9397.536
2020-01-04,22,1787.124,7655.498,9442.622
2020-01-04,23,1831.584,7627.452,9459.036
2020-01-04,24,1917.282,7459.028,9376.31
2020-01-04,25,1968.2,7257.41,9225.61
2020-01-04,26,2112.586,6928.964,9041.55
2020-01-04,27,2228.646,6657.502,8886.148
2020-01-04,28,2467.12,6399.794,8866.914
2020-01-04,29,2591.204,5738.084,8329.288
2020-01-04,30,2698.45,5258.964,7957.414
2020-01-04,31,2692.488,4549.794,7242.282
2020-01-04,32,2793.45,3934.262,6727.712
2020-01-04,33,2899.208,3506.348,6405.556
2020-01-04,34,2942.474,3373.068,6315.542
2020-01-04,35,3000.09,3327.694,6327.784
2020-01-04,36,2992.488,3279.758,6272.246
2020-01-04,37,3067.778,3230.172,6297.95
2020-01-04,38,2983.57,3078.086,6061.656
2020-01-04,39,2950.048,3156.238,6106.286
2020-01-04,40,3139.344,3261.138,6400.482
2020-01-04,41,3242.364,3145.402,6387.766
2020-01-04,42,3398.302,3173.89,6572.192
2020-01-04,43,3755.626,3032.048,6787.674
2020-01-04,44,3961.922,3295.546,7257.468
2020-01-04,45,4166.128,3385.458,7551.586
2020-01-04,46,4310.458,3183.012,7493.47
2020-01-04,47,4514.488,3242.004,7756.492
2020-01-04,48,4477.19,3677.406,8154.596
2020-01-05,1,4448.148,3661.91,8110.058
2020-01-05,2,4409.976,3486.044,7896.02
2020-01-05,3,4187.888,3484.698,7672.586
2020-01-05,4,4154.408,3410.162,7564.57
2020-01-05,5,4089.01,3404.984,7493.994
2020-01-05,6,3912.416,3475.494,7387.91
2020-01-05,7,3903.824,3844.504,7748.328
2020-01-05,8,3828.732,4137.052,7965.784
2020-01-05,9,3724.254,4232.936,7957.19
2020-01-05,10,3498.308,4382.226,7880.534
2020-01-05,11,3482.734,4298.016,7780.75
2020-01-05,12,3424.298,4315.154,7739.452
2020-01-05,13,3418.202,4428.358,7846.56
2020-01-05,14,3696.554,4747.25,8443.804
2020-01-05,15,3653.178,5121.804,8774.982
2020-01-05,16,3666.24,5457.358,9123.598
2020-01-05,17,3741.152,5598.796,9339.948
2020-01-05,18,3986.91,5730.52,9717.43
2020-01-05,19,4206.056,5816.052,10022.108
2020-01-05,20,4316.432,5717.302,10033.734
2020-01-05,21,4451.552,5773.668,10225.22
2020-01-05,22,4500.922,5817.958,10318.88
2020-01-05,23,4519.628,5980.954,10500.582
2020-01-05,24,4640.806,6263.84,10904.646
2020-01-05,25,4666.442,6212.806,10879.248
2020-01-05,26,4614.232,6179.186,10793.418
2020-01-05,27,4405.612,6091.454,10497.066
2020-01-05,28,4172.672,6042.302,10214.974
2020-01-05,29,4091.894,5994.054,10085.948
2020-01-05,30,4103.442,6051.86,10155.302
2020-01-05,31,4099.886,6025.29,10125.176
2020-01-05,32,3991.558,5992.932,9984.49
2020-01-05,33,4029.958,6078.438,10108.396
2020-01-05,34,3810.44,5990.156,9800.596
2020-01-05,35,3708.682,5923.492,9632.174
2020-01-05,36,3834.826,5914.034,9748.86
2020-01-05,37,3928.08,5995.926,9924.006
2020-01-05,38,4133.984,6130.978,10264.962
2020-01-05,39,4403.204,6346.722,10749.926
2020-01-05,40,4516.122,6518.864,11034.986
2020-01-05,41,4494.382,6474.714,10969.096
2020-01-05,42,4590.736,6437.102,11027.838
2020-01-05,43,4599.482,6550.752,11150.234
2020-01-05,44,4411.092,6529.468,10940.56
2020-01-05,45,4293.796,6504.934,10798.73
2020-01-05,46,4357.742,6279.296,10637.038
2020-01-05,47,4182.11,5941.448,10123.558
2020-01-05,48,3951.452,5982.154,9933.606
2020-01-06,1,3857.898,5700.056,9557.954
2020-01-06,2,3867.406,5823.816,9691.222
2020-01-06,3,3673.114,5868.566,9541.68
2020-01-06,4,3647.93,6047.256,9695.186
2020-01-06,5,3553.996,6364.76,9918.756
2020-01-06,6,3467.562,6634.118,10101.68
2020-01-06,7,3397.298,6767.296,10164.594
2020-01-06,8,3367.156,6892.06,10259.216
2020-01-06,9,3343.172,7193.554,10536.726
2020-01-06,10,3280.766,7280.424,10561.19
2020-01-06,11,3323.884,7526.88,10850.764
2020-01-06,12,3451.772,7515.272,10967.044
2020-01-06,13,3582.398,7556.354,11138.752
2020-01-06,14,3618.66,7621.182,11239.842
2020-01-06,15,3954.354,7736.258,11690.612
2020-01-06,16,4432.932,7817.418,12250.35
2020-01-06,17,4784.476,7861.482,12645.958
2020-01-06,18,4815.26,7882.858,12698.118
2020-01-06,19,4801.396,7870.654,12672.05
2020-01-06,20,4815.928,7959.09,12775.018
2020-01-06,21,4808.654,8017.312,12825.966
2020-01-06,22,4799.358,8032.562,12831.92
2020-01-06,23,4926.044,8087.98,13014.024
2020-01-06,24,5141.978,8071.508,13213.486
2020-01-06,25,5209.328,7958.524,13167.852
2020-01-06,26,5287.13,7960.622,13247.752
2020-01-06,27,5281.612,8013.504,13295.116
2020-01-06,28,5206.788,8054.888,13261.676
2020-01-06,29,4932.156,8003.48,12935.636
2020-01-06,30,4691.438,7972.29,12663.728
2020-01-06,31,4493.376,7808.316,12301.692
2020-01-06,32,4636.294,7703.888,12340.182
2020-01-06,33,4658.852,7735.088,12393.94
2020-01-06,34,4258.12,7819.328,12077.448
2020-01-06,35,4450.778,7868.236,12319.014
2020-01-06,36,4621.408,7822.776,12444.184
2020-01-06,37,4546.322,7837.902,12384.224
2020-01-06,38,4474.8,7949.56,12424.36
2020-01-06,39,4363.862,7978.526,12342.388
2020-01-06,40,4271.554,7890.722,12162.276
2020-01-06,41,4104.998,7696.098,11801.096
2020-01-06,42,3816.336,7347.092,11163.428
2020-01-06,43,3596.162,6977.492,10573.654
2020-01-06,44,3497.612,6700.36,10197.972
2020-01-06,45,3577.548,6649.456,10227.004
2020-01-06,46,3455.654,6512.084,9967.738
2020-01-06,47,3497.242,6211.454,9708.696
2020-01-06,48,3617.278,5805.1,9422.378
2020-01-07,1,3722.27,5230.32,8952.59
2020-01-07,2,3892.07,5123.218,9015.288
2020-01-07,3,3949.346,5181.246,9130.592
2020-01-07,4,4155.198,5227.178,9382.376
2020-01-07,5,4261.308,5207.586,9468.894
2020-01-07,6,4217.236,5011.014,9228.25
2020-01-07,7,4118.118,5356.954,9475.072
2020-01-07,8,3917.728,5100.798,9018.526
2020-01-07,9,3784.22,4940.274,8724.494
2020-01-07,10,3733.858,5128.57,8862.428
2020-01-07,11,3647.954,5154.694,8802.648
2020-01-07,12,3720.732,5312.992,9033.724
2020-01-07,13,3642.858,5610.476,9253.334
2020-01-07,14,3704.386,5885.25,9589.636
2020-01-07,15,4137.106,5899.586,10036.692
2020-01-07,16,4821.024,5963.358,10784.382
2020-01-07,17,4991.338,6067.988,11059.326
2020-01-07,18,5151.272,6438.85,11590.122
2020-01-07,19,5207.65,6643.694,11851.344
2020-01-07,20,5256.868,6829.568,12086.436
2020-01-07,21,5191.188,6972.386,12163.574
2020-01-07,22,5147.96,7367.844,12515.804
2020-01-07,23,5329.45,7603.072,12932.522
2020-01-07,24,5349.518,7747.946,13097.464
2020-01-07,25,5365.652,7947.62,13313.272
2020-01-07,26,5307.814,8049.628,13357.442
2020-01-07,27,5385.226,8120.124,13505.35
2020-01-07,28,5406.018,8068.068,13474.086
2020-01-07,29,5405.402,8089.538,13494.94
2020-01-07,30,5398.064,8214.424,13612.488
2020-01-07,31,5362.516,8258.822,13621.338
2020-01-07,32,5316.274,8277.976,13594.25
2020-01-07,33,5244.166,8268.126,13512.292
2020-01-07,34,5250.47,8234.062,13484.532
2020-01-07,35,5424.67,8210.438,13635.108
2020-01-07,36,5568.312,8140.022,13708.334
2020-01-07,37,5477.43,8094.846,13572.276
2020-01-07,38,5170.108,8027.02,13197.128
2020-01-07,39,5189.456,8089.946,13279.402
2020-01-07,40,5280.57,8222.44,13503.01
2020-01-07,41,5257.678,8177.502,13435.18
2020-01-07,42,5155.488,8136.352,13291.84
2020-01-07,43,5043.786,8143.472,13187.258
2020-01-07,44,4741.864,8048.952,12790.816
2020-01-07,45,4426.3,8092.05,12518.35
2020-01-07,46,4351.964,8090.902,12442.866
2020-01-07,47,4146.834,8051.42,12198.254
2020-01-07,48,3795.22,7974.892,11770.112
2020-01-08,1,3603.43,7920.608,11524.038
2020-01-08,2,3396.916,7808.936,11205.852
2020-01-08,3,3468.508,7885.802,11354.31
2020-01-08,4,3442.958,7909.58,11352.538
2020-01-08,5,3447.21,7888.076,11335.286
2020-01-08,6,3475.416,7642.736,11118.152
2020-01-08,7,3677.892,7552.896,11230.788
2020-01-08,8,3663.088,7522.492,11185.58
2020-01-08,9,3705.026,7449.756,11154.782
2020-01-08,10,3929.076,7004.55,10933.626
2020-01-08,11,3876.162,7176.43,11052.592
2020-01-08,12,3914.65,6951.708,10866.358
2020-01-08,13,3975.278,6831.554,10806.832
2020-01-08,14,4269.484,6717.99,10987.474
2020-01-08,15,4397.652,6697.14,11094.792
2020-01-08,16,4477.124,6593.842,11070.966
2020-01-08,17,4331.036,5967.01,10298.046
2020-01-08,18,4334.978,5370.452,9705.43
2020-01-08,19,4218.708,5059.166,9277.874
2020-01-08,20,4444.552,4573.216,9017.768
2020-01-08,21,4401.908,4279.046,8680.954
2020-01-08,22,4475.368,4484.922,8960.29
2020-01-08,23,4541.648,4295.19,8836.838
2020-01-08,24,4730.422,4041.142,8771.564
2020-01-08,25,4678.374,3592.686,8271.06
2020-01-08,26,4664.944,3469.638,8134.582
2020-01-08,27,4784.454,3352.832,8137.286
2020-01-08,28,4562.872,3315.972,7878.844
2020-01-08,29,4390.302,3036.704,7427.006
2020-01-08,30,4141.286,2782.98,6924.266
2020-01-08,31,3859.87,2508.736,6368.606
2020-01-08,32,3832.192,2207.738,6039.93
2020-01-08,33,3692.128,1921.314,5613.442
2020-01-08,34,3539.048,1654.378,5193.426
2020-01-08,35,3408.224,1451.018,4859.242
2020-01-08,36,3331.708,1121.076,4452.784
2020-01-08,37,3181.948,955.926,4137.874
2020-01-08,38,2836.276,794.05,3630.326
2020-01-08,39,2402.586,774.146,3176.732
2020-01-08,40,2047.888,864.856,2912.744
2020-01-08,41,1759.412,936.892,2696.304
2020-01-08,42,1452.59,1018.17,2470.76
2020-01-08,43,1253.23,1224.504,2477.734
2020-01-08,44,1044.142,1424.288,2468.43
2020-01-08,45,965.828,1624.036,2589.864
2020-01-08,46,929.552,1821.132,2750.684
2020-01-08,47,990.268,2304.928,3295.196
2020-01-08,48,958.89,2929.01,3887.9
2020-01-09,1,936.158,3683.54,4619.698
2020-01-09,2,883.74,4981.158,5864.898
2020-01-09,3,836.338,5999.668,6836.006
2020-01-09,4,786.802,6207.904,6994.706
2020-01-09,5,705.19,6897.436,7602.626
2020-01-09,6,584.896,7410.142,7995.038
2020-01-09,7,521.792,7608.306,8130.098
2020-01-09,8,526.034,7529.084,8055.118
2020-01-09,9,595.67,7418.16,8013.83
2020-01-09,10,667.002,7183.068,7850.07
2020-01-09,11,775.412,6783.528,7558.94
2020-01-09,12,959.924,6501.658,7461.582
2020-01-09,13,1070.386,6921.528,7991.914
2020-01-09,14,1215.412,7315.194,8530.606
2020-01-09,15,1264.466,7791.244,9055.71
2020-01-09,16,1215.556,7572.05,8787.606
2020-01-09,17,1194.528,7343.204,8537.732
2020-01-09,18,1180.502,7338.5,8519.002
2020-01-09,19,1132.03,7614.284,8746.314
2020-01-09,20,1079.196,7781.936,8861.132
2020-01-09,21,1035.332,7768.432,8803.764
2020-01-09,22,1037.012,7441.93,8478.942
2020-01-09,23,1015.722,7065.554,8081.276
2020-01-09,24,863.862,6830.926,7694.788
2020-01-09,25,707.954,6510.938,7218.892
2020-01-09,26,714.842,6225.224,6940.066
2020-01-09,27,639.856,6065.292,6705.148
2020-01-09,28,471.388,5853.672,6325.06
2020-01-09,29,368.412,5409.694,5778.106
2020-01-09,30,298.77,5130.158,5428.928
2020-01-09,31,255.214,4672.598,4927.812
2020-01-09,32,251.016,4256.598,4507.614
2020-01-09,33,270.218,4187.25,4457.468
2020-01-09,34,230.42,4061.048,4291.468
2020-01-09,35,181.566,3927.138,4108.704
2020-01-09,36,157.892,3542.428,3700.32
2020-01-09,37,157.838,3023.222,3181.06
2020-01-09,38,160.88,3022.06,3182.94
2020-01-09,39,155.474,3107.022,3262.496
2020-01-09,40,178.942,3056.484,3235.426
2020-01-09,41,208.54,3416.226,3624.766
2020-01-09,42,222.558,3733.404,3955.962
2020-01-09,43,247.118,3828.816,4075.934
2020-01-09,44,272.668,3630.638,3903.306
2020-01-09,45,320.734,3672.256,3992.99
2020-01-09,46,379.804,3672.13,4051.934
2020-01-09,47,512.934,3645.644,4158.578
2020-01-09,48,561.992,3725.656,4287.648
2020-01-10,1,482.824,3852.52,4335.344
2020-01-10,2,426.772,3920.826,4347.598
2020-01-10,3,401.336,4060.126,4461.462
2020-01-10,4,482.662,4047.156,4529.818
2020-01-10,5,596.576,4465.238,5061.814
2020-01-10,6,735.526,4728.706,5464.232
2020-01-10,7,884.898,4737.692,5622.59
2020-01-10,8,1090.084,4726.004,5816.088
2020-01-10,9,1039.086,4785.886,5824.972
2020-01-10,10,1105.234,4884.308,5989.542
2020-01-10,11,1176.698,4977.162,6153.86
2020-01-10,12,1245.532,4809.4,6054.932
2020-01-10,13,1324.058,4648.412,5972.47
2020-01-10,14,1378.626,4512.154,5890.78
2020-01-10,15,1304.342,4193.484,5497.826
2020-01-10,16,1087.582,3969.972,5057.554
2020-01-10,17,997.76,3715.436,4713.196
2020-01-10,18,817.036,3410.56,4227.596
2020-01-10,19,822.03,3002.168,3824.198
2020-01-10,20,979.432,3058.784,4038.216
2020-01-10,21,1227.922,2983.812,4211.734
2020-01-10,22,1476.22,2799.696,4275.916
2020-01-10,23,1798.34,2486.026,4284.366
2020-01-10,24,2093.502,2509.73,4603.232
2020-01-10,25,2554.006,2703.234,5257.24
2020-01-10,26,3140.364,2719.008,5859.372
2020-01-10,27,3595.778,2729.838,6325.616
2020-01-10,28,3885.512,2471.466,6356.978
2020-01-10,29,4123.784,2421.396,6545.18
2020-01-10,30,4469.344,2381.18,6850.524
2020-01-10,31,4523.098,2565.118,7088.216
2020-01-10,32,4598.152,2865.416,7463.568
2020-01-10,33,4663.506,2992.01,7655.516
2020-01-10,34,4780.212,3234.742,8014.954
2020-01-10,35,4791.69,3400.862,8192.552
2020-01-10,36,4737.588,3551.878,8289.466
2020-01-10,37,4537.574,4017.612,8555.186
2020-01-10,38,4509.116,4821.972,9331.088
2020-01-10,39,4410.248,5621.788,10032.036
2020-01-10,40,4247.312,6097.836,10345.148
2020-01-10,41,4163.226,6333.29,10496.516
2020-01-10,42,3974.082,6417.888,10391.97
2020-01-10,43,3800.732,6583.75,10384.482
2020-01-10,44,3529.312,6671.524,10200.836
2020-01-10,45,3437.908,6771.284,10209.192
2020-01-10,46,3264.932,6919.688,10184.62
2020-01-10,47,3080.07,6920.514,10000.584
2020-01-10,48,2854.93,7163.61,10018.54
2020-01-11,1,2723.218,7392.426,10115.644
2020-01-11,2,2628.092,7524.364,10152.456
2020-01-11,3,2650.162,7824.186,10474.348
2020-01-11,4,2652.82,7781.636,10434.456
2020-01-11,5,2541.816,7988.92,10530.736
2020-01-11,6,2452.71,8002.022,10454.732
2020-01-11,7,2493.34,8035.848,10529.188
2020-01-11,8,2480.352,8022.288,10502.64
2020-01-11,9,2491.64,8043.98,10535.62
2020-01-11,10,2471.91,8042.562,10514.472
2020-01-11,11,2250.018,8041.242,10291.26
2020-01-11,12,2214.184,8034.036,10248.22
2020-01-11,13,2318.264,8048.918,10367.182
2020-01-11,14,2625.408,8131.238,10756.646
2020-01-11,15,2859.28,8141.15,11000.43
2020-01-11,16,3002.554,8123.214,11125.768
2020-01-11,17,3195.9,8131.494,11327.394
2020-01-11,18,3420.12,8172.57,11592.69
2020-01-11,19,3534.968,8148.638,11683.606
2020-01-11,20,4000.788,8165.724,12166.512
2020-01-11,21,3993.404,8128.296,12121.7
2020-01-11,22,4322.448,8088.506,12410.954
2020-01-11,23,4228.42,8037.068,12265.488
2020-01-11,24,4269.332,8044.594,12313.926
2020-01-11,25,4302.692,7986.824,12289.516
2020-01-11,26,4333.446,7960.61,12294.056
2020-01-11,27,4332.424,7936.276,12268.7
2020-01-11,28,4288.5,7945.648,12234.148
2020-01-11,29,4348.636,8069.942,12418.578
2020-01-11,30,4370.074,8187.504,12557.578
2020-01-11,31,4427.91,8194.754,12622.664
2020-01-11,32,4235.868,8154.222,12390.09
2020-01-11,33,4041.296,8156.488,12197.784
2020-01-11,34,4150.666,8190.1,12340.766
2020-01-11,35,4443.514,8273.142,12716.656
2020-01-11,36,4714.4,8227.162,12941.562
2020-01-11,37,4664.058,8150.428,12814.486
2020-01-11,38,4583.91,8226.98,12810.89
2020-01-11,39,4421.14,8113.942,12535.082
2020-01-11,40,4338.292,8106.268,12444.56
2020-01-11,41,4017.132,8126.666,12143.798
2020-01-11,42,3829.796,8181.378,12011.174
2020-01-11,43,3760.376,7997.458,11757.834
2020-01-11,44,3583.378,7893.124,11476.502
2020-01-11,45,3164.656,7769.024,10933.68
2020-01-11,46,2937.488,7306.164,10243.652
2020-01-11,47,2776.58,6775.772,9552.352
2020-01-11,48,2576.918,6316.258,8893.176
2020-01-12,1,2367.604,6056.924,8424.528
2020-01-12,2,2265.982,5800.536,8066.518
2020-01-12,3,2218.844,5632.482,7851.326
2020-01-12,4,2109.216,5367.796,7477.012
2020-01-12,5,2177.862,5253.33,7431.192
2020-01-12,6,2183.55,5277.706,7461.256
2020-01-12,7,2144.068,5042.69,7186.758
2020-01-12,8,2215.948,4701.726,6917.674
2020-01-12,9,2253.986,4538.022,6792.008
2020-01-12,10,2397.978,4430.8,6828.778
2020-01-12,11,2504.684,4543.752,7048.436
2020-01-12,12,2602.204,4623.554,7225.758
2020-01-12,13,2749.104,4271.358,7020.462
2020-01-12,14,2921.984,4247.262,7169.246
2020-01-12,15,3247.1,4789.61,8036.71
2020-01-12,16,3412.228,5109.824,8522.052
2020-01-12,17,3468.648,5497.094,8965.742
2020-01-12,18,3294.264,5733.566,9027.83
2020-01-12,19,3150.122,5774.68,8924.802
2020-01-12,20,3409.476,6153.588,9563.064
2020-01-12,21,3424.532,6533.044,9957.576
2020-01-12,22,3208.684,6720.782,9929.466
2020-01-12,23,3350.936,7049.872,10400.808
2020-01-12,24,3396.434,7275.97,10672.404
2020-01-12,25,3627.008,7442.018,11069.026
2020-01-12,26,3681.79,7000.928,10682.718
2020-01-12,27,3789.262,6782.476,10571.738
2020-01-12,28,3926.524,6739.56,10666.084
2020-01-12,29,4093.788,6352.846,10446.634
2020-01-12,30,3994.284,5802.738,9797.022
2020-01-12,31,3957.068,5671.922,9628.99
2020-01-12,32,4096.064,5525.092,9621.156
2020-01-12,33,4051.988,5349.612,9401.6
2020-01-12,34,3983.34,5225.312,9208.652
2020-01-12,35,4161.942,5117.646,9279.588
2020-01-12,36,4219.96,5085.062,9305.022
2020-01-12,37,4226.062,4775.562,9001.624
2020-01-12,38,4245.578,4247.974,8493.552
2020-01-12,39,4225.82,4096.47,8322.29
2020-01-12,40,3956.96,4240.266,8197.226
2020-01-12,41,3867.876,4659.808,8527.684
2020-01-12,42,3983.372,4467.014,8450.386
2020-01-12,43,4019.676,4298.516,8318.192
2020-01-12,44,3907.62,4308.658,8216.278
2020-01-12,45,3694.498,4471.378,8165.876
2020-01-12,46,3578.238,4731.324,8309.562
2020-01-12,47,3559.57,4717.606,8277.176
2020-01-12,48,3551.846,4931.018,8482.864
2020-01-13,1,3660.46,5149.09,8809.55
2020-01-13,2,3489.9,5447.036,8936.936
2020-01-13,3,3317.266,5673.822,8991.088
2020-01-13,4,3137.462,5828.258,8965.72
2020-01-13,5,3123.654,5918.67,9042.324
2020-01-13,6,3060.226,5893.83,8954.056
2020-01-13,7,3115.61,5775.33,8890.94
2020-01-13,8,3306.346,5805.804,9112.15
2020-01-13,9,3368.786,6108.888,9477.674
2020-01-13,10,3136.858,6208.522,9345.38
2020-01-13,11,3178.086,6011.312,9189.398
2020-01-13,12,3394.452,6141.484,9535.936
2020-01-13,13,3398.058,6271.71,9669.768
2020-01-13,14,3534.682,6505.28,10039.962
2020-01-13,15,3635.306,6718.728,10354.034
2020-01-13,16,3756.854,6968.474,10725.328
2020-01-13,17,3788.178,7034.78,10822.958
2020-01-13,18,3869.702,6847.502,10717.204
2020-01-13,19,3829.694,7230.018,11059.712
2020-01-13,20,3849.53,7639.03,11488.56
2020-01-13,21,3966.112,7880.266,11846.378
2020-01-13,22,4063.35,7975.878,12039.228
2020-01-13,23,4164.538,8077.53,12242.068
2020-01-13,24,4284.248,8253.45,12537.698
2020-01-13,25,4340.988,8330.636,12671.624
2020-01-13,26,4497.756,8396.826,12894.582
2020-01-13,27,4422.322,8371.702,12794.024
2020-01-13,28,4399.784,8370.998,12770.782
2020-01-13,29,4367.26,8362.558,12729.818
2020-01-13,30,4263.148,8283.09,12546.238
2020-01-13,31,4198.316,8283.942,12482.258
2020-01-13,32,4191.526,8278.488,12470.014
2020-01-13,33,4210.686,8186.652,12397.338
2020-01-13,34,4380.774,8221.752,12602.526
2020-01-13,35,4848.742,8289.528,13138.27
2020-01-13,36,4880.788,8296.902,13177.69
2020-01-13,37,4769.262,8311.434,13080.696
2020-01-13,38,4647.624,8311.102,12958.726
2020-01-13,39,4434.552,8287.076,12721.628
2020-01-13,40,4297.246,8263.6,12560.846
2020-01-13,41,4076.264,8221.638,12297.902
2020-01-13,42,3886.73,8173.264,12059.994
2020-01-13,43,3574.6,8143.168,11717.768
2020-01-13,44,3347.682,8037.312,11384.994
2020-01-13,45,3280.814,8130.644,11411.458
2020-01-13,46,3323.58,8152.368,11475.948
2020-01-13,47,3217.022,8034.596,11251.618
2020-01-13,48,3151.778,7794.926,10946.704
2020-01-14,1,3242.73,7809.06,11051.79
2020-01-14,2,2946.856,8034.076,10980.932
2020-01-14,3,2865.522,7890.49,10756.012
2020-01-14,4,2851.98,7900.912,10752.892
2020-01-14,5,2871.356,7780.144,10651.5
2020-01-14,6,2861.664,7754.73,10616.394
2020-01-14,7,2835.522,7804.288,10639.81
2020-01-14,8,2828.51,7730.6,10559.11
2020-01-14,9,2812.684,7702.89,10515.574
2020-01-14,10,2815.228,7630.252,10445.48
2020-01-14,11,2825.668,7504.756,10330.424
2020-01-14,12,2919.148,7599.586,10518.734
2020-01-14,13,3084.864,7713.64,10798.504
2020-01-14,14,3714.262,7684.778,11399.04
2020-01-14,15,3990.64,7799.236,11789.876
2020-01-14,16,4092.002,7960.002,12052.004
2020-01-14,17,4037.302,7870.85,11908.152
2020-01-14,18,4082.356,7736.434,11818.79
2020-01-14,19,4103.508,7749.67,11853.178
2020-01-14,20,4466.548,7769.988,12236.536
2020-01-14,21,4318.824,7682.164,12000.988
2020-01-14,22,4493.852,8012.274,12506.126
2020-01-14,23,4565.258,7918.842,12484.1
2020-01-14,24,4501.176,7174.638,11675.814
2020-01-14,25,4288.246,6936.57,11224.816
2020-01-14,26,3934.112,7149.336,11083.448
2020-01-14,27,3642.012,6791.016,10433.028
2020-01-14,28,3608.004,6127.796,9735.8
2020-01-14,29,3390.372,6012.296,9402.668
2020-01-14,30,3241.252,5965.048,9206.3
2020-01-14,31,3158.74,6037.884,9196.624
2020-01-14,32,3080.034,6069.618,9149.652
2020-01-14,33,3084.864,5928.724,9013.588
2020-01-14,34,3232.096,5912.892,9144.988
2020-01-14,35,3364.38,6367.338,9731.718
2020-01-14,36,3505.218,6822.63,10327.848
2020-01-14,37,3760.438,7037.914,10798.352
2020-01-14,38,4111.87,7074.408,11186.278
2020-01-14,39,4478.132,7136.632,11614.764
2020-01-14,40,4517.052,7134.804,11651.856
2020-01-14,41,4401.606,7239.346,11640.952
2020-01-14,42,4168.372,7183.412,11351.784
2020-01-14,43,3973.66,7061.992,11035.652
2020-01-14,44,3667.642,7014.644,10682.286
2020-01-14,45,3767.864,7011.24,10779.104
2020-01-14,46,3926.62,7214.616,11141.236
2020-01-14,47,3852.992,7271.788,11124.78
2020-01-14,48,3368.11,7087.816,10455.926
2020-01-15,1,3403.32,7024.136,10427.456
2020-01-15,2,3394.838,6883.306,10278.144
2020-01-15,3,3354.504,6416.082,9770.586
2020-01-15,4,3333.104,6192.698,9525.802
2020-01-15,5,3219.644,6175.144,9394.788
2020-01-15,6,3214.32,6423.306,9637.626
2020-01-15,7,3190.392,6507.376,9697.768
2020-01-15,8,3008.528,6733.07,9741.598
2020-01-15,9,3076.332,6847.698,9924.03
2020-01-15,10,3114.17,6721.188,9835.358
2020-01-15,11,3087.464,6783.65,9871.114
2020-01-15,12,3064.624,7016.358,10080.982
2020-01-15,13,3121.28,7149.534,10270.814
2020-01-15,14,3399.664,7381.382,10781.046
2020-01-15,15,3549.388,7467.716,11017.104
2020-01-15,16,3643.086,7336.47,10979.556
2020-01-15,17,3734.684,7306.894,11041.578
2020-01-15,18,3735.064,6928.976,10664.04
2020-01-15,19,3989.344,6618.006,10607.35
2020-01-15,20,4056.624,6361.428,10418.052
2020-01-15,21,4097.414,6508.898,10606.312
2020-01-15,22,4198.682,6475.474,10674.156
2020-01-15,23,4350.066,6349.76,10699.826
2020-01-15,24,4255.454,6418.01,10673.464
2020-01-15,25,4221.436,6362.674,10584.11
2020-01-15,26,4373.974,6120,10493.974
2020-01-15,27,4390.046,6347.468,10737.514
2020-01-15,28,4374.216,6726.95,11101.166
2020-01-15,29,4289.276,7121.892,11411.168
2020-01-15,30,4312.65,7580.238,11892.888
2020-01-15,31,4304.792,7706.904,12011.696
2020-01-15,32,4272.024,7736.608,12008.632
2020-01-15,33,4329.556,7532.616,11862.172
2020-01-15,34,4590.896,7645.6,12236.496
2020-01-15,35,4940.638,7731.7,12672.338
2020-01-15,36,5172.226,7888.136,13060.362
2020-01-15,37,5196.976,7803.62,13000.596
2020-01-15,38,5207.798,7954.724,13162.522
2020-01-15,39,5139.682,8051.892,13191.574
2020-01-15,40,5005.99,8013.434,13019.424
2020-01-15,41,4858.38,7983.93,12842.31
2020-01-15,42,4519.39,7959.584,12478.974
2020-01-15,43,4251.796,7988.932,12240.728
2020-01-15,44,4053.684,7957.67,12011.354
2020-01-15,45,3841.738,7724.708,11566.446
2020-01-15,46,3808.062,7522.912,11330.974
2020-01-15,47,3763.992,7403.97,11167.962
2020-01-15,48,3739.198,7046.024,10785.222
2020-01-16,1,3740.342,6619.982,10360.324
2020-01-16,2,3803.378,6425.866,10229.244
2020-01-16,3,3729.998,6538.75,10268.748
2020-01-16,4,3630.03,6572.042,10202.072
2020-01-16,5,3708.84,6686.58,10395.42
2020-01-16,6,3640.392,6854.722,10495.114
2020-01-16,7,3482.31,7099.06,10581.37
2020-01-16,8,3403.852,7034.912,10438.764
2020-01-16,9,3388.322,6845.19,10233.512
2020-01-16,10,3470.158,6717.608,10187.766
2020-01-16,11,3368.156,6730.768,10098.924
2020-01-16,12,3279.728,6861.15,10140.878
2020-01-16,13,3561.772,7092.97,10654.742
2020-01-16,14,3688.98,7067.51,10756.49
2020-01-16,15,3784.962,7259.606,11044.568
2020-01-16,16,4234.632,7497.872,11732.504
2020-01-16,17,4424.136,7814.232,12238.368
2020-01-16,18,4336.744,7846.078,12182.822
2020-01-16,19,4422.44,7802.302,12224.742
2020-01-16,20,4210.86,7997.838,12208.698
2020-01-16,21,4333.458,8108.474,12441.932
2020-01-16,22,4345.572,7947.482,12293.054
2020-01-16,23,4465.474,7997.334,12462.808
2020-01-16,24,4597.626,7998.344,12595.97
2020-01-16,25,4633.62,7884.992,12518.612
2020-01-16,26,4618.746,7894.854,12513.6
2020-01-16,27,4421.062,7882.492,12303.554
2020-01-16,28,4378.43,7972.224,12350.654
2020-01-16,29,4341.048,8166.86,12507.908
2020-01-16,30,4287.25,8057.516,12344.766
2020-01-16,31,4178.904,8123.368,12302.272
2020-01-16,32,4298.776,8185.07,12483.846
2020-01-16,33,4527.512,8170.892,12698.404
2020-01-16,34,4646.908,8226.626,12873.534
2020-01-16,35,4855.276,8078.774,12934.05
2020-01-16,36,5095.872,7948.106,13043.978
2020-01-16,37,4752.112,7982.924,12735.036
2020-01-16,38,4626.244,8098.072,12724.316
2020-01-16,39,4472.33,8127.13,12599.46
2020-01-16,40,4526.052,7957.696,12483.748
2020-01-16,41,4615.658,7786.554,12402.212
2020-01-16,42,4616.68,7518.812,12135.492
2020-01-16,43,4462.55,7305.298,11767.848
2020-01-16,44,4348.448,7456.942,11805.39
2020-01-16,45,4275.382,7197.296,11472.678
2020-01-16,46,4221.69,7156.182,11377.872
2020-01-16,47,4036.386,7023.208,11059.594
2020-01-16,48,4010.372,6860.186,10870.558
2020-01-17,1,3881.394,6898.284,10779.678
2020-01-17,2,3755.676,6328.022,10083.698
2020-01-17,3,3725.666,6015.224,9740.89
2020-01-17,4,3557.486,5650.856,9208.342
2020-01-17,5,3313.9,5541.842,8855.742
2020-01-17,6,3307.696,5425.788,8733.484
2020-01-17,7,3269.402,5086.662,8356.064
2020-01-17,8,3311.334,4676.798,7988.132
2020-01-17,9,3355.816,4272.536,7628.352
2020-01-17,10,3298.574,4146.198,7444.772
2020-01-17,11,3236.97,4152.674,7389.644
2020-01-17,12,3291.502,4457.256,7748.758
2020-01-17,13,3288.8,4746.816,8035.616
2020-01-17,14,3379.468,5058.4,8437.868
2020-01-17,15,3435.068,5210.444,8645.512
2020-01-17,16,3510.94,5302.556,8813.496
2020-01-17,17,3454.63,5350.782,8805.412
2020-01-17,18,3425.366,5054.066,8479.432
2020-01-17,19,3408.286,5282.394,8690.68
2020-01-17,20,3417.856,5625.132,9042.988
2020-01-17,21,3476.466,5668.45,9144.916
2020-01-17,22,3588.58,5863.986,9452.566
2020-01-17,23,3621.15,6155.496,9776.646
2020-01-17,24,3546.746,6303.08,9849.826
2020-01-17,25,3686.862,6493.214,10180.076
2020-01-17,26,3787.368,6753.902,10541.27
2020-01-17,27,3894.416,6754.608,10649.024
2020-01-17,28,4021.74,6987.794,11009.534
2020-01-17,29,4089.276,7318.604,11407.88
2020-01-17,30,3807.612,7543.442,11351.054
2020-01-17,31,3692.078,7611.528,11303.606
2020-01-17,32,3609.314,7470.384,11079.698
2020-01-17,33,3544.266,7303.16,10847.426
2020-01-17,34,3661.504,7197.47,10858.974
2020-01-17,35,3964.814,7236.13,11200.944
2020-01-17,36,4244.338,6891.946,11136.284
2020-01-17,37,4249.168,6579.528,10828.696
2020-01-17,38,4408.76,6871.65,11280.41
2020-01-17,39,4291.196,6724.332,11015.528
2020-01-17,40,4239.802,6951.574,11191.376
2020-01-17,41,4165.334,7095.894,11261.228
2020-01-17,42,4040.828,7084.94,11125.768
2020-01-17,43,4094.502,7132.926,11227.428
2020-01-17,44,4157.948,7179.466,11337.414
2020-01-17,45,4262.076,7175.39,11437.466
2020-01-17,46,4227.714,7289.46,11517.174
2020-01-17,47,4092.93,7274.512,11367.442
2020-01-17,48,4154.548,7023.098,11177.646
2020-01-18,1,4195.896,6826.924,11022.82
2020-01-18,2,4092.08,6820.148,10912.228
2020-01-18,3,4001.876,7022.27,11024.146
2020-01-18,4,4138.462,7192.634,11331.096
2020-01-18,5,3866.324,7106.012,10972.336
2020-01-18,6,3640.054,6652.792,10292.846
2020-01-18,7,3696.164,6482.268,10178.432
2020-01-18,8,3621.008,6176.844,9797.852
2020-01-18,9,3801.078,5941.644,9742.722
2020-01-18,10,3714.55,5874.034,9588.584
2020-01-18,11,3852.586,5787.384,9639.97
2020-01-18,12,3665.966,5997.39,9663.356
2020-01-18,13,3760.422,5447.884,9208.306
2020-01-18,14,3902.684,5350.176,9252.86
2020-01-18,15,3769.218,5360.692,9129.91
2020-01-18,16,3752.176,5342.73,9094.906
2020-01-18,17,3702.962,5531.786,9234.748
2020-01-18,18,3705.694,5471.946,9177.64
2020-01-18,19,3580.944,5574.098,9155.042
2020-01-18,20,3556.728,5637.844,9194.572
2020-01-18,21,3559.26,5464.398,9023.658
2020-01-18,22,3444.556,5156.364,8600.92
2020-01-18,23,3223.022,4948.176,8171.198
2020-01-18,24,3202.75,4912.528,8115.278
2020-01-18,25,3119.292,4704.516,7823.808
2020-01-18,26,2963.514,4536.064,7499.578
2020-01-18,27,3184.978,4324.316,7509.294
2020-01-18,28,3357.076,4246.084,7603.16
2020-01-18,29,3379.252,4094.796,7474.048
2020-01-18,30,3086.346,3995.646,7081.992
2020-01-18,31,2853.042,3854.12,6707.162
2020-01-18,32,2707.984,3713.934,6421.918
2020-01-18,33,2587.552,3750.81,6338.362
2020-01-18,34,2615.47,3789.964,6405.434
2020-01-18,35,2720.348,3735.608,6455.956
2020-01-18,36,2684.624,3815.116,6499.74
2020-01-18,37,2668.956,3904.704,6573.66
2020-01-18,38,2669.564,3877.566,6547.13
2020-01-18,39,2282.342,3979.818,6262.16
2020-01-18,40,2239.412,4201.474,6440.886
2020-01-18,41,2326.048,4399.244,6725.292
2020-01-18,42,2131.092,4384.198,6515.29
2020-01-18,43,1903.752,4523.544,6427.296
2020-01-18,44,1890.756,4428.51,6319.266
2020-01-18,45,1985.726,4182.946,6168.672
2020-01-18,46,1823.97,3970.658,5794.628
2020-01-18,47,1822.204,4022.67,5844.874
2020-01-18,48,1855.55,3925.704,5781.254
2020-01-19,1,1820.316,3840.342,5660.658
2020-01-19,2,1661.074,4010.086,5671.16
2020-01-19,3,1456.288,4174.772,5631.06
2020-01-19,4,1328.688,4115.594,5444.282
2020-01-19,5,1323.56,4197.118,5520.678
2020-01-19,6,1365.684,4086.624,5452.308
2020-01-19,7,1576.758,3875.494,5452.252
2020-01-19,8,1641.25,3594.27,5235.52
2020-01-19,9,1618.922,3529.394,5148.316
2020-01-19,10,1515.528,3431.176,4946.704
2020-01-19,11,1598.904,3477.826,5076.73
2020-01-19,12,1551.702,3392.344,4944.046
2020-01-19,13,1600.606,3172.668,4773.274
2020-01-19,14,1511.404,3039.95,4551.354
2020-01-19,15,1498.764,2977.246,4476.01
2020-01-19,16,1566.494,2963.048,4529.542
2020-01-19,17,1774.764,2935.806,4710.57
2020-01-19,18,1998.062,2857.614,4855.676
2020-01-19,19,2113.102,2755.742,4868.844
2020-01-19,20,2364.622,2685.682,5050.304
2020-01-19,21,2568.264,2573.674,5141.938
2020-01-19,22,2632.092,2454.574,5086.666
2020-01-19,23,2767.438,2518.778,5286.216
2020-01-19,24,2975.058,2474.652,5449.71
2020-01-19,25,3038.184,2161.388,5199.572
2020-01-19,26,3291.89,1893.964,5185.854
2020-01-19,27,3370.284,1793.278,5163.562
2020-01-19,28,3520.106,1747.042,5267.148
2020-01-19,29,3833.412,1564.73,5398.142
2020-01-19,30,3931.3,1328.774,5260.074
2020-01-19,31,4019.816,1342.438,5362.254
2020-01-19,32,4040.264,1391.422,5431.686
2020-01-19,33,4059.016,1313.064,5372.08
2020-01-19,34,3993.588,1259.956,5253.544
2020-01-19,35,3991.85,1262.178,5254.028
2020-01-19,36,4221.776,1259.586,5481.362
2020-01-19,37,4160.674,1618.576,5779.25
2020-01-19,38,4130.006,1675.632,5805.638
2020-01-19,39,4128.548,1489.49,5618.038
2020-01-19,40,4203.494,1485.624,5689.118
2020-01-19,41,4109.228,1417.492,5526.72
2020-01-19,42,4024.09,1471.106,5495.196
2020-01-19,43,3962.82,1520.84,5483.66
2020-01-19,44,3902.462,1362.936,5265.398
2020-01-19,45,3570.54,1327.154,4897.694
2020-01-19,46,3478.354,1439.396,4917.75
2020-01-19,47,3394.128,1402.726,4796.854
2020-01-19,48,3321.582,1334.892,4656.474
2020-01-20,1,3244.104,1375.734,4619.838
2020-01-20,2,3225.306,1445.402,4670.708
2020-01-20,3,3252.964,1447.576,4700.54
2020-01-20,4,3259.174,1426.38,4685.554
2020-01-20,5,3235.362,1507.136,4742.498
2020-01-20,6,3168.972,1659.566,4828.538
2020-01-20,7,3153.608,1840.092,4993.7
2020-01-20,8,3048.376,1729.606,4777.982
2020-01-20,9,3073.248,1633.572,4706.82
2020-01-20,10,2943.258,1624.414,4567.672
2020-01-20,11,2867.302,1615.578,4482.88
2020-01-20,12,2879.342,1639.146,4518.488
2020-01-20,13,3014.922,1691.608,4706.53
2020-01-20,14,3242.022,1717.082,4959.104
2020-01-20,15,3375.668,1564.986,4940.654
2020-01-20,16,3506.734,1510.124,5016.858
2020-01-20,17,3418.164,1313.138,4731.302
2020-01-20,18,3340.546,1217.582,4558.128
2020-01-20,19,3379.27,1243.646,4622.916
2020-01-20,20,3337.156,1343.76,4680.916
2020-01-20,21,3353.146,1518.906,4872.052
2020-01-20,22,3254.186,1649.082,4903.268
2020-01-20,23,3233.598,1782.85,5016.448
2020-01-20,24,3256.886,1906.534,5163.42
2020-01-20,25,3430.298,2034.136,5464.434
2020-01-20,26,3657.242,2122.004,5779.246
2020-01-20,27,3713.574,2176.818,5890.392
2020-01-20,28,3745.684,2092.54,5838.224
2020-01-20,29,3839.908,1981.246,5821.154
2020-01-20,30,3891.146,1887.016,5778.162
2020-01-20,31,3912.852,1949.462,5862.314
2020-01-20,32,3923.866,2208.042,6131.908
2020-01-20,33,3936.728,2571.662,6508.39
2020-01-20,34,3914.736,2735.838,6650.574
2020-01-20,35,3915.59,2787.274,6702.864
2020-01-20,36,3958.894,2869.694,6828.588
2020-01-20,37,3986.832,2808.622,6795.454
2020-01-20,38,3948.994,2791.094,6740.088
2020-01-20,39,3969.376,2533.83,6503.206
2020-01-20,40,4076.976,2365.374,6442.35
2020-01-20,41,4144.974,2161.098,6306.072
2020-01-20,42,4273.542,2001.6,6275.142
2020-01-20,43,4324.584,2000.408,6324.992
2020-01-20,44,4274.818,1963.688,6238.506
2020-01-20,45,4247.624,1773.53,6021.154
2020-01-20,46,4216.252,1658.408,5874.66
2020-01-20,47,4190.488,1591.606,5782.094
2020-01-20,48,4062.522,1558.216,5620.738
2020-01-21,1,3886.922,1606.186,5493.108
2020-01-21,2,3667.822,1522.798,5190.62
2020-01-21,3,3624.366,1401.396,5025.762
2020-01-21,4,3484.812,1272.218,4757.03
2020-01-21,5,3309.542,1002.014,4311.556
2020-01-21,6,3075.216,847.61,3922.826
2020-01-21,7,2635.224,768.388,3403.612
2020-01-21,8,2408.204,664.8,3073.004
2020-01-21,9,2078.49,664.634,2743.124
2020-01-21,10,1815.26,585.686,2400.946
2020-01-21,11,1564.772,510.582,2075.354
2020-01-21,12,1276.028,473.29,1749.318
2020-01-21,13,1176.594,569.586,1746.18
2020-01-21,14,1088.046,632.312,1720.358
2020-01-21,15,1000.01,616.708,1616.718
2020-01-21,16,1010.828,596.588,1607.416
2020-01-21,17,1046.36,537.562,1583.922
2020-01-21,18,1119.978,466.1,1586.078
2020-01-21,19,1181.132,422.032,1603.164
2020-01-21,20,1264.718,424.378,1689.096
2020-01-21,21,1428.824,418.948,1847.772
2020-01-21,22,1504.402,462.158,1966.56
2020-01-21,23,1516.412,525.78,2042.192
2020-01-21,24,1616.576,569.776,2186.352
2020-01-21,25,1791.4,590.702,2382.102
2020-01-21,26,1930.92,640.366,2571.286
2020-01-21,27,1842.5,699.414,2541.914
2020-01-21,28,1884.69,665.918,2550.608
2020-01-21,29,1899.06,668.354,2567.414
2020-01-21,30,1838.396,702.52,2540.916
2020-01-21,31,1771.42,691.594,2463.014
2020-01-21,32,1712.184,615.63,2327.814
2020-01-21,33,1618.348,622.984,2241.332
2020-01-21,34,1482.296,649.392,2131.688
2020-01-21,35,1347.084,600.852,1947.936
2020-01-21,36,1234.724,632.72,1867.444
2020-01-21,37,1206.192,631.216,1837.408
2020-01-21,38,1243.718,688.822,1932.54
2020-01-21,39,1274.898,686.464,1961.362
2020-01-21,40,1354.254,618.184,1972.438
2020-01-21,41,1376.488,547.64,1924.128
2020-01-21,42,1429.84,524.352,1954.192
2020-01-21,43,1525.796,520.206,2046.002
2020-01-21,44,1619.722,504.604,2124.326
2020-01-21,45,1728.79,485.038,2213.828
2020-01-21,46,1769.756,553.952,2323.708
2020-01-21,47,1809.732,564.318,2374.05
2020-01-21,48,1860.56,512.006,2372.566
2020-01-22,1,1839.528,488.568,2328.096
2020-01-22,2,1845.286,508.366,2353.652
2020-01-22,3,1937.112,466.936,2404.048
2020-01-22,4,1856.868,424.976,2281.844
2020-01-22,5,1847.896,376.884,2224.78
2020-01-22,6,1797.274,350.922,2148.196
2020-01-22,7,1772.276,409.334,2181.61
2020-01-22,8,1907.84,440.394,2348.234
2020-01-22,9,1895.176,493.336,2388.512
2020-01-22,10,1867.872,541.894,2409.766
2020-01-22,11,1905.884,611.79,2517.674
2020-01-22,12,1888.64,595.872,2484.512
2020-01-22,13,1826.288,509.888,2336.176
2020-01-22,14,1781.99,460.714,2242.704
2020-01-22,15,1694.138,593.26,2287.398
2020-01-22,16,1686.498,531.356,2217.854
2020-01-22,17,1573.13,492.74,2065.87
2020-01-22,18,1521.898,490.176,2012.074
2020-01-22,19,1507.832,431.066,1938.898
2020-01-22,20,1495.724,386.052,1881.776
2020-01-22,21,1482.166,344.86,1827.026
2020-01-22,22,1302.298,296.074,1598.372
2020-01-22,23,1137.012,369.214,1506.226
2020-01-22,24,1058.93,434.588,1493.518
2020-01-22,25,1040.046,477.4,1517.446
2020-01-22,26,991.006,453.66,1444.666
2020-01-22,27,962.538,393.386,1355.924
2020-01-22,28,922.726,361.096,1283.822
2020-01-22,29,936.1,286.32,1222.42
2020-01-22,30,984.158,208.128,1192.286
2020-01-22,31,1084.632,204.744,1289.376
2020-01-22,32,1154.118,186.77,1340.888
2020-01-22,33,959.872,120.018,1079.89
2020-01-22,34,852.732,143.28,996.012
2020-01-22,35,957.546,182.38,1139.926
2020-01-22,36,1067.698,168.6,1236.298
2020-01-22,37,1161.49,166.694,1328.184
2020-01-22,38,1224.754,180.184,1404.938
2020-01-22,39,1447.382,204.442,1651.824
2020-01-22,40,1570.218,248.056,1818.274
2020-01-22,41,1739.408,294.468,2033.876
2020-01-22,42,1922.362,308.576,2230.938
2020-01-22,43,1969.624,240.49,2210.114
2020-01-22,44,1985.918,230.256,2216.174
2020-01-22,45,1926.21,222.28,2148.49
2020-01-22,46,1964.71,244.042,2208.752
2020-01-22,47,2028.604,278.666,2307.27
2020-01-22,48,2069.572,303.928,2373.5
2020-01-23,1,2066.712,299.498,2366.21
2020-01-23,2,2170.696,321.822,2492.518
2020-01-23,3,2375.87,434.886,2810.756
2020-01-23,4,2643.28,511.56,3154.84
2020-01-23,5,2874.32,545.38,3419.7
2020-01-23,6,2998.838,582.49,3581.328
2020-01-23,7,2832.548,572.78,3405.328
2020-01-23,8,2757.46,557.886,3315.346
2020-01-23,9,2838.478,579.53,3418.008
2020-01-23,10,2774.914,613.622,3388.536
2020-01-23,11,2577.964,649.222,3227.186
2020-01-23,12,2745.7,640.07,3385.77
2020-01-23,13,2818.44,552.058,3370.498
2020-01-23,14,2844.508,541.952,3386.46
2020-01-23,15,3063.002,465.15,3528.152
2020-01-23,16,3363.726,408.56,3772.286
2020-01-23,17,3530.078,390.796,3920.874
2020-01-23,18,3497.078,413.366,3910.444
2020-01-23,19,3346.024,385.004,3731.028
2020-01-23,20,3216.392,391.352,3607.744
2020-01-23,21,3224.342,397.608,3621.95
2020-01-23,22,3296.202,368.092,3664.294
2020-01-23,23,3377.382,456.596,3833.978
2020-01-23,24,3453.996,549.73,4003.726
2020-01-23,25,3374.734,583.072,3957.806
2020-01-23,26,3372.304,631.07,4003.374
2020-01-23,27,3440.86,665.532,4106.392
2020-01-23,28,3355.202,718.906,4074.108
2020-01-23,29,3296.216,801.836,4098.052
2020-01-23,30,3251.81,845.832,4097.642
2020-01-23,31,3205.46,808.49,4013.95
2020-01-23,32,3092.39,847.788,3940.178
2020-01-23,33,3134.68,831.844,3966.524
2020-01-23,34,3147.864,794.532,3942.396
2020-01-23,35,3135.552,756.026,3891.578
2020-01-23,36,3169.432,671.9,3841.332
2020-01-23,37,3194.584,587.614,3782.198
2020-01-23,38,3083.57,522.93,3606.5
2020-01-23,39,3009.482,495.242,3504.724
2020-01-23,40,3078.122,522.19,3600.312
2020-01-23,41,3106.27,515.48,3621.75
2020-01-23,42,3104.04,496.938,3600.978
2020-01-23,43,3098.376,501.802,3600.178
2020-01-23,44,3036.698,469.566,3506.264
2020-01-23,45,2977.916,546.844,3524.76
2020-01-23,46,2956.436,601.728,3558.164
2020-01-23,47,3015.198,609.662,3624.86
2020-01-23,48,3008.902,599.212,3608.114
2020-01-24,1,2914.34,661.402,3575.742
2020-01-24,2,2828.618,736.196,3564.814
2020-01-24,3,2770.114,882.152,3652.266
2020-01-24,4,2552.382,889.1,3441.482
2020-01-24,5,2350.576,946.504,3297.08
2020-01-24,6,2278.142,1038.974,3317.116
2020-01-24,7,2232.85,1083.74,3316.59
2020-01-24,8,2325.96,1119.486,3445.446
2020-01-24,9,2294.338,1015.28,3309.618
2020-01-24,10,2129.57,1001.292,3130.862
2020-01-24,11,2105.184,901.662,3006.846
2020-01-24,12,1964.064,727.73,2691.794
2020-01-24,13,2093.14,610.076,2703.216
2020-01-24,14,2003.58,679.816,2683.396
2020-01-24,15,1888.032,835.712,2723.744
2020-01-24,16,1895.12,816.672,2711.792
2020-01-24,17,1790.45,718.182,2508.632
2020-01-24,18,1774.532,628.642,2403.174
2020-01-24,19,1761.696,585.544,2347.24
2020-01-24,20,1686.29,556.07,2242.36
2020-01-24,21,1601.12,466.226,2067.346
2020-01-24,22,1553.504,451.138,2004.642
2020-01-24,23,1578.864,446.022,2024.886
2020-01-24,24,1645.292,456.264,2101.556
2020-01-24,25,1644.946,495.338,2140.284
2020-01-24,26,1653.994,493.34,2147.334
2020-01-24,27,1591.202,472.658,2063.86
2020-01-24,28,1575.448,433.556,2009.004
2020-01-24,29,1533.074,407.512,1940.586
2020-01-24,30,1396.654,353.274,1749.928
2020-01-24,31,1287.752,319.874,1607.626
2020-01-24,32,1136.81,308.168,1444.978
2020-01-24,33,1159.66,291.866,1451.526
2020-01-24,34,1165.634,281.08,1446.714
2020-01-24,35,1173.374,301.584,1474.958
2020-01-24,36,1132.374,329.204,1461.578
2020-01-24,37,1086.138,366.642,1452.78
2020-01-24,38,1119.582,406.622,1526.204
2020-01-24,39,1160.08,378.174,1538.254
2020-01-24,40,1251.604,346.72,1598.324
2020-01-24,41,1365.916,368.202,1734.118
2020-01-24,42,1477.348,421.6,1898.948
2020-01-24,43,1618.16,513.798,2131.958
2020-01-24,44,1851.892,650.314,2502.206
2020-01-24,45,2196.804,614.632,2811.436
2020-01-24,46,2571.69,565.292,3136.982
2020-01-24,47,2921.808,619.62,3541.428
2020-01-24,48,3002.278,769.684,3771.962
2020-01-25,1,3181.4,1026.098,4207.498
2020-01-25,2,3280.09,1447.476,4727.566
2020-01-25,3,3300.388,1451.264,4751.652
2020-01-25,4,3504.602,1661.116,5165.718
2020-01-25,5,3480.924,1725.27,5206.194
2020-01-25,6,3438.14,1737.4,5175.54
2020-01-25,7,3634.664,1677.054,5311.718
2020-01-25,8,3580.088,1801.594,5381.682
2020-01-25,9,3500.144,1927.204,5427.348
2020-01-25,10,3252.024,2088.562,5340.586
2020-01-25,11,3248.918,2192.064,5440.982
2020-01-25,12,3234.45,2141.01,5375.46
2020-01-25,13,3385.73,2063.548,5449.278
2020-01-25,14,3570.102,2140.556,5710.658
2020-01-25,15,3481.142,2187.476,5668.618
2020-01-25,16,3651.638,2374.334,6025.972
2020-01-25,17,3712.326,2670.404,6382.73
2020-01-25,18,3745.268,2986.62,6731.888
2020-01-25,19,3783.454,3153.446,6936.9
2020-01-25,20,3751.484,3254.25,7005.734
2020-01-25,21,3896.182,3394.78,7290.962
2020-01-25,22,4088.102,3487.368,7575.47
2020-01-25,23,4162.372,3583.226,7745.598
2020-01-25,24,4170.194,3642.952,7813.146
2020-01-25,25,4234.876,3642.794,7877.67
2020-01-25,26,4211.304,3502.794,7714.098
2020-01-25,27,4054.586,3339.096,7393.682
2020-01-25,28,4118.212,3288.394,7406.606
2020-01-25,29,4050.776,3364.894,7415.67
2020-01-25,30,3986.83,3438.142,7424.972
2020-01-25,31,4031.504,3417.764,7449.268
2020-01-25,32,4085.422,3333.412,7418.834
2020-01-25,33,3931.358,3045.402,6976.76
2020-01-25,34,3876.7,2809.394,6686.094
2020-01-25,35,3855.338,2873.992,6729.33
2020-01-25,36,3918.212,3402.706,7320.918
2020-01-25,37,3839.908,3671.824,7511.732
2020-01-25,38,3981.144,3420.412,7401.556
2020-01-25,39,4005.252,3662.016,7667.268
2020-01-25,40,4098.868,4219.43,8318.298
2020-01-25,41,3902.142,4505.518,8407.66
2020-01-25,42,3911.268,4502.258,8413.526
2020-01-25,43,3779.98,4478.842,8258.822
2020-01-25,44,3613.024,4551.566,8164.59
2020-01-25,45,3444.346,4725.03,8169.376
2020-01-25,46,3715.076,4800.59,8515.666
2020-01-25,47,3579.302,4637.464,8216.766
2020-01-25,48,3543.81,4799.994,8343.804
2020-01-26,1,3342.058,4930.362,8272.42
2020-01-26,2,3256.47,5115.302,8371.772
2020-01-26,3,3243.85,5224.828,8468.678
2020-01-26,4,3297.828,5437.368,8735.196
2020-01-26,5,3192.542,5414.728,8607.27
2020-01-26,6,3132.714,5186.54,8319.254
2020-01-26,7,3189.75,5278.348,8468.098
2020-01-26,8,3139.602,5459.506,8599.108
2020-01-26,9,3049.806,5155.232,8205.038
2020-01-26,10,2874.068,5023.276,7897.344
2020-01-26,11,2950.466,5167.938,8118.404
2020-01-26,12,3001.47,5465.556,8467.026
2020-01-26,13,2937.308,5768.196,8705.504
2020-01-26,14,2891.91,6025.694,8917.604
2020-01-26,15,3059.074,6343.038,9402.112
2020-01-26,16,3030.134,6437.934,9468.068
2020-01-26,17,2973.78,6600.294,9574.074
2020-01-26,18,2986.2,6636.234,9622.434
2020-01-26,19,2904.248,6683.89,9588.138
2020-01-26,20,2745.632,6927.56,9673.192
2020-01-26,21,2734.442,7125.654,9860.096
2020-01-26,22,2915.658,7099.2,10014.858
2020-01-26,23,2750.18,6520.552,9270.732
2020-01-26,24,2837.62,6008.534,8846.154
2020-01-26,25,2784.368,5934.266,8718.634
2020-01-26,26,2876.132,6055.654,8931.786
2020-01-26,27,2936.926,6154.326,9091.252
2020-01-26,28,3040.626,6420.368,9460.994
2020-01-26,29,2804.356,6400.816,9205.172
2020-01-26,30,2634.072,6483.106,9117.178
2020-01-26,31,2430.424,6559.686,8990.11
2020-01-26,32,2259.792,6382.432,8642.224
2020-01-26,33,2083.234,6103.084,8186.318
2020-01-26,34,1909.064,5860.224,7769.288
2020-01-26,35,2110.36,5796.168,7906.528
2020-01-26,36,2068.402,5820.172,7888.574
2020-01-26,37,1769.004,5796.738,7565.742
2020-01-26,38,1674.668,5644.48,7319.148
2020-01-26,39,1547.788,5411.708,6959.496
2020-01-26,40,1474.5,5399.624,6874.124
2020-01-26,41,1470.024,5505.994,6976.018
2020-01-26,42,1618.75,5387.99,7006.74
2020-01-26,43,1879.866,5189.702,7069.568
2020-01-26,44,2205.748,5250.38,7456.128
2020-01-26,45,2522.842,5269.57,7792.412
2020-01-26,46,2771.012,5264.738,8035.75
2020-01-26,47,3055.63,5224.368,8279.998
2020-01-26,48,3300.2,5290.598,8590.798
2020-01-27,1,3398.134,5265.422,8663.556
2020-01-27,2,3422.216,5236.41,8658.626
2020-01-27,3,3636.308,5752.884,9389.192
2020-01-27,4,3734.174,6001.866,9736.04
2020-01-27,5,3745.982,5887.358,9633.34
2020-01-27,6,3830.214,6107.398,9937.612
2020-01-27,7,3967.05,6855.69,10822.74
2020-01-27,8,3712.01,7077.558,10789.568
2020-01-27,9,3721.616,7221.018,10942.634
2020-01-27,10,3584.14,7290.664,10874.804
2020-01-27,11,3653.834,7592.202,11246.036
2020-01-27,12,3853.996,7439.13,11293.126
2020-01-27,13,4050.036,7392.048,11442.084
2020-01-27,14,4258.636,7018.246,11276.882
2020-01-27,15,4340.09,6922.664,11262.754
2020-01-27,16,4496.248,6881.438,11377.686
2020-01-27,17,4412.46,6932.33,11344.79
2020-01-27,18,4486.09,7035.522,11521.612
2020-01-27,19,4382.452,7099.31,11481.762
2020-01-27,20,4457.118,6920.18,11377.298
2020-01-27,21,4569.078,6637.11,11206.188
2020-01-27,22,4574.574,6494.264,11068.838
2020-01-27,23,4640.964,6295.188,10936.152
2020-01-27,24,4548.628,6287.024,10835.652
2020-01-27,25,4522.612,5974.778,10497.39
2020-01-27,26,4470.3,5454.422,9924.722
2020-01-27,27,4192.834,5160.99,9353.824
2020-01-27,28,4070.716,4820.9,8891.616
2020-01-27,29,4003.126,4448.06,8451.186
2020-01-27,30,3735.362,4202.106,7937.468
2020-01-27,31,3456.534,3596.018,7052.552
2020-01-27,32,3226.034,3520.18,6746.214
2020-01-27,33,3016.622,3454.39,6471.012
2020-01-27,34,3013.708,3820.718,6834.426
2020-01-27,35,2954.09,4255.394,7209.484
2020-01-27,36,2860.046,4595.472,7455.518
2020-01-27,37,2781.332,4623.844,7405.176
2020-01-27,38,2660.358,4450.356,7110.714
2020-01-27,39,2493.724,4197.358,6691.082
2020-01-27,40,2390.54,3880.4,6270.94
2020-01-27,41,2408.276,3628.114,6036.39
2020-01-27,42,2377.016,3527.358,5904.374
2020-01-27,43,2060.912,3639.19,5700.102
2020-01-27,44,1727.912,3591.554,5319.466
2020-01-27,45,1572.564,3823.154,5395.718
2020-01-27,46,1819.06,3950.72,5769.78
2020-01-27,47,1774.45,4177.4,5951.85
2020-01-27,48,1627.786,4490.704,6118.49
2020-01-28,1,1785.242,5170.878,6956.12
2020-01-28,2,1834.502,5824.786,7659.288
2020-01-28,3,1618.396,6143.338,7761.734
2020-01-28,4,1535.594,6304.54,7840.134
2020-01-28,5,1499.076,6303.706,7802.782
2020-01-28,6,1451.82,6007.974,7459.794
2020-01-28,7,1623.136,6075.236,7698.372
2020-01-28,8,1777.128,6436.154,8213.282
2020-01-28,9,1861.224,6728.734,8589.958
2020-01-28,10,1692.384,7111.054,8803.438
2020-01-28,11,1648.766,7386.658,9035.424
2020-01-28,12,1587.09,7555.868,9142.958
2020-01-28,13,1695.334,7801.024,9496.358
2020-01-28,14,1743.08,8041.408,9784.488
2020-01-28,15,1686.788,8092.264,9779.052
2020-01-28,16,1619.802,8151.016,9770.818
2020-01-28,17,1636.596,8156.076,9792.672
2020-01-28,18,1657.646,8252.814,9910.46
2020-01-28,19,1619.206,8218.232,9837.438
2020-01-28,20,1680.574,8292.882,9973.456
2020-01-28,21,1801.16,8322.812,10123.972
2020-01-28,22,1939.814,8352.328,10292.142
2020-01-28,23,2046.984,8318.934,10365.918
2020-01-28,24,2139.956,8259.066,10399.022
2020-01-28,25,2120.066,8181.438,10301.504
2020-01-28,26,2089.692,8127.984,10217.676
2020-01-28,27,2247.14,7975.16,10222.3
2020-01-28,28,2264.83,7972.424,10237.254
2020-01-28,29,2502.134,8108.664,10610.798
2020-01-28,30,2561.598,8257.164,10818.762
2020-01-28,31,2682.542,8182.984,10865.526
2020-01-28,32,2867.008,8248.486,11115.494
2020-01-28,33,3119.592,8202.094,11321.686
2020-01-28,34,3302.464,8171.454,11473.918
2020-01-28,35,3200.94,8164.124,11365.064
2020-01-28,36,3003.666,8163.994,11167.66
2020-01-28,37,3258.966,8190.638,11449.604
2020-01-28,38,3412.596,8251.896,11664.492
2020-01-28,39,3566.422,8183.056,11749.478
2020-01-28,40,3530.062,8251.52,11781.582
2020-01-28,41,3617.896,8309.328,11927.224
2020-01-28,42,3621.132,8269.506,11890.638
2020-01-28,43,3723.47,8323.032,12046.502
2020-01-28,44,3987.028,8340.358,12327.386
2020-01-28,45,4035.832,8331.56,12367.392
2020-01-28,46,4230.71,8208.346,12439.056
2020-01-28,47,4320.374,8277.506,12597.88
2020-01-28,48,3981.648,8204.972,12186.62
2020-01-29,1,3957.142,8128.426,12085.568
2020-01-29,2,3744.884,8194.034,11938.918
2020-01-29,3,3712.872,8194.448,11907.32
2020-01-29,4,3495.93,8131.834,11627.764
2020-01-29,5,3517.264,8097.454,11614.718
2020-01-29,6,3660.23,8127.496,11787.726
2020-01-29,7,3731.896,8189.196,11921.092
2020-01-29,8,3723.038,8174.208,11897.246
2020-01-29,9,3560.486,8105.122,11665.608
2020-01-29,10,3616.786,8173.588,11790.374
2020-01-29,11,3630.382,8302.372,11932.754
2020-01-29,12,3604.262,8298.366,11902.628
2020-01-29,13,3653.78,8215.05,11868.83
2020-01-29,14,3814.808,8225.432,12040.24
2020-01-29,15,3899.862,8237.732,12137.594
2020-01-29,16,4298.292,8213.974,12512.266
2020-01-29,17,4178.826,8137.258,12316.084
2020-01-29,18,4036.794,8073.352,12110.146
2020-01-29,19,3855.532,7928.234,11783.766
2020-01-29,20,3800.404,8012.968,11813.372
2020-01-29,21,3837.728,8033.054,11870.782
2020-01-29,22,3835.998,8083.006,11919.004
2020-01-29,23,3990.738,8080.096,12070.834
2020-01-29,24,3820.838,8143.196,11964.034
2020-01-29,25,3841.872,8149.904,11991.776
2020-01-29,26,4102.812,8091.652,12194.464
2020-01-29,27,4204.2,7997.896,12202.096
2020-01-29,28,4135.278,7990.692,12125.97
2020-01-29,29,3996.192,7832.728,11828.92
2020-01-29,30,3784.684,7596.644,11381.328
2020-01-29,31,3659.708,7486.472,11146.18
2020-01-29,32,3786.356,7439.75,11226.106
2020-01-29,33,3990.374,7494.42,11484.794
2020-01-29,34,4214.8,7540.114,11754.914
2020-01-29,35,4218.59,7624.484,11843.074
2020-01-29,36,4123.374,7723.984,11847.358
2020-01-29,37,4119.33,7743.826,11863.156
2020-01-29,38,4129.966,7963.912,12093.878
2020-01-29,39,4063.036,8196.652,12259.688
2020-01-29,40,3992.804,8338.984,12331.788
2020-01-29,41,4124.038,8312.636,12436.674
2020-01-29,42,4010.64,8352.146,12362.786
2020-01-29,43,3618.234,8357.126,11975.36
2020-01-29,44,3385.53,8283.936,11669.466
2020-01-29,45,3357.714,8268.03,11625.744
2020-01-29,46,3314.17,8318.062,11632.232
2020-01-29,47,3386.888,8217.9,11604.788
2020-01-29,48,3192.938,8118.646,11311.584
2020-01-30,1,3030.036,7989.626,11019.662
2020-01-30,2,3018.342,7934.98,10953.322
2020-01-30,3,2938.004,7895.836,10833.84
2020-01-30,4,2957.68,7893.844,10851.524
2020-01-30,5,2800.334,7630.136,10430.47
2020-01-30,6,2949.758,7528.214,10477.972
2020-01-30,7,3213.536,7144.852,10358.388
2020-01-30,8,3156.212,6632.056,9788.268
2020-01-30,9,3268.008,6287.23,9555.238
2020-01-30,10,3357.46,6276.754,9634.214
2020-01-30,11,3400.598,6153.292,9553.89
2020-01-30,12,3103.214,6325.14,9428.354
2020-01-30,13,3382.706,6297.362,9680.068
2020-01-30,14,3723.308,5944.916,9668.224
2020-01-30,15,3736.962,5947.38,9684.342
2020-01-30,16,3648.278,5847.96,9496.238
2020-01-30,17,3860.128,6058.1,9918.228
2020-01-30,18,3911.648,6501.556,10413.204
2020-01-30,19,3924.42,6533.402,10457.822
2020-01-30,20,3907.334,6504.672,10412.006
2020-01-30,21,3821.852,6638.976,10460.828
2020-01-30,22,3951.582,7254.352,11205.934
2020-01-30,23,4031.086,7542.186,11573.272
2020-01-30,24,4045.594,7503.168,11548.762
2020-01-30,25,4142.536,7170.758,11313.294
2020-01-30,26,4196.632,7013.42,11210.052
2020-01-30,27,4121.348,6942.122,11063.47
2020-01-30,28,4095.392,7110.282,11205.674
2020-01-30,29,3996.432,7221.514,11217.946
2020-01-30,30,3952.68,7462.346,11415.026
2020-01-30,31,3918.064,7561.156,11479.22
2020-01-30,32,3860.64,7811.712,11672.352
2020-01-30,33,3826.596,8110.622,11937.218
2020-01-30,34,4054.996,8118.338,12173.334
2020-01-30,35,4319.274,8163.162,12482.436
2020-01-30,36,4645.262,8256.686,12901.948
2020-01-30,37,4594.258,8275.438,12869.696
2020-01-30,38,4623.748,8244.994,12868.742
2020-01-30,39,4311.784,8247.104,12558.888
2020-01-30,40,4194.32,8223.114,12417.434
2020-01-30,41,4086.59,8275.77,12362.36
2020-01-30,42,3977.94,8236.096,12214.036
2020-01-30,43,3939.608,8195.326,12134.934
2020-01-30,44,3625.434,8014.888,11640.322
2020-01-30,45,3320.02,7895.234,11215.254
2020-01-30,46,3238.438,7975.088,11213.526
2020-01-30,47,3205.48,7990.86,11196.34
2020-01-30,48,3059.126,7742.99,10802.116
2020-01-31,1,3030.26,7562.99,10593.25
2020-01-31,2,2953.73,7684.096,10637.826
2020-01-31,3,2983.068,7289.462,10272.53
2020-01-31,4,3094.494,7067.166,10161.66
2020-01-31,5,3041.26,6966.3,10007.56
2020-01-31,6,2995.056,7021.058,10016.114
2020-01-31,7,2923.674,7044.204,9967.878
2020-01-31,8,2790.858,7179.62,9970.478
2020-01-31,9,2698.158,7276.054,9974.212
2020-01-31,10,2662.77,7473.918,10136.688
2020-01-31,11,2651.652,7442.578,10094.23
2020-01-31,12,2814.878,7630.41,10445.288
2020-01-31,13,2899.868,7768.614,10668.482
2020-01-31,14,3180.798,7850.94,11031.738
2020-01-31,15,3262.612,7924.41,11187.022
2020-01-31,16,3360.548,7858.5,11219.048
2020-01-31,17,3586.234,7846.4,11432.634
2020-01-31,18,3735.458,7850.884,11586.342
2020-01-31,19,3927.888,7850.212,11778.1
2020-01-31,20,3895.976,8036.366,11932.342
2020-01-31,21,3937.766,8100.702,12038.468
2020-01-31,22,4047.814,8215.09,12262.904
2020-01-31,23,4022.398,8094.84,12117.238
2020-01-31,24,4140.534,8049.306,12189.84
2020-01-31,25,4204.834,7955.018,12159.852
2020-01-31,26,4114.86,7881.86,11996.72
2020-01-31,27,3895.318,7944.644,11839.962
2020-01-31,28,3829.132,7919.052,11748.184
2020-01-31,29,3994.794,7991.5,11986.294
2020-01-31,30,3894.488,7904.132,11798.62
2020-01-31,31,3894.8,7934.508,11829.308
2020-01-31,32,4046.39,8049.512,12095.902
2020-01-31,33,4101.086,8163.192,12264.278
2020-01-31,34,3975.992,8063.682,12039.674
2020-01-31,35,4053.87,8049.226,12103.096
2020-01-31,36,4143.368,8144.888,12288.256
2020-01-31,37,4109.79,8159.68,12269.47
2020-01-31,38,4030.57,8239.65,12270.22
2020-01-31,39,4031.75,8241.286,12273.036
2020-01-31,40,3969.414,8256.15,12225.564
2020-01-31,41,3844.546,8249.346,12093.892
2020-01-31,42,3762.036,8155.504,11917.54
2020-01-31,43,3672.062,8174.294,11846.356
2020-01-31,44,3500.746,8132.52,11633.266
2020-01-31,45,3386.13,8108.13,11494.26
2020-01-31,46,3306.718,8170.332,11477.05
2020-01-31,47,3008.016,8161.202,11169.218
2020-01-31,48,2983.956,8149.05,11133.006
2020-02-01,1,2936.552,8137.286,11073.838
2020-02-01,2,2681.452,8091.81,10773.262
2020-02-01,3,2544.89,8042.488,10587.378
2020-02-01,4,2450.188,7980.83,10431.018
2020-02-01,5,2444.324,7942.752,10387.076
2020-02-01,6,2379.548,7915.034,10294.582
2020-02-01,7,2417.51,7983.618,10401.128
2020-02-01,8,2251.932,7829.95,10081.882
2020-02-01,9,2019.758,7868.102,9887.86
2020-02-01,10,2026.882,7959.798,9986.68
2020-02-01,11,2288.226,8014.846,10303.072
2020-02-01,12,2299.384,7997.988,10297.372
2020-02-01,13,2465.964,8017.412,10483.376
2020-02-01,14,2706.102,8044.752,10750.854
2020-02-01,15,2649.244,8030.124,10679.368
2020-02-01,16,2632.24,8034.548,10666.788
2020-02-01,17,2672.226,8108.982,10781.208
2020-02-01,18,2893.96,8058.938,10952.898
2020-02-01,19,3065.336,8082.322,11147.658
2020-02-01,20,3089.904,8105.06,11194.964
2020-02-01,21,3606.394,8014.942,11621.336
2020-02-01,22,2941.766,8149.618,11091.384
2020-02-01,23,2753.048,8167.254,10920.302
2020-02-01,24,3435.804,8132.286,11568.09
2020-02-01,25,3442.87,8149.588,11592.458
2020-02-01,26,3449.472,8135.122,11584.594
2020-02-01,27,3318.94,8160.192,11479.132
2020-02-01,28,3057.512,8139.958,11197.47
2020-02-01,29,3224.572,8144.244,11368.816
2020-02-01,30,3275.09,8190.738,11465.828
2020-02-01,31,3361.512,8178.58,11540.092
2020-02-01,32,3482.392,8154.95,11637.342
2020-02-01,33,3455.72,8051.822,11507.542
2020-02-01,34,3335.82,7990.424,11326.244
2020-02-01,35,3055.358,7640.334,10695.692
2020-02-01,36,2878.324,7240.448,10118.772
2020-02-01,37,2518.162,6977.288,9495.45
2020-02-01,38,2191.954,6899.514,9091.468
2020-02-01,39,2032.786,6712.176,8744.962
2020-02-01,40,1963.194,6432.814,8396.008
2020-02-01,41,1700.452,6168.886,7869.338
2020-02-01,42,1480.224,6033.824,7514.048
2020-02-01,43,1028.814,5658.504,6687.318
2020-02-01,44,822.094,5496.262,6318.356
2020-02-01,45,751.904,5186.98,5938.884
2020-02-01,46,640.22,4658.1,5298.32
2020-02-01,47,569.024,3868.644,4437.668
2020-02-01,48,543.07,3604.968,4148.038
2020-02-02,1,512.546,3362.09,3874.636
2020-02-02,2,451.866,2979.006,3430.872
2020-02-02,3,455.968,2763.922,3219.89
2020-02-02,4,403.14,2767.576,3170.716
2020-02-02,5,332.87,2423.166,2756.036
2020-02-02,6,302.314,2303.21,2605.524
2020-02-02,7,337.448,2095.908,2433.356
2020-02-02,8,322.404,1789.738,2112.142
2020-02-02,9,339.634,1826.41,2166.044
2020-02-02,10,417.076,1917.372,2334.448
2020-02-02,11,491.572,1777.416,2268.988
2020-02-02,12,509.178,1799.826,2309.004
2020-02-02,13,534.478,2123.994,2658.472
2020-02-02,14,577.088,2679.85,3256.938
2020-02-02,15,640.946,3110.582,3751.528
2020-02-02,16,654.922,3283.038,3937.96
2020-02-02,17,750.616,3562.794,4313.41
2020-02-02,18,822.974,3728.798,4551.772
2020-02-02,19,970.71,3726.022,4696.732
2020-02-02,20,1164.578,3799.69,4964.268
2020-02-02,21,1327.532,4431.418,5758.95
2020-02-02,22,1453.644,4877.54,6331.184
2020-02-02,23,1526.252,5015.464,6541.716
2020-02-02,24,1642.962,5295.384,6938.346
2020-02-02,25,1755.076,5614.474,7369.55
2020-02-02,26,1984.416,5939.002,7923.418
2020-02-02,27,2161.822,6399.436,8561.258
2020-02-02,28,2214.19,6413.582,8627.772
2020-02-02,29,2376.498,6627.886,9004.384
2020-02-02,30,2557.608,6804.814,9362.422
2020-02-02,31,2629.102,6845.224,9474.326
2020-02-02,32,2475.46,6782.052,9257.512
2020-02-02,33,2633.65,6960.19,9593.84
2020-02-02,34,2780.508,7156.252,9936.76
2020-02-02,35,2535.672,7219.106,9754.778
2020-02-02,36,2626.698,7524.632,10151.33
2020-02-02,37,2594.578,7754.482,10349.06
2020-02-02,38,2679.426,7713.884,10393.31
2020-02-02,39,2634.34,7748.736,10383.076
2020-02-02,40,2752.832,7949.866,10702.698
2020-02-02,41,2800.322,8004.972,10805.294
2020-02-02,42,2872.33,8018.27,10890.6
2020-02-02,43,3040.126,8058.858,11098.984
2020-02-02,44,3005.88,8017.304,11023.184
2020-02-02,45,3223.596,8006.428,11230.024
2020-02-02,46,3246.228,7946.526,11192.754
2020-02-02,47,3109.892,7956.35,11066.242
2020-02-02,48,2953.358,8035.316,10988.674
2020-02-03,1,2968.052,8059.814,11027.866
2020-02-03,2,3033.434,8051.982,11085.416
2020-02-03,3,3013.552,8045.652,11059.204
2020-02-03,4,2911.406,8007.062,10918.468
2020-02-03,5,2735.97,7958.334,10694.304
2020-02-03,6,2757.484,7926.466,10683.95
2020-02-03,7,2711.482,7925.498,10636.98
2020-02-03,8,2829.558,7835.864,10665.422
2020-02-03,9,2776.474,7776.66,10553.134
2020-02-03,10,2686.132,7872.288,10558.42
2020-02-03,11,2602.558,7923.704,10526.262
2020-02-03,12,2759.768,7870.36,10630.128
2020-02-03,13,3154.138,7841.568,10995.706
2020-02-03,14,3463.394,7729.698,11193.092
2020-02-03,15,3774.804,7621.728,11396.532
2020-02-03,16,3711.892,7545.51,11257.402
2020-02-03,17,3752.542,7600.724,11353.266
2020-02-03,18,3775.936,7781.128,11557.064
2020-02-03,19,3877.718,7832.876,11710.594
2020-02-03,20,3973.71,7742.79,11716.5
2020-02-03,21,4150.846,7763.016,11913.862
2020-02-03,22,4200.998,7864.888,12065.886
2020-02-03,23,4188.78,7655.976,11844.756
2020-02-03,24,4234.534,7397.678,11632.212
2020-02-03,25,4127.006,7327.748,11454.754
2020-02-03,26,4330.53,7262.136,11592.666
2020-02-03,27,4498.392,7249.094,11747.486
2020-02-03,28,4430.244,7205.704,11635.948
2020-02-03,29,4393.12,6780.958,11174.078
2020-02-03,30,4344.03,6512.976,10857.006
2020-02-03,31,4294.554,6333.604,10628.158
2020-02-03,32,4492.302,6408.082,10900.384
2020-02-03,33,4261.678,6287.826,10549.504
2020-02-03,34,4342.632,6356.596,10699.228
2020-02-03,35,4540.23,6520.63,11060.86
2020-02-03,36,4597.62,6643.206,11240.826
2020-02-03,37,4604.704,6250.842,10855.546
2020-02-03,38,4601.306,6530.894,11132.2
2020-02-03,39,4363.714,6661.794,11025.508
2020-02-03,40,4245.566,7082.58,11328.146
2020-02-03,41,4245.002,7341.622,11586.624
2020-02-03,42,4163.696,7353.626,11517.322
2020-02-03,43,3892.744,7783.33,11676.074
2020-02-03,44,3701.984,7917.284,11619.268
2020-02-03,45,3568.14,8049.534,11617.674
2020-02-03,46,3610.858,8119.558,11730.416
2020-02-03,47,3410.968,8016.046,11427.014
2020-02-03,48,3117.806,7972.932,11090.738
2020-02-04,1,2961.974,7987.32,10949.294
2020-02-04,2,2986.14,8007.348,10993.488
2020-02-04,3,2809.004,8107.514,10916.518
2020-02-04,4,2779.91,8099.27,10879.18
2020-02-04,5,2741.43,8043.614,10785.044
2020-02-04,6,2729.802,8048.57,10778.372
2020-02-04,7,2666.18,8051.348,10717.528
2020-02-04,8,2659.132,8124.778,10783.91
2020-02-04,9,2612.842,8002.946,10615.788
2020-02-04,10,2590.804,7980.522,10571.326
2020-02-04,11,2533.862,7961.702,10495.564
2020-02-04,12,2601.996,7975.876,10577.872
2020-02-04,13,2724.68,8069.904,10794.584
2020-02-04,14,2838.85,8045.28,10884.13
2020-02-04,15,2786.478,7997.608,10784.086
2020-02-04,16,3019.674,7983.564,11003.238
2020-02-04,17,3463.214,8003.812,11467.026
2020-02-04,18,3868.534,8035.016,11903.55
2020-02-04,19,4084.954,8042.088,12127.042
2020-02-04,20,3893.526,8162.464,12055.99
2020-02-04,21,3674.098,8204.676,11878.774
2020-02-04,22,3531.368,8199.73,11731.098
2020-02-04,23,3371.588,8137.402,11508.99
2020-02-04,24,3088.068,8078.678,11166.746
2020-02-04,25,2873.878,8016.376,10890.254
2020-02-04,26,2760.268,7942.484,10702.752
2020-02-04,27,2602.716,7894.746,10497.462
2020-02-04,28,2434.028,7936.44,10370.468
2020-02-04,29,2325.562,7788.644,10114.206
2020-02-04,30,2208.164,7934.218,10142.382
2020-02-04,31,2079.784,7994.736,10074.52
2020-02-04,32,1948.91,7974.364,9923.274
2020-02-04,33,1818.084,7838.374,9656.458
2020-02-04,34,1749.956,7747.956,9497.912
2020-02-04,35,1625.05,7626.142,9251.192
2020-02-04,36,1775.2,7457.032,9232.232
2020-02-04,37,1734.416,7366.416,9100.832
2020-02-04,38,1639.258,7176.374,8815.632
2020-02-04,39,1672.48,6957.042,8629.522
2020-02-04,40,1604.94,6764.048,8368.988
2020-02-04,41,1508.56,6127.938,7636.498
2020-02-04,42,1485.218,5593.036,7078.254
2020-02-04,43,1539.68,5200.708,6740.388
2020-02-04,44,1591.852,4780.276,6372.128
2020-02-04,45,1698.138,4179.73,5877.868
2020-02-04,46,1775.028,3869.12,5644.148
2020-02-04,47,1805.768,3626.69,5432.458
2020-02-04,48,1814.97,3097.752,4912.722
2020-02-05,1,1878.012,2609.81,4487.822
2020-02-05,2,1874.096,2480.284,4354.38
2020-02-05,3,1832.224,2256.66,4088.884
2020-02-05,4,1803.41,2077.902,3881.312
2020-02-05,5,1805.508,1863.684,3669.192
2020-02-05,6,1663.132,1687.018,3350.15
2020-02-05,7,1670.54,1496.904,3167.444
2020-02-05,8,1723.072,1380.334,3103.406
2020-02-05,9,1824.294,1327.254,3151.548
2020-02-05,10,1810.596,1335.89,3146.486
2020-02-05,11,1880.73,1157.322,3038.052
2020-02-05,12,1935.524,998.25,2933.774
2020-02-05,13,2024.792,605.432,2630.224
2020-02-05,14,2097.376,505.706,2603.082
2020-02-05,15,2217.368,354.894,2572.262
2020-02-05,16,2423.83,333.764,2757.594
2020-02-05,17,2585.938,405.522,2991.46
2020-02-05,18,2656.422,421.312,3077.734
2020-02-05,19,2666.816,408.55,3075.366
2020-02-05,20,2684.04,424.724,3108.764
2020-02-05,21,2816.312,478.622,3294.934
2020-02-05,22,2860.62,510.878,3371.498
2020-02-05,23,2972.412,597.308,3569.72
2020-02-05,24,3048.566,792.796,3841.362
2020-02-05,25,3235.358,848.854,4084.212
2020-02-05,26,3442.862,846.582,4289.444
2020-02-05,27,3591.97,942.824,4534.794
2020-02-05,28,3668.194,978.278,4646.472
2020-02-05,29,3657.29,1055.924,4713.214
2020-02-05,30,3601.418,1213.044,4814.462
2020-02-05,31,3414.186,1263.51,4677.696
2020-02-05,32,3428.134,1356.132,4784.266
2020-02-05,33,3381.11,1347.958,4729.068
2020-02-05,34,3053.714,1312.684,4366.398
2020-02-05,35,2911.12,1330.468,4241.588
2020-02-05,36,2836.274,1360.544,4196.818
2020-02-05,37,2684.162,1386.564,4070.726
2020-02-05,38,2523.29,1466.378,3989.668
2020-02-05,39,2505.104,1406.94,3912.044
2020-02-05,40,2438.75,1334.246,3772.996
2020-02-05,41,2494.91,1338.084,3832.994
2020-02-05,42,2444.322,1321.332,3765.654
2020-02-05,43,2267.552,1251.494,3519.046
2020-02-05,44,2335.278,1248.696,3583.974
2020-02-05,45,2299.242,1168.678,3467.92
2020-02-05,46,2238.224,1158.194,3396.418
2020-02-05,47,2158.4,1218.124,3376.524
2020-02-05,48,2081.084,1313.916,3395
2020-02-06,1,2133.102,1321.8,3454.902
2020-02-06,2,2172.586,1516.256,3688.842
2020-02-06,3,2208.792,1571.032,3779.824
2020-02-06,4,2218.382,1628.354,3846.736
2020-02-06,5,2203.99,1535.994,3739.984
2020-02-06,6,2177.284,1344.92,3522.204
2020-02-06,7,2190.796,1242.436,3433.232
2020-02-06,8,2108.564,1147.826,3256.39
2020-02-06,9,2006.752,1056.7,3063.452
2020-02-06,10,1889.338,1052.732,2942.07
2020-02-06,11,1851.926,1084.786,2936.712
2020-02-06,12,1792.138,917.654,2709.792
2020-02-06,13,1740.486,763.266,2503.752
2020-02-06,14,1690.778,666.148,2356.926
2020-02-06,15,1678.35,559.714,2238.064
2020-02-06,16,1618.312,469.938,2088.25
2020-02-06,17,1608.006,376.324,1984.33
2020-02-06,18,1646.528,288.342,1934.87
2020-02-06,19,1679.25,245.674,1924.924
2020-02-06,20,1727.872,223.884,1951.756
2020-02-06,21,1743.326,210.05,1953.376
2020-02-06,22,1663.578,195.476,1859.054
2020-02-06,23,1652.468,191.382,1843.85
2020-02-06,24,1720.222,182.726,1902.948
2020-02-06,25,1655.916,194.814,1850.73
2020-02-06,26,1547.188,184.912,1732.1
2020-02-06,27,1477.968,177.502,1655.47
2020-02-06,28,1159.382,185.31,1344.692
2020-02-06,29,777.986,198.338,976.324
2020-02-06,30,705.756,209.562,915.318
2020-02-06,31,656.236,212.874,869.11
2020-02-06,32,622.736,233.122,855.858
2020-02-06,33,616.338,267.37,883.708
2020-02-06,34,698.378,361.036,1059.414
2020-02-06,35,826.598,413.496,1240.094
2020-02-06,36,946.72,524.242,1470.962
2020-02-06,37,1045.896,611.026,1656.922
2020-02-06,38,1099.68,732.996,1832.676
2020-02-06,39,1039.522,834.856,1874.378
2020-02-06,40,1116.308,939.244,2055.552
2020-02-06,41,1169.704,1078.492,2248.196
2020-02-06,42,1232.53,1264.808,2497.338
2020-02-06,43,1264.112,1393.518,2657.63
2020-02-06,44,1341.686,1562.038,2903.724
2020-02-06,45,1413.69,1752.688,3166.378
2020-02-06,46,1586.478,1807.45,3393.928
2020-02-06,47,1667.252,1888.814,3556.066
2020-02-06,48,1700.47,2041.032,3741.502
2020-02-07,1,1783.156,2153.314,3936.47
2020-02-07,2,1960.8,2117.07,4077.87
2020-02-07,3,2100.31,2027.194,4127.504
2020-02-07,4,2123.116,2225.014,4348.13
2020-02-07,5,2138.734,2525.662,4664.396
2020-02-07,6,2146.272,2807.676,4953.948
2020-02-07,7,2278.702,3024.988,5303.69
2020-02-07,8,2358.12,3230.742,5588.862
2020-02-07,9,2400.32,3267.57,5667.89
2020-02-07,10,2388.02,3462.5,5850.52
2020-02-07,11,2446.606,3704.418,6151.024
2020-02-07,12,2640.592,3961.598,6602.19
2020-02-07,13,2778.216,4273.446,7051.662
2020-02-07,14,3044.482,4626.444,7670.926
2020-02-07,15,3169.964,4868.11,8038.074
2020-02-07,16,3322.37,4916.912,8239.282
2020-02-07,17,3563.3,4847.102,8410.402
2020-02-07,18,3600.666,4995.358,8596.024
2020-02-07,19,3704.614,5160.026,8864.64
2020-02-07,20,3798.876,5449.098,9247.974
2020-02-07,21,3728.672,5466.45,9195.122
2020-02-07,22,3814.52,5517.176,9331.696
2020-02-07,23,3947.058,5446.11,9393.168
2020-02-07,24,4123.254,5374.426,9497.68
2020-02-07,25,4264.79,5412.096,9676.886
2020-02-07,26,4403.27,5478.056,9881.326
2020-02-07,27,4493.546,5628.51,10122.056
2020-02-07,28,4539.47,5843.118,10382.588
2020-02-07,29,4613.65,5774.104,10387.754
2020-02-07,30,4598.548,6051.85,10650.398
2020-02-07,31,4510.494,6896.162,11406.656
2020-02-07,32,4403.292,7007.838,11411.13
2020-02-07,33,4394.832,7087.076,11481.908
2020-02-07,34,4562.954,7175.62,11738.574
2020-02-07,35,4631.226,7395.274,12026.5
2020-02-07,36,4685.824,7522.304,12208.128
2020-02-07,37,4796.514,7720.742,12517.256
2020-02-07,38,4734.326,8013.058,12747.384
2020-02-07,39,4651.658,8069.542,12721.2
2020-02-07,40,4506.238,8204.162,12710.4
2020-02-07,41,4344.37,8245.166,12589.536
2020-02-07,42,4047.378,8226.184,12273.562
2020-02-07,43,3848.722,8136.596,11985.318
2020-02-07,44,3611.346,8112.058,11723.404
2020-02-07,45,3706.628,8121.872,11828.5
2020-02-07,46,3981.958,8096.264,12078.222
2020-02-07,47,3892.44,7989.404,11881.844
2020-02-07,48,3590.426,7991.34,11581.766
2020-02-08,1,3918.296,7809.846,11728.142
2020-02-08,2,4103.362,8019.272,12122.634
2020-02-08,3,3960.17,8100.694,12060.864
2020-02-08,4,3900.722,8097.492,11998.214
2020-02-08,5,3909.514,7950.926,11860.44
2020-02-08,6,3920.256,7965.474,11885.73
2020-02-08,7,3996.956,7905.526,11902.482
2020-02-08,8,3933.078,7773.184,11706.262
2020-02-08,9,3785.36,7889.76,11675.12
2020-02-08,10,3720.908,7672.222,11393.13
2020-02-08,11,3612.982,7619.264,11232.246
2020-02-08,12,3494.81,7760.884,11255.694
2020-02-08,13,3593.692,7701.44,11295.132
2020-02-08,14,4175.134,7747.038,11922.172
2020-02-08,15,4253.872,7427.018,11680.89
2020-02-08,16,4349.624,6979.79,11329.414
2020-02-08,17,4549.236,6517.004,11066.24
2020-02-08,18,4739.164,6185.868,10925.032
2020-02-08,19,4880.998,6062.902,10943.9
2020-02-08,20,4852.734,5894.882,10747.616
2020-02-08,21,4945.112,5725.36,10670.472
2020-02-08,22,4930.954,5703.32,10634.274
2020-02-08,23,4888.964,5331.102,10220.066
2020-02-08,24,4950.074,4979.646,9929.72
2020-02-08,25,5008.382,5108.686,10117.068
2020-02-08,26,4998.664,5357.26,10355.924
2020-02-08,27,5068.794,5399.924,10468.718
2020-02-08,28,5120.442,5559.436,10679.878
2020-02-08,29,5116.744,5849.416,10966.16
2020-02-08,30,5081.832,5897.346,10979.178
2020-02-08,31,5080.748,6095.936,11176.684
2020-02-08,32,5137.708,6293.89,11431.598
2020-02-08,33,4901.688,6539.884,11441.572
2020-02-08,34,4651.574,6978.486,11630.06
2020-02-08,35,4437.828,7422.248,11860.076
2020-02-08,36,4323.178,7533.472,11856.65
2020-02-08,37,4232.608,7570.644,11803.252
2020-02-08,38,4249.326,7435.606,11684.932
2020-02-08,39,4115.822,7684.532,11800.354
2020-02-08,40,4037.544,7778.102,11815.646
2020-02-08,41,3954.292,7744.412,11698.704
2020-02-08,42,3785.07,7967.792,11752.862
2020-02-08,43,3595.21,8000.796,11596.006
2020-02-08,44,3379.24,7826.13,11205.37
2020-02-08,45,3613.638,7653.728,11267.366
2020-02-08,46,3566.938,7874.074,11441.012
2020-02-08,47,3205.144,8121.018,11326.162
2020-02-08,48,3388.628,7985.506,11374.134
2020-02-09,1,3208.04,7769.52,10977.56
2020-02-09,2,3121.54,7727.94,10849.48
2020-02-09,3,3130.026,7725.958,10855.984
2020-02-09,4,3019.386,7742.424,10761.81
2020-02-09,5,2596.966,7695.66,10292.626
2020-02-09,6,2461.698,7766.208,10227.906
2020-02-09,7,2513.132,7850.202,10363.334
2020-02-09,8,2198.51,7778.52,9977.03
2020-02-09,9,2406,7798.56,10204.56
2020-02-09,10,2397.032,7602.028,9999.06
2020-02-09,11,2429.416,7482.56,9911.976
2020-02-09,12,2711.634,7488.542,10200.176
2020-02-09,13,2879.374,7445.96,10325.334
2020-02-09,14,3455.258,7075.442,10530.7
2020-02-09,15,4082.816,6742.052,10824.868
2020-02-09,16,4019.162,6064.444,10083.606
2020-02-09,17,4170.44,5189.022,9359.462
2020-02-09,18,4286.352,4731.048,9017.4
2020-02-09,19,4564.978,4163.514,8728.492
2020-02-09,20,4479.048,3433.466,7912.514
2020-02-09,21,4792.284,3839.528,8631.812
2020-02-09,22,4870.232,4072.92,8943.152
2020-02-09,23,4837.29,4065.414,8902.704
2020-02-09,24,4753.292,3707.188,8460.48
2020-02-09,25,4515.872,3485.374,8001.246
2020-02-09,26,4375.41,3589.162,7964.572
2020-02-09,27,4360.584,3932.38,8292.964
2020-02-09,28,4587.706,4618.804,9206.51
2020-02-09,29,4481.06,5106.512,9587.572
2020-02-09,30,4398.872,5256.11,9654.982
2020-02-09,31,4332.716,5930.69,10263.406
2020-02-09,32,4637.878,6261.444,10899.322
2020-02-09,33,4721.274,6531.648,11252.922
2020-02-09,34,4891.208,6743.6,11634.808
2020-02-09,35,4983.16,6843.204,11826.364
2020-02-09,36,5033.466,6942.64,11976.106
2020-02-09,37,5101.638,7033.536,12135.174
2020-02-09,38,5106.864,7203.206,12310.07
2020-02-09,39,4998.626,7439.158,12437.784
2020-02-09,40,4851.17,7288.3,12139.47
2020-02-09,41,4826.226,7596.432,12422.658
2020-02-09,42,4893.882,7867.304,12761.186
2020-02-09,43,4870.748,7959.922,12830.67
2020-02-09,44,4804.274,7920.09,12724.364
2020-02-09,45,4790.8,7803.03,12593.83
2020-02-09,46,4627.444,7641.414,12268.858
2020-02-09,47,4571.158,7816.052,12387.21
2020-02-09,48,4481.996,7917.096,12399.092
2020-02-10,1,4419.924,7878.462,12298.386
2020-02-10,2,4372.684,7902.152,12274.836
2020-02-10,3,4442.356,7873.696,12316.052
2020-02-10,4,4396.154,7855.294,12251.448
2020-02-10,5,4045.32,7802.832,11848.152
2020-02-10,6,4015.132,7769.51,11784.642
2020-02-10,7,4190.538,7785.502,11976.04
2020-02-10,8,4149.06,7648.122,11797.182
2020-02-10,9,4146.492,7684.308,11830.8
2020-02-10,10,3963.326,7802.616,11765.942
2020-02-10,11,4065.288,7803.074,11868.362
2020-02-10,12,4086.562,7839.702,11926.264
2020-02-10,13,4297.95,7949.718,12247.668
2020-02-10,14,4492.248,8037.612,12529.86
2020-02-10,15,4643.282,8064.562,12707.844
2020-02-10,16,4680.436,8107.996,12788.432
2020-02-10,17,4776.54,8187.192,12963.732
2020-02-10,18,4859.95,8213.652,13073.602
2020-02-10,19,4967.38,8224.39,13191.77
2020-02-10,20,4982.188,8305.456,13287.644
2020-02-10,21,4967.35,8361.93,13329.28
2020-02-10,22,4923.75,8276.86,13200.61
2020-02-10,23,5026.99,8271.392,13298.382
2020-02-10,24,5023.766,8276.266,13300.032
2020-02-10,25,5046.918,8317.754,13364.672
2020-02-10,26,5114.918,8332.674,13447.592
2020-02-10,27,5016.034,8307.336,13323.37
2020-02-10,28,4856.042,8321.246,13177.288
2020-02-10,29,4836.316,8288.986,13125.302
2020-02-10,30,4884.602,8304.398,13189
2020-02-10,31,4831.62,8113.186,12944.806
2020-02-10,32,4946.492,8010.794,12957.286
2020-02-10,33,4974.256,7734.836,12709.092
2020-02-10,34,5293.126,7665.894,12959.02
2020-02-10,35,5413.23,7897.096,13310.326
2020-02-10,36,5489.19,8051.42,13540.61
2020-02-10,37,5363.188,8053.454,13416.642
2020-02-10,38,5326.724,7665.888,12992.612
2020-02-10,39,5326.858,7869.642,13196.5
2020-02-10,40,5195.692,7746.314,12942.006
2020-02-10,41,5106.22,7537.776,12643.996
2020-02-10,42,5060.472,7459.948,12520.42
2020-02-10,43,4854.506,7481.996,12336.502
2020-02-10,44,4774.596,7492.586,12267.182
2020-02-10,45,4782.002,7433.474,12215.476
2020-02-10,46,4627.34,7511.758,12139.098
2020-02-10,47,4383.618,7299.544,11683.162
2020-02-10,48,4531.938,7139.758,11671.696
2020-02-11,1,4543.104,7177.194,11720.298
2020-02-11,2,4561.574,7167.098,11728.672
2020-02-11,3,4593.366,7115.572,11708.938
2020-02-11,4,4435.514,7012.686,11448.2
2020-02-11,5,4447.932,7107.878,11555.81
2020-02-11,6,4426.79,7261.102,11687.892
2020-02-11,7,4495.164,7428.914,11924.078
2020-02-11,8,4484.006,7473.584,11957.59
2020-02-11,9,4488.828,7506.854,11995.682
2020-02-11,10,4416.686,7532.124,11948.81
2020-02-11,11,4311.578,7557.876,11869.454
2020-02-11,12,4269.712,7562.828,11832.54
2020-02-11,13,4432.284,7622.12,12054.404
2020-02-11,14,4802.21,7815.966,12618.176
2020-02-11,15,4912.334,7930.584,12842.918
2020-02-11,16,4987.258,7953.078,12940.336
2020-02-11,17,4877.038,7981.544,12858.582
2020-02-11,18,4987.944,8073.85,13061.794
2020-02-11,19,4994.83,8084.784,13079.614
2020-02-11,20,4995.984,8107.222,13103.206
2020-02-11,21,5016.748,8090.132,13106.88
2020-02-11,22,5045.344,8077.844,13123.188
2020-02-11,23,5139.128,8090.306,13229.434
2020-02-11,24,5075.906,7979.468,13055.374
2020-02-11,25,5025.834,7901.044,12926.878
2020-02-11,26,5023.012,7910.05,12933.062
2020-02-11,27,4874.084,7968.09,12842.174
2020-02-11,28,4825.072,7868.602,12693.674
2020-02-11,29,4755.906,8014.74,12770.646
2020-02-11,30,4796.958,8057.982,12854.94
2020-02-11,31,4814.954,7986.09,12801.044
2020-02-11,32,4827.8,7930.728,12758.528
2020-02-11,33,4888.14,7962.704,12850.844
2020-02-11,34,4886.934,8002.374,12889.308
2020-02-11,35,4950.388,8089.746,13040.134
2020-02-11,36,4918.264,8066.312,12984.576
2020-02-11,37,4983.468,8061.85,13045.318
2020-02-11,38,4996.196,8019.452,13015.648
2020-02-11,39,4928.318,8123.042,13051.36
2020-02-11,40,4851.93,8052.708,12904.638
2020-02-11,41,4884.17,8042.36,12926.53
2020-02-11,42,4773.698,8088.812,12862.51
2020-02-11,43,4754.878,8070.668,12825.546
2020-02-11,44,4692.25,8090.124,12782.374
2020-02-11,45,4439.524,8088.342,12527.866
2020-02-11,46,4616.024,8079.598,12695.622
2020-02-11,47,4552.124,8059.344,12611.468
2020-02-11,48,4259.156,8029.55,12288.706
2020-02-12,1,4545.856,8070.334,12616.19
2020-02-12,2,4545.204,8045.024,12590.228
2020-02-12,3,4648.43,8037.892,12686.322
2020-02-12,4,4747.116,8023.102,12770.218
2020-02-12,5,4745.35,8022.66,12768.01
2020-02-12,6,4664.306,8041.454,12705.76
2020-02-12,7,4648.776,8040.9,12689.676
2020-02-12,8,4681.33,8052.918,12734.248
2020-02-12,9,4655.654,8060.294,12715.948
2020-02-12,10,4514.23,8053.712,12567.942
2020-02-12,11,4493.058,8075.446,12568.504
2020-02-12,12,4525.506,8169.952,12695.458
2020-02-12,13,4608.29,8143.848,12752.138
2020-02-12,14,4857.91,8138.782,12996.692
2020-02-12,15,4696.712,8089.442,12786.154
2020-02-12,16,4450.714,8080.986,12531.7
2020-02-12,17,4691.95,8069.894,12761.844
2020-02-12,18,4830.028,8075.624,12905.652
2020-02-12,19,4838.38,8100.86,12939.24
2020-02-12,20,4589.042,8067.952,12656.994
2020-02-12,21,4654.696,8089.734,12744.43
2020-02-12,22,4600.586,8124.798,12725.384
2020-02-12,23,4407.206,8117.128,12524.334
2020-02-12,24,4777.786,8121.078,12898.864
2020-02-12,25,4776.596,8067.182,12843.778
2020-02-12,26,4587.504,8065.37,12652.874
2020-02-12,27,4196.47,8086.11,12282.58
2020-02-12,28,4210.794,7989.9,12200.694
2020-02-12,29,4494.624,7866.67,12361.294
2020-02-12,30,4234.122,7720.58,11954.702
2020-02-12,31,3929.084,7308.122,11237.206
2020-02-12,32,3693.984,6751.748,10445.732
2020-02-12,33,3482.702,6152.254,9634.956
2020-02-12,34,3092.01,5893.906,8985.916
2020-02-12,35,2850.72,5345.214,8195.934
2020-02-12,36,2733.068,4694.062,7427.13
2020-02-12,37,2503.358,4577.298,7080.656
2020-02-12,38,2237.584,4528.35,6765.934
2020-02-12,39,2074.692,4373.494,6448.186
2020-02-12,40,1898.664,4455.852,6354.516
2020-02-12,41,1878.894,4493.626,6372.52
2020-02-12,42,1881.516,4690.316,6571.832
2020-02-12,43,1817.754,4926.082,6743.836
2020-02-12,44,1651.688,5227.776,6879.464
2020-02-12,45,1911.322,6012.68,7924.002
2020-02-12,46,1948.83,6005.138,7953.968
2020-02-12,47,1984.56,6139.754,8124.314
2020-02-12,48,2078.806,6063.376,8142.182
2020-02-13,1,2205.43,6087.666,8293.096
2020-02-13,2,2162.588,6348.928,8511.516
2020-02-13,3,2215.02,6855.722,9070.742
2020-02-13,4,2345.612,7267.372,9612.984
2020-02-13,5,2487.144,7606.806,10093.95
2020-02-13,6,2503.432,7582.164,10085.596
2020-02-13,7,2459.052,7843.846,10302.898
2020-02-13,8,2593.306,7947.864,10541.17
2020-02-13,9,2678.138,7960.156,10638.294
2020-02-13,10,2802.106,7954.796,10756.902
2020-02-13,11,2937.022,7758.652,10695.674
2020-02-13,12,2971.928,7729.138,10701.066
2020-02-13,13,2868.832,7507.326,10376.158
2020-02-13,14,2711.55,7355.48,10067.03
2020-02-13,15,2641.604,7158.186,9799.79
2020-02-13,16,2545.796,6872.334,9418.13
2020-02-13,17,2439.104,6567.166,9006.27
2020-02-13,18,2268.632,6257.072,8525.704
2020-02-13,19,2108.194,5812.258,7920.452
2020-02-13,20,1803.462,5566.758,7370.22
2020-02-13,21,1637.788,5335.952,6973.74
2020-02-13,22,1588.35,5234.066,6822.416
2020-02-13,23,1538.902,5132.196,6671.098
2020-02-13,24,1489.464,5030.308,6519.772
2020-02-13,25,1561.614,4792.64,6354.254
2020-02-13,26,1748.736,4621.05,6369.786
2020-02-13,27,1947.43,4452.956,6400.386
2020-02-13,28,1999.572,3805.352,5804.924
2020-02-13,29,1959.78,3563.422,5523.202
2020-02-13,30,2001,3366.12,5367.12
2020-02-13,31,1927.446,3458.306,5385.752
2020-02-13,32,1751.894,3922.248,5674.142
2020-02-13,33,1401.49,4209.342,5610.832
2020-02-13,34,1096.55,4422.756,5519.306
2020-02-13,35,819.966,4367.928,5187.894
2020-02-13,36,733.576,4521.634,5255.21
2020-02-13,37,610.256,4762.902,5373.158
2020-02-13,38,450.506,5082.37,5532.876
2020-02-13,39,306.84,5438.258,5745.098
2020-02-13,40,199.576,5265.136,5464.712
2020-02-13,41,169.834,5140.774,5310.608
2020-02-13,42,154.14,5097.424,5251.564
2020-02-13,43,149.14,4944.138,5093.278
2020-02-13,44,165.036,4614.468,4779.504
2020-02-13,45,215.676,4466.35,4682.026
2020-02-13,46,289.106,4376.35,4665.456
2020-02-13,47,399.068,4063.318,4462.386
2020-02-13,48,605.346,3721.932,4327.278
2020-02-14,1,948.236,3394.142,4342.378
2020-02-14,2,1211.518,3139.608,4351.126
2020-02-14,3,1493.036,2677.858,4170.894
2020-02-14,4,1830.178,2090.23,3920.408
2020-02-14,5,2276.77,1603.9,3880.67
2020-02-14,6,2604.454,1340.676,3945.13
2020-02-14,7,2856.132,1519.862,4375.994
2020-02-14,8,3399.738,1435.456,4835.194
2020-02-14,9,4075.95,1364.152,5440.102
2020-02-14,10,4202.648,1446.978,5649.626
2020-02-14,11,4265.906,1655.032,5920.938
2020-02-14,12,4276.75,1806.212,6082.962
2020-02-14,13,4557.71,2071.128,6628.838
2020-02-14,14,4674.238,2398.166,7072.404
2020-02-14,15,4775.304,2733.224,7508.528
2020-02-14,16,4829.714,3029.192,7858.906
2020-02-14,17,5006.73,3678.732,8685.462
2020-02-14,18,5040.756,4186.078,9226.834
2020-02-14,19,4864.318,4866.224,9730.542
2020-02-14,20,4887.61,5440.082,10327.692
2020-02-14,21,4924.014,5785.652,10709.666
2020-02-14,22,4916.32,6240.348,11156.668
2020-02-14,23,4984.5,6587.018,11571.518
2020-02-14,24,5091.758,6879.166,11970.924
2020-02-14,25,5187.916,7066.072,12253.988
2020-02-14,26,5273.84,7115.58,12389.42
2020-02-14,27,5181.078,7225.102,12406.18
2020-02-14,28,5065.746,7368.31,12434.056
2020-02-14,29,5033.076,7384.322,12417.398
2020-02-14,30,4953.854,7539.912,12493.766
2020-02-14,31,5001.888,7834.884,12836.772
2020-02-14,32,4890.4,8079.45,12969.85
2020-02-14,33,4975.436,8049.178,13024.614
2020-02-14,34,4849.568,7993.08,12842.648
2020-02-14,35,4666.724,7727.84,12394.564
2020-02-14,36,4692.342,7315.99,12008.332
2020-02-14,37,4568.708,6901.596,11470.304
2020-02-14,38,4625.582,6790.058,11415.64
2020-02-14,39,4526.816,6898.51,11425.326
2020-02-14,40,4223.352,7302.168,11525.52
2020-02-14,41,3946.434,7039.198,10985.632
2020-02-14,42,3784.112,7012.052,10796.164
2020-02-14,43,3422.478,6849.06,10271.538
2020-02-14,44,3306.152,6851.804,10157.956
2020-02-14,45,3336.018,7030.07,10366.088
2020-02-14,46,3419.492,6923.204,10342.696
2020-02-14,47,3393.428,6658.476,10051.904
2020-02-14,48,3239.822,6620.9,9860.722
2020-02-15,1,3202.296,6671.388,9873.684
2020-02-15,2,3224.598,6331.162,9555.76
2020-02-15,3,3387.76,6241.054,9628.814
2020-02-15,4,3283.804,6487.486,9771.29
2020-02-15,5,3301.956,6208.978,9510.934
2020-02-15,6,3453.472,5970.006,9423.478
2020-02-15,7,3528.824,6140.886,9669.71
2020-02-15,8,3533.598,6498.522,10032.12
2020-02-15,9,3527.736,6665.274,10193.01
2020-02-15,10,3366.67,7329.972,10696.642
2020-02-15,11,3460.956,7676.53,11137.486
2020-02-15,12,3186.128,7691.112,10877.24
2020-02-15,13,3084.954,7792.942,10877.896
2020-02-15,14,3107.538,7949.79,11057.328
2020-02-15,15,2937.69,7951.266,10888.956
2020-02-15,16,3096.788,8097.078,11193.866
2020-02-15,17,3479.174,8094.87,11574.044
2020-02-15,18,3889.192,8121.996,12011.188
2020-02-15,19,3975.65,8248.518,12224.168
2020-02-15,20,4046.532,8367.914,12414.446
2020-02-15,21,4205.264,8392.636,12597.9
2020-02-15,22,4535.752,8370.87,12906.622
2020-02-15,23,4629.494,8329.598,12959.092
2020-02-15,24,4649.744,8304.728,12954.472
2020-02-15,25,4753.534,8289.432,13042.966
2020-02-15,26,4628.008,8255.208,12883.216
2020-02-15,27,4443.478,8204.4,12647.878
2020-02-15,28,4585.772,8188.736,12774.508
2020-02-15,29,4564.09,8182.706,12746.796
2020-02-15,30,4559.39,8029.03,12588.42
2020-02-15,31,4650.184,7875.146,12525.33
2020-02-15,32,4536.216,7612.182,12148.398
2020-02-15,33,4674.58,7622.004,12296.584
2020-02-15,34,4905.534,7745.872,12651.406
2020-02-15,35,4878.622,7561.014,12439.636
2020-02-15,36,4803.086,7358.726,12161.812
2020-02-15,37,4707.178,7011.73,11718.908
2020-02-15,38,4764.868,6594.356,11359.224
2020-02-15,39,4680.006,6394.056,11074.062
2020-02-15,40,4765.546,6340.772,11106.318
2020-02-15,41,4741.218,6033.068,10774.286
2020-02-15,42,4618.43,5883.324,10501.754
2020-02-15,43,4446.404,6173.46,10619.864
2020-02-15,44,4222.78,6424.888,10647.668
2020-02-15,45,4033.966,6687.416,10721.382
2020-02-15,46,4095.864,7030.874,11126.738
2020-02-15,47,3838.596,7310.458,11149.054
2020-02-15,48,3865.906,7357.218,11223.124
2020-02-16,1,3946.408,7255.466,11201.874
2020-02-16,2,4303.3,7217.176,11520.476
2020-02-16,3,4443.078,7008.526,11451.604
2020-02-16,4,4102.354,6739.888,10842.242
2020-02-16,5,3780.89,6459.754,10240.644
2020-02-16,6,3977.39,6079.09,10056.48
2020-02-16,7,4101.768,5956.276,10058.044
2020-02-16,8,3956.954,5663.712,9620.666
2020-02-16,9,4068.826,5550.156,9618.982
2020-02-16,10,4098.744,5554.656,9653.4
2020-02-16,11,4150.908,5590.578,9741.486
2020-02-16,12,4035.982,5691.264,9727.246
2020-02-16,13,4169.068,5873.636,10042.704
2020-02-16,14,4212.74,6329.56,10542.3
2020-02-16,15,4180.906,6641.104,10822.01
2020-02-16,16,4207.614,6916.168,11123.782
2020-02-16,17,3920.152,7013.762,10933.914
2020-02-16,18,3877.258,7171.364,11048.622
2020-02-16,19,3993.762,7372.664,11366.426
2020-02-16,20,4373.466,7697.242,12070.708
2020-02-16,21,4575.83,8067.508,12643.338
2020-02-16,22,4539.244,8118.332,12657.576
2020-02-16,23,4578.788,8083.566,12662.354
2020-02-16,24,4689.522,7997.476,12686.998
2020-02-16,25,4619.596,7926.67,12546.266
2020-02-16,26,4604.824,7819.84,12424.664
2020-02-16,27,4707.894,7774.41,12482.304
2020-02-16,28,4754.14,7725.528,12479.668
2020-02-16,29,4663.152,7856.16,12519.312
2020-02-16,30,4651.786,7948.59,12600.376
2020-02-16,31,4584.396,7970.948,12555.344
2020-02-16,32,4630.72,7986.71,12617.43
2020-02-16,33,4721.47,7857.104,12578.574
2020-02-16,34,4713.248,7598.28,12311.528
2020-02-16,35,4878.198,8044.512,12922.71
2020-02-16,36,4965.754,8007.97,12973.724
2020-02-16,37,4935.602,7900.616,12836.218
2020-02-16,38,4916.732,7944.19,12860.922
2020-02-16,39,4757.152,8075.766,12832.918
2020-02-16,40,4566.984,8117.948,12684.932
2020-02-16,41,4546.024,8086.694,12632.718
2020-02-16,42,4507.162,8134.888,12642.05
2020-02-16,43,4367.01,8082.882,12449.892
2020-02-16,44,4102.276,7965.424,12067.7
2020-02-16,45,3967.656,7862.136,11829.792
2020-02-16,46,3954.34,7636.262,11590.602
2020-02-16,47,3708.56,7593.424,11301.984
2020-02-16,48,3541.974,7495.116,11037.09
2020-02-17,1,3512.318,7342.532,10854.85
2020-02-17,2,3611.206,7446.396,11057.602
2020-02-17,3,3739.62,7502.786,11242.406
2020-02-17,4,3817.18,7501.798,11318.978
2020-02-17,5,3911.85,7440.906,11352.756
2020-02-17,6,3923.186,7434.342,11357.528
2020-02-17,7,3999.74,7450.866,11450.606
2020-02-17,8,4054.388,7534.802,11589.19
2020-02-17,9,4085.292,7763.492,11848.784
2020-02-17,10,4151.652,7840.37,11992.022
2020-02-17,11,4202.834,7887.392,12090.226
2020-02-17,12,4364.678,7944.434,12309.112
2020-02-17,13,4456.184,8110.414,12566.598
2020-02-17,14,4495.852,8167.542,12663.394
2020-02-17,15,4571.196,8130.338,12701.534
2020-02-17,16,4590.576,8148.282,12738.858
2020-02-17,17,4677.944,8165.442,12843.386
2020-02-17,18,4645.4,8137.138,12782.538
2020-02-17,19,4433.978,8113.728,12547.706
2020-02-17,20,4342.236,8119.388,12461.624
2020-02-17,21,4283.612,8155.318,12438.93
2020-02-17,22,4376.156,8151.6,12527.756
2020-02-17,23,4457.446,8151.92,12609.366
2020-02-17,24,4529.054,8157.116,12686.17
2020-02-17,25,4533.494,8141.454,12674.948
2020-02-17,26,4573.432,8151.262,12724.694
2020-02-17,27,4523.648,8148.142,12671.79
2020-02-17,28,4534.504,8138.052,12672.556
2020-02-17,29,4569.874,8125.89,12695.764
2020-02-17,30,4534.414,8095.418,12629.832
2020-02-17,31,4520.856,8026.754,12547.61
2020-02-17,32,4480.114,7987.98,12468.094
2020-02-17,33,4516.092,7955.154,12471.246
2020-02-17,34,4442.826,8062.864,12505.69
2020-02-17,35,4489.654,8098.322,12587.976
2020-02-17,36,4514.008,8038.726,12552.734
2020-02-17,37,4605.02,8114.822,12719.842
2020-02-17,38,4643.522,8075.854,12719.376
2020-02-17,39,4695.602,8101.396,12796.998
2020-02-17,40,4530.73,8012.888,12543.618
2020-02-17,41,4418.43,8020.55,12438.98
2020-02-17,42,4319.07,7984.622,12303.692
2020-02-17,43,4321.884,7961.73,12283.614
2020-02-17,44,4214.744,8032.052,12246.796
2020-02-17,45,4216.314,8117.498,12333.812
2020-02-17,46,4125.008,8066.754,12191.762
2020-02-17,47,3963.822,7998.916,11962.738
2020-02-17,48,3927.166,8090.614,12017.78
2020-02-18,1,3859.854,8105.53,11965.384
2020-02-18,2,3772.074,8051.442,11823.516
2020-02-18,3,3850.802,8026.95,11877.752
2020-02-18,4,3820.452,7989.65,11810.102
2020-02-18,5,3722.566,7976.508,11699.074
2020-02-18,6,3850.592,7956.858,11807.45
2020-02-18,7,3824.01,7904.256,11728.266
2020-02-18,8,3906.2,7961.658,11867.858
2020-02-18,9,3845.526,8005.008,11850.534
2020-02-18,10,3640.282,8037.332,11677.614
2020-02-18,11,3823.32,8064.384,11887.704
2020-02-18,12,3895.834,8113.912,12009.746
2020-02-18,13,3865.266,8089.538,11954.804
2020-02-18,14,4193.882,8079.744,12273.626
2020-02-18,15,4226.666,8115.206,12341.872
2020-02-18,16,4155.486,8115.264,12270.75
2020-02-18,17,4301.092,8081.618,12382.71
2020-02-18,18,4374.348,8048.824,12423.172
2020-02-18,19,4390.422,8064.976,12455.398
2020-02-18,20,4419.008,8072.428,12491.436
2020-02-18,21,4441.15,8123.586,12564.736
2020-02-18,22,4424.912,8120.294,12545.206
2020-02-18,23,4404.442,8100.402,12504.844
2020-02-18,24,4388.888,8100.662,12489.55
2020-02-18,25,4347.384,8096.58,12443.964
2020-02-18,26,4247.226,8104.98,12352.206
2020-02-18,27,4255.778,8147.524,12403.302
2020-02-18,28,4319.576,8163.256,12482.832
2020-02-18,29,4277.174,8130.288,12407.462
2020-02-18,30,4192.204,8110.906,12303.11
2020-02-18,31,4181.48,8195.272,12376.752
2020-02-18,32,3843.806,8156.84,12000.646
2020-02-18,33,3784.27,8106.626,11890.896
2020-02-18,34,4064.972,8144.8,12209.772
2020-02-18,35,4376.36,8150.392,12526.752
2020-02-18,36,4281.346,8117.518,12398.864
2020-02-18,37,4337.59,8164.934,12502.524
2020-02-18,38,4507.394,8171.652,12679.046
2020-02-18,39,4212.542,8196.59,12409.132
2020-02-18,40,4264.248,8176.208,12440.456
2020-02-18,41,4247.494,8135.224,12382.718
2020-02-18,42,4169.42,8151.308,12320.728
2020-02-18,43,4233.34,8167.49,12400.83
2020-02-18,44,4046.426,8199.546,12245.972
2020-02-18,45,3991.71,8191.85,12183.56
2020-02-18,46,4075.488,8187.204,12262.692
2020-02-18,47,4124.306,8160.342,12284.648
2020-02-18,48,4070.416,8168.394,12238.81
2020-02-19,1,4089.47,8174.046,12263.516
2020-02-19,2,3969.924,8113.698,12083.622
2020-02-19,3,3904.514,8131.578,12036.092
2020-02-19,4,3867.232,8191.924,12059.156
2020-02-19,5,3741.028,8152.37,11893.398
2020-02-19,6,3633.626,8077.546,11711.172
2020-02-19,7,3559.016,8003.39,11562.406
2020-02-19,8,3428.368,7993.138,11421.506
2020-02-19,9,3361.152,7977.308,11338.46
2020-02-19,10,3238.224,7883.48,11121.704
2020-02-19,11,3051.342,7739.158,10790.5
2020-02-19,12,3138.808,7696.248,10835.056
2020-02-19,13,3046.928,7742.592,10789.52
2020-02-19,14,3106.416,7803.102,10909.518
2020-02-19,15,3043.022,7583.854,10626.876
2020-02-19,16,2944.062,7411.914,10355.976
2020-02-19,17,2980.312,7358.284,10338.596
2020-02-19,18,3064.202,7260.848,10325.05
2020-02-19,19,3197.47,7123.37,10320.84
2020-02-19,20,3123.012,7315.36,10438.372
2020-02-19,21,3215.918,7260.008,10475.926
2020-02-19,22,3217.112,6834.736,10051.848
2020-02-19,23,3312.352,6378.114,9690.466
2020-02-19,24,3375.792,6362.336,9738.128
2020-02-19,25,3702.08,6471.568,10173.648
2020-02-19,26,3886.754,6648.3,10535.054
2020-02-19,27,4084.234,6669.308,10753.542
2020-02-19,28,4158.616,7229.406,11388.022
2020-02-19,29,4203.52,7325.324,11528.844
2020-02-19,30,4427.148,7351.78,11778.928
2020-02-19,31,4381.076,7020.6,11401.676
2020-02-19,32,4365.934,6755.474,11121.408
2020-02-19,33,4394.902,6983.546,11378.448
2020-02-19,34,4417.376,7404.15,11821.526
2020-02-19,35,4473.102,7682.478,12155.58
2020-02-19,36,4493.616,7858.004,12351.62
2020-02-19,37,4559.138,7946.95,12506.088
2020-02-19,38,4537.346,7915.582,12452.928
2020-02-19,39,4412.104,7886.866,12298.97
2020-02-19,40,4360.408,7876.018,12236.426
2020-02-19,41,4298.434,7876.54,12174.974
2020-02-19,42,4165.802,7967.194,12132.996
2020-02-19,43,3920.72,8044.78,11965.5
2020-02-19,44,3703.764,7980.502,11684.266
2020-02-19,45,3404.872,7954.824,11359.696
2020-02-19,46,3286.044,7964.424,11250.468
2020-02-19,47,3243.32,7930.892,11174.212
2020-02-19,48,3299.152,7954.292,11253.444
2020-02-20,1,3261.692,7962.032,11223.724
2020-02-20,2,3208.582,7971.994,11180.576
2020-02-20,3,3293.992,7954.08,11248.072
2020-02-20,4,3566.716,7934.538,11501.254
2020-02-20,5,3757.78,7941.032,11698.812
2020-02-20,6,3860.954,7983.792,11844.746
2020-02-20,7,3843.552,7981.508,11825.06
2020-02-20,8,3701.592,8026.024,11727.616
2020-02-20,9,3389.246,7961.324,11350.57
2020-02-20,10,2996.272,7978.1,10974.372
2020-02-20,11,2623.45,7993.742,10617.192
2020-02-20,12,2430.478,8071.658,10502.136
2020-02-20,13,2600.326,8093.74,10694.066
2020-02-20,14,2694.514,8086.884,10781.398
2020-02-20,15,2835.316,8175.006,11010.322
2020-02-20,16,3155.498,8053.132,11208.63
2020-02-20,17,3091.206,7917.772,11008.978
2020-02-20,18,2943.868,7938.498,10882.366
2020-02-20,19,3044.656,8110.172,11154.828
2020-02-20,20,3444.662,8098.078,11542.74
2020-02-20,21,3435.9,8106.292,11542.192
2020-02-20,22,3619.546,8049.45,11668.996
2020-02-20,23,3738.216,8046.864,11785.08
2020-02-20,24,3984.736,8100.696,12085.432
2020-02-20,25,4036.842,8128.932,12165.774
2020-02-20,26,3796.856,8119.91,11916.766
2020-02-20,27,4099.682,7817.026,11916.708
2020-02-20,28,4142.238,7769.114,11911.352
2020-02-20,29,4270.562,8043.35,12313.912
2020-02-20,30,4286.084,7928.332,12214.416
2020-02-20,31,4308.46,7689.974,11998.434
2020-02-20,32,4337.624,7906.816,12244.44
2020-02-20,33,4303.832,7976.11,12279.942
2020-02-20,34,4341.144,7854.222,12195.366
2020-02-20,35,4339.182,8101.332,12440.514
2020-02-20,36,4385.18,8126.458,12511.638
2020-02-20,37,4376.226,8114.006,12490.232
2020-02-20,38,4513.804,8124.586,12638.39
2020-02-20,39,4576.712,8139.744,12716.456
2020-02-20,40,4483.992,8149.654,12633.646
2020-02-20,41,4331.58,8147.55,12479.13
2020-02-20,42,4470.552,8128.226,12598.778
2020-02-20,43,4426.844,8112.854,12539.698
2020-02-20,44,4366.102,8134.172,12500.274
2020-02-20,45,4263.566,8116.176,12379.742
2020-02-20,46,4157.102,8048.556,12205.658
2020-02-20,47,4039.066,8070.124,12109.19
2020-02-20,48,3999.15,8030.178,12029.328
2020-02-21,1,3961.326,8021.404,11982.73
2020-02-21,2,3884.562,8032.3,11916.862
2020-02-21,3,3846.138,7974.832,11820.97
2020-02-21,4,3810.592,8024.788,11835.38
2020-02-21,5,3651.218,8030.088,11681.306
2020-02-21,6,3682.568,7996.136,11678.704
2020-02-21,7,3696.11,8033.268,11729.378
2020-02-21,8,3720.88,7997.54,11718.42
2020-02-21,9,3722.05,7982.046,11704.096
2020-02-21,10,3744.38,7940.97,11685.35
2020-02-21,11,3755.612,7972.674,11728.286
2020-02-21,12,3762.854,7973.274,11736.128
2020-02-21,13,3753.128,7926.998,11680.126
2020-02-21,14,4149.504,8028.936,12178.44
2020-02-21,15,4364.222,8025.906,12390.128
2020-02-21,16,4479.78,8015.878,12495.658
2020-02-21,17,4564.432,8039.326,12603.758
2020-02-21,18,4496.084,8057.002,12553.086
2020-02-21,19,4487.054,8064.494,12551.548
2020-02-21,20,4532.816,8085.03,12617.846
2020-02-21,21,4562.384,8083.708,12646.092
2020-02-21,22,4497.968,8096.054,12594.022
2020-02-21,23,4490.514,8111.734,12602.248
2020-02-21,24,4509.876,8089.624,12599.5
2020-02-21,25,4520.508,8092.14,12612.648
2020-02-21,26,4549.612,8129.058,12678.67
2020-02-21,27,4505.652,8174.388,12680.04
2020-02-21,28,4488.5,8176.562,12665.062
2020-02-21,29,4493.832,8175.16,12668.992
2020-02-21,30,4490.248,8175.484,12665.732
2020-02-21,31,4528.65,8171.02,12699.67
2020-02-21,32,4715.494,8149.428,12864.922
2020-02-21,33,4653.182,8143.846,12797.028
2020-02-21,34,4639.032,8132.946,12771.978
2020-02-21,35,4939.604,8093.128,13032.732
2020-02-21,36,4923.886,8128.604,13052.49
2020-02-21,37,4907.186,8123.686,13030.872
2020-02-21,38,4953.462,8084.764,13038.226
2020-02-21,39,4941.908,7974.358,12916.266
2020-02-21,40,4933.742,7931.516,12865.258
2020-02-21,41,4840.934,7978.622,12819.556
2020-02-21,42,4800.106,7975,12775.106
2020-02-21,43,4753.59,7965.058,12718.648
2020-02-21,44,4579.194,7873.956,12453.15
2020-02-21,45,4457.646,7787.788,12245.434
2020-02-21,46,4427.658,7745.44,12173.098
2020-02-21,47,4093.452,7718.046,11811.498
2020-02-21,48,3670.156,7567.04,11237.196
2020-02-22,1,3410.5,7606.208,11016.708
2020-02-22,2,3395.806,7578.622,10974.428
2020-02-22,3,3446.042,7539.574,10985.616
2020-02-22,4,3712.69,7554.904,11267.594
2020-02-22,5,3388.342,7598.92,10987.262
2020-02-22,6,3717.72,7776.07,11493.79
2020-02-22,7,3887.372,7815.002,11702.374
2020-02-22,8,3978.192,7895.714,11873.906
2020-02-22,9,4106.94,7871.03,11977.97
2020-02-22,10,4035.31,7850.008,11885.318
2020-02-22,11,4102.144,7875.482,11977.626
2020-02-22,12,4220.84,7764.454,11985.294
2020-02-22,13,4123.688,7797.826,11921.514
2020-02-22,14,4065.218,7746.002,11811.22
2020-02-22,15,4136.424,7864.568,12000.992
2020-02-22,16,4232.204,7939.536,12171.74
2020-02-22,17,4225.006,7999.682,12224.688
2020-02-22,18,4343.144,8075.278,12418.422
2020-02-22,19,4509.016,8106.728,12615.744
2020-02-22,20,4652.938,8112.666,12765.604
2020-02-22,21,4568.188,8120.168,12688.356
2020-02-22,22,4576.302,8114.598,12690.9
2020-02-22,23,4599.198,8121.9,12721.098
2020-02-22,24,4543.834,8137.618,12681.452
2020-02-22,25,4442.172,8124.512,12566.684
2020-02-22,26,4401.554,8120.07,12521.624
2020-02-22,27,4358.87,8140.06,12498.93
2020-02-22,28,4229.658,8151.68,12381.338
2020-02-22,29,4212.972,7950.488,12163.46
2020-02-22,30,4393.108,8160.778,12553.886
2020-02-22,31,4489.134,8095.494,12584.628
2020-02-22,32,4454.906,8103.566,12558.472
2020-02-22,33,4497.174,8101.006,12598.18
2020-02-22,34,4519.058,8104.444,12623.502
2020-02-22,35,4530.474,8088.046,12618.52
2020-02-22,36,4588.928,8043.624,12632.552
2020-02-22,37,4604.836,8005.022,12609.858
2020-02-22,38,4595.594,7945.636,12541.23
2020-02-22,39,4569.982,7810.686,12380.668
2020-02-22,40,4498.126,7723.11,12221.236
2020-02-22,41,4440.516,7918.24,12358.756
2020-02-22,42,4392.2,7823.422,12215.622
2020-02-22,43,4291.928,7883.244,12175.172
2020-02-22,44,4323.098,7990.102,12313.2
2020-02-22,45,4071.356,7945.928,12017.284
2020-02-22,46,3902.454,7926.824,11829.278
2020-02-22,47,3753.864,7841.174,11595.038
2020-02-22,48,3631.042,7808.734,11439.776
2020-02-23,1,3565.7,7669.354,11235.054
2020-02-23,2,3378.948,7150.412,10529.36
2020-02-23,3,2931.446,7024.766,9956.212
2020-02-23,4,2708.46,7244.83,9953.29
2020-02-23,5,2513.356,7034.354,9547.71
2020-02-23,6,2253.416,6640.078,8893.494
2020-02-23,7,2284.256,6027.294,8311.55
2020-02-23,8,2310.958,5557.852,7868.81
2020-02-23,9,2145.486,5223.368,7368.854
2020-02-23,10,2144.216,4995.64,7139.856
2020-02-23,11,2160.628,4762.424,6923.052
2020-02-23,12,2318.726,4086.67,6405.396
2020-02-23,13,2599.128,3569.364,6168.492
2020-02-23,14,2761.514,3533.348,6294.862
2020-02-23,15,2989.524,3760.796,6750.32
2020-02-23,16,3228.782,4462.586,7691.368
2020-02-23,17,3422.358,5089.298,8511.656
2020-02-23,18,3804.46,5142.672,8947.132
2020-02-23,19,4023.474,5410.334,9433.808
2020-02-23,20,4084.342,5801.944,9886.286
2020-02-23,21,4265.51,6608.214,10873.724
2020-02-23,22,4493.82,7484.48,11978.3
2020-02-23,23,4492.28,7781.02,12273.3
2020-02-23,24,4575.418,7962.934,12538.352
2020-02-23,25,4515.452,7984.666,12500.118
2020-02-23,26,4446.954,7991.5,12438.454
2020-02-23,27,4536.096,8013.146,12549.242
2020-02-23,28,4482.122,7970.67,12452.792
2020-02-23,29,4388.192,7850.868,12239.06
2020-02-23,30,4377.328,7772.706,12150.034
2020-02-23,31,4371.706,7838.134,12209.84
2020-02-23,32,4252.892,7678.056,11930.948
2020-02-23,33,4029.616,7471.32,11500.936
2020-02-23,34,3942.3,7291.59,11233.89
2020-02-23,35,3635.606,7118.052,10753.658
2020-02-23,36,3320.042,6774.104,10094.146
2020-02-23,37,2898.23,6276.528,9174.758
2020-02-23,38,2471.25,5648.774,8120.024
2020-02-23,39,2463.178,5114.582,7577.76
2020-02-23,40,2211.706,4861.108,7072.814
2020-02-23,41,2063.914,4650.34,6714.254
2020-02-23,42,1813.908,4248.186,6062.094
2020-02-23,43,1637.174,3759.662,5396.836
2020-02-23,44,1471.744,3315.758,4787.502
2020-02-23,45,1178.496,3070.704,4249.2
2020-02-23,46,1011.786,2718.686,3730.472
2020-02-23,47,902.448,2295.73,3198.178
2020-02-23,48,734.192,2177.328,2911.52
2020-02-24,1,631.826,1916.318,2548.144
2020-02-24,2,623.572,1919.388,2542.96
2020-02-24,3,543.954,2072.284,2616.238
2020-02-24,4,632.162,2450.956,3083.118
2020-02-24,5,608.046,2931.072,3539.118
2020-02-24,6,609.444,3010.01,3619.454
2020-02-24,7,713.172,2930.38,3643.552
2020-02-24,8,876.796,3446.266,4323.062
2020-02-24,9,1073.182,4200.674,5273.856
2020-02-24,10,1562.642,4693.956,6256.598
2020-02-24,11,1982.014,5445.06,7427.074
2020-02-24,12,2184.268,6330.546,8514.814
2020-02-24,13,2334.924,7276.35,9611.274
2020-02-24,14,2632.188,7638.546,10270.734
2020-02-24,15,2811.902,7703.31,10515.212
2020-02-24,16,2937.074,7712.94,10650.014
2020-02-24,17,3099.846,7862.828,10962.674
2020-02-24,18,3298.192,8055.28,11353.472
2020-02-24,19,3249.092,8088.616,11337.708
2020-02-24,20,3106.628,8080.112,11186.74
2020-02-24,21,2903.704,8077.65,10981.354
2020-02-24,22,2646.27,8084.286,10730.556
2020-02-24,23,2408.454,8082.348,10490.802
2020-02-24,24,2262.718,8084.106,10346.824
2020-02-24,25,2115.374,8091.48,10206.854
2020-02-24,26,1977.996,8072.846,10050.842
2020-02-24,27,1828.184,8053.456,9881.64
2020-02-24,28,1716.564,8090.428,9806.992
2020-02-24,29,1646.69,8152.02,9798.71
2020-02-24,30,1766.884,8074.446,9841.33
2020-02-24,31,2126.278,8071.566,10197.844
2020-02-24,32,2352.14,8073.744,10425.884
2020-02-24,33,2483.936,8072.984,10556.92
2020-02-24,34,2346.398,8088.81,10435.208
2020-02-24,35,2364.022,8092.06,10456.082
2020-02-24,36,2525.504,8111.044,10636.548
2020-02-24,37,2664.034,8116.798,10780.832
2020-02-24,38,2643.818,8107.69,10751.508
2020-02-24,39,2439.272,8116.44,10555.712
2020-02-24,40,2264.756,8135.582,10400.338
2020-02-24,41,2212.432,8136.91,10349.342
2020-02-24,42,2287.802,8096.732,10384.534
2020-02-24,43,2040.584,8102.562,10143.146
2020-02-24,44,1880.048,8125.76,10005.808
2020-02-24,45,1815.148,8124.21,9939.358
2020-02-24,46,1745.742,8128.068,9873.81
2020-02-24,47,1507.876,8069.786,9577.662
2020-02-24,48,1324.068,8014.434,9338.502
2020-02-25,1,1253.916,7878.548,9132.464
2020-02-25,2,1319.326,7647.506,8966.832
2020-02-25,3,1276.568,7658.588,8935.156
2020-02-25,4,1248.168,7784.386,9032.554
2020-02-25,5,1287.932,7886.774,9174.706
2020-02-25,6,1148.928,7933.822,9082.75
2020-02-25,7,1043.16,8032.54,9075.7
2020-02-25,8,945.772,7925.76,8871.532
2020-02-25,9,999.518,7858.74,8858.258
2020-02-25,10,1022.954,7760.624,8783.578
2020-02-25,11,1138.352,7722.686,8861.038
2020-02-25,12,1168.48,7765.914,8934.394
2020-02-25,13,1108.596,7699.378,8807.974
2020-02-25,14,1026.342,7611.452,8637.794
2020-02-25,15,1038.96,7576.706,8615.666
2020-02-25,16,1014.18,7431.366,8445.546
2020-02-25,17,1021.93,7471.998,8493.928
2020-02-25,18,938.404,7536.874,8475.278
2020-02-25,19,978.068,7520.886,8498.954
2020-02-25,20,1024.978,7479.28,8504.258
2020-02-25,21,1109.426,7537.428,8646.854
2020-02-25,22,1079.806,7400.858,8480.664
2020-02-25,23,1039.218,7233.992,8273.21
2020-02-25,24,983.532,7176.972,8160.504
2020-02-25,25,900.942,7052.56,7953.502
2020-02-25,26,968.97,6716.068,7685.038
2020-02-25,27,1014.496,6459.706,7474.202
2020-02-25,28,1064.464,6014.834,7079.298
2020-02-25,29,1083.514,5488.06,6571.574
2020-02-25,30,1038.37,5048.222,6086.592
2020-02-25,31,1071.09,4814.452,5885.542
2020-02-25,32,1037.04,4945.258,5982.298
2020-02-25,33,1029.044,5014.464,6043.508
2020-02-25,34,930.826,5453.942,6384.768
2020-02-25,35,839.178,5026.816,5865.994
2020-02-25,36,862.73,5229.846,6092.576
2020-02-25,37,911.874,5294.642,6206.516
2020-02-25,38,910.018,4856.318,5766.336
2020-02-25,39,911.402,4829.366,5740.768
2020-02-25,40,901.07,4855.076,5756.146
2020-02-25,41,860.108,5476.596,6336.704
2020-02-25,42,881.856,5701.328,6583.184
2020-02-25,43,917.794,5619.324,6537.118
2020-02-25,44,999.552,5739.616,6739.168
2020-02-25,45,1023.332,6426.976,7450.308
2020-02-25,46,1174.37,6733.27,7907.64
2020-02-25,47,1318.856,6918.06,8236.916
2020-02-25,48,1372.654,7156.534,8529.188
2020-02-26,1,1441.606,7295.206,8736.812
2020-02-26,2,1488.892,7368.818,8857.71
2020-02-26,3,1539.33,7352.166,8891.496
2020-02-26,4,1572.99,7322.832,8895.822
2020-02-26,5,1706.53,7206.136,8912.666
2020-02-26,6,1706.902,7379.524,9086.426
2020-02-26,7,1746.256,7443.848,9190.104
2020-02-26,8,1760.848,7379.244,9140.092
2020-02-26,9,1827.39,7221.506,9048.896
2020-02-26,10,1954.478,7325.258,9279.736
2020-02-26,11,1895.444,7297.028,9192.472
2020-02-26,12,1921.114,7280.228,9201.342
2020-02-26,13,2038.17,7226.818,9264.988
2020-02-26,14,2263.492,7294.968,9558.46
2020-02-26,15,2402.232,7239.158,9641.39
2020-02-26,16,2386.954,7127.716,9514.67
2020-02-26,17,2547.64,7165.288,9712.928
2020-02-26,18,2661.538,7193.57,9855.108
2020-02-26,19,2777.102,7156.852,9933.954
2020-02-26,20,2911.762,7049.582,9961.344
2020-02-26,21,3070.714,7159.054,10229.768
2020-02-26,22,3329.116,7083.234,10412.35
2020-02-26,23,3599.186,6829.258,10428.444
2020-02-26,24,3740.482,6786.574,10527.056
2020-02-26,25,3833.7,6467.94,10301.64
2020-02-26,26,3747.982,6586.216,10334.198
2020-02-26,27,3871.716,6540.578,10412.294
2020-02-26,28,3896.424,6435.668,10332.092
2020-02-26,29,3801.212,6277.556,10078.768
2020-02-26,30,3767.722,5975.692,9743.414
2020-02-26,31,3790.788,6018.07,9808.858
2020-02-26,32,3504.478,6031.322,9535.8
2020-02-26,33,3171.788,5973.304,9145.092
2020-02-26,34,2964.416,5915.336,8879.752
2020-02-26,35,2851.036,6207.5,9058.536
2020-02-26,36,2795.848,6354.996,9150.844
2020-02-26,37,2695.072,5964.32,8659.392
2020-02-26,38,2523.53,5953.594,8477.124
2020-02-26,39,2571.728,5863.438,8435.166
2020-02-26,40,2562.144,6045.504,8607.648
2020-02-26,41,2471.364,5768.858,8240.222
2020-02-26,42,2489.458,5632.31,8121.768
2020-02-26,43,2519.814,5321.746,7841.56
2020-02-26,44,2457.932,5295.264,7753.196
2020-02-26,45,2256.964,5201.378,7458.342
2020-02-26,46,2243.662,4765.99,7009.652
2020-02-26,47,2236.956,4505.282,6742.238
2020-02-26,48,2242.088,4463.732,6705.82
2020-02-27,1,2170.17,4193.724,6363.894
2020-02-27,2,2026.718,3809.038,5835.756
2020-02-27,3,1995.506,3832.958,5828.464
2020-02-27,4,2186.39,3500.014,5686.404
2020-02-27,5,2225.812,2978.196,5204.008
2020-02-27,6,2114.956,2867.102,4982.058
2020-02-27,7,2133.33,3057.936,5191.266
2020-02-27,8,2247.272,3107.058,5354.33
2020-02-27,9,2296.51,3128.612,5425.122
2020-02-27,10,2424.374,3237.372,5661.746
2020-02-27,11,2423.522,3299.05,5722.572
2020-02-27,12,2519.352,3518.604,6037.956
2020-02-27,13,2843.912,3655.85,6499.762
2020-02-27,14,2984.192,3709.922,6694.114
2020-02-27,15,2940.448,3891.922,6832.37
2020-02-27,16,3087.216,3715.502,6802.718
2020-02-27,17,3249.114,3352.156,6601.27
2020-02-27,18,3422.986,3566.878,6989.864
2020-02-27,19,3442.188,3524.356,6966.544
2020-02-27,20,3458.3,3455.44,6913.74
2020-02-27,21,3503.658,3704.086,7207.744
2020-02-27,22,3632.926,3794.412,7427.338
2020-02-27,23,3899.676,4858.72,8758.396
2020-02-27,24,4118.746,5871.202,9989.948
2020-02-27,25,4140.34,6593.652,10733.992
2020-02-27,26,4245.982,6968.042,11214.024
2020-02-27,27,4380.056,7388.332,11768.388
2020-02-27,28,4398.676,7558.964,11957.64
2020-02-27,29,4363.774,7628.548,11992.322
2020-02-27,30,4179.09,7692.49,11871.58
2020-02-27,31,4171.168,7574.946,11746.114
2020-02-27,32,3892.394,7375.992,11268.386
2020-02-27,33,3680.956,7219.124,10900.08
2020-02-27,34,3584.838,6907.3,10492.138
2020-02-27,35,3631.928,6649.942,10281.87
2020-02-27,36,3517.78,6220.042,9737.822
2020-02-27,37,3441.576,5937.544,9379.12
2020-02-27,38,3339.05,5633,8972.05
2020-02-27,39,3261.338,5890.214,9151.552
2020-02-27,40,3104.312,6119.202,9223.514
2020-02-27,41,2957.372,5971.092,8928.464
2020-02-27,42,3027.668,5865.996,8893.664
2020-02-27,43,2995.032,5761.838,8756.87
2020-02-27,44,2804.298,5705.058,8509.356
2020-02-27,45,2770.19,5563.78,8333.97
2020-02-27,46,2790.404,5222.188,8012.592
2020-02-27,47,2626.054,5083.506,7709.56
2020-02-27,48,2584.492,5051.684,7636.176
2020-02-28,1,2577.858,4882.914,7460.772
2020-02-28,2,2558.038,4592.268,7150.306
2020-02-28,3,2621.312,4416.464,7037.776
2020-02-28,4,2562.71,4166.598,6729.308
2020-02-28,5,2508.092,4004.93,6513.022
2020-02-28,6,2538.044,3868.542,6406.586
2020-02-28,7,2588.838,3704.49,6293.328
2020-02-28,8,2524.664,3253.352,5778.016
2020-02-28,9,2538.956,3373.712,5912.668
2020-02-28,10,2638.28,3372.92,6011.2
2020-02-28,11,2748.538,3438.216,6186.754
2020-02-28,12,2875.234,3631.672,6506.906
2020-02-28,13,2909.908,3736.914,6646.822
2020-02-28,14,3061.292,3999.06,7060.352
2020-02-28,15,3290.426,4556.678,7847.104
2020-02-28,16,3574.77,5307.998,8882.768
2020-02-28,17,3656.554,5976.438,9632.992
2020-02-28,18,3840.66,6752.778,10593.438
2020-02-28,19,3861.93,7220.582,11082.512
2020-02-28,20,3816.428,7755.76,11572.188
2020-02-28,21,3862.222,7967.332,11829.554
2020-02-28,22,3849.7,7995.662,11845.362
2020-02-28,23,3934.306,8064.014,11998.32
2020-02-28,24,3977.114,8111.502,12088.616
2020-02-28,25,4000.528,8161.092,12161.62
2020-02-28,26,4059.34,8173.926,12233.266
2020-02-28,27,4028.734,8151.848,12180.582
2020-02-28,28,3956.504,8039.07,11995.574
2020-02-28,29,3760.51,8022.27,11782.78
2020-02-28,30,3551.902,8068.552,11620.454
2020-02-28,31,3430.482,8150.32,11580.802
2020-02-28,32,3466.346,8143.71,11610.056
2020-02-28,33,3326.466,8188.56,11515.026
2020-02-28,34,3169.422,8181.738,11351.16
2020-02-28,35,3040.686,8025.464,11066.15
2020-02-28,36,2863.742,7979.874,10843.616
2020-02-28,37,2699.616,7815.756,10515.372
2020-02-28,38,2643.236,7640.75,10283.986
2020-02-28,39,2491.332,7654.622,10145.954
2020-02-28,40,2598.838,7620.904,10219.742
2020-02-28,41,2612.844,7657.254,10270.098
2020-02-28,42,2608.31,7725.336,10333.646
2020-02-28,43,2692.62,7845.416,10538.036
2020-02-28,44,2825.894,7753.596,10579.49
2020-02-28,45,2948.548,7667.496,10616.044
2020-02-28,46,2970.808,7512.546,10483.354
2020-02-28,47,2873.95,7839.042,10712.992
2020-02-28,48,2931.85,7995.024,10926.874
2020-02-29,1,2916.712,7993.276,10909.988
2020-02-29,2,3095.106,8091.46,11186.566
2020-02-29,3,3344.148,8116.71,11460.858
2020-02-29,4,3666.964,8141.484,11808.448
2020-02-29,5,3893.158,8125.704,12018.862
2020-02-29,6,3952.48,8073.512,12025.992
2020-02-29,7,3988.09,8045.628,12033.718
2020-02-29,8,4231.88,7964.574,12196.454
2020-02-29,9,4156.806,7884.662,12041.468
2020-02-29,10,4125.772,7694.808,11820.58
2020-02-29,11,3922.06,7956.318,11878.378
2020-02-29,12,3369.22,7855.98,11225.2
2020-02-29,13,3069.402,7915.6,10985.002
2020-02-29,14,3378.468,7955.326,11333.794
2020-02-29,15,3472.066,8150.144,11622.21
2020-02-29,16,3526.35,8092.224,11618.574
2020-02-29,17,3546.68,8021.55,11568.23
2020-02-29,18,3743.844,7999.278,11743.122
2020-02-29,19,3591.334,7839.622,11430.956
2020-02-29,20,3869.576,7806.044,11675.62
2020-02-29,21,4001.732,7867.944,11869.676
2020-02-29,22,3914.16,7638.866,11553.026
2020-02-29,23,3922.486,7655.83,11578.316
2020-02-29,24,4003.394,7644.088,11647.482
2020-02-29,25,3855.796,8029.702,11885.498
2020-02-29,26,4096.946,8110.902,12207.848
2020-02-29,27,4263.748,8163.586,12427.334
2020-02-29,28,4233.646,8039.41,12273.056
2020-02-29,29,4359.406,8001.972,12361.378
2020-02-29,30,4418.542,8112.486,12531.028
2020-02-29,31,4101.596,8046.696,12148.292
2020-02-29,32,4176.772,8026.064,12202.836
2020-02-29,33,4424,7756.03,12180.03
2020-02-29,34,4781.892,7314.342,12096.234
2020-02-29,35,4704.118,7558.92,12263.038
2020-02-29,36,4794.188,7500.74,12294.928
2020-02-29,37,4788.176,7446.638,12234.814
2020-02-29,38,4835.14,7478.078,12313.218
2020-02-29,39,4627.214,7503.62,12130.834
2020-02-29,40,4347.714,7492.096,11839.81
2020-02-29,41,4428.76,7447.062,11875.822
2020-02-29,42,4494.262,7423.096,11917.358
2020-02-29,43,4625.032,7483.012,12108.044
2020-02-29,44,4462.126,7450.888,11913.014
2020-02-29,45,4496.28,7527.494,12023.774
2020-02-29,46,4417.482,7590.534,12008.016
2020-02-29,47,4496.416,7554.974,12051.39
2020-02-29,48,4541.628,7563.65,12105.278
2020-03-01,1,4557.94,7605.59,12163.53
2020-03-01,2,4676.448,7646.114,12322.562
2020-03-01,3,4592.514,7721.634,12314.148
2020-03-01,4,4443.342,7797.078,12240.42
2020-03-01,5,4399.948,7844.016,12243.964
2020-03-01,6,4383.156,7833.746,12216.902
2020-03-01,7,4310.524,7839.56,12150.084
2020-03-01,8,4231.2,7848.026,12079.226
2020-03-01,9,4237.202,7869.256,12106.458
2020-03-01,10,4180.634,7808.034,11988.668
2020-03-01,11,4301.722,7756.676,12058.398
2020-03-01,12,4268.534,7766.384,12034.918
2020-03-01,13,4253.45,7796.892,12050.342
2020-03-01,14,4412.308,7828.576,12240.884
2020-03-01,15,4265.088,7912.612,12177.7
2020-03-01,16,4351.38,7983.944,12335.324
2020-03-01,17,4347.732,8005.106,12352.838
2020-03-01,18,4461.71,7968.234,12429.944
2020-03-01,19,4468.242,7938.59,12406.832
2020-03-01,20,4305.702,7901.972,12207.674
2020-03-01,21,4517.614,7975.1,12492.714
2020-03-01,22,4656.64,8056.274,12712.914
2020-03-01,23,4623.652,7970.092,12593.744
2020-03-01,24,4658.954,8025.716,12684.67
2020-03-01,25,4668.064,8068.336,12736.4
2020-03-01,26,4803.866,8105.42,12909.286
2020-03-01,27,4876.574,8109.14,12985.714
2020-03-01,28,4945.086,8028.116,12973.202
2020-03-01,29,4912.074,7827.642,12739.716
2020-03-01,30,4761.748,7846.274,12608.022
2020-03-01,31,4499.816,7834.526,12334.342
2020-03-01,32,4418.148,7767.24,12185.388
2020-03-01,33,4345.858,7634.608,11980.466
2020-03-01,34,4330.556,7416.328,11746.884
2020-03-01,35,4568.122,7431.338,11999.46
2020-03-01,36,4429.004,7181.424,11610.428
2020-03-01,37,4298.538,7223.43,11521.968
2020-03-01,38,4275.59,7224.88,11500.47
2020-03-01,39,4195.26,6834.618,11029.878
2020-03-01,40,4209.08,6906.784,11115.864
2020-03-01,41,4131.032,6961.468,11092.5
2020-03-01,42,4052.72,6821.74,10874.46
2020-03-01,43,3919.002,6673.27,10592.272
2020-03-01,44,3604.026,6649.48,10253.506
2020-03-01,45,3557.838,6584.558,10142.396
2020-03-01,46,3445.274,6149.11,9594.384
2020-03-01,47,3443.392,5654.64,9098.032
2020-03-01,48,3373.106,5460.872,8833.978
2020-03-02,1,3256.108,5352.79,8608.898
2020-03-02,2,3077.452,5177.2,8254.652
2020-03-02,3,3195.57,4788.492,7984.062
2020-03-02,4,3254.19,4610.336,7864.526
2020-03-02,5,3089.616,4323.632,7413.248
2020-03-02,6,3025.67,4314.104,7339.774
2020-03-02,7,2927.142,4040.41,6967.552
2020-03-02,8,2913.972,3783.956,6697.928
2020-03-02,9,2936.22,3596.554,6532.774
2020-03-02,10,2753.688,3243.528,5997.216
2020-03-02,11,2712.834,2935.858,5648.692
2020-03-02,12,2511.766,2582.014,5093.78
2020-03-02,13,2473.396,2522.992,4996.388
2020-03-02,14,2350.152,2444.338,4794.49
2020-03-02,15,2414.814,2251.892,4666.706
2020-03-02,16,2300.748,2198.66,4499.408
2020-03-02,17,2238.344,2349.912,4588.256
2020-03-02,18,2289.376,2471.962,4761.338
2020-03-02,19,2294.812,2623.418,4918.23
2020-03-02,20,2362.42,2809.008,5171.428
2020-03-02,21,2344.798,3173.914,5518.712
2020-03-02,22,2514.192,3304.642,5818.834
2020-03-02,23,2722.276,3401.99,6124.266
2020-03-02,24,2800.264,3341.936,6142.2
2020-03-02,25,2946.296,3293.41,6239.706
2020-03-02,26,3253.412,3454.294,6707.706
2020-03-02,27,3323.826,3647.35,6971.176
2020-03-02,28,3534.982,3524.448,7059.43
2020-03-02,29,3700.52,3557.942,7258.462
2020-03-02,30,3903.274,3729.988,7633.262
2020-03-02,31,3888.126,3888.62,7776.746
2020-03-02,32,3718.442,3909.07,7627.512
2020-03-02,33,3553.512,3701.186,7254.698
2020-03-02,34,3580.526,3566.496,7147.022
2020-03-02,35,3411.072,3408.048,6819.12
2020-03-02,36,3300.444,3365.664,6666.108
2020-03-02,37,3209.794,3397.982,6607.776
2020-03-02,38,3356.516,3669.064,7025.58
2020-03-02,39,3273.18,3974.522,7247.702
2020-03-02,40,3184.132,4179.914,7364.046
2020-03-02,41,3296.206,4592.356,7888.562
2020-03-02,42,3289.58,4855.666,8145.246
2020-03-02,43,3322.308,5129.27,8451.578
2020-03-02,44,3445.804,5457.764,8903.568
2020-03-02,45,3413.558,5511.868,8925.426
2020-03-02,46,3438.834,5829.466,9268.3
2020-03-02,47,3430.7,5938.632,9369.332
2020-03-02,48,3367.858,5998.922,9366.78
2020-03-03,1,3311.088,5725.192,9036.28
2020-03-03,2,3290.048,5725.638,9015.686
2020-03-03,3,3168.968,5671.512,8840.48
2020-03-03,4,3064.844,5638.708,8703.552
2020-03-03,5,2902.006,5495.604,8397.61
2020-03-03,6,2704.154,5557.932,8262.086
2020-03-03,7,2606.332,5454.236,8060.568
2020-03-03,8,2382.68,5415.168,7797.848
2020-03-03,9,2275.58,5551.262,7826.842
2020-03-03,10,2024.722,5238.668,7263.39
2020-03-03,11,1752.726,4959.802,6712.528
2020-03-03,12,1559.304,4591.954,6151.258
2020-03-03,13,1459.004,4439.068,5898.072
2020-03-03,14,1558.418,4093.352,5651.77
2020-03-03,15,1654.154,4019.708,5673.862
2020-03-03,16,1596.372,4229.924,5826.296
2020-03-03,17,1646.496,4473.912,6120.408
2020-03-03,18,1729.612,4544.144,6273.756
2020-03-03,19,1788.898,4561.314,6350.212
2020-03-03,20,1886.538,4503.432,6389.97
2020-03-03,21,2181.784,4407.104,6588.888
2020-03-03,22,2424.132,4324.028,6748.16
2020-03-03,23,2540.392,4274.156,6814.548
2020-03-03,24,2495.848,4163.032,6658.88
2020-03-03,25,2434.132,3990.63,6424.762
2020-03-03,26,2288.714,3637.414,5926.128
2020-03-03,27,2357.992,3612.316,5970.308
2020-03-03,28,2368.496,3585.688,5954.184
2020-03-03,29,2463.304,3681.688,6144.992
2020-03-03,30,2577.79,3607.72,6185.51
2020-03-03,31,2402.862,3433.086,5835.948
2020-03-03,32,2580.12,3119.336,5699.456
2020-03-03,33,2379.482,2707.478,5086.96
2020-03-03,34,2106.684,2864.416,4971.1
2020-03-03,35,2147.22,3044.276,5191.496
2020-03-03,36,2184.594,3154.032,5338.626
2020-03-03,37,2190.422,3259.186,5449.608
2020-03-03,38,1856.7,2770.522,4627.222
2020-03-03,39,1669.444,3070.374,4739.818
2020-03-03,40,1619.838,3485.194,5105.032
2020-03-03,41,1720.854,3896.202,5617.056
2020-03-03,42,1660.93,3581.706,5242.636
2020-03-03,43,1594.502,3556.238,5150.74
2020-03-03,44,1655.62,3396.662,5052.282
2020-03-03,45,1594.668,3390.808,4985.476
2020-03-03,46,1517.818,3423.388,4941.206
2020-03-03,47,1352.44,3597.158,4949.598
2020-03-03,48,1245.272,3564.9,4810.172
2020-03-04,1,1119.98,3458.918,4578.898
2020-03-04,2,1053.054,3246.552,4299.606
2020-03-04,3,1026.596,2901.432,3928.028
2020-03-04,4,997.474,2661.032,3658.506
2020-03-04,5,921.216,2472.748,3393.964
2020-03-04,6,838.096,2165.41,3003.506
2020-03-04,7,754.87,1863.074,2617.944
2020-03-04,8,717.12,1576.65,2293.77
2020-03-04,9,665.322,1315.538,1980.86
2020-03-04,10,616.166,1054.838,1671.004
2020-03-04,11,561.322,857.164,1418.486
2020-03-04,12,544.502,641.122,1185.624
2020-03-04,13,531.234,481.838,1013.072
2020-03-04,14,492.826,404.53,897.356
2020-03-04,15,465.124,428.348,893.472
2020-03-04,16,500.708,456.164,956.872
2020-03-04,17,561.966,496.204,1058.17
2020-03-04,18,555.348,565.714,1121.062
2020-03-04,19,519.788,544.818,1064.606
2020-03-04,20,469.672,529.672,999.344
2020-03-04,21,414.242,525.858,940.1
2020-03-04,22,419.458,453.25,872.708
2020-03-04,23,459.572,427.29,886.862
2020-03-04,24,518.004,469.468,987.472
2020-03-04,25,538.88,501.378,1040.258
2020-03-04,26,587.796,617.208,1205.004
2020-03-04,27,665.286,644.51,1309.796
2020-03-04,28,739.358,639.16,1378.518
2020-03-04,29,848.184,583.738,1431.922
2020-03-04,30,884.798,653.334,1538.132
2020-03-04,31,828.25,705.92,1534.17
2020-03-04,32,745.264,776.292,1521.556
2020-03-04,33,731.294,797.752,1529.046
2020-03-04,34,698.458,776.788,1475.246
2020-03-04,35,594.646,809.384,1404.03
2020-03-04,36,643.52,701.18,1344.7
2020-03-04,37,650.238,754.082,1404.32
2020-03-04,38,634.548,754.252,1388.8
2020-03-04,39,567.164,833.302,1400.466
2020-03-04,40,575.214,863.29,1438.504
2020-03-04,41,568.866,749.732,1318.598
2020-03-04,42,527.116,658.9,1186.016
2020-03-04,43,507.678,718.394,1226.072
2020-03-04,44,503.804,768.98,1272.784
2020-03-04,45,527.776,773.756,1301.532
2020-03-04,46,511.92,877.13,1389.05
2020-03-04,47,471.518,964.488,1436.006
2020-03-04,48,480.504,1015.826,1496.33
2020-03-05,1,482.914,1055.682,1538.596
2020-03-05,2,410.126,1090.752,1500.878
2020-03-05,3,347.92,1131.76,1479.68
2020-03-05,4,326.108,1170.504,1496.612
2020-03-05,5,335.04,1215.336,1550.376
2020-03-05,6,278.626,1285.32,1563.946
2020-03-05,7,238.21,1468.236,1706.446
2020-03-05,8,209.226,1735.842,1945.068
2020-03-05,9,185.214,2074.03,2259.244
2020-03-05,10,178.444,2424.18,2602.624
2020-03-05,11,165.818,2600.614,2766.432
2020-03-05,12,157.146,2853.086,3010.232
2020-03-05,13,179.038,3161.852,3340.89
2020-03-05,14,169.14,3395.266,3564.406
2020-03-05,15,187.114,3544.862,3731.976
2020-03-05,16,227.918,3669.708,3897.626
2020-03-05,17,219.166,3834.916,4054.082
2020-03-05,18,226.11,4145.112,4371.222
2020-03-05,19,201.374,4242.974,4444.348
2020-03-05,20,197.97,4294.564,4492.534
2020-03-05,21,242.686,4312.64,4555.326
2020-03-05,22,284.128,4454.694,4738.822
2020-03-05,23,284.584,4546.118,4830.702
2020-03-05,24,284.548,4644.692,4929.24
2020-03-05,25,280.348,4679.944,4960.292
2020-03-05,26,294.644,4739.264,5033.908
2020-03-05,27,281.958,4814.888,5096.846
2020-03-05,28,248.994,4937.682,5186.676
2020-03-05,29,230.492,4895.366,5125.858
2020-03-05,30,195.988,4850.658,5046.646
2020-03-05,31,173.552,4873.094,5046.646
2020-03-05,32,145.718,4884.118,5029.836
2020-03-05,33,118.124,4842.878,4961.002
2020-03-05,34,108.558,4805.848,4914.406
2020-03-05,35,86.522,4803.4,4889.922
2020-03-05,36,84.616,4866.476,4951.092
2020-03-05,37,82.66,4910.578,4993.238
2020-03-05,38,90.466,4884.482,4974.948
2020-03-05,39,85.292,4760.094,4845.386
2020-03-05,40,85.862,4640.706,4726.568
2020-03-05,41,85.154,4567.88,4653.034
2020-03-05,42,77.434,4434.922,4512.356
2020-03-05,43,77.532,4262.424,4339.956
2020-03-05,44,95.264,4094.76,4190.024
2020-03-05,45,79.146,3950.024,4029.17
2020-03-05,46,80.266,3797.066,3877.332
2020-03-05,47,78.564,3684.528,3763.092
2020-03-05,48,59.316,3560.768,3620.084
2020-03-06,1,67.64,3444.898,3512.538
2020-03-06,2,70.05,3331.326,3401.376
2020-03-06,3,77.706,3218.242,3295.948
2020-03-06,4,83.43,3135.062,3218.492
2020-03-06,5,84.866,3042.996,3127.862
2020-03-06,6,87.036,2998.76,3085.796
2020-03-06,7,98.85,2984.606,3083.456
2020-03-06,8,110.682,2932.738,3043.42
2020-03-06,9,121.634,2840.486,2962.12
2020-03-06,10,146.822,2688.674,2835.496
2020-03-06,11,142.536,2552.96,2695.496
2020-03-06,12,122.804,2419.034,2541.838
2020-03-06,13,115.044,2351.402,2466.446
2020-03-06,14,118.034,2235.522,2353.556
2020-03-06,15,121.012,2119.636,2240.648
2020-03-06,16,123.998,2003.754,2127.752
2020-03-06,17,126.976,1887.868,2014.844
2020-03-06,18,129.966,1771.988,1901.954
2020-03-06,19,128.644,1622.776,1751.42
2020-03-06,20,143.836,1568.332,1712.168
2020-03-06,21,204.688,1444.718,1649.406
2020-03-06,22,246.772,1299.116,1545.888
2020-03-06,23,278.686,1344.402,1623.088
2020-03-06,24,423.934,1351.572,1775.506
2020-03-06,25,553.408,1326.368,1879.776
2020-03-06,26,672.094,1296.432,1968.526
2020-03-06,27,740.18,1290.51,2030.69
2020-03-06,28,814.336,1379.52,2193.856
2020-03-06,29,826.912,1479.704,2306.616
2020-03-06,30,998.566,1528.192,2526.758
2020-03-06,31,1024.234,1567.846,2592.08
2020-03-06,32,1050.582,1596.904,2647.486
2020-03-06,33,1075.848,1645.614,2721.462
2020-03-06,34,1188.776,1600.33,2789.106
2020-03-06,35,1223.852,1562.446,2786.298
2020-03-06,36,1410.424,1524.09,2934.514
2020-03-06,37,1343.738,1494.228,2837.966
2020-03-06,38,1417.252,1496.814,2914.066
2020-03-06,39,1539.868,1573.866,3113.734
2020-03-06,40,1532.962,1321.542,2854.504
2020-03-06,41,1512.924,991.428,2504.352
2020-03-06,42,1560.174,915.332,2475.506
2020-03-06,43,1405.996,928.052,2334.048
2020-03-06,44,1415.766,933.598,2349.364
2020-03-06,45,1541.196,1090.172,2631.368
2020-03-06,46,1402.616,1217.5,2620.116
2020-03-06,47,1389.294,1218.562,2607.856
2020-03-06,48,1312.186,1283.494,2595.68
2020-03-07,1,1414.138,1388.588,2802.726
2020-03-07,2,1419.378,1418.588,2837.966
2020-03-07,3,1504.004,1598.44,3102.444
2020-03-07,4,1755.32,1915.238,3670.558
2020-03-07,5,2076.846,2439.8,4516.646
2020-03-07,6,2331.976,2695.74,5027.716
2020-03-07,7,2714.51,2129.378,4843.888
2020-03-07,8,2999.932,2215.906,5215.838
2020-03-07,9,3175.228,2446.724,5621.952
2020-03-07,10,3207.94,2702.074,5910.014
2020-03-07,11,3354.322,2866.548,6220.87
2020-03-07,12,3533.164,3311.694,6844.858
2020-03-07,13,3801.796,3563.722,7365.518
2020-03-07,14,3905.568,3637.124,7542.692
2020-03-07,15,4058.278,3823.45,7881.728
2020-03-07,16,4092.472,4042.356,8134.828
2020-03-07,17,4200.56,4157.158,8357.718
2020-03-07,18,4447.358,4329.59,8776.948
2020-03-07,19,4429.366,4483.776,8913.142
2020-03-07,20,4297.128,4950.972,9248.1
2020-03-07,21,4389.066,5488.296,9877.362
2020-03-07,22,4412.226,5937.244,10349.47
2020-03-07,23,4318.864,6216.154,10535.018
2020-03-07,24,4338.278,6542.312,10880.59
2020-03-07,25,4300.486,6889.254,11189.74
2020-03-07,26,4313.924,7188.144,11502.068
2020-03-07,27,4258.912,7457.314,11716.226
2020-03-07,28,4253.388,7630.18,11883.568
2020-03-07,29,4292.552,7789.6,12082.152
2020-03-07,30,4254.728,7838.434,12093.162
2020-03-07,31,4305.014,7756.482,12061.496
2020-03-07,32,4236.98,7890.296,12127.276
2020-03-07,33,4147.93,8020.83,12168.76
2020-03-07,34,4237.826,8150.38,12388.206
2020-03-07,35,4281.47,8137.76,12419.23
2020-03-07,36,4286.802,8159.392,12446.194
2020-03-07,37,4279.062,8237.212,12516.274
2020-03-07,38,4366.38,8329.786,12696.166
2020-03-07,39,4398.374,8328.502,12726.876
2020-03-07,40,4306.532,8361.694,12668.226
2020-03-07,41,4182.642,8347.142,12529.784
2020-03-07,42,3968.788,8260.326,12229.114
2020-03-07,43,3956.706,8379,12335.706
2020-03-07,44,3922.032,8431.57,12353.602
2020-03-07,45,3693.72,8417.738,12111.458
2020-03-07,46,3708.952,8449.288,12158.24
2020-03-07,47,3772.744,8414.404,12187.148
2020-03-07,48,3669.51,8332.732,12002.242
2020-03-08,1,3578.538,8286.298,11864.836
2020-03-08,2,3484.584,8270.418,11755.002
2020-03-08,3,3482.346,8236.654,11719
2020-03-08,4,3365.258,8295.558,11660.816
2020-03-08,5,3391.264,8317.828,11709.092
2020-03-08,6,3471.518,8295.202,11766.72
2020-03-08,7,3559.282,8215.346,11774.628
2020-03-08,8,3464.268,8160.944,11625.212
2020-03-08,9,3624.574,8248.044,11872.618
2020-03-08,10,3777.1,8280.024,12057.124
2020-03-08,11,3891.746,8273.366,12165.112
2020-03-08,12,3747.31,8284.102,12031.412
2020-03-08,13,3610.736,8196.446,11807.182
2020-03-08,14,3601.418,8210.394,11811.812
2020-03-08,15,3676.322,8264.566,11940.888
2020-03-08,16,3773.696,8174.448,11948.144
2020-03-08,17,3842.65,8218.636,12061.286
2020-03-08,18,3961.454,8185.5,12146.954
2020-03-08,19,3983.416,8045.546,12028.962
2020-03-08,20,4019.868,8211.344,12231.212
2020-03-08,21,4261.536,8223.206,12484.742
2020-03-08,22,4496.206,8156.238,12652.444
2020-03-08,23,4390.26,8045.558,12435.818
2020-03-08,24,4510.3,8051.802,12562.102
2020-03-08,25,4563.31,8027.526,12590.836
2020-03-08,26,4507.23,7861.76,12368.99
2020-03-08,27,4371.3,7607.8,11979.1
2020-03-08,28,4065.722,7608.14,11673.862
2020-03-08,29,3953.144,7527.36,11480.504
2020-03-08,30,3829.336,7541.792,11371.128
2020-03-08,31,3905.882,7269.888,11175.77
2020-03-08,32,3701.844,6981.21,10683.054
2020-03-08,33,3560.418,6683.71,10244.128
2020-03-08,34,3551.574,5979.506,9531.08
2020-03-08,35,3138.168,5418.564,8556.732
2020-03-08,36,2973.07,5264.678,8237.748
2020-03-08,37,2963.186,5654.53,8617.716
2020-03-08,38,2725.242,6097.302,8822.544
2020-03-08,39,2820.578,6352.234,9172.812
2020-03-08,40,2643.792,6586.472,9230.264
2020-03-08,41,2617.928,6799.606,9417.534
2020-03-08,42,2538.81,7008.52,9547.33
2020-03-08,43,2507.986,7500.626,10008.612
2020-03-08,44,2399.686,7681.002,10080.688
2020-03-08,45,2393.116,7497.68,9890.796
2020-03-08,46,2303.558,7389.352,9692.91
2020-03-08,47,2196.098,7387.798,9583.896
2020-03-08,48,1892.854,7365.712,9258.566
2020-03-09,1,1835.69,7217.524,9053.214
2020-03-09,2,1679.606,7013.81,8693.416
2020-03-09,3,1767.984,6933.936,8701.92
2020-03-09,4,1835.232,6934.676,8769.908
2020-03-09,5,1818.808,7074.836,8893.644
2020-03-09,6,1976.008,7328.01,9304.018
2020-03-09,7,1878.668,7410.33,9288.998
2020-03-09,8,1878.91,7313.128,9192.038
2020-03-09,9,2102.368,7291.55,9393.918
2020-03-09,10,2175.912,7185.93,9361.842
2020-03-09,11,2224.642,7125.134,9349.776
2020-03-09,12,2374.46,7086.81,9461.27
2020-03-09,13,2590.124,7085.738,9675.862
2020-03-09,14,2464.404,7184.194,9648.598
2020-03-09,15,2214.716,7279.644,9494.36
2020-03-09,16,1968.314,7110.29,9078.604
2020-03-09,17,1967.2,6783.308,8750.508
2020-03-09,18,1989.52,6504.45,8493.97
2020-03-09,19,2094.452,6391.994,8486.446
2020-03-09,20,2282.272,6125.958,8408.23
2020-03-09,21,2536.758,6071.968,8608.726
2020-03-09,22,2726.488,5837.906,8564.394
2020-03-09,23,2943.668,5571.248,8514.916
2020-03-09,24,3140.162,5388.022,8528.184
2020-03-09,25,3313.7,5161.31,8475.01
2020-03-09,26,3523.368,5353.9,8877.268
2020-03-09,27,3701.418,5382.068,9083.486
2020-03-09,28,4007.042,5793.54,9800.582
2020-03-09,29,4299.916,6260.368,10560.284
2020-03-09,30,4369.382,6633.096,11002.478
2020-03-09,31,4391.186,6456.082,10847.268
2020-03-09,32,4370.442,6685.188,11055.63
2020-03-09,33,4507.098,6718.17,11225.268
2020-03-09,34,4693.02,7163.76,11856.78
2020-03-09,35,4625.41,7561.572,12186.982
2020-03-09,36,4811.118,7672.124,12483.242
2020-03-09,37,4813.694,7900.822,12714.516
2020-03-09,38,4724.798,8110.954,12835.752
2020-03-09,39,4734.946,8130.884,12865.83
2020-03-09,40,4662.348,8189.142,12851.49
2020-03-09,41,4586.564,8198.606,12785.17
2020-03-09,42,4584.668,8238.078,12822.746
2020-03-09,43,4418.394,8226.772,12645.166
2020-03-09,44,4213.368,8219.022,12432.39
2020-03-09,45,3856.838,8223.236,12080.074
2020-03-09,46,3966.484,8215.068,12181.552
2020-03-09,47,4056.664,8190.228,12246.892
2020-03-09,48,3943.256,8163.51,12106.766
2020-03-10,1,4000.212,8143.672,12143.884
2020-03-10,2,3886.504,8168.166,12054.67
2020-03-10,3,3779.35,8186.424,11965.774
2020-03-10,4,3691.858,8169.966,11861.824
2020-03-10,5,3575.828,8145.802,11721.63
2020-03-10,6,3676.066,8034.522,11710.588
2020-03-10,7,3771.624,7983.306,11754.93
2020-03-10,8,3895.06,7944.356,11839.416
2020-03-10,9,3510.39,7833.852,11344.242
2020-03-10,10,3356.506,7756.602,11113.108
2020-03-10,11,3385.698,7892.514,11278.212
2020-03-10,12,3625.36,7981.632,11606.992
2020-03-10,13,3687.06,8101.234,11788.294
2020-03-10,14,4028.914,8025.674,12054.588
2020-03-10,15,4177.26,8016.876,12194.136
2020-03-10,16,4261.77,8044.81,12306.58
2020-03-10,17,4247.128,8100.67,12347.798
2020-03-10,18,4347.942,8122.746,12470.688
2020-03-10,19,4453.032,8179.364,12632.396
2020-03-10,20,4505.676,8251.078,12756.754
2020-03-10,21,4312.66,8170.004,12482.664
2020-03-10,22,4289.166,8225.306,12514.472
2020-03-10,23,4236.492,8252.982,12489.474
2020-03-10,24,4285.312,8250.48,12535.792
2020-03-10,25,4268.39,8229.83,12498.22
2020-03-10,26,4378.332,8221.732,12600.064
2020-03-10,27,4432.874,8225.394,12658.268
2020-03-10,28,4476.278,8224.792,12701.07
2020-03-10,29,4510.146,8224.8,12734.946
2020-03-10,30,4350.802,8234.276,12585.078
2020-03-10,31,4233.712,8236.41,12470.122
2020-03-10,32,4200.934,8194.286,12395.22
2020-03-10,33,4112.686,7928.308,12040.994
2020-03-10,34,4335.946,7678.422,12014.368
2020-03-10,35,4447.266,7534.23,11981.496
2020-03-10,36,4456.726,7343.056,11799.782
2020-03-10,37,4365.458,7204.81,11570.268
2020-03-10,38,4091.978,7072.26,11164.238
2020-03-10,39,4353.734,6967.244,11320.978
2020-03-10,40,4289.6,6681.532,10971.132
2020-03-10,41,4257.972,6359.888,10617.86
2020-03-10,42,4020.846,6362.396,10383.242
2020-03-10,43,3821.47,6202.262,10023.732
2020-03-10,44,3680.84,5999.694,9680.534
2020-03-10,45,3671.644,5928.326,9599.97
2020-03-10,46,3766.484,5581.812,9348.296
2020-03-10,47,3688.816,5482.036,9170.852
2020-03-10,48,3533.002,5293.026,8826.028
2020-03-11,1,3505.428,5166.522,8671.95
2020-03-11,2,3382.272,5071.112,8453.384
2020-03-11,3,3435.778,5132.618,8568.396
2020-03-11,4,3396.568,5032.278,8428.846
2020-03-11,5,3315.798,5409.942,8725.74
2020-03-11,6,3462.534,5487.8,8950.334
2020-03-11,7,3587.048,5587.382,9174.43
2020-03-11,8,3557.536,5585.48,9143.016
2020-03-11,9,3502.928,5371.22,8874.148
2020-03-11,10,3351.298,5550.326,8901.624
2020-03-11,11,3337.21,5720.344,9057.554
2020-03-11,12,3425.702,6000.196,9425.898
2020-03-11,13,3396.942,6045.6,9442.542
2020-03-11,14,3704.204,6123.264,9827.468
2020-03-11,15,3983.622,6321.962,10305.584
2020-03-11,16,4226.902,6754.512,10981.414
2020-03-11,17,4212.116,6949.15,11161.266
2020-03-11,18,4077.718,6860.552,10938.27
2020-03-11,19,4167.744,7029.648,11197.392
2020-03-11,20,4136.87,7136.196,11273.066
2020-03-11,21,4075.218,7313.528,11388.746
2020-03-11,22,4179.36,7307.526,11486.886
2020-03-11,23,4147.63,7182.486,11330.116
2020-03-11,24,4122.432,7150.808,11273.24
2020-03-11,25,4021.416,7038.36,11059.776
2020-03-11,26,3921.31,7016.786,10938.096
2020-03-11,27,3856.156,7038.99,10895.146
2020-03-11,28,3790.748,6870.832,10661.58
2020-03-11,29,3962.794,7098.48,11061.274
2020-03-11,30,3715.736,7487.638,11203.374
2020-03-11,31,3582.184,7691.382,11273.566
2020-03-11,32,3301.018,7871.362,11172.38
2020-03-11,33,3281.742,7818.418,11100.16
2020-03-11,34,3086.08,8064.026,11150.106
2020-03-11,35,2840.708,7988.644,10829.352
2020-03-11,36,3051.596,8006.964,11058.56
2020-03-11,37,2742.488,8029.66,10772.148
2020-03-11,38,2293.388,7993.324,10286.712
2020-03-11,39,1962.246,8086.988,10049.234
2020-03-11,40,1843.418,8024.854,9868.272
2020-03-11,41,1886.064,7954.974,9841.038
2020-03-11,42,2067.1,7989.17,10056.27
2020-03-11,43,2650.592,8210.844,10861.436
2020-03-11,44,3115.142,8198.698,11313.84
2020-03-11,45,3412.122,8108.074,11520.196
2020-03-11,46,3472.896,7938.01,11410.906
2020-03-11,47,3595.9,8169.332,11765.232
2020-03-11,48,3454.97,8172.81,11627.78
2020-03-12,1,3196.456,7986.406,11182.862
2020-03-12,2,3728.692,7850.954,11579.646
2020-03-12,3,3638.106,7620.296,11258.402
2020-03-12,4,3510.32,7912.066,11422.386
2020-03-12,5,3337.156,7925.058,11262.214
2020-03-12,6,3243.572,8020.906,11264.478
2020-03-12,7,3187.336,8105.634,11292.97
2020-03-12,8,3087.402,8004.85,11092.252
2020-03-12,9,3321.976,8122.55,11444.526
2020-03-12,10,3356.22,8193.538,11549.758
2020-03-12,11,3248.902,8219.346,11468.248
2020-03-12,12,3412.65,8323.348,11735.998
2020-03-12,13,3501.532,8159.762,11661.294
2020-03-12,14,3781.384,7987.404,11768.788
2020-03-12,15,4014.188,7914.618,11928.806
2020-03-12,16,4361.866,7887.482,12249.348
2020-03-12,17,4258.994,7963.068,12222.062
2020-03-12,18,4346.612,8036.672,12383.284
2020-03-12,19,4465.692,8171.97,12637.662
2020-03-12,20,4435.804,8236.39,12672.194
2020-03-12,21,4280.98,8053.748,12334.728
2020-03-12,22,4289.732,8005.534,12295.266
2020-03-12,23,4293.182,8038.96,12332.142
2020-03-12,24,4392.726,8175.414,12568.14
2020-03-12,25,4163.73,8121.806,12285.536
2020-03-12,26,3901.068,8082.244,11983.312
2020-03-12,27,3798.622,8106.598,11905.22
2020-03-12,28,3718.866,7897.348,11616.214
2020-03-12,29,3540.872,7779.65,11320.522
2020-03-12,30,3388.55,7740.694,11129.244
2020-03-12,31,3275.06,7753.632,11028.692
2020-03-12,32,3254.536,7921.136,11175.672
2020-03-12,33,3211.02,8015.536,11226.556
2020-03-12,34,3381.68,8058.224,11439.904
2020-03-12,35,3385.71,8078.01,11463.72
2020-03-12,36,3548.472,8091.492,11639.964
2020-03-12,37,3993.982,8102.938,12096.92
2020-03-12,38,4093.452,8133.282,12226.734
2020-03-12,39,4086.776,8241.25,12328.026
2020-03-12,40,4253.698,8266.63,12520.328
2020-03-12,41,4262.332,8298.322,12560.654
2020-03-12,42,4256.57,8333.862,12590.432
2020-03-12,43,4117.256,8313.718,12430.974
2020-03-12,44,3966.898,8331.61,12298.508
2020-03-12,45,3660.256,8299.118,11959.374
2020-03-12,46,3476.302,8284.07,11760.372
2020-03-12,47,3065.22,8251.87,11317.09
2020-03-12,48,2802.038,8249.486,11051.524
2020-03-13,1,2585.19,8248.574,10833.764
2020-03-13,2,2434.504,8208.11,10642.614
2020-03-13,3,2530.928,8137.23,10668.158
2020-03-13,4,2668.762,8078.364,10747.126
2020-03-13,5,2719.982,8101.506,10821.488
2020-03-13,6,3029.216,8130.512,11159.728
2020-03-13,7,3050.58,7908.704,10959.284
2020-03-13,8,2944.522,7878.428,10822.95
2020-03-13,9,2803.972,7767.866,10571.838
2020-03-13,10,2564.75,7641.128,10205.878
2020-03-13,11,2234.656,7152.332,9386.988
2020-03-13,12,2065.47,6426.42,8491.89
2020-03-13,13,1659.684,5967.666,7627.35
2020-03-13,14,1454.63,5593.704,7048.334
2020-03-13,15,1500.824,5254.898,6755.722
2020-03-13,16,1601.716,4727.124,6328.84
2020-03-13,17,1421.394,4137.36,5558.754
2020-03-13,18,1149.254,3819.794,4969.048
2020-03-13,19,1016.812,3685.726,4702.538
2020-03-13,20,1078.69,3303.656,4382.346
2020-03-13,21,1129.852,2933.866,4063.718
2020-03-13,22,1124.052,2518.484,3642.536
2020-03-13,23,1117.876,2109.008,3226.884
2020-03-13,24,1128.636,1856.376,2985.012
2020-03-13,25,1070.568,1721.716,2792.284
2020-03-13,26,1123.502,1677.346,2800.848
2020-03-13,27,1158.382,1521.81,2680.192
2020-03-13,28,1251.01,1469.588,2720.598
2020-03-13,29,1369.156,1257.408,2626.564
2020-03-13,30,1510.886,1065.808,2576.694
2020-03-13,31,1662.644,1018.43,2681.074
2020-03-13,32,1798.386,897.156,2695.542
2020-03-13,33,1971.952,863.964,2835.916
2020-03-13,34,2134.272,992.654,3126.926
2020-03-13,35,2276.876,1095.542,3372.418
2020-03-13,36,2330.028,1125.192,3455.22
2020-03-13,37,2571.01,1291.764,3862.774
2020-03-13,38,2973.834,1391.614,4365.448
2020-03-13,39,3152.922,1490.208,4643.13
2020-03-13,40,3270.33,1780.716,5051.046
2020-03-13,41,3374.178,2060.34,5434.518
2020-03-13,42,3410.884,2324.752,5735.636
2020-03-13,43,3504.548,2744.582,6249.13
2020-03-13,44,3481.352,2950.572,6431.924
2020-03-13,45,3464.434,3427.448,6891.882
2020-03-13,46,3557.894,3663.93,7221.824
2020-03-13,47,3608.33,3807.21,7415.54
2020-03-13,48,3642.596,3811.548,7454.144
2020-03-14,1,3708.338,3993.54,7701.878
2020-03-14,2,3729.064,4096.8,7825.864
2020-03-14,3,3717.542,4303.442,8020.984
2020-03-14,4,3717.72,4514.53,8232.25
2020-03-14,5,3787.06,4694.59,8481.65
2020-03-14,6,3743.838,4835.518,8579.356
2020-03-14,7,3643.066,4978.49,8621.556
2020-03-14,8,3661.528,5060.154,8721.682
2020-03-14,9,3678.818,4972.672,8651.49
2020-03-14,10,3679.488,5134.434,8813.922
2020-03-14,11,3623.438,5215.268,8838.706
2020-03-14,12,3675.086,5280.968,8956.054
2020-03-14,13,3835.16,5454.466,9289.626
2020-03-14,14,3646.232,5649.838,9296.07
2020-03-14,15,3613.738,5768.67,9382.408
2020-03-14,16,3603.984,5936.12,9540.104
2020-03-14,17,3603.812,5942.808,9546.62
2020-03-14,18,3618.73,5850.274,9469.004
2020-03-14,19,3504.728,5795.35,9300.078
2020-03-14,20,3386.142,5977.642,9363.784
2020-03-14,21,3322.87,6021.602,9344.472
2020-03-14,22,3296.452,6117.918,9414.37
2020-03-14,23,3351.398,6236.416,9587.814
2020-03-14,24,3622.4,6481.116,10103.516
2020-03-14,25,3997.222,6487.45,10484.672
2020-03-14,26,4152.406,6146.062,10298.468
2020-03-14,27,4312.038,6159.866,10471.904
2020-03-14,28,4316.476,6531.668,10848.144
2020-03-14,29,4134.926,6469.502,10604.428
2020-03-14,30,4142.054,6638.928,10780.982
2020-03-14,31,4091.266,6863.398,10954.664
2020-03-14,32,4063.686,7144.542,11208.228
2020-03-14,33,4125.532,7396.632,11522.164
2020-03-14,34,4036.72,7299.92,11336.64
2020-03-14,35,4032.36,7271.734,11304.094
2020-03-14,36,3967.658,7299.652,11267.31
2020-03-14,37,3982.948,7337.186,11320.134
2020-03-14,38,3970.364,7533.11,11503.474
2020-03-14,39,3791.224,7755.424,11546.648
2020-03-14,40,3715.842,7997.804,11713.646
2020-03-14,41,3734.676,8040.908,11775.584
2020-03-14,42,3757.478,8008.646,11766.124
2020-03-14,43,3743.152,7913.8,11656.952
2020-03-14,44,3722.264,7994.944,11717.208
2020-03-14,45,3713.564,7951.858,11665.422
2020-03-14,46,3682.862,7934.74,11617.602
2020-03-14,47,3774.37,8006.528,11780.898
2020-03-14,48,3523.524,7944.486,11468.01
2020-03-15,1,3495.002,8021.226,11516.228
2020-03-15,2,3589.084,8017.248,11606.332
2020-03-15,3,3402.222,8053.816,11456.038
2020-03-15,4,3219.93,7825.856,11045.786
2020-03-15,5,3136.002,7886.032,11022.034
2020-03-15,6,3253.658,7720.154,10973.812
2020-03-15,7,3336.966,7851.564,11188.53
2020-03-15,8,3450.908,7599.924,11050.832
2020-03-15,9,3581.938,7635.146,11217.084
2020-03-15,10,3631.174,7643.2,11274.374
2020-03-15,11,3627.15,7646.29,11273.44
2020-03-15,12,3864.318,7737.976,11602.294
2020-03-15,13,3741.13,7768.718,11509.848
2020-03-15,14,3593.812,7847.812,11441.624
2020-03-15,15,3524.694,7789.798,11314.492
2020-03-15,16,3608.772,7873.774,11482.546
2020-03-15,17,3587.676,7923.662,11511.338
2020-03-15,18,3812.298,7865.452,11677.75
2020-03-15,19,3930.95,7839.768,11770.718
2020-03-15,20,3778.976,7844.67,11623.646
2020-03-15,21,3984.652,7552.118,11536.77
2020-03-15,22,4267.728,7478.13,11745.858
2020-03-15,23,4120.606,7540.476,11661.082
2020-03-15,24,4355.416,7044.008,11399.424
2020-03-15,25,4254.902,6863.86,11118.762
2020-03-15,26,4319.632,6726.054,11045.686
2020-03-15,27,4203.096,6236.068,10439.164
2020-03-15,28,4262.306,5831.674,10093.98
2020-03-15,29,4262.05,5844.744,10106.794
2020-03-15,30,4028.878,5886.13,9915.008
2020-03-15,31,3949.672,6097.95,10047.622
2020-03-15,32,3822.378,5945.102,9767.48
2020-03-15,33,3656.594,6032.192,9688.786
2020-03-15,34,3490.332,6182.818,9673.15
2020-03-15,35,3666.096,6056.864,9722.96
2020-03-15,36,3586.026,5960.674,9546.7
2020-03-15,37,3228.896,5886.528,9115.424
2020-03-15,38,3059.818,5774.864,8834.682
2020-03-15,39,2863.728,5620.55,8484.278
2020-03-15,40,2481.916,5277.264,7759.18
2020-03-15,41,2128.88,4953.446,7082.326
2020-03-15,42,1783.806,4295.424,6079.23
2020-03-15,43,1561.018,3764.638,5325.656
2020-03-15,44,1343.894,3638.808,4982.702
2020-03-15,45,1069.144,3822.234,4891.378
2020-03-15,46,876.426,3880.996,4757.422
2020-03-15,47,730.998,3712.464,4443.462
2020-03-15,48,654.12,3221.672,3875.792
2020-03-16,1,658.084,3105.096,3763.18
2020-03-16,2,588.038,2739.312,3327.35
2020-03-16,3,551.01,2446.21,2997.22
2020-03-16,4,522.962,2155.18,2678.142
2020-03-16,5,422.008,2095.69,2517.698
2020-03-16,6,448.876,2045.218,2494.094
2020-03-16,7,536.292,1683.13,2219.422
2020-03-16,8,544.898,1412.634,1957.532
2020-03-16,9,654.288,1263.518,1917.806
2020-03-16,10,881.674,1282.22,2163.894
2020-03-16,11,1076.662,1437.342,2514.004
2020-03-16,12,1227.714,1294.256,2521.97
2020-03-16,13,1373.346,1019.14,2392.486
2020-03-16,14,1531.792,869.216,2401.008
2020-03-16,15,1860.152,641.378,2501.53
2020-03-16,16,2186.548,476.366,2662.914
2020-03-16,17,2527.408,430.064,2957.472
2020-03-16,18,2732.838,481.636,3214.474
2020-03-16,19,3238.182,616.296,3854.478
2020-03-16,20,3848.658,765.284,4613.942
2020-03-16,21,4107.406,784.884,4892.29
2020-03-16,22,4522.09,874.884,5396.974
2020-03-16,23,4637.864,1035.082,5672.946
2020-03-16,24,4894.794,1256.43,6151.224
2020-03-16,25,5032.47,1473.778,6506.248
2020-03-16,26,5067.29,1769.478,6836.768
2020-03-16,27,5098.214,1940.938,7039.152
2020-03-16,28,5019.038,2167.508,7186.546
2020-03-16,29,4979.462,2657.17,7636.632
2020-03-16,30,4689.378,2853.646,7543.024
2020-03-16,31,4621.786,3128.784,7750.57
2020-03-16,32,4475.236,3174.784,7650.02
2020-03-16,33,4492.366,3264.78,7757.146
2020-03-16,34,4465.346,3373.826,7839.172
2020-03-16,35,4523.306,3683.378,8206.684
2020-03-16,36,4668.38,4286.326,8954.706
2020-03-16,37,4714.728,4594.522,9309.25
2020-03-16,38,4725.738,4867.764,9593.502
2020-03-16,39,4716.628,5328.442,10045.07
2020-03-16,40,4686.822,5650.148,10336.97
2020-03-16,41,4654.552,5776.42,10430.972
2020-03-16,42,4454.072,5945.178,10399.25
2020-03-16,43,4292.614,6273.366,10565.98
2020-03-16,44,4163.714,6548.01,10711.724
2020-03-16,45,4058.882,6591.642,10650.524
2020-03-16,46,3975.74,6516.472,10492.212
2020-03-16,47,3888.168,6484.19,10372.358
2020-03-16,48,3677.828,6492.434,10170.262
2020-03-17,1,3547.502,6345.964,9893.466
2020-03-17,2,3498.202,6378.936,9877.138
2020-03-17,3,3542.904,6494.178,10037.082
2020-03-17,4,3534.35,6564.158,10098.508
2020-03-17,5,3593.198,6764.25,10357.448
2020-03-17,6,3696.866,6845.2,10542.066
2020-03-17,7,3710.736,6795.91,10506.646
2020-03-17,8,3625.918,6698.346,10324.264
2020-03-17,9,3693.238,6717.582,10410.82
2020-03-17,10,3809.964,6665.65,10475.614
2020-03-17,11,3745.36,6598.23,10343.59
2020-03-17,12,3657.028,6686.094,10343.122
2020-03-17,13,3834.35,6724.988,10559.338
2020-03-17,14,3819.292,6510.774,10330.066
2020-03-17,15,3891.502,6271.64,10163.142
2020-03-17,16,3921.906,6143.448,10065.354
2020-03-17,17,4104.682,6116.024,10220.706
2020-03-17,18,4224.458,5866.452,10090.91
2020-03-17,19,4396.798,5848.214,10245.012
2020-03-17,20,4309.076,5776.42,10085.496
2020-03-17,21,4064.444,5857.584,9922.028
2020-03-17,22,4058.332,5608.548,9666.88
2020-03-17,23,4081.44,5633.344,9714.784
2020-03-17,24,4181.694,6031.618,10213.312
2020-03-17,25,4093.272,6502.712,10595.984
2020-03-17,26,4161.428,6613.332,10774.76
2020-03-17,27,4107.48,6617.406,10724.886
2020-03-17,28,3691.474,6680.222,10371.696
2020-03-17,29,3497.32,6750.12,10247.44
2020-03-17,30,2761.394,7022.494,9783.888
2020-03-17,31,2506.428,7044.052,9550.48
2020-03-17,32,1961.994,7228.76,9190.754
2020-03-17,33,1569.238,7469.02,9038.258
2020-03-17,34,1600.426,7643.302,9243.728
2020-03-17,35,1773.81,7676.476,9450.286
2020-03-17,36,1897.406,7698.142,9595.548
2020-03-17,37,1894.208,7796.812,9691.02
2020-03-17,38,1665.224,7784.446,9449.67
2020-03-17,39,1554.202,7855.936,9410.138
2020-03-17,40,1415.792,7828.53,9244.322
2020-03-17,41,1385.82,7893.576,9279.396
2020-03-17,42,1559.876,7911.586,9471.462
2020-03-17,43,1729.998,7955.246,9685.244
2020-03-17,44,1965.838,7924.364,9890.202
2020-03-17,45,2225.144,7752.25,9977.394
2020-03-17,46,2439.674,7316.356,9756.03
2020-03-17,47,2612.726,6738.176,9350.902
2020-03-17,48,2796.73,6675.442,9472.172
2020-03-18,1,2854.398,6657.934,9512.332
2020-03-18,2,2968.28,6282.038,9250.318
2020-03-18,3,3071.284,6157.926,9229.21
2020-03-18,4,3056.76,6122.228,9178.988
2020-03-18,5,3167.362,6037.002,9204.364
2020-03-18,6,3033.764,5968.436,9002.2
2020-03-18,7,3023.156,6025.958,9049.114
2020-03-18,8,3101.426,6115.246,9216.672
2020-03-18,9,2886.75,6205.722,9092.472
2020-03-18,10,2704.968,6002.854,8707.822
2020-03-18,11,2592.732,5731.616,8324.348
2020-03-18,12,2617.842,5384.618,8002.46
2020-03-18,13,2632.91,5356.722,7989.632
2020-03-18,14,2862.19,5299.454,8161.644
2020-03-18,15,2748.46,4896.162,7644.622
2020-03-18,16,2709.69,4253.934,6963.624
2020-03-18,17,2823.59,4022.826,6846.416
2020-03-18,18,3010.526,3611.9,6622.426
2020-03-18,19,2981.94,3025.036,6006.976
2020-03-18,20,3158.364,2828.85,5987.214
2020-03-18,21,3405.78,2730.698,6136.478
2020-03-18,22,3582.344,2585.256,6167.6
2020-03-18,23,3862.36,2515.01,6377.37
2020-03-18,24,3917.734,2386.35,6304.084
2020-03-18,25,4020.428,2405.512,6425.94
2020-03-18,26,4071.776,2261.304,6333.08
2020-03-18,27,4029.102,2270.056,6299.158
2020-03-18,28,3944.544,2307.494,6252.038
2020-03-18,29,3743.252,2475.334,6218.586
2020-03-18,30,3665.65,2476.256,6141.906
2020-03-18,31,3597.118,2420.066,6017.184
2020-03-18,32,3612.824,2246.276,5859.1
2020-03-18,33,3560.946,2109.77,5670.716
2020-03-18,34,3581.756,2113.378,5695.134
2020-03-18,35,3519.8,2064.552,5584.352
2020-03-18,36,3415.27,2037.708,5452.978
2020-03-18,37,3355.346,2043.26,5398.606
2020-03-18,38,3383.642,2002.544,5386.186
2020-03-18,39,3382.078,1854.648,5236.726
2020-03-18,40,3310.948,1728.184,5039.132
2020-03-18,41,3378.482,1574.474,4952.956
2020-03-18,42,3452.822,1504.24,4957.062
2020-03-18,43,3411.284,1288.576,4699.86
2020-03-18,44,3345.008,1188.734,4533.742
2020-03-18,45,3379.33,1152.124,4531.454
2020-03-18,46,3304.526,1045.494,4350.02
2020-03-18,47,3263.846,892.942,4156.788
2020-03-18,48,3138.006,857.19,3995.196
2020-03-19,1,2907.262,877.724,3784.986
2020-03-19,2,2815.688,905.574,3721.262
2020-03-19,3,2678.138,959.608,3637.746
2020-03-19,4,2603.208,1041.846,3645.054
2020-03-19,5,2601.576,1113.122,3714.698
2020-03-19,6,2459.144,1173.77,3632.914
2020-03-19,7,2418.274,1219.922,3638.196
2020-03-19,8,2273.216,1050.214,3323.43
2020-03-19,9,2127.552,1071.008,3198.56
2020-03-19,10,1972.426,1062.222,3034.648
2020-03-19,11,1827.664,947.298,2774.962
2020-03-19,12,1734.836,877.318,2612.154
2020-03-19,13,1458.514,839.58,2298.094
2020-03-19,14,1240.71,780.076,2020.786
2020-03-19,15,1154.938,743.578,1898.516
2020-03-19,16,996.744,702.006,1698.75
2020-03-19,17,855.636,675.304,1530.94
2020-03-19,18,791.498,641.424,1432.922
2020-03-19,19,785.462,605.572,1391.034
2020-03-19,20,881.022,573.698,1454.72
2020-03-19,21,1023.586,554.412,1577.998
2020-03-19,22,970.052,544.11,1514.162
2020-03-19,23,899.922,537.01,1436.932
2020-03-19,24,837.868,548.126,1385.994
2020-03-19,25,901.708,546.84,1448.548
2020-03-19,26,1010.244,578.05,1588.294
2020-03-19,27,914.27,671.924,1586.194
2020-03-19,28,940.492,754.01,1694.502
2020-03-19,29,937.672,875.48,1813.152
2020-03-19,30,799.668,1072.072,1871.74
2020-03-19,31,752.306,1295.428,2047.734
2020-03-19,32,761.92,1482.792,2244.712
2020-03-19,33,727.368,1688.436,2415.804
2020-03-19,34,743.564,1759.352,2502.916
2020-03-19,35,565.194,1829.788,2394.982
2020-03-19,36,562.664,2003.47,2566.134
2020-03-19,37,501.628,2082.62,2584.248
2020-03-19,38,523.272,2200.53,2723.802
2020-03-19,39,586.098,2229.248,2815.346
2020-03-19,40,592.498,2240.466,2832.964
2020-03-19,41,594.194,2314.09,2908.284
2020-03-19,42,559.872,2444.7,3004.572
2020-03-19,43,527.338,2643.26,3170.598
2020-03-19,44,502.448,2650.056,3152.504
2020-03-19,45,461.438,2562.058,3023.496
2020-03-19,46,455.142,2462.386,2917.528
2020-03-19,47,480.042,2382.78,2862.822
2020-03-19,48,497.448,2340.496,2837.944
2020-03-20,1,422.396,2426.006,2848.402
2020-03-20,2,370.126,2536.698,2906.824
2020-03-20,3,347.456,2627.138,2974.594
2020-03-20,4,358.416,2675.046,3033.462
2020-03-20,5,354.576,2834.644,3189.22
2020-03-20,6,364.002,2960.056,3324.058
2020-03-20,7,387.55,3277.776,3665.326
2020-03-20,8,434.996,3552.756,3987.752
2020-03-20,9,400.778,3828.524,4229.302
2020-03-20,10,337.636,4110.672,4448.308
2020-03-20,11,312.508,4096.072,4408.58
2020-03-20,12,318.372,4136.826,4455.198
2020-03-20,13,330.006,4228.082,4558.088
2020-03-20,14,360.02,4833.624,5193.644
2020-03-20,15,344.462,5076.654,5421.116
2020-03-20,16,325.802,5189.416,5515.218
2020-03-20,17,347.77,5133.002,5480.772
2020-03-20,18,379.912,5113.822,5493.734
2020-03-20,19,433.534,5173.424,5606.958
2020-03-20,20,465.568,5293.534,5759.102
2020-03-20,21,483.176,5446.182,5929.358
2020-03-20,22,494.098,5517.176,6011.274
2020-03-20,23,524.312,5581.502,6105.814
2020-03-20,24,587.004,5625.122,6212.126
2020-03-20,25,586.356,5579.236,6165.592
2020-03-20,26,634.722,5596.742,6231.464
2020-03-20,27,688.028,5625.1,6313.128
2020-03-20,28,673.136,5811.978,6485.114
2020-03-20,29,715.512,5936.338,6651.85
2020-03-20,30,762.696,6087.114,6849.81
2020-03-20,31,878.528,6288.886,7167.414
2020-03-20,32,867.724,6628.594,7496.318
2020-03-20,33,964.036,6848.004,7812.04
2020-03-20,34,983.89,6988.332,7972.222
2020-03-20,35,955.838,7158.46,8114.298
2020-03-20,36,879.032,7152.378,8031.41
2020-03-20,37,922.764,7158.498,8081.262
2020-03-20,38,1019.232,7267.666,8286.898
2020-03-20,39,1136.256,7328.08,8464.336
2020-03-20,40,1154.602,7433.284,8587.886
2020-03-20,41,1257.196,7443.018,8700.214
2020-03-20,42,1450.6,7494.412,8945.012
2020-03-20,43,1506.184,7672.178,9178.362
2020-03-20,44,1543.488,7596.752,9140.24
2020-03-20,45,1504.864,7550.956,9055.82
2020-03-20,46,1515.554,7572.118,9087.672
2020-03-20,47,1531.49,7629.64,9161.13
2020-03-20,48,1583.284,7659.762,9243.046
2020-03-21,1,1672.224,7588.156,9260.38
2020-03-21,2,1718.668,7373.56,9092.228
2020-03-21,3,1768.52,7269.476,9037.996
2020-03-21,4,1736.5,7284.22,9020.72
2020-03-21,5,1861.294,7106.194,8967.488
2020-03-21,6,1864.478,6984.15,8848.628
2020-03-21,7,1898.236,6880.91,8779.146
2020-03-21,8,2028.294,6955.646,8983.94
2020-03-21,9,2050.15,7018.466,9068.616
2020-03-21,10,2022.522,7311.832,9334.354
2020-03-21,11,2145.292,7656.658,9801.95
2020-03-21,12,2130.148,7697.244,9827.392
2020-03-21,13,2188.644,7631.936,9820.58
2020-03-21,14,2285.328,7646.222,9931.55
2020-03-21,15,2366.226,7650.116,10016.342
2020-03-21,16,2556.854,7629.282,10186.136
2020-03-21,17,2758.372,7537.596,10295.968
2020-03-21,18,3063.78,7511.568,10575.348
2020-03-21,19,3346.058,7509.252,10855.31
2020-03-21,20,3476.466,7610.834,11087.3
2020-03-21,21,3646.692,7747.046,11393.738
2020-03-21,22,3692.174,7787.676,11479.85
2020-03-21,23,3757.344,7777.004,11534.348
2020-03-21,24,3834.414,7755.146,11589.56
2020-03-21,25,3780.036,7715.776,11495.812
2020-03-21,26,3801.27,7683.162,11484.432
2020-03-21,27,3808.41,7702.888,11511.298
2020-03-21,28,3850.8,7718.804,11569.604
2020-03-21,29,3900.578,7515.694,11416.272
2020-03-21,30,3907.892,7740.566,11648.458
2020-03-21,31,3901.194,7759.446,11660.64
2020-03-21,32,3875.85,7910.45,11786.3
2020-03-21,33,3882.186,7886.466,11768.652
2020-03-21,34,3826.254,7990.098,11816.352
2020-03-21,35,3750.428,8001.446,11751.874
2020-03-21,36,3740.054,7981.732,11721.786
2020-03-21,37,3741.596,8036.54,11778.136
2020-03-21,38,3772.994,7944.638,11717.632
2020-03-21,39,3793.72,7941.496,11735.216
2020-03-21,40,3723.654,7909.65,11633.304
2020-03-21,41,3578.188,7830.842,11409.03
2020-03-21,42,3615.714,7727.134,11342.848
2020-03-21,43,3651.5,7645.056,11296.556
2020-03-21,44,3698.436,7512.36,11210.796
2020-03-21,45,3676.294,7242.782,10919.076
2020-03-21,46,3438.472,7036.422,10474.894
2020-03-21,47,3360.458,6837.25,10197.708
2020-03-21,48,3349.988,6699.514,10049.502
2020-03-22,1,3218.568,6522.842,9741.41
2020-03-22,2,2982.122,6408.422,9390.544
2020-03-22,3,2788.586,6360.296,9148.882
2020-03-22,4,2628.456,6297.406,8925.862
2020-03-22,5,2365.508,6122.13,8487.638
2020-03-22,6,2175.7,5881.138,8056.838
2020-03-22,7,2079.764,5661.536,7741.3
2020-03-22,8,1979.738,5294.65,7274.388
2020-03-22,9,1734.736,5262.014,6996.75
2020-03-22,10,1621.138,5204.834,6825.972
2020-03-22,11,1598.674,5218.388,6817.062
2020-03-22,12,1616.124,5284.392,6900.516
2020-03-22,13,1627.504,5390.672,7018.176
2020-03-22,14,1452.93,5486.648,6939.578
2020-03-22,15,1384.886,5498.124,6883.01
2020-03-22,16,1414.106,5507.26,6921.366
2020-03-22,17,1340.024,5582.034,6922.058
2020-03-22,18,1275.346,5749.502,7024.848
2020-03-22,19,1365.222,5824.712,7189.934
2020-03-22,20,1531.582,5698.056,7229.638
2020-03-22,21,1632.218,5398.216,7030.434
2020-03-22,22,1578.558,5052.916,6631.474
2020-03-22,23,1788.416,4757.282,6545.698
2020-03-22,24,1917.95,4573.566,6491.516
2020-03-22,25,1964.818,4577.79,6542.608
2020-03-22,26,2032.58,4452.292,6484.872
2020-03-22,27,2146.332,4341.966,6488.298
2020-03-22,28,2178.382,4315.134,6493.516
2020-03-22,29,2173.668,4416.01,6589.678
2020-03-22,30,2379.472,4634.84,7014.312
2020-03-22,31,2627.058,4720.542,7347.6
2020-03-22,32,2671.838,4838.976,7510.814
2020-03-22,33,2828.6,4921.518,7750.118
2020-03-22,34,2929.594,4926.578,7856.172
2020-03-22,35,2955.51,4951.96,7907.47
2020-03-22,36,3029.246,5011.272,8040.518
2020-03-22,37,3223.346,5162.206,8385.552
2020-03-22,38,3201.968,5346.354,8548.322
2020-03-22,39,3153.032,5584.066,8737.098
2020-03-22,40,3255.604,5920.154,9175.758
2020-03-22,41,3358.026,6258.518,9616.544
2020-03-22,42,3208.97,6554.778,9763.748
2020-03-22,43,3151.51,6641.588,9793.098
2020-03-22,44,3378.334,6732.032,10110.366
2020-03-22,45,3547.632,7037.304,10584.936
2020-03-22,46,3579.144,7107.866,10687.01
2020-03-22,47,3560.744,6992.59,10553.334
2020-03-22,48,3654.804,6861.866,10516.67
2020-03-23,1,3672.204,6954.356,10626.56
2020-03-23,2,3750.898,6863.138,10614.036
2020-03-23,3,3829.126,7027.41,10856.536
2020-03-23,4,3790.504,7101.132,10891.636
2020-03-23,5,3888.164,6693.32,10581.484
2020-03-23,6,3940.51,6212.41,10152.92
2020-03-23,7,3950.506,6162.458,10112.964
2020-03-23,8,3982.716,6175.926,10158.642
2020-03-23,9,4025.35,6073.418,10098.768
2020-03-23,10,3934.378,5910.82,9845.198
2020-03-23,11,3909.134,5857.85,9766.984
2020-03-23,12,3833.568,5782.636,9616.204
2020-03-23,13,3810.3,5758.95,9569.25
2020-03-23,14,3835.84,5722.382,9558.222
2020-03-23,15,3871.194,5468.546,9339.74
2020-03-23,16,3929.872,5519.162,9449.034
2020-03-23,17,3973.086,5759.176,9732.262
2020-03-23,18,3995.69,5838.146,9833.836
2020-03-23,19,3949.986,5649.14,9599.126
2020-03-23,20,3894.73,5445.704,9340.434
2020-03-23,21,4009.986,5305.922,9315.908
2020-03-23,22,4219.224,5373.336,9592.56
2020-03-23,23,4301.432,5393.108,9694.54
2020-03-23,24,4387.654,5105.654,9493.308
2020-03-23,25,4473.862,4700.91,9174.772
2020-03-23,26,4589.444,4452.426,9041.87
2020-03-23,27,4725.456,4761.92,9487.376
2020-03-23,28,4613.636,5018.142,9631.778
2020-03-23,29,4541.952,5120.52,9662.472
2020-03-23,30,4541.3,5126.526,9667.826
2020-03-23,31,4613.64,5084.84,9698.48
2020-03-23,32,4478.268,4989.16,9467.428
2020-03-23,33,4424.672,4813.044,9237.716
2020-03-23,34,4357.942,4844.896,9202.838
2020-03-23,35,4368.406,4883.376,9251.782
2020-03-23,36,4304.65,5047.938,9352.588
2020-03-23,37,4325.152,5108.676,9433.828
2020-03-23,38,4554.31,5182.212,9736.522
2020-03-23,39,4727.296,5278.496,10005.792
2020-03-23,40,4781.882,5416.814,10198.696
2020-03-23,41,4613.376,5470.364,10083.74
2020-03-23,42,4496.316,5363.788,9860.104
2020-03-23,43,4593.396,5189.792,9783.188
2020-03-23,44,4571.836,5036.36,9608.196
2020-03-23,45,4555.746,4990.364,9546.11
2020-03-23,46,4426.166,4852.446,9278.612
2020-03-23,47,4522.52,4886.374,9408.894
2020-03-23,48,4442.082,4878.16,9320.242
2020-03-24,1,4479.572,4935.444,9415.016
2020-03-24,2,4432.706,5247.76,9680.466
2020-03-24,3,4561.678,5243.936,9805.614
2020-03-24,4,4664.422,5261.502,9925.924
2020-03-24,5,4622.632,5430.228,10052.86
2020-03-24,6,4668.97,5177.744,9846.714
2020-03-24,7,4762.272,5089.92,9852.192
2020-03-24,8,4797.846,5195.788,9993.634
2020-03-24,9,4730.208,5258.06,9988.268
2020-03-24,10,4776.014,5417.57,10193.584
2020-03-24,11,4695.488,5572.572,10268.06
2020-03-24,12,4777.516,5451.366,10228.882
2020-03-24,13,4786.164,5178.806,9964.97
2020-03-24,14,4764.486,5076.32,9840.806
2020-03-24,15,4814.616,5065.004,9879.62
2020-03-24,16,4927.4,4877.782,9805.182
2020-03-24,17,5027.046,4703.356,9730.402
2020-03-24,18,4950.386,4433.196,9383.582
2020-03-24,19,5072.492,4206.25,9278.742
2020-03-24,20,5018.248,4069.932,9088.18
2020-03-24,21,5040.538,3987.724,9028.262
2020-03-24,22,5057.132,4000.144,9057.276
2020-03-24,23,4921.854,4004.006,8925.86
2020-03-24,24,4772.91,3830.562,8603.472
2020-03-24,25,4985.402,3610.874,8596.276
2020-03-24,26,5202.216,3569.44,8771.656
2020-03-24,27,5159.68,3604.946,8764.626
2020-03-24,28,5196.3,3648.348,8844.648
2020-03-24,29,4960.228,3485.532,8445.76
2020-03-24,30,4669.066,3471.45,8140.516
2020-03-24,31,4858.13,3491.7,8349.83
2020-03-24,32,4869.036,3669.534,8538.57
2020-03-24,33,4819.754,3782.414,8602.168
2020-03-24,34,4819.444,4090.23,8909.674
2020-03-24,35,4856.17,4376.46,9232.63
2020-03-24,36,4906.308,4558.602,9464.91
2020-03-24,37,4831.95,4781.594,9613.544
2020-03-24,38,4667.614,4957.056,9624.67
2020-03-24,39,4708.752,5124.362,9833.114
2020-03-24,40,4680.766,5293.488,9974.254
2020-03-24,41,4578.736,5378.318,9957.054
2020-03-24,42,4635.558,5484.712,10120.27
2020-03-24,43,4583.674,5402.214,9985.888
2020-03-24,44,4454.318,5150.652,9604.97
2020-03-24,45,4472.8,4983.912,9456.712
2020-03-24,46,4284.422,4855.136,9139.558
2020-03-24,47,4235.154,4940.824,9175.978
2020-03-24,48,4258.65,4914.864,9173.514
2020-03-25,1,4353.936,4649.568,9003.504
2020-03-25,2,4257.456,4550.598,8808.054
2020-03-25,3,4124.514,4320.426,8444.94
2020-03-25,4,4121.29,4075.038,8196.328
2020-03-25,5,4091.914,3764.882,7856.796
2020-03-25,6,3993.998,3575.502,7569.5
2020-03-25,7,3837.61,3347.466,7185.076
2020-03-25,8,3953.706,3329.216,7282.922
2020-03-25,9,3831.766,3279.698,7111.464
2020-03-25,10,3723.55,3182.752,6906.302
2020-03-25,11,3401.172,2924.224,6325.396
2020-03-25,12,3049.794,2760.884,5810.678
2020-03-25,13,2754.032,2534.924,5288.956
2020-03-25,14,2637.42,2391.17,5028.59
2020-03-25,15,2445.21,2219.922,4665.132
2020-03-25,16,2281.766,2097.708,4379.474
2020-03-25,17,2118.222,1843.994,3962.216
2020-03-25,18,1891.944,1649.508,3541.452
2020-03-25,19,1727.236,1494.16,3221.396
2020-03-25,20,1610.508,1323.288,2933.796
2020-03-25,21,1571.804,1285.484,2857.288
2020-03-25,22,1625.904,1310.822,2936.726
2020-03-25,23,1534.172,1227.392,2761.564
2020-03-25,24,1355.838,1229.158,2584.996
2020-03-25,25,1295.006,1266.904,2561.91
2020-03-25,26,1193.5,1252.756,2446.256
2020-03-25,27,1154.346,1270.342,2424.688
2020-03-25,28,1101.98,1320.822,2422.802
2020-03-25,29,998.61,1319.704,2318.314
2020-03-25,30,957.588,1391.514,2349.102
2020-03-25,31,887.104,1509.628,2396.732
2020-03-25,32,753.386,1587.58,2340.966
2020-03-25,33,625.72,1562.506,2188.226
2020-03-25,34,491.648,1550.742,2042.39
2020-03-25,35,380.236,1573.744,1953.98
2020-03-25,36,335.17,1545.774,1880.944
2020-03-25,37,301.654,1559.332,1860.986
2020-03-25,38,274.544,1585.212,1859.756
2020-03-25,39,273.01,1615.772,1888.782
2020-03-25,40,288.192,1797.58,2085.772
2020-03-25,41,279.686,2010.086,2289.772
2020-03-25,42,246.18,2042.776,2288.956
2020-03-25,43,206,2116.11,2322.11
2020-03-25,44,186.596,2070.766,2257.362
2020-03-25,45,101.468,1876.058,1977.526
2020-03-25,46,47.25,1758.894,1806.144
2020-03-25,47,47.816,1668.478,1716.294
2020-03-25,48,51.858,1661.316,1713.174
2020-03-26,1,61.58,1621.588,1683.168
2020-03-26,2,65.38,1473.862,1539.242
2020-03-26,3,71.71,1359.758,1431.468
2020-03-26,4,67.352,1258.458,1325.81
2020-03-26,5,72.266,1216.162,1288.428
2020-03-26,6,59.156,1116.57,1175.726
2020-03-26,7,59.872,971.986,1031.858
2020-03-26,8,69.854,850.742,920.596
2020-03-26,9,77.104,752.3,829.404
2020-03-26,10,86.944,766.564,853.508
2020-03-26,11,92.478,763.39,855.868
2020-03-26,12,104.638,840.082,944.72
2020-03-26,13,92.594,924.96,1017.554
2020-03-26,14,89.142,938.884,1028.026
2020-03-26,15,97.686,1042.066,1139.752
2020-03-26,16,96.608,1172.628,1269.236
2020-03-26,17,83.724,1395.51,1479.234
2020-03-26,18,72.798,1597.738,1670.536
2020-03-26,19,89.8,1730.492,1820.292
2020-03-26,20,99.394,1678.4,1777.794
2020-03-26,21,108.734,1613.358,1722.092
2020-03-26,22,116.316,1592.778,1709.094
2020-03-26,23,102.518,1638.18,1740.698
2020-03-26,24,91.57,1780.572,1872.142
2020-03-26,25,95.334,1817.938,1913.272
2020-03-26,26,110.15,1915.848,2025.998
2020-03-26,27,132.358,1887.502,2019.86
2020-03-26,28,139.904,1864.276,2004.18
2020-03-26,29,159.814,1816.882,1976.696
2020-03-26,30,185.056,1716.804,1901.86
2020-03-26,31,183.898,1752.748,1936.646
2020-03-26,32,175.716,1818.904,1994.62
2020-03-26,33,173.488,1945.11,2118.598
2020-03-26,34,163.018,2075.352,2238.37
2020-03-26,35,156.15,2242.64,2398.79
2020-03-26,36,146.162,2509.07,2655.232
2020-03-26,37,183.168,2777.132,2960.3
2020-03-26,38,236.07,2913.734,3149.804
2020-03-26,39,278.534,3044.118,3322.652
2020-03-26,40,276.11,3069.068,3345.178
2020-03-26,41,225.55,3123.238,3348.788
2020-03-26,42,182.174,3358.1,3540.274
2020-03-26,43,143.202,3625.648,3768.85
2020-03-26,44,124.418,3672.422,3796.84
2020-03-26,45,108.09,3495.74,3603.83
2020-03-26,46,97.382,3116.506,3213.888
2020-03-26,47,102.034,2801.738,2903.772
2020-03-26,48,109.796,2590.246,2700.042
2020-03-27,1,113.3,2466.96,2580.26
2020-03-27,2,93.162,2501.942,2595.104
2020-03-27,3,94.728,2447.948,2542.676
2020-03-27,4,81.02,2380.716,2461.736
2020-03-27,5,82.18,2361.042,2443.222
2020-03-27,6,83.028,2384.418,2467.446
2020-03-27,7,80.38,2393.734,2474.114
2020-03-27,8,79.45,2430.86,2510.31
2020-03-27,9,82.926,2473.218,2556.144
2020-03-27,10,84.244,2486.82,2571.064
2020-03-27,11,106.808,2488.23,2595.038
2020-03-27,12,124.512,2526.154,2650.666
2020-03-27,13,158.122,2543.484,2701.606
2020-03-27,14,192.07,2512.992,2705.062
2020-03-27,15,198.736,2441.142,2639.878
2020-03-27,16,209.946,2444.582,2654.528
2020-03-27,17,212.924,2528.982,2741.906
2020-03-27,18,200.69,2723.758,2924.448
2020-03-27,19,219.5,2896.518,3116.018
2020-03-27,20,235.606,2993,3228.606
2020-03-27,21,279.226,3110.076,3389.302
2020-03-27,22,305.872,3170.468,3476.34
2020-03-27,23,339.256,3214.804,3554.06
2020-03-27,24,422.488,3414.02,3836.508
2020-03-27,25,538.286,3530.4,4068.686
2020-03-27,26,663.324,3621.19,4284.514
2020-03-27,27,791.774,3752.124,4543.898
2020-03-27,28,906.792,3908.512,4815.304
2020-03-27,29,952.97,4108.864,5061.834
2020-03-27,30,988.568,4344.978,5333.546
2020-03-27,31,1034.326,4562.936,5597.262
2020-03-27,32,1039.95,4725.594,5765.544
2020-03-27,33,1030.554,4819.642,5850.196
2020-03-27,34,1015.026,4889.706,5904.732
2020-03-27,35,1009.57,5072.102,6081.672
2020-03-27,36,975.968,5218.816,6194.784
2020-03-27,37,1074.744,5379.72,6454.464
2020-03-27,38,1142.31,5694.796,6837.106
2020-03-27,39,1144.336,6163.94,7308.276
2020-03-27,40,1143.298,6269.088,7412.386
2020-03-27,41,1264.206,6287.162,7551.368
2020-03-27,42,1228.96,6314.44,7543.4
2020-03-27,43,1158.102,6190.434,7348.536
2020-03-27,44,1103.408,6101.016,7204.424
2020-03-27,45,1143.476,6062.66,7206.136
2020-03-27,46,1078.276,5999.232,7077.508
2020-03-27,47,1160.56,6008.118,7168.678
2020-03-27,48,1242.842,5892.84,7135.682
2020-03-28,1,1184.364,5909.476,7093.84
2020-03-28,2,1172.07,5912.732,7084.802
2020-03-28,3,1272.004,5760.334,7032.338
2020-03-28,4,1183.418,5778.606,6962.024
2020-03-28,5,1167.332,6010.448,7177.78
2020-03-28,6,1333.026,5982.636,7315.662
2020-03-28,7,1500.754,5900.742,7401.496
2020-03-28,8,1576.602,5964.276,7540.878
2020-03-28,9,1640.32,6225.9,7866.22
2020-03-28,10,1728.238,6489.07,8217.308
2020-03-28,11,1911.528,6555,8466.528
2020-03-28,12,2056.52,6453.262,8509.782
2020-03-28,13,2312.706,6426.428,8739.134
2020-03-28,14,2473.812,6330.39,8804.202
2020-03-28,15,2697.988,6354.27,9052.258
2020-03-28,16,2666.558,6383.086,9049.644
2020-03-28,17,2823.042,6356.244,9179.286
2020-03-28,18,3146.974,6474.286,9621.26
2020-03-28,19,3501.642,6522.916,10024.558
2020-03-28,20,3522.356,6603.632,10125.988
2020-03-28,21,3658.618,6550.23,10208.848
2020-03-28,22,3655.686,6456.34,10112.026
2020-03-28,23,3721.884,6492.838,10214.722
2020-03-28,24,3862.584,6835.314,10697.898
2020-03-28,25,3937.62,6816.392,10754.012
2020-03-28,26,3867.578,6591.93,10459.508
2020-03-28,27,3944.724,6889.814,10834.538
2020-03-28,28,4337.304,7476.276,11813.58
2020-03-28,29,4354.904,7606.132,11961.036
2020-03-28,30,4373.832,7866.824,12240.656
2020-03-28,31,4389.078,7886.948,12276.026
2020-03-28,32,4402.428,7911.396,12313.824
2020-03-28,33,4053.94,8190.18,12244.12
2020-03-28,34,4022.902,7872.888,11895.79
2020-03-28,35,3865.47,8120.936,11986.406
2020-03-28,36,3788.764,8171.458,11960.222
2020-03-28,37,3628.014,8147.206,11775.22
2020-03-28,38,3529.94,8017.098,11547.038
2020-03-28,39,3495.68,8024.01,11519.69
2020-03-28,40,3620.132,7993.01,11613.142
2020-03-28,41,3733.406,7818.598,11552.004
2020-03-28,42,3629.016,7885.986,11515.002
2020-03-28,43,3588.144,8049.834,11637.978
2020-03-28,44,3685.656,7965.554,11651.21
2020-03-28,45,3560.728,7740.554,11301.282
2020-03-28,46,3482.756,7697.104,11179.86
2020-03-28,47,3421.79,7732.292,11154.082
2020-03-28,48,3192.738,7857.156,11049.894
2020-03-29,1,3201.656,7911.492,11113.148
2020-03-29,2,3169.238,7930.33,11099.568
2020-03-29,3,3135.066,7868.368,11003.434
2020-03-29,4,3117.534,7810.292,10927.826
2020-03-29,5,3100.004,7752.218,10852.222
2020-03-29,6,3082.484,7694.14,10776.624
2020-03-29,7,3064.956,7636.056,10701.012
2020-03-29,8,3047.428,7577.988,10625.416
2020-03-29,9,3029.9,7519.906,10549.806
2020-03-29,10,3012.382,7461.824,10474.206
2020-03-29,11,2994.852,7403.752,10398.604
2020-03-29,12,2977.33,7345.67,10323
2020-03-29,13,2959.81,7287.588,10247.398
2020-03-29,14,2942.29,7229.51,10171.8
2020-03-29,15,2924.762,7171.44,10096.202
2020-03-29,16,2907.234,7113.362,10020.596
2020-03-29,17,2889.714,7055.28,9944.994
2020-03-29,18,2872.18,6997.2,9869.38
2020-03-29,19,2854.66,6939.12,9793.78
2020-03-29,20,2837.126,6881.052,9718.178
2020-03-29,21,2819.608,6822.958,9642.566
2020-03-29,22,2802.084,6764.892,9566.976
2020-03-29,23,2784.56,6706.814,9491.374
2020-03-29,24,2767.028,6648.732,9415.76
2020-03-29,25,2749.512,6590.654,9340.166
2020-03-29,26,2731.978,6532.576,9264.554
2020-03-29,27,2714.462,6474.498,9188.96
2020-03-29,28,2696.93,6416.416,9113.346
2020-03-29,29,2679.406,6358.338,9037.744
2020-03-29,30,2661.884,6300.272,8962.156
2020-03-29,31,2644.364,6242.18,8886.544
2020-03-29,32,2626.83,6184.112,8810.942
2020-03-29,33,2609.312,6126.03,8735.342
2020-03-29,34,2591.776,6067.95,8659.726
2020-03-29,35,2574.256,6009.868,8584.124
2020-03-29,36,2556.728,5951.79,8508.518
2020-03-29,37,2539.2,5893.722,8432.922
2020-03-29,38,2521.68,5835.644,8357.324
2020-03-29,39,2504.16,5777.562,8281.722
2020-03-29,40,2486.638,5719.48,8206.118
2020-03-29,41,2469.108,5661.406,8130.514
2020-03-29,42,2451.59,5603.324,8054.914
2020-03-29,43,2434.062,5545.242,7979.304
2020-03-29,44,2416.534,5487.174,7903.708
2020-03-29,45,2399.006,5429.09,7828.096
2020-03-29,46,2381.486,5371.012,7752.498
2020-03-30,1,2363.956,5312.938,7676.894
2020-03-30,2,2346.424,5254.862,7601.286
2020-03-30,3,2335.938,5287.492,7623.43
2020-03-30,4,2219.544,5292.414,7511.958
2020-03-30,5,2187.75,5248.834,7436.584
2020-03-30,6,2180.86,4914.028,7094.888
2020-03-30,7,2107.786,4606.198,6713.984
2020-03-30,8,2042.33,4102.404,6144.734
2020-03-30,9,2022.39,4150.864,6173.254
2020-03-30,10,2132,3925.162,6057.162
2020-03-30,11,2136.698,3689.518,5826.216
2020-03-30,12,2100.182,3900.276,6000.458
2020-03-30,13,2163.528,3493.344,5656.872
2020-03-30,14,2060.984,3130.554,5191.538
2020-03-30,15,2074.272,2933.772,5008.044
2020-03-30,16,2037.12,3127.862,5164.982
2020-03-30,17,1883.512,3311.428,5194.94
2020-03-30,18,1862.036,3564.912,5426.948
2020-03-30,19,1826.584,3623.146,5449.73
2020-03-30,20,1901.04,3528.392,5429.432
2020-03-30,21,1949.498,3661.178,5610.676
2020-03-30,22,1881.3,3734.338,5615.638
2020-03-30,23,1807.764,3621.328,5429.092
2020-03-30,24,1812.566,3799.226,5611.792
2020-03-30,25,1713.308,3608.236,5321.544
2020-03-30,26,1694.422,3770.13,5464.552
2020-03-30,27,1494.076,3972.748,5466.824
2020-03-30,28,1567.79,4333.986,5901.776
2020-03-30,29,1629.09,4780.254,6409.344
2020-03-30,30,1671.106,4944.106,6615.212
2020-03-30,31,1791.29,5062.402,6853.692
2020-03-30,32,1684.664,5217.944,6902.608
2020-03-30,33,1622.044,5066.626,6688.67
2020-03-30,34,1510.52,4950.332,6460.852
2020-03-30,35,1469.504,4893.904,6363.408
2020-03-30,36,1488.99,4983.746,6472.736
2020-03-30,37,1409.192,5051.492,6460.684
2020-03-30,38,1285.728,5105.17,6390.898
2020-03-30,39,1124.68,5206.134,6330.814
2020-03-30,40,899.422,5308.064,6207.486
2020-03-30,41,798.968,5297.792,6096.76
2020-03-30,42,737.636,5382.118,6119.754
2020-03-30,43,675.608,5328.55,6004.158
2020-03-30,44,616.644,5247.176,5863.82
2020-03-30,45,640.57,5388.17,6028.74
2020-03-30,46,728.118,5300.624,6028.742
2020-03-30,47,758.58,5367.24,6125.82
2020-03-30,48,701.534,5212,5913.534
2020-03-31,1,734.624,5069.764,5804.388
2020-03-31,2,682.398,4912.328,5594.726
2020-03-31,3,687.778,4924.672,5612.45
2020-03-31,4,673.232,4666.146,5339.378
2020-03-31,5,665.428,4251.114,4916.542
2020-03-31,6,658.206,4064.106,4722.312
2020-03-31,7,688.896,3950.42,4639.316
2020-03-31,8,662.646,3826.632,4489.278
2020-03-31,9,672.356,3781.978,4454.334
2020-03-31,10,730.84,3747.36,4478.2
2020-03-31,11,685.328,3566.018,4251.346
2020-03-31,12,687.566,3496.962,4184.528
2020-03-31,13,705.302,3389.996,4095.298
2020-03-31,14,753.168,3238.136,3991.304
2020-03-31,15,791.34,3250.224,4041.564
2020-03-31,16,741.714,3157.632,3899.346
2020-03-31,17,777.41,2964.466,3741.876
2020-03-31,18,741.67,2804.966,3546.636
2020-03-31,19,721.092,2630.614,3351.706
2020-03-31,20,874.846,2434.744,3309.59
2020-03-31,21,969.11,2328.712,3297.822
2020-03-31,22,1103.956,2240.712,3344.668
2020-03-31,23,1315.956,2172.326,3488.282
2020-03-31,24,1330.912,2069.752,3400.664
2020-03-31,25,1589.182,1985.418,3574.6
2020-03-31,26,1668.78,1935.606,3604.386
2020-03-31,27,1739.884,1877.784,3617.668
2020-03-31,28,1793.786,1848.432,3642.218
2020-03-31,29,1876.452,1850.738,3727.19
2020-03-31,30,1860.992,1853.044,3714.036
2020-03-31,31,1855.586,1863.48,3719.066
2020-03-31,32,1710.632,1916.928,3627.56
2020-03-31,33,1684.398,1958.274,3642.672
2020-03-31,34,1751.328,2013.446,3764.774
2020-03-31,35,1723.438,2066.834,3790.272
2020-03-31,36,1657.084,2101.43,3758.514
2020-03-31,37,1492.514,2178.684,3671.198
2020-03-31,38,1509.2,2291.96,3801.16
2020-03-31,39,1437.68,2376.264,3813.944
2020-03-31,40,1389.464,2258.572,3648.036
2020-03-31,41,1372.806,2199.556,3572.362
2020-03-31,42,1200.418,2137.394,3337.812
2020-03-31,43,1157.766,2074.856,3232.622
2020-03-31,44,1145.732,2056.46,3202.192
2020-03-31,45,1097.88,2095.04,3192.92
2020-03-31,46,1155.782,2104.36,3260.142
2020-03-31,47,1191.188,2072.068,3263.256
2020-03-31,48,1106.932,2020.31,3127.242
