Sett_Date,Sett_Period,Scottish Wind Output,England/Wales Wind Output,Total
2025-04-01,1,1599.394,2128.474,3727.868
2025-04-01,2,1689.892,2078.652,3768.544
2025-04-01,3,1785.048,2206.618,3991.666
2025-04-01,4,1807.826,2610.19,4418.016
2025-04-01,5,1730.3,2778.262,4508.562
2025-04-01,6,1687.18,2792.692,4479.872
2025-04-01,7,1747.45,2641.294,4388.744
2025-04-01,8,1870.304,2544.832,4415.136
2025-04-01,9,1943.882,2589.44,4533.322
2025-04-01,10,2087.198,2643.15,4730.348
2025-04-01,11,2160.124,2710.03,4870.154
2025-04-01,12,2233.46,2710.516,4943.976
2025-04-01,13,2297.804,2823.108,5120.912
2025-04-01,14,2233.714,2945.826,5179.54
2025-04-01,15,2131.416,3023.694,5155.11
2025-04-01,16,2203.146,3200.702,5403.848
2025-04-01,17,2212.882,3192.378,5405.26
2025-04-01,18,2124.49,3119.14,5243.63
2025-04-01,19,1962.94,3175.516,5138.456
2025-04-01,20,2155.19,3384.0,5539.19
2025-04-01,21,2543.672,3486.686,6030.358
2025-04-01,22,2786.084,3503.958,6290.042
2025-04-01,23,3121.05,3531.978,6653.028
2025-04-01,24,3682.26,3597.992,7280.252
2025-04-01,25,4195.888,3704.618,7900.506
2025-04-01,26,3963.01,3706.564,7669.574
2025-04-01,27,4326.65,3684.78,8011.43
2025-04-01,28,4252.928,3581.944,7834.872
2025-04-01,29,3720.58,3621.598,7342.178
2025-04-01,30,3336.906,3848.01,7184.916
2025-04-01,31,3112.834,4437.7,7550.534
2025-04-01,32,3405.414,4817.754,8223.168
2025-04-01,33,3847.348,5384.552,9231.9
2025-04-01,34,4241.71,5817.89,10059.6
2025-04-01,35,4393.144,6053.002,10446.146
2025-04-01,36,4382.512,6334.044,10716.556
2025-04-01,37,4331.332,6666.236,10997.568
2025-04-01,38,4423.536,7230.532,11654.068
2025-04-01,39,4247.53,7813.178,12060.708
2025-04-01,40,4350.382,8185.94,12536.322
2025-04-01,41,4540.068,8598.796,13138.864
2025-04-01,42,4630.492,8963.744,13594.236
2025-04-01,43,4668.908,8880.364,13549.272
2025-04-01,44,4631.908,8867.934,13499.842
2025-04-01,45,4677.852,8901.674,13579.526
2025-04-01,46,4741.59,9063.382,13804.972
2025-04-01,47,4720.602,9082.672,13803.274
2025-04-01,48,4537.412,9065.114,13602.526
2025-04-02,1,4357.474,9195.934,13553.408
2025-04-02,2,4367.188,9259.238,13626.426
2025-04-02,3,4387.2,9202.41,13589.61
2025-04-02,4,4429.076,9112.084,13541.16
2025-04-02,5,4410.658,8802.642,13213.3
2025-04-02,6,4345.678,8221.734,12567.412
2025-04-02,7,4263.654,7582.254,11845.908
2025-04-02,8,4173.676,7375.24,11548.916
2025-04-02,9,3969.73,7395.034,11364.764
2025-04-02,10,3737.14,7100.652,10837.792
2025-04-02,11,3499.428,6781.448,10280.876
2025-04-02,12,3319.512,6576.592,9896.104
2025-04-02,13,3179.042,6550.028,9729.07
2025-04-02,14,2986.966,6292.116,9279.082
2025-04-02,15,2808.538,6290.222,9098.76
2025-04-02,16,2882.57,6217.566,9100.136
2025-04-02,17,2688.262,6171.428,8859.69
2025-04-02,18,2538.008,6424.28,8962.288
2025-04-02,19,2476.73,6653.892,9130.622
2025-04-02,20,2517.58,6841.268,9358.848
2025-04-02,21,2413.902,6880.86,9294.762
2025-04-02,22,2161.728,6889.552,9051.28
2025-04-02,23,2393.914,6790.944,9184.858
2025-04-02,24,2600.6,6913.724,9514.324
2025-04-02,25,3211.58,7020.028,10231.608
2025-04-02,26,3416.264,7173.16,10589.424
2025-04-02,27,3220.9,7632.382,10853.282
2025-04-02,28,2706.118,7998.694,10704.812
2025-04-02,29,2338.062,8639.518,10977.58
2025-04-02,30,2347.222,8642.976,10990.198
2025-04-02,31,2889.082,8840.39,11729.472
2025-04-02,32,3076.512,8969.914,12046.426
2025-04-02,33,2810.258,9166.328,11976.586
2025-04-02,34,2986.67,9527.622,12514.292
2025-04-02,35,2897.292,9527.64,12424.932
2025-04-02,36,2886.384,9717.146,12603.53
2025-04-02,37,2875.608,9851.6,12727.208
2025-04-02,38,2847.262,9789.152,12636.414
2025-04-02,39,3048.114,9529.12,12577.234
2025-04-02,40,3286.788,9462.17,12748.958
2025-04-02,41,3397.218,9522.25,12919.468
2025-04-02,42,3489.414,9385.066,12874.48
2025-04-02,43,3153.472,9404.828,12558.3
2025-04-02,44,2793.596,9502.668,12296.264
2025-04-02,45,2470.016,9746.038,12216.054
2025-04-02,46,2253.436,9689.48,11942.916
2025-04-02,47,2161.032,9699.944,11860.976
2025-04-02,48,2136.588,9483.688,11620.276
2025-04-03,1,1920.152,9408.816,11328.968
2025-04-03,2,1788.918,9393.044,11181.962
2025-04-03,3,1611.686,9442.842,11054.528
2025-04-03,4,1273.482,9605.302,10878.784
2025-04-03,5,1258.502,9503.368,10761.87
2025-04-03,6,1250.528,9277.704,10528.232
2025-04-03,7,1269.012,9145.224,10414.236
2025-04-03,8,1295.26,9069.088,10364.348
2025-04-03,9,1259.43,9095.27,10354.7
2025-04-03,10,1120.328,9181.19,10301.518
2025-04-03,11,1071.094,9135.05,10206.144
2025-04-03,12,1055.612,9097.478,10153.09
2025-04-03,13,1082.64,9031.74,10114.38
2025-04-03,14,1079.684,9018.436,10098.12
2025-04-03,15,1037.872,8761.702,9799.574
2025-04-03,16,1053.586,8388.176,9441.762
2025-04-03,17,1096.71,8036.572,9133.282
2025-04-03,18,1112.816,7877.886,8990.702
2025-04-03,19,1121.304,7547.582,8668.886
2025-04-03,20,1228.09,7247.196,8475.286
2025-04-03,21,1502.724,7093.882,8596.606
2025-04-03,22,1867.074,7021.884,8888.958
2025-04-03,23,2070.538,6767.138,8837.676
2025-04-03,24,2291.962,6536.14,8828.102
2025-04-03,25,2534.792,6631.568,9166.36
2025-04-03,26,2635.92,6620.192,9256.112
2025-04-03,27,2757.246,6708.898,9466.144
2025-04-03,28,2959.576,6782.01,9741.586
2025-04-03,29,3160.736,6993.344,10154.08
2025-04-03,30,3350.358,7112.386,10462.744
2025-04-03,31,3606.002,7297.05,10903.052
2025-04-03,32,3761.654,6959.24,10720.894
2025-04-03,33,3645.226,6927.906,10573.132
2025-04-03,34,3759.386,7105.364,10864.75
2025-04-03,35,3743.68,7217.848,10961.528
2025-04-03,36,3520.126,7392.68,10912.806
2025-04-03,37,3430.506,8139.562,11570.068
2025-04-03,38,3389.24,8222.552,11611.792
2025-04-03,39,3367.408,8358.768,11726.176
2025-04-03,40,3812.898,8284.026,12096.924
2025-04-03,41,3908.192,8154.294,12062.486
2025-04-03,42,3830.964,7937.044,11768.008
2025-04-03,43,3854.956,7538.188,11393.144
2025-04-03,44,4019.542,7396.368,11415.91
2025-04-03,45,3921.408,7268.008,11189.416
2025-04-03,46,3860.688,6921.616,10782.304
2025-04-03,47,4010.598,6545.878,10556.476
2025-04-03,48,3988.702,6048.244,10036.946
2025-04-04,1,4081.602,5272.842,9354.444
2025-04-04,2,3925.69,4762.36,8688.05
2025-04-04,3,3653.908,4457.83,8111.738
2025-04-04,4,3285.138,4160.89,7446.028
2025-04-04,5,3280.67,3952.696,7233.366
2025-04-04,6,3305.596,3909.278,7214.874
2025-04-04,7,3287.364,3796.068,7083.432
2025-04-04,8,3143.61,3715.65,6859.26
2025-04-04,9,3048.736,3735.578,6784.314
2025-04-04,10,3045.138,3635.982,6681.12
2025-04-04,11,2953.372,3851.724,6805.096
2025-04-04,12,3144.106,4114.812,7258.918
2025-04-04,13,3223.916,4551.65,7775.566
2025-04-04,14,3337.192,4800.142,8137.334
2025-04-04,15,3412.648,5032.514,8445.162
2025-04-04,16,3398.12,5193.854,8591.974
2025-04-04,17,3269.308,5302.878,8572.186
2025-04-04,18,3494.148,5354.112,8848.26
2025-04-04,19,3590.524,5036.256,8626.78
2025-04-04,20,3800.252,4759.072,8559.324
2025-04-04,21,3813.49,4806.712,8620.202
2025-04-04,22,3920.444,4944.198,8864.642
2025-04-04,23,3834.174,5306.586,9140.76
2025-04-04,24,3800.45,5620.916,9421.366
2025-04-04,25,3821.496,5952.116,9773.612
2025-04-04,26,3554.59,6239.208,9793.798
2025-04-04,27,3393.91,6651.956,10045.866
2025-04-04,28,2924.1,7279.108,10203.208
2025-04-04,29,2514.572,7700.306,10214.878
2025-04-04,30,2569.854,7934.34,10504.194
2025-04-04,31,3283.906,8085.186,11369.092
2025-04-04,32,3367.226,8180.632,11547.858
2025-04-04,33,3531.238,8427.632,11958.87
2025-04-04,34,3908.424,8525.828,12434.252
2025-04-04,35,3966.206,8720.258,12686.464
2025-04-04,36,4116.162,8767.096,12883.258
2025-04-04,37,4278.508,8897.46,13175.968
2025-04-04,38,4357.764,8975.34,13333.104
2025-04-04,39,4378.03,9066.14,13444.17
2025-04-04,40,4416.604,9122.19,13538.794
2025-04-04,41,4485.134,9116.442,13601.576
2025-04-04,42,4354.838,9245.716,13600.554
2025-04-04,43,4286.604,9217.506,13504.11
2025-04-04,44,4073.048,9027.066,13100.114
2025-04-04,45,3731.89,8943.734,12675.624
2025-04-04,46,3159.812,8907.112,12066.924
2025-04-04,47,2809.868,8696.54,11506.408
2025-04-04,48,2601.2,8386.56,10987.76
2025-04-05,1,2478.088,8187.85,10665.938
2025-04-05,2,2316.366,7912.426,10228.792
2025-04-05,3,2301.52,7793.738,10095.258
2025-04-05,4,2202.294,7394.568,9596.862
2025-04-05,5,2471.582,7358.09,9829.672
2025-04-05,6,2594.164,7391.434,9985.598
2025-04-05,7,2534.378,7474.586,10008.964
2025-04-05,8,2180.562,7649.442,9830.004
2025-04-05,9,2165.934,7262.288,9428.222
2025-04-05,10,2205.442,7175.57,9381.012
2025-04-05,11,2197.182,7461.192,9658.374
2025-04-05,12,2358.038,7293.234,9651.272
2025-04-05,13,2469.294,7340.384,9809.678
2025-04-05,14,2420.624,7227.832,9648.456
2025-04-05,15,2393.144,6697.668,9090.812
2025-04-05,16,2413.792,6469.438,8883.23
2025-04-05,17,2317.478,6380.686,8698.164
2025-04-05,18,2223.878,6685.432,8909.31
2025-04-05,19,2064.312,6590.714,8655.026
2025-04-05,20,1948.62,6206.804,8155.424
2025-04-05,21,1883.346,6099.228,7982.574
2025-04-05,22,1705.098,6071.874,7776.972
2025-04-05,23,1744.772,6090.764,7835.536
2025-04-05,24,1851.222,5991.256,7842.478
2025-04-05,25,1773.502,5930.604,7704.106
2025-04-05,26,1627.156,5720.188,7347.344
2025-04-05,27,1585.914,5680.844,7266.758
2025-04-05,28,1588.464,5486.08,7074.544
2025-04-05,29,1354.47,5336.448,6690.918
2025-04-05,30,1365.408,5592.502,6957.91
2025-04-05,31,1610.154,6364.514,7974.668
2025-04-05,32,1600.662,6187.788,7788.45
2025-04-05,33,1633.124,5887.082,7520.206
2025-04-05,34,1777.494,5864.188,7641.682
2025-04-05,35,1538.558,5790.008,7328.566
2025-04-05,36,1515.156,6008.12,7523.276
2025-04-05,37,1521.46,6392.85,7914.31
2025-04-05,38,1808.712,6328.244,8136.956
2025-04-05,39,1767.09,6563.52,8330.61
2025-04-05,40,1866.24,6790.554,8656.794
2025-04-05,41,1976.59,7283.668,9260.258
2025-04-05,42,1947.186,7590.566,9537.752
2025-04-05,43,1729.568,7641.738,9371.306
2025-04-05,44,1695.376,7608.85,9304.226
2025-04-05,45,1616.818,7450.266,9067.084
2025-04-05,46,1515.456,7123.372,8638.828
2025-04-05,47,1549.918,7035.638,8585.556
2025-04-05,48,1514.308,7037.394,8551.702
2025-04-06,1,1405.044,7294.056,8699.1
2025-04-06,2,1199.236,7515.164,8714.4
2025-04-06,3,1114.632,7529.766,8644.398
2025-04-06,4,1150.274,7486.298,8636.572
2025-04-06,5,1028.05,7365.49,8393.54
2025-04-06,6,963.774,7086.494,8050.268
2025-04-06,7,941.898,6824.962,7766.86
2025-04-06,8,970.522,6470.276,7440.798
2025-04-06,9,957.876,6102.768,7060.644
2025-04-06,10,979.726,6097.1,7076.826
2025-04-06,11,915.604,6399.786,7315.39
2025-04-06,12,870.992,6436.786,7307.778
2025-04-06,13,831.224,6494.352,7325.576
2025-04-06,14,817.828,6398.46,7216.288
2025-04-06,15,929.276,6495.814,7425.09
2025-04-06,16,977.6,6348.986,7326.586
2025-04-06,17,982.882,5854.436,6837.318
2025-04-06,18,876.658,5695.11,6571.768
2025-04-06,19,852.83,5445.976,6298.806
2025-04-06,20,696.034,5145.882,5841.916
2025-04-06,21,551.976,4717.936,5269.912
2025-04-06,22,486.838,4434.52,4921.358
2025-04-06,23,475.832,4371.674,4847.506
2025-04-06,24,521.902,4272.33,4794.232
2025-04-06,25,532.386,4359.582,4891.968
2025-04-06,26,512.63,4193.722,4706.352
2025-04-06,27,499.552,4079.66,4579.212
2025-04-06,28,469.42,4132.396,4601.816
2025-04-06,29,453.638,4149.756,4603.394
2025-04-06,30,451.664,4190.912,4642.576
2025-04-06,31,510.304,4241.646,4751.95
2025-04-06,32,568.118,4084.834,4652.952
2025-04-06,33,740.658,4015.196,4755.854
2025-04-06,34,833.69,4314.142,5147.832
2025-04-06,35,1051.348,4409.552,5460.9
2025-04-06,36,1008.686,4404.918,5413.604
2025-04-06,37,1010.232,4329.042,5339.274
2025-04-06,38,967.308,4678.416,5645.724
2025-04-06,39,996.11,4818.638,5814.748
2025-04-06,40,952.546,4751.314,5703.86
2025-04-06,41,958.41,4954.482,5912.892
2025-04-06,42,947.44,5127.0,6074.44
2025-04-06,43,1063.274,5165.462,6228.736
2025-04-06,44,1070.862,4925.856,5996.718
2025-04-06,45,990.296,4847.166,5837.462
2025-04-06,46,932.8,4664.212,5597.012
2025-04-06,47,936.356,4425.906,5362.262
2025-04-06,48,954.65,4156.728,5111.378
2025-04-07,1,979.838,3604.756,4584.594
2025-04-07,2,911.256,3219.328,4130.584
2025-04-07,3,740.844,2973.076,3713.92
2025-04-07,4,621.798,2812.57,3434.368
2025-04-07,5,517.204,2463.812,2981.016
2025-04-07,6,507.982,2307.636,2815.618
2025-04-07,7,579.776,2248.63,2828.406
2025-04-07,8,588.06,2033.148,2621.208
2025-04-07,9,536.65,1803.114,2339.764
2025-04-07,10,429.836,1697.578,2127.414
2025-04-07,11,395.382,1633.65,2029.032
2025-04-07,12,386.288,1603.156,1989.444
2025-04-07,13,363.798,1596.818,1960.616
2025-04-07,14,355.234,1642.174,1997.408
2025-04-07,15,318.722,1750.37,2069.092
2025-04-07,16,274.212,1697.75,1971.962
2025-04-07,17,201.988,1531.596,1733.584
2025-04-07,18,172.174,1479.612,1651.786
2025-04-07,19,175.614,1482.912,1658.526
2025-04-07,20,175.562,1361.274,1536.836
2025-04-07,21,212.346,1185.176,1397.522
2025-04-07,22,273.542,1148.342,1421.884
2025-04-07,23,315.774,1402.854,1718.628
2025-04-07,24,345.654,1407.19,1752.844
2025-04-07,25,353.67,963.96,1317.63
2025-04-07,26,392.696,932.84,1325.536
2025-04-07,27,369.524,850.39,1219.914
2025-04-07,28,356.538,793.682,1150.22
2025-04-07,29,366.39,753.958,1120.348
2025-04-07,30,392.87,784.05,1176.92
2025-04-07,31,393.23,839.124,1232.354
2025-04-07,32,394.394,927.598,1321.992
2025-04-07,33,389.286,983.862,1373.148
2025-04-07,34,426.084,1112.75,1538.834
2025-04-07,35,476.46,1268.808,1745.268
2025-04-07,36,507.566,1418.12,1925.686
2025-04-07,37,509.374,1497.322,2006.696
2025-04-07,38,481.144,1509.908,1991.052
2025-04-07,39,540.168,1552.522,2092.69
2025-04-07,40,500.072,1614.538,2114.61
2025-04-07,41,467.286,1533.976,2001.262
2025-04-07,42,459.694,1507.858,1967.552
2025-04-07,43,451.336,1440.066,1891.402
2025-04-07,44,404.664,1409.782,1814.446
2025-04-07,45,381.326,1367.054,1748.38
2025-04-07,46,334.578,1187.17,1521.748
2025-04-07,47,297.116,1172.01,1469.126
2025-04-07,48,260.88,1206.518,1467.398
2025-04-08,1,235.766,1240.062,1475.828
2025-04-08,2,214.072,1200.786,1414.858
2025-04-08,3,200.248,1041.412,1241.66
2025-04-08,4,208.854,943.036,1151.89
2025-04-08,5,204.46,888.898,1093.358
2025-04-08,6,143.198,856.02,999.218
2025-04-08,7,110.63,900.974,1011.604
2025-04-08,8,89.732,838.944,928.676
2025-04-08,9,87.108,760.836,847.944
2025-04-08,10,92.95,766.762,859.712
2025-04-08,11,108.98,770.904,879.884
2025-04-08,12,118.188,759.942,878.13
2025-04-08,13,123.228,753.866,877.094
2025-04-08,14,123.268,731.216,854.484
2025-04-08,15,93.68,627.358,721.038
2025-04-08,16,68.296,536.972,605.268
2025-04-08,17,47.106,450.194,497.3
2025-04-08,18,40.226,427.994,468.22
2025-04-08,19,25.54,470.93,496.47
2025-04-08,20,14.978,497.368,512.346
2025-04-08,21,4.254,496.932,501.186
2025-04-08,22,4.082,428.166,432.248
2025-04-08,23,7.868,417.298,425.166
2025-04-08,24,27.362,400.396,427.758
2025-04-08,25,26.968,410.264,437.232
2025-04-08,26,25.818,463.194,489.012
2025-04-08,27,35.806,481.78,517.586
2025-04-08,28,56.952,500.27,557.222
2025-04-08,29,92.06,493.642,585.702
2025-04-08,30,127.482,513.632,641.114
2025-04-08,31,134.982,529.266,664.248
2025-04-08,32,176.806,529.254,706.06
2025-04-08,33,194.884,596.074,790.958
2025-04-08,34,280.332,628.628,908.96
2025-04-08,35,358.962,727.492,1086.454
2025-04-08,36,379.522,826.81,1206.332
2025-04-08,37,328.388,919.996,1248.384
2025-04-08,38,264.958,990.676,1255.634
2025-04-08,39,283.29,1031.428,1314.718
2025-04-08,40,315.412,1085.156,1400.568
2025-04-08,41,414.892,1158.792,1573.684
2025-04-08,42,559.38,1138.832,1698.212
2025-04-08,43,624.284,1069.202,1693.486
2025-04-08,44,688.998,1059.728,1748.726
2025-04-08,45,773.246,994.172,1767.418
2025-04-08,46,869.916,1025.838,1895.754
2025-04-08,47,922.216,1161.936,2084.152
2025-04-08,48,933.966,1297.124,2231.09
2025-04-09,1,885.15,1356.554,2241.704
2025-04-09,2,983.542,1319.35,2302.892
2025-04-09,3,1051.61,1283.782,2335.392
2025-04-09,4,1044.202,1262.11,2306.312
2025-04-09,5,1035.368,1274.156,2309.524
2025-04-09,6,1012.342,1243.562,2255.904
2025-04-09,7,1001.57,1287.332,2288.902
2025-04-09,8,1059.978,1494.802,2554.78
2025-04-09,9,1178.422,1552.714,2731.136
2025-04-09,10,1376.362,1760.612,3136.974
2025-04-09,11,1423.698,1936.798,3360.496
2025-04-09,12,1419.88,2048.964,3468.844
2025-04-09,13,1375.412,2162.176,3537.588
2025-04-09,14,1329.2,2233.506,3562.706
2025-04-09,15,1263.378,2265.012,3528.39
2025-04-09,16,1269.488,2337.206,3606.694
2025-04-09,17,1184.624,2391.728,3576.352
2025-04-09,18,1181.528,2446.094,3627.622
2025-04-09,19,1138.812,2505.16,3643.972
2025-04-09,20,1002.596,2467.786,3470.382
2025-04-09,21,882.924,2617.414,3500.338
2025-04-09,22,836.486,2563.882,3400.368
2025-04-09,23,734.956,2393.37,3128.326
2025-04-09,24,621.054,2301.776,2922.83
2025-04-09,25,569.374,2217.512,2786.886
2025-04-09,26,554.94,2297.746,2852.686
2025-04-09,27,495.602,2462.174,2957.776
2025-04-09,28,382.102,2199.362,2581.464
2025-04-09,29,306.74,2001.996,2308.736
2025-04-09,30,243.15,2012.3,2255.45
2025-04-09,31,226.55,2065.764,2292.314
2025-04-09,32,192.564,2168.646,2361.21
2025-04-09,33,201.658,2204.364,2406.022
2025-04-09,34,180.744,2165.048,2345.792
2025-04-09,35,150.188,2559.508,2709.696
2025-04-09,36,114.324,2807.136,2921.46
2025-04-09,37,92.39,3268.546,3360.936
2025-04-09,38,90.502,3675.546,3766.048
2025-04-09,39,77.646,3912.698,3990.344
2025-04-09,40,64.324,3917.382,3981.706
2025-04-09,41,88.492,3875.922,3964.414
2025-04-09,42,85.33,3747.172,3832.502
2025-04-09,43,86.412,3728.496,3814.908
2025-04-09,44,101.666,3634.742,3736.408
2025-04-09,45,89.38,3722.42,3811.8
2025-04-09,46,159.614,3478.004,3637.618
2025-04-09,47,213.316,3455.016,3668.332
2025-04-09,48,253.926,3252.632,3506.558
2025-04-10,1,326.56,3044.434,3370.994
2025-04-10,2,367.434,2750.534,3117.968
2025-04-10,3,383.5,2522.9,2906.4
2025-04-10,4,439.084,2471.352,2910.436
2025-04-10,5,514.52,2344.254,2858.774
2025-04-10,6,602.192,2303.764,2905.956
2025-04-10,7,671.794,2281.948,2953.742
2025-04-10,8,721.214,2337.918,3059.132
2025-04-10,9,892.402,2279.66,3172.062
2025-04-10,10,1074.902,2190.438,3265.34
2025-04-10,11,1220.726,2124.634,3345.36
2025-04-10,12,1323.514,2076.516,3400.03
2025-04-10,13,1470.34,1906.818,3377.158
2025-04-10,14,1660.728,1697.284,3358.012
2025-04-10,15,1795.526,1678.734,3474.26
2025-04-10,16,1743.888,1427.954,3171.842
2025-04-10,17,1673.666,1402.804,3076.47
2025-04-10,18,1705.184,1266.388,2971.572
2025-04-10,19,1780.188,1141.77,2921.958
2025-04-10,20,1932.288,932.202,2864.49
2025-04-10,21,2160.222,792.418,2952.64
2025-04-10,22,2318.67,695.016,3013.686
2025-04-10,23,2442.242,581.918,3024.16
2025-04-10,24,2762.31,491.842,3254.152
2025-04-10,25,3029.772,366.35,3396.122
2025-04-10,26,3245.536,296.73,3542.266
2025-04-10,27,3290.224,282.048,3572.272
2025-04-10,28,3046.388,264.266,3310.654
2025-04-10,29,3190.488,269.912,3460.4
2025-04-10,30,3428.722,314.506,3743.228
2025-04-10,31,3656.96,378.206,4035.166
2025-04-10,32,3681.326,436.366,4117.692
2025-04-10,33,3929.812,499.386,4429.198
2025-04-10,34,4170.806,578.1,4748.906
2025-04-10,35,4200.004,714.83,4914.834
2025-04-10,36,4324.62,862.074,5186.694
2025-04-10,37,4066.598,997.802,5064.4
2025-04-10,38,3701.648,1148.21,4849.858
2025-04-10,39,3744.804,1301.014,5045.818
2025-04-10,40,3762.026,1334.878,5096.904
2025-04-10,41,3818.574,1462.968,5281.542
2025-04-10,42,3820.716,1575.74,5396.456
2025-04-10,43,3980.174,1702.92,5683.094
2025-04-10,44,3994.548,1863.304,5857.852
2025-04-10,45,3810.968,2055.51,5866.478
2025-04-10,46,3652.42,2192.126,5844.546
2025-04-10,47,3530.2,2391.172,5921.372
2025-04-10,48,3513.064,2635.454,6148.518
2025-04-11,1,3551.888,2621.85,6173.738
2025-04-11,2,3840.69,2504.378,6345.068
2025-04-11,3,3948.916,2227.362,6176.278
2025-04-11,4,3880.486,1839.962,5720.448
2025-04-11,5,3715.998,1779.614,5495.612
2025-04-11,6,3709.212,1786.754,5495.966
2025-04-11,7,3603.698,1783.396,5387.094
2025-04-11,8,3639.702,1520.894,5160.596
2025-04-11,9,3817.84,1372.63,5190.47
2025-04-11,10,3594.314,1349.26,4943.574
2025-04-11,11,3481.55,1344.254,4825.804
2025-04-11,12,3562.304,1349.734,4912.038
2025-04-11,13,3493.944,1349.028,4842.972
2025-04-11,14,3422.51,1285.556,4708.066
2025-04-11,15,3407.984,1151.72,4559.704
2025-04-11,16,3427.844,1105.956,4533.8
2025-04-11,17,3351.342,1162.788,4514.13
2025-04-11,18,3220.658,1096.622,4317.28
2025-04-11,19,3234.394,925.218,4159.612
2025-04-11,20,3277.184,678.376,3955.56
2025-04-11,21,3298.184,563.14,3861.324
2025-04-11,22,3412.33,404.254,3816.584
2025-04-11,23,3386.318,366.038,3752.356
2025-04-11,24,3257.348,243.126,3500.474
2025-04-11,25,3398.134,143.844,3541.978
2025-04-11,26,3280.704,228.546,3509.25
2025-04-11,27,3077.712,294.238,3371.95
2025-04-11,28,3237.526,148.048,3385.574
2025-04-11,29,3268.756,81.708,3350.464
2025-04-11,30,3050.854,87.382,3138.236
2025-04-11,31,2848.886,80.48,2929.366
2025-04-11,32,2991.312,91.368,3082.68
2025-04-11,33,2812.084,85.642,2897.726
2025-04-11,34,2708.068,70.576,2778.644
2025-04-11,35,2392.062,58.632,2450.694
2025-04-11,36,2172.648,68.51,2241.158
2025-04-11,37,2015.802,108.548,2124.35
2025-04-11,38,1894.794,132.27,2027.064
2025-04-11,39,1746.496,176.476,1922.972
2025-04-11,40,1638.604,248.506,1887.11
2025-04-11,41,1513.556,338.954,1852.51
2025-04-11,42,1405.57,436.808,1842.378
2025-04-11,43,1348.586,521.648,1870.234
2025-04-11,44,1237.72,588.428,1826.148
2025-04-11,45,1073.126,600.154,1673.28
2025-04-11,46,972.034,651.782,1623.816
2025-04-11,47,899.248,681.852,1581.1
2025-04-11,48,820.76,754.596,1575.356
2025-04-12,1,897.058,791.35,1688.408
2025-04-12,2,1000.15,883.876,1884.026
2025-04-12,3,1072.92,1000.98,2073.9
2025-04-12,4,1210.242,1058.338,2268.58
2025-04-12,5,1286.04,1123.84,2409.88
2025-04-12,6,1263.238,1205.756,2468.994
2025-04-12,7,1327.74,1214.852,2542.592
2025-04-12,8,1295.654,1211.34,2506.994
2025-04-12,9,1203.298,1205.582,2408.88
2025-04-12,10,1173.354,1443.132,2616.486
2025-04-12,11,1062.894,1588.298,2651.192
2025-04-12,12,1067.474,1737.448,2804.922
2025-04-12,13,1203.594,1901.826,3105.42
2025-04-12,14,1279.042,2019.594,3298.636
2025-04-12,15,1288.974,2126.868,3415.842
2025-04-12,16,1237.504,2294.634,3532.138
2025-04-12,17,1234.168,2331.79,3565.958
2025-04-12,18,1274.414,2341.412,3615.826
2025-04-12,19,1372.02,2557.088,3929.108
2025-04-12,20,1595.988,2752.47,4348.458
2025-04-12,21,1811.598,2979.162,4790.76
2025-04-12,22,1760.68,3213.544,4974.224
2025-04-12,23,1984.682,3391.44,5376.122
2025-04-12,24,2297.626,3408.42,5706.046
2025-04-12,25,2696.05,3354.516,6050.566
2025-04-12,26,2804.478,3565.108,6369.586
2025-04-12,27,2703.25,3813.602,6516.852
2025-04-12,28,2874.252,4014.918,6889.17
2025-04-12,29,3299.904,4300.206,7600.11
2025-04-12,30,3613.746,4392.458,8006.204
2025-04-12,31,4074.844,4688.588,8763.432
2025-04-12,32,4135.988,5107.844,9243.832
2025-04-12,33,4070.104,5497.768,9567.872
2025-04-12,34,3809.502,5669.31,9478.812
2025-04-12,35,3554.258,5556.44,9110.698
2025-04-12,36,3439.97,5369.396,8809.366
2025-04-12,37,3438.074,4934.176,8372.25
2025-04-12,38,3373.324,4753.502,8126.826
2025-04-12,39,3012.464,4375.088,7387.552
2025-04-12,40,2758.66,3960.704,6719.364
2025-04-12,41,2689.382,3227.546,5916.928
2025-04-12,42,2494.94,3048.254,5543.194
2025-04-12,43,1982.212,3180.516,5162.728
2025-04-12,44,1798.348,3427.642,5225.99
2025-04-12,45,1733.002,3572.562,5305.564
2025-04-12,46,1804.364,3402.008,5206.372
2025-04-12,47,1782.0,3146.154,4928.154
2025-04-12,48,1961.924,2824.462,4786.386
2025-04-13,1,2163.116,2954.366,5117.482
2025-04-13,2,2242.222,2840.122,5082.344
2025-04-13,3,2451.736,2693.532,5145.268
2025-04-13,4,2573.71,2678.822,5252.532
2025-04-13,5,2762.982,3165.418,5928.4
2025-04-13,6,2748.96,3466.35,6215.31
2025-04-13,7,2881.552,4156.618,7038.17
2025-04-13,8,2651.548,4202.632,6854.18
2025-04-13,9,2932.586,4070.652,7003.238
2025-04-13,10,3079.468,3931.454,7010.922
2025-04-13,11,2850.08,4337.44,7187.52
2025-04-13,12,2504.438,4832.472,7336.91
2025-04-13,13,2431.502,4616.76,7048.262
2025-04-13,14,2293.008,4638.16,6931.168
2025-04-13,15,2118.26,4636.21,6754.47
2025-04-13,16,2222.824,4345.232,6568.056
2025-04-13,17,2735.134,3920.534,6655.668
2025-04-13,18,2808.29,3481.61,6289.9
2025-04-13,19,2654.192,3626.718,6280.91
2025-04-13,20,2319.608,3687.458,6007.066
2025-04-13,21,2360.104,3592.652,5952.756
2025-04-13,22,2213.982,3648.856,5862.838
2025-04-13,23,2373.318,3677.826,6051.144
2025-04-13,24,2687.662,3393.338,6081.0
2025-04-13,25,2867.446,3083.302,5950.748
2025-04-13,26,2856.054,3009.932,5865.986
2025-04-13,27,2748.39,2935.338,5683.728
2025-04-13,28,2780.348,2936.854,5717.202
2025-04-13,29,2360.092,3089.56,5449.652
2025-04-13,30,2399.748,3044.922,5444.67
2025-04-13,31,2479.176,2820.356,5299.532
2025-04-13,32,2981.07,2820.766,5801.836
2025-04-13,33,3101.152,2922.594,6023.746
2025-04-13,34,3351.644,2890.822,6242.466
2025-04-13,35,3534.778,2921.924,6456.702
2025-04-13,36,3513.902,3463.144,6977.046
2025-04-13,37,3199.994,3481.91,6681.904
2025-04-13,38,3367.746,3102.07,6469.816
2025-04-13,39,3415.918,3184.456,6600.374
2025-04-13,40,3772.98,3366.078,7139.058
2025-04-13,41,4007.354,3197.952,7205.306
2025-04-13,42,4013.684,3316.162,7329.846
2025-04-13,43,3830.294,3460.54,7290.834
2025-04-13,44,3495.46,3336.672,6832.132
2025-04-13,45,3412.728,3332.658,6745.386
2025-04-13,46,3611.0,3114.93,6725.93
2025-04-13,47,3775.406,2707.42,6482.826
2025-04-13,48,3937.704,2395.818,6333.522
2025-04-14,1,3643.49,2223.02,5866.51
2025-04-14,2,3429.674,2153.758,5583.432
2025-04-14,3,3547.558,2169.14,5716.698
2025-04-14,4,3942.26,2196.796,6139.056
2025-04-14,5,3777.478,2127.628,5905.106
2025-04-14,6,3857.552,2138.74,5996.292
2025-04-14,7,3793.99,2197.57,5991.56
2025-04-14,8,3932.066,2332.658,6264.724
2025-04-14,9,3858.468,2376.53,6234.998
2025-04-14,10,3816.044,2477.314,6293.358
2025-04-14,11,3799.118,2693.942,6493.06
2025-04-14,12,3496.908,3013.484,6510.392
2025-04-14,13,3401.05,3115.776,6516.826
2025-04-14,14,3638.206,3165.062,6803.268
2025-04-14,15,3723.494,3263.878,6987.372
2025-04-14,16,3878.254,3450.612,7328.866
2025-04-14,17,3812.796,3332.256,7145.052
2025-04-14,18,4418.364,3290.078,7708.442
2025-04-14,19,4737.286,3073.908,7811.194
2025-04-14,20,4812.318,3336.876,8149.194
2025-04-14,21,4754.796,3261.768,8016.564
2025-04-14,22,4632.16,3553.854,8186.014
2025-04-14,23,4544.216,3505.294,8049.51
2025-04-14,24,4477.992,3339.598,7817.59
2025-04-14,25,4185.698,3560.848,7746.546
2025-04-14,26,4413.724,3608.33,8022.054
2025-04-14,27,4499.904,3840.034,8339.938
2025-04-14,28,4370.356,4082.282,8452.638
2025-04-14,29,4327.99,4080.496,8408.486
2025-04-14,30,4043.68,4587.72,8631.4
2025-04-14,31,3677.764,4703.926,8381.69
2025-04-14,32,3372.38,4322.736,7695.116
2025-04-14,33,3323.492,4127.666,7451.158
2025-04-14,34,3084.904,3895.636,6980.54
2025-04-14,35,3033.01,3933.546,6966.556
2025-04-14,36,2807.686,4224.812,7032.498
2025-04-14,37,3146.854,4416.462,7563.316
2025-04-14,38,3463.682,4380.366,7844.048
2025-04-14,39,3326.404,4473.258,7799.662
2025-04-14,40,3026.606,4830.234,7856.84
2025-04-14,41,2730.632,5160.77,7891.402
2025-04-14,42,2484.302,5385.478,7869.78
2025-04-14,43,2345.598,5385.096,7730.694
2025-04-14,44,2389.5,5415.358,7804.858
2025-04-14,45,2203.15,5464.702,7667.852
2025-04-14,46,2020.048,5497.22,7517.268
2025-04-14,47,1960.79,5373.268,7334.058
2025-04-14,48,1937.99,5044.3,6982.29
2025-04-15,1,1701.864,4664.022,6365.886
2025-04-15,2,1573.918,4305.084,5879.002
2025-04-15,3,1473.272,4211.452,5684.724
2025-04-15,4,1406.194,4134.726,5540.92
2025-04-15,5,1370.064,4177.9,5547.964
2025-04-15,6,1208.236,3968.906,5177.142
2025-04-15,7,1114.522,3804.872,4919.394
2025-04-15,8,1142.244,3606.862,4749.106
2025-04-15,9,892.41,3503.06,4395.47
2025-04-15,10,807.73,3261.384,4069.114
2025-04-15,11,720.18,3018.976,3739.156
2025-04-15,12,702.758,2501.872,3204.63
2025-04-15,13,763.174,1977.258,2740.432
2025-04-15,14,781.454,1662.9,2444.354
2025-04-15,15,708.97,1358.106,2067.076
2025-04-15,16,727.182,1348.412,2075.594
2025-04-15,17,763.318,1226.792,1990.11
2025-04-15,18,747.078,1565.346,2312.424
2025-04-15,19,697.988,1722.016,2420.004
2025-04-15,20,582.828,1359.922,1942.75
2025-04-15,21,492.846,1204.568,1697.414
2025-04-15,22,456.976,1214.67,1671.646
2025-04-15,23,355.932,1349.53,1705.462
2025-04-15,24,285.962,1391.132,1677.094
2025-04-15,25,301.5,1531.08,1832.58
2025-04-15,26,226.88,1406.79,1633.67
2025-04-15,27,192.418,1344.148,1536.566
2025-04-15,28,248.506,1205.048,1453.554
2025-04-15,29,282.696,1194.424,1477.12
2025-04-15,30,302.892,1198.498,1501.39
2025-04-15,31,392.55,1290.188,1682.738
2025-04-15,32,458.0,1323.038,1781.038
2025-04-15,33,542.976,1459.998,2002.974
2025-04-15,34,644.026,1641.484,2285.51
2025-04-15,35,692.392,1918.458,2610.85
2025-04-15,36,744.068,2275.734,3019.802
2025-04-15,37,851.906,2594.116,3446.022
2025-04-15,38,926.208,2795.15,3721.358
2025-04-15,39,1415.822,2823.912,4239.734
2025-04-15,40,1754.134,2606.432,4360.566
2025-04-15,41,2175.256,2589.272,4764.528
2025-04-15,42,2443.604,2699.014,5142.618
2025-04-15,43,2600.984,2704.196,5305.18
2025-04-15,44,2737.428,2448.58,5186.008
2025-04-15,45,3065.748,2555.242,5620.99
2025-04-15,46,3488.002,2780.174,6268.176
2025-04-15,47,3684.76,2938.87,6623.63
2025-04-15,48,3746.512,3269.134,7015.646
2025-04-16,1,3957.556,3745.506,7703.062
2025-04-16,2,4067.742,4193.822,8261.564
2025-04-16,3,3996.388,4261.228,8257.616
2025-04-16,4,4147.408,4213.374,8360.782
2025-04-16,5,4315.694,4456.782,8772.476
2025-04-16,6,4400.328,4739.302,9139.63
2025-04-16,7,4611.964,5441.22,10053.184
2025-04-16,8,4714.9,6487.092,11201.992
2025-04-16,9,4737.948,7310.174,12048.122
2025-04-16,10,4661.158,8025.646,12686.804
2025-04-16,11,4585.63,8945.062,13530.692
2025-04-16,12,4862.262,9515.062,14377.324
2025-04-16,13,4948.816,9712.026,14660.842
2025-04-16,14,4913.758,9138.826,14052.584
2025-04-16,15,5047.566,8727.676,13775.242
2025-04-16,16,5137.052,8667.418,13804.47
2025-04-16,17,5401.348,8608.546,14009.894
2025-04-16,18,5417.458,8327.58,13745.038
2025-04-16,19,5376.758,8196.338,13573.096
2025-04-16,20,5527.792,8170.978,13698.77
2025-04-16,21,5608.302,8116.146,13724.448
2025-04-16,22,5569.206,8070.318,13639.524
2025-04-16,23,5363.564,7863.742,13227.306
2025-04-16,24,4934.83,7714.87,12649.7
2025-04-16,25,5423.754,7851.614,13275.368
2025-04-16,26,5839.106,8114.982,13954.088
2025-04-16,27,5937.95,7921.312,13859.262
2025-04-16,28,5913.572,7664.286,13577.858
2025-04-16,29,5593.978,7543.062,13137.04
2025-04-16,30,5114.674,7943.768,13058.442
2025-04-16,31,4746.284,8248.846,12995.13
2025-04-16,32,4159.176,8397.02,12556.196
2025-04-16,33,3308.212,8186.018,11494.23
2025-04-16,34,3003.574,8389.814,11393.388
2025-04-16,35,3133.482,8301.68,11435.162
2025-04-16,36,3151.18,8204.28,11355.46
2025-04-16,37,3094.892,8094.356,11189.248
2025-04-16,38,3031.128,8053.434,11084.562
2025-04-16,39,3239.254,8158.436,11397.69
2025-04-16,40,3291.106,8325.278,11616.384
2025-04-16,41,3278.682,8225.47,11504.152
2025-04-16,42,3172.19,7740.404,10912.594
2025-04-16,43,3137.476,7375.474,10512.95
2025-04-16,44,3097.194,7313.07,10410.264
2025-04-16,45,2945.304,7028.582,9973.886
2025-04-16,46,2642.786,6836.232,9479.018
2025-04-16,47,2505.092,6690.49,9195.582
2025-04-16,48,2547.584,6377.206,8924.79
2025-04-17,1,2829.82,6143.362,8973.182
2025-04-17,2,2864.044,5641.068,8505.112
2025-04-17,3,2752.772,5258.322,8011.094
2025-04-17,4,2775.636,4947.918,7723.554
2025-04-17,5,3044.924,4812.018,7856.942
2025-04-17,6,2903.128,4794.406,7697.534
2025-04-17,7,2857.776,4482.058,7339.834
2025-04-17,8,2903.97,4211.446,7115.416
2025-04-17,9,2922.226,3509.292,6431.518
2025-04-17,10,3052.788,3104.95,6157.738
2025-04-17,11,2927.096,2735.246,5662.342
2025-04-17,12,2964.954,2442.234,5407.188
2025-04-17,13,3279.47,2150.642,5430.112
2025-04-17,14,3424.5,1852.354,5276.854
2025-04-17,15,3664.11,1582.852,5246.962
2025-04-17,16,3690.548,1472.376,5162.924
2025-04-17,17,3237.424,1396.222,4633.646
2025-04-17,18,2869.354,1324.714,4194.068
2025-04-17,19,2833.946,1155.578,3989.524
2025-04-17,20,2801.552,1012.424,3813.976
2025-04-17,21,2516.502,875.438,3391.94
2025-04-17,22,2230.95,771.614,3002.564
2025-04-17,23,2126.046,700.91,2826.956
2025-04-17,24,2098.334,658.508,2756.842
2025-04-17,25,2258.814,563.008,2821.822
2025-04-17,26,2398.572,520.62,2919.192
2025-04-17,27,2484.704,450.23,2934.934
2025-04-17,28,2456.46,360.148,2816.608
2025-04-17,29,2318.12,263.34,2581.46
2025-04-17,30,2296.25,174.618,2470.868
2025-04-17,31,2277.45,157.0,2434.45
2025-04-17,32,2054.052,150.262,2204.314
2025-04-17,33,1890.966,151.016,2041.982
2025-04-17,34,1966.94,148.638,2115.578
2025-04-17,35,1645.108,165.09,1810.198
2025-04-17,36,1354.964,255.582,1610.546
2025-04-17,37,1124.022,368.254,1492.276
2025-04-17,38,989.114,502.01,1491.124
2025-04-17,39,793.538,697.558,1491.096
2025-04-17,40,599.28,824.844,1424.124
2025-04-17,41,577.002,849.642,1426.644
2025-04-17,42,434.676,897.156,1331.832
2025-04-17,43,378.814,969.14,1347.954
2025-04-17,44,325.912,1082.824,1408.736
2025-04-17,45,308.138,1099.356,1407.494
2025-04-17,46,277.194,1103.622,1380.816
2025-04-17,47,232.412,1026.446,1258.858
2025-04-17,48,229.24,1069.34,1298.58
2025-04-18,1,181.548,1192.352,1373.9
2025-04-18,2,140.56,1429.442,1570.002
2025-04-18,3,133.23,1678.296,1811.526
2025-04-18,4,124.29,1884.294,2008.584
2025-04-18,5,105.856,1902.848,2008.704
2025-04-18,6,104.398,2003.942,2108.34
2025-04-18,7,130.378,2000.11,2130.488
2025-04-18,8,162.372,2073.13,2235.502
2025-04-18,9,223.974,2174.106,2398.08
2025-04-18,10,256.606,2212.832,2469.438
2025-04-18,11,353.962,2280.936,2634.898
2025-04-18,12,474.568,2700.466,3175.034
2025-04-18,13,549.56,2913.576,3463.136
2025-04-18,14,633.776,3033.4,3667.176
2025-04-18,15,717.806,3149.886,3867.692
2025-04-18,16,796.398,3288.666,4085.064
2025-04-18,17,862.522,3594.602,4457.124
2025-04-18,18,955.41,3849.966,4805.376
2025-04-18,19,1093.396,3746.994,4840.39
2025-04-18,20,1265.508,3954.248,5219.756
2025-04-18,21,1408.62,4569.7,5978.32
2025-04-18,22,1653.82,5103.028,6756.848
2025-04-18,23,1857.724,5396.698,7254.422
2025-04-18,24,1973.798,5716.458,7690.256
2025-04-18,25,2037.596,5611.154,7648.75
2025-04-18,26,2067.542,5758.948,7826.49
2025-04-18,27,2207.136,5836.18,8043.316
2025-04-18,28,2397.894,5731.774,8129.668
2025-04-18,29,2500.484,5629.006,8129.49
2025-04-18,30,2677.574,5615.526,8293.1
2025-04-18,31,2800.82,5539.044,8339.864
2025-04-18,32,3062.752,5606.27,8669.022
2025-04-18,33,3193.662,5805.394,8999.056
2025-04-18,34,3341.42,6007.908,9349.328
2025-04-18,35,3439.602,6065.546,9505.148
2025-04-18,36,3620.39,6213.342,9833.732
2025-04-18,37,3887.438,6591.564,10479.002
2025-04-18,38,3929.344,6839.068,10768.412
2025-04-18,39,4008.634,6986.462,10995.096
2025-04-18,40,4218.38,7354.444,11572.824
2025-04-18,41,4323.756,7823.342,12147.098
2025-04-18,42,4174.944,8160.252,12335.196
2025-04-18,43,4356.446,8269.942,12626.388
2025-04-18,44,4337.716,8312.512,12650.228
2025-04-18,45,4262.228,8421.284,12683.512
2025-04-18,46,4333.14,8415.56,12748.7
2025-04-18,47,4405.454,8517.92,12923.374
2025-04-18,48,4370.094,8430.518,12800.612
2025-04-19,1,4273.422,8159.756,12433.178
2025-04-19,2,4140.156,7932.788,12072.944
2025-04-19,3,4112.314,7725.478,11837.792
2025-04-19,4,4121.54,7543.012,11664.552
2025-04-19,5,4066.7,7332.216,11398.916
2025-04-19,6,3674.922,7280.226,10955.148
2025-04-19,7,3399.42,7427.464,10826.884
2025-04-19,8,3360.75,7396.676,10757.426
2025-04-19,9,3419.13,7262.004,10681.134
2025-04-19,10,3343.286,7295.38,10638.666
2025-04-19,11,3202.912,7222.824,10425.736
2025-04-19,12,3502.078,6980.154,10482.232
2025-04-19,13,4068.834,6771.704,10840.538
2025-04-19,14,4223.104,6772.73,10995.834
2025-04-19,15,4211.404,6685.858,10897.262
2025-04-19,16,4147.246,6622.514,10769.76
2025-04-19,17,3736.21,6517.6,10253.81
2025-04-19,18,3623.808,6195.544,9819.352
2025-04-19,19,3772.448,6018.906,9791.354
2025-04-19,20,3763.72,5784.844,9548.564
2025-04-19,21,3775.978,5543.342,9319.32
2025-04-19,22,3639.398,5455.776,9095.174
2025-04-19,23,3463.164,5623.686,9086.85
2025-04-19,24,2809.692,5572.062,8381.754
2025-04-19,25,2513.602,5425.912,7939.514
2025-04-19,26,2398.574,5392.894,7791.468
2025-04-19,27,2483.852,5562.918,8046.77
2025-04-19,28,2284.368,5726.18,8010.548
2025-04-19,29,2153.74,5640.944,7794.684
2025-04-19,30,1995.58,5449.966,7445.546
2025-04-19,31,2018.66,5654.67,7673.33
2025-04-19,32,2183.666,5606.968,7790.634
2025-04-19,33,2413.714,5519.788,7933.502
2025-04-19,34,2436.658,5428.358,7865.016
2025-04-19,35,2505.524,5263.466,7768.99
2025-04-19,36,2485.228,5366.4,7851.628
2025-04-19,37,2443.014,5566.364,8009.378
2025-04-19,38,2511.41,5753.382,8264.792
2025-04-19,39,2259.722,5763.258,8022.98
2025-04-19,40,2045.046,5904.602,7949.648
2025-04-19,41,1934.016,5947.166,7881.182
2025-04-19,42,1878.428,5934.628,7813.056
2025-04-19,43,1661.82,5875.588,7537.408
2025-04-19,44,1490.52,5860.532,7351.052
2025-04-19,45,1325.996,5822.638,7148.634
2025-04-19,46,1314.744,5799.06,7113.804
2025-04-19,47,1329.644,5609.016,6938.66
2025-04-19,48,1223.802,5210.918,6434.72
2025-04-20,1,1145.014,4505.758,5650.772
2025-04-20,2,1070.298,4212.528,5282.826
2025-04-20,3,991.314,3909.464,4900.778
2025-04-20,4,900.632,3762.052,4662.684
2025-04-20,5,917.404,3656.756,4574.16
2025-04-20,6,850.188,3181.342,4031.53
2025-04-20,7,859.9,3301.988,4161.888
2025-04-20,8,893.77,3400.26,4294.03
2025-04-20,9,875.074,3202.664,4077.738
2025-04-20,10,847.606,3176.708,4024.314
2025-04-20,11,795.62,3240.798,4036.418
2025-04-20,12,700.254,3129.202,3829.456
2025-04-20,13,590.6,2948.692,3539.292
2025-04-20,14,560.334,2664.748,3225.082
2025-04-20,15,522.466,2493.374,3015.84
2025-04-20,16,548.708,2348.59,2897.298
2025-04-20,17,534.006,2180.554,2714.56
2025-04-20,18,571.858,1960.428,2532.286
2025-04-20,19,601.306,1768.67,2369.976
2025-04-20,20,559.274,1717.584,2276.858
2025-04-20,21,533.26,1650.086,2183.346
2025-04-20,22,529.302,1619.456,2148.758
2025-04-20,23,460.776,1413.588,1874.364
2025-04-20,24,428.742,1299.182,1727.924
2025-04-20,25,411.118,1202.964,1614.082
2025-04-20,26,422.408,1092.568,1514.976
2025-04-20,27,438.85,982.7,1421.55
2025-04-20,28,438.618,944.646,1383.264
2025-04-20,29,449.662,954.178,1403.84
2025-04-20,30,439.32,882.896,1322.216
2025-04-20,31,464.864,904.416,1369.28
2025-04-20,32,508.874,1008.06,1516.934
2025-04-20,33,571.61,1018.32,1589.93
2025-04-20,34,645.898,1007.526,1653.424
2025-04-20,35,781.874,1005.298,1787.172
2025-04-20,36,999.774,917.472,1917.246
2025-04-20,37,1176.06,946.742,2122.802
2025-04-20,38,1304.612,945.944,2250.556
2025-04-20,39,1440.354,883.98,2324.334
2025-04-20,40,1630.562,834.862,2465.424
2025-04-20,41,1808.094,749.396,2557.49
2025-04-20,42,2029.996,709.232,2739.228
2025-04-20,43,2117.832,700.21,2818.042
2025-04-20,44,2294.078,723.628,3017.706
2025-04-20,45,2410.894,735.59,3146.484
2025-04-20,46,2464.046,833.7,3297.746
2025-04-20,47,2529.876,978.542,3508.418
2025-04-20,48,2475.782,1076.814,3552.596
2025-04-21,1,2504.9,1144.786,3649.686
2025-04-21,2,2508.352,1223.122,3731.474
2025-04-21,3,2587.57,1176.888,3764.458
2025-04-21,4,2721.724,1137.18,3858.904
2025-04-21,5,2791.682,1058.786,3850.468
2025-04-21,6,2808.088,996.774,3804.862
2025-04-21,7,2682.854,928.31,3611.164
2025-04-21,8,2561.502,783.39,3344.892
2025-04-21,9,2716.57,682.492,3399.062
2025-04-21,10,2842.666,613.092,3455.758
2025-04-21,11,2822.692,614.71,3437.402
2025-04-21,12,3063.68,585.314,3648.994
2025-04-21,13,3062.654,564.466,3627.12
2025-04-21,14,2973.566,608.36,3581.926
2025-04-21,15,3002.506,645.984,3648.49
2025-04-21,16,3055.484,615.432,3670.916
2025-04-21,17,3035.048,574.846,3609.894
2025-04-21,18,3075.056,562.266,3637.322
2025-04-21,19,3176.238,397.02,3573.258
2025-04-21,20,3100.07,287.44,3387.51
2025-04-21,21,3099.48,281.808,3381.288
2025-04-21,22,3015.196,248.174,3263.37
2025-04-21,23,3055.624,269.62,3325.244
2025-04-21,24,3106.86,247.232,3354.092
2025-04-21,25,3016.152,194.314,3210.466
2025-04-21,26,3052.632,184.64,3237.272
2025-04-21,27,3024.052,200.398,3224.45
2025-04-21,28,2929.226,258.346,3187.572
2025-04-21,29,2740.052,329.04,3069.092
2025-04-21,30,2879.888,366.858,3246.746
2025-04-21,31,2795.346,343.858,3139.204
2025-04-21,32,2820.62,369.988,3190.608
2025-04-21,33,2834.78,443.426,3278.206
2025-04-21,34,2936.206,545.59,3481.796
2025-04-21,35,2732.77,616.442,3349.212
2025-04-21,36,2597.28,781.844,3379.124
2025-04-21,37,2683.882,896.214,3580.096
2025-04-21,38,2721.502,935.288,3656.79
2025-04-21,39,2677.85,992.22,3670.07
2025-04-21,40,2496.882,1131.954,3628.836
2025-04-21,41,2263.454,1185.11,3448.564
2025-04-21,42,2161.762,1166.702,3328.464
2025-04-21,43,2229.876,1296.822,3526.698
2025-04-21,44,2204.288,1068.326,3272.614
2025-04-21,45,2103.17,772.61,2875.78
2025-04-21,46,2049.768,635.562,2685.33
2025-04-21,47,1827.888,675.286,2503.174
2025-04-21,48,1642.492,696.788,2339.28
2025-04-22,1,1387.922,723.292,2111.214
2025-04-22,2,1347.722,706.32,2054.042
2025-04-22,3,1404.604,719.298,2123.902
2025-04-22,4,1380.18,811.74,2191.92
2025-04-22,5,1359.91,806.576,2166.486
2025-04-22,6,1321.566,772.388,2093.954
2025-04-22,7,1315.974,736.402,2052.376
2025-04-22,8,1367.75,733.676,2101.426
2025-04-22,9,1349.97,660.734,2010.704
2025-04-22,10,1417.374,668.904,2086.278
2025-04-22,11,1329.822,678.942,2008.764
2025-04-22,12,1389.678,616.82,2006.498
2025-04-22,13,1557.064,607.106,2164.17
2025-04-22,14,1448.612,541.674,1990.286
2025-04-22,15,1371.442,519.86,1891.302
2025-04-22,16,1220.21,593.074,1813.284
2025-04-22,17,1255.174,591.53,1846.704
2025-04-22,18,1218.894,578.44,1797.334
2025-04-22,19,1023.184,528.38,1551.564
2025-04-22,20,852.674,462.65,1315.324
2025-04-22,21,881.378,504.048,1385.426
2025-04-22,22,949.584,572.576,1522.16
2025-04-22,23,990.308,518.182,1508.49
2025-04-22,24,1096.1,523.65,1619.75
2025-04-22,25,1206.544,590.896,1797.44
2025-04-22,26,1315.714,684.212,1999.926
2025-04-22,27,1384.548,681.174,2065.722
2025-04-22,28,1506.26,629.696,2135.956
2025-04-22,29,1547.624,592.808,2140.432
2025-04-22,30,1581.808,650.066,2231.874
2025-04-22,31,1795.81,745.71,2541.52
2025-04-22,32,2210.284,772.364,2982.648
2025-04-22,33,2573.974,880.978,3454.952
2025-04-22,34,2763.322,982.152,3745.474
2025-04-22,35,2835.702,1133.334,3969.036
2025-04-22,36,2818.958,1507.656,4326.614
2025-04-22,37,2765.83,2016.99,4782.82
2025-04-22,38,2499.532,2603.648,5103.18
2025-04-22,39,2168.932,2919.268,5088.2
2025-04-22,40,1840.82,3093.624,4934.444
2025-04-22,41,1629.774,3145.042,4774.816
2025-04-22,42,1576.162,3311.118,4887.28
2025-04-22,43,1519.15,3518.814,5037.964
2025-04-22,44,1453.176,3921.01,5374.186
2025-04-22,45,1378.558,4207.45,5586.008
2025-04-22,46,1319.24,4669.888,5989.128
2025-04-22,47,1454.452,5072.238,6526.69
2025-04-22,48,1661.314,4990.482,6651.796
2025-04-23,1,1812.66,4770.606,6583.266
2025-04-23,2,1922.884,4578.588,6501.472
2025-04-23,3,2022.928,4301.888,6324.816
2025-04-23,4,1921.092,4254.712,6175.804
2025-04-23,5,1659.644,4070.338,5729.982
2025-04-23,6,1380.498,3926.454,5306.952
2025-04-23,7,1226.23,3728.07,4954.3
2025-04-23,8,1080.598,3514.256,4594.854
2025-04-23,9,1014.06,3274.074,4288.134
2025-04-23,10,955.132,3271.04,4226.172
2025-04-23,11,864.738,3259.022,4123.76
2025-04-23,12,906.028,3126.448,4032.476
2025-04-23,13,985.552,3119.642,4105.194
2025-04-23,14,946.408,2997.89,3944.298
2025-04-23,15,911.398,2698.246,3609.644
2025-04-23,16,948.56,2354.02,3302.58
2025-04-23,17,855.628,1971.036,2826.664
2025-04-23,18,772.386,1759.904,2532.29
2025-04-23,19,748.02,1639.762,2387.782
2025-04-23,20,761.738,1556.038,2317.776
2025-04-23,21,808.19,1592.51,2400.7
2025-04-23,22,817.944,1650.218,2468.162
2025-04-23,23,857.9,1443.416,2301.316
2025-04-23,24,861.706,1243.688,2105.394
2025-04-23,25,835.638,1174.262,2009.9
2025-04-23,26,827.552,1103.196,1930.748
2025-04-23,27,801.51,958.696,1760.206
2025-04-23,28,774.354,960.116,1734.47
2025-04-23,29,767.78,1069.638,1837.418
2025-04-23,30,804.952,1160.982,1965.934
2025-04-23,31,778.844,1287.74,2066.584
2025-04-23,32,731.312,1428.032,2159.344
2025-04-23,33,773.502,1651.146,2424.648
2025-04-23,34,740.396,1764.296,2504.692
2025-04-23,35,689.874,1823.67,2513.544
2025-04-23,36,622.166,1819.162,2441.328
2025-04-23,37,608.542,1740.654,2349.196
2025-04-23,38,572.088,1736.884,2308.972
2025-04-23,39,490.566,1787.116,2277.682
2025-04-23,40,405.822,1893.21,2299.032
2025-04-23,41,414.394,2050.872,2465.266
2025-04-23,42,454.736,2236.038,2690.774
2025-04-23,43,442.286,2447.912,2890.198
2025-04-23,44,498.728,2666.286,3165.014
2025-04-23,45,543.988,2799.33,3343.318
2025-04-23,46,640.738,2925.11,3565.848
2025-04-23,47,686.022,3099.708,3785.73
2025-04-23,48,714.152,3192.566,3906.718
2025-04-24,1,612.196,3335.172,3947.368
2025-04-24,2,551.186,3447.274,3998.46
2025-04-24,3,531.412,3499.502,4030.914
2025-04-24,4,546.614,3510.652,4057.266
2025-04-24,5,601.166,3547.806,4148.972
2025-04-24,6,611.914,3690.08,4301.994
2025-04-24,7,607.13,3770.298,4377.428
2025-04-24,8,562.08,3923.88,4485.96
2025-04-24,9,511.946,3972.834,4484.78
2025-04-24,10,485.438,4046.322,4531.76
2025-04-24,11,440.08,3955.21,4395.29
2025-04-24,12,427.664,3857.088,4284.752
2025-04-24,13,446.464,3838.944,4285.408
2025-04-24,14,480.896,3866.446,4347.342
2025-04-24,15,497.26,3762.568,4259.828
2025-04-24,16,498.24,3372.428,3870.668
2025-04-24,17,515.884,3089.76,3605.644
2025-04-24,18,533.626,3005.838,3539.464
2025-04-24,19,577.864,2850.408,3428.272
2025-04-24,20,574.316,2755.842,3330.158
2025-04-24,21,586.672,2713.948,3300.62
2025-04-24,22,634.1,2586.722,3220.822
2025-04-24,23,687.328,2307.974,2995.302
2025-04-24,24,716.438,2148.0,2864.438
2025-04-24,25,699.936,2134.988,2834.924
2025-04-24,26,725.154,2154.184,2879.338
2025-04-24,27,807.918,2018.188,2826.106
2025-04-24,28,952.002,2040.644,2992.646
2025-04-24,29,1142.322,1982.31,3124.632
2025-04-24,30,1267.144,1877.19,3144.334
2025-04-24,31,1442.182,1885.686,3327.868
2025-04-24,32,1703.818,1911.334,3615.152
2025-04-24,33,1877.94,1873.776,3751.716
2025-04-24,34,1876.374,1770.288,3646.662
2025-04-24,35,1874.654,1747.964,3622.618
2025-04-24,36,1826.174,1720.978,3547.152
2025-04-24,37,1967.93,1659.568,3627.498
2025-04-24,38,1949.184,1757.692,3706.876
2025-04-24,39,2003.01,1898.378,3901.388
2025-04-24,40,2180.636,1905.858,4086.494
2025-04-24,41,2328.608,1868.728,4197.336
2025-04-24,42,2616.216,1788.986,4405.202
2025-04-24,43,2667.972,1631.226,4299.198
2025-04-24,44,2654.6,1533.362,4187.962
2025-04-24,45,2616.708,1480.232,4096.94
2025-04-24,46,2766.114,1419.804,4185.918
2025-04-24,47,2852.74,1364.22,4216.96
2025-04-24,48,2832.322,1458.042,4290.364
2025-04-25,1,2742.434,1529.292,4271.726
2025-04-25,2,2790.35,1635.374,4425.724
2025-04-25,3,2851.508,1737.83,4589.338
2025-04-25,4,2875.942,1749.646,4625.588
2025-04-25,5,2926.332,1688.306,4614.638
2025-04-25,6,2971.622,1544.782,4516.404
2025-04-25,7,3077.096,1470.272,4547.368
2025-04-25,8,3040.36,1462.972,4503.332
2025-04-25,9,3090.988,1522.694,4613.682
2025-04-25,10,3176.73,1593.91,4770.64
2025-04-25,11,3237.61,1664.296,4901.906
2025-04-25,12,3274.92,1707.016,4981.936
2025-04-25,13,3309.884,1731.578,5041.462
2025-04-25,14,3365.956,1818.622,5184.578
2025-04-25,15,3325.45,1711.248,5036.698
2025-04-25,16,3277.79,1608.15,4885.94
2025-04-25,17,3296.59,1587.578,4884.168
2025-04-25,18,3317.592,1554.572,4872.164
2025-04-25,19,3482.38,1512.956,4995.336
2025-04-25,20,3530.068,1475.104,5005.172
2025-04-25,21,3537.032,1496.778,5033.81
2025-04-25,22,3694.096,1514.284,5208.38
2025-04-25,23,3758.762,1458.918,5217.68
2025-04-25,24,3787.656,1330.76,5118.416
2025-04-25,25,3980.16,1207.068,5187.228
2025-04-25,26,3883.928,1016.682,4900.61
2025-04-25,27,3825.796,918.378,4744.174
2025-04-25,28,3763.026,918.158,4681.184
2025-04-25,29,3664.862,969.18,4634.042
2025-04-25,30,3474.19,1032.356,4506.546
2025-04-25,31,3400.416,1034.106,4434.522
2025-04-25,32,3429.11,1053.426,4482.536
2025-04-25,33,3382.634,1090.198,4472.832
2025-04-25,34,3333.242,1122.546,4455.788
2025-04-25,35,3492.262,1085.188,4577.45
2025-04-25,36,3588.186,1122.558,4710.744
2025-04-25,37,3542.884,1157.756,4700.64
2025-04-25,38,3446.036,1185.364,4631.4
2025-04-25,39,3428.588,1215.612,4644.2
2025-04-25,40,3479.734,1296.17,4775.904
2025-04-25,41,3463.54,1302.062,4765.602
2025-04-25,42,3497.486,1280.948,4778.434
2025-04-25,43,3540.792,1291.356,4832.148
2025-04-25,44,3763.14,1254.436,5017.576
2025-04-25,45,3599.712,1310.888,4910.6
2025-04-25,46,3644.966,1305.094,4950.06
2025-04-25,47,3461.058,1337.294,4798.352
2025-04-25,48,3347.596,1295.966,4643.562
2025-04-26,1,3375.444,1294.31,4669.754
2025-04-26,2,3382.374,1339.338,4721.712
2025-04-26,3,3398.41,1298.746,4697.156
2025-04-26,4,3451.838,1265.49,4717.328
2025-04-26,5,3311.064,1245.274,4556.338
2025-04-26,6,3228.324,1168.348,4396.672
2025-04-26,7,3142.132,1058.284,4200.416
2025-04-26,8,3045.326,945.254,3990.58
2025-04-26,9,2988.554,852.094,3840.648
2025-04-26,10,3044.622,778.746,3823.368
2025-04-26,11,3005.38,673.734,3679.114
2025-04-26,12,2924.956,645.424,3570.38
2025-04-26,13,2888.006,654.67,3542.676
2025-04-26,14,2983.118,615.204,3598.322
2025-04-26,15,2863.204,666.006,3529.21
2025-04-26,16,2893.328,754.224,3647.552
2025-04-26,17,2771.382,794.712,3566.094
2025-04-26,18,2745.65,839.536,3585.186
2025-04-26,19,2612.466,909.724,3522.19
2025-04-26,20,2599.312,821.966,3421.278
2025-04-26,21,2592.506,900.358,3492.864
2025-04-26,22,2694.412,954.112,3648.524
2025-04-26,23,2741.752,915.22,3656.972
2025-04-26,24,2754.672,851.58,3606.252
2025-04-26,25,2842.904,823.926,3666.83
2025-04-26,26,2915.53,767.744,3683.274
2025-04-26,27,3021.952,749.644,3771.596
2025-04-26,28,3096.67,729.804,3826.474
2025-04-26,29,3196.47,706.012,3902.482
2025-04-26,30,3358.484,679.044,4037.528
2025-04-26,31,3390.746,695.408,4086.154
2025-04-26,32,3463.95,750.3,4214.25
2025-04-26,33,3381.226,747.332,4128.558
2025-04-26,34,3395.848,808.836,4204.684
2025-04-26,35,3425.816,869.826,4295.642
2025-04-26,36,3378.656,934.136,4312.792
2025-04-26,37,3365.918,1031.728,4397.646
2025-04-26,38,3426.164,1055.696,4481.86
2025-04-26,39,3471.3,1030.59,4501.89
2025-04-26,40,3519.088,1067.412,4586.5
2025-04-26,41,3500.576,1144.266,4644.842
2025-04-26,42,3805.332,1248.412,5053.744
2025-04-26,43,3983.112,1291.146,5274.258
2025-04-26,44,4059.442,1266.186,5325.628
2025-04-26,45,4203.464,1257.602,5461.066
2025-04-26,46,4588.61,1321.288,5909.898
2025-04-26,47,4652.434,1378.398,6030.832
2025-04-26,48,4516.802,1504.624,6021.426
2025-04-27,1,4457.976,1577.996,6035.972
2025-04-27,2,4340.806,1558.288,5899.094
2025-04-27,3,4224.912,1520.05,5744.962
2025-04-27,4,4091.066,1493.204,5584.27
2025-04-27,5,4246.268,1536.99,5783.258
2025-04-27,6,4310.858,1479.294,5790.152
2025-04-27,7,4738.298,1384.396,6122.694
2025-04-27,8,4645.8,1450.914,6096.714
2025-04-27,9,4593.208,1533.524,6126.732
2025-04-27,10,4456.138,1553.44,6009.578
2025-04-27,11,4216.818,1631.656,5848.474
2025-04-27,12,4137.044,1715.538,5852.582
2025-04-27,13,4173.952,1661.534,5835.486
2025-04-27,14,4113.036,1632.198,5745.234
2025-04-27,15,4020.706,1727.992,5748.698
2025-04-27,16,4185.134,1703.778,5888.912
2025-04-27,17,4269.12,1681.088,5950.208
2025-04-27,18,4332.664,1721.376,6054.04
2025-04-27,19,4417.324,1832.008,6249.332
2025-04-27,20,4309.52,1855.272,6164.792
2025-04-27,21,3870.238,1846.222,5716.46
2025-04-27,22,3655.012,1805.83,5460.842
2025-04-27,23,3751.184,1856.792,5607.976
2025-04-27,24,3816.262,1902.964,5719.226
2025-04-27,25,3017.204,1895.648,4912.852
2025-04-27,26,2440.134,1935.852,4375.986
2025-04-27,27,2349.846,2064.08,4413.926
2025-04-27,28,2496.7,2078.352,4575.052
2025-04-27,29,2106.162,2081.038,4187.2
2025-04-27,30,2276.786,2217.302,4494.088
2025-04-27,31,3774.78,2363.884,6138.664
2025-04-27,32,4255.226,2578.468,6833.694
2025-04-27,33,4563.932,2805.392,7369.324
2025-04-27,34,4936.384,3243.892,8180.276
2025-04-27,35,4584.192,3649.952,8234.144
2025-04-27,36,4289.886,3895.694,8185.58
2025-04-27,37,4458.75,3899.136,8357.886
2025-04-27,38,4627.282,4020.06,8647.342
2025-04-27,39,4519.884,4276.056,8795.94
2025-04-27,40,4352.522,4310.772,8663.294
2025-04-27,41,4636.52,4260.488,8897.008
2025-04-27,42,4618.644,4104.338,8722.982
2025-04-27,43,4728.464,4129.512,8857.976
2025-04-27,44,4830.44,4183.142,9013.582
2025-04-27,45,4685.9,4197.41,8883.31
2025-04-27,46,4615.77,4195.66,8811.43
2025-04-27,47,4736.532,4414.74,9151.272
2025-04-27,48,4501.696,4574.962,9076.658
2025-04-28,1,4310.362,4561.278,8871.64
2025-04-28,2,4527.838,4195.566,8723.404
2025-04-28,3,4599.03,3942.198,8541.228
2025-04-28,4,4508.136,3665.088,8173.224
2025-04-28,5,4281.958,3299.866,7581.824
2025-04-28,6,4047.03,2874.03,6921.06
2025-04-28,7,3872.998,2278.25,6151.248
2025-04-28,8,3811.104,1944.678,5755.782
2025-04-28,9,3735.864,1748.794,5484.658
2025-04-28,10,3744.56,1470.276,5214.836
2025-04-28,11,4076.702,1139.616,5216.318
2025-04-28,12,4053.902,962.58,5016.482
2025-04-28,13,3762.94,902.754,4665.694
2025-04-28,14,3441.684,809.682,4251.366
2025-04-28,15,3503.718,673.776,4177.494
2025-04-28,16,3303.854,704.14,4007.994
2025-04-28,17,3614.842,741.01,4355.852
2025-04-28,18,3609.924,803.58,4413.504
2025-04-28,19,3703.472,844.258,4547.73
2025-04-28,20,3519.292,902.992,4422.284
2025-04-28,21,3602.074,914.522,4516.596
2025-04-28,22,3487.856,851.518,4339.374
2025-04-28,23,3336.354,740.054,4076.408
2025-04-28,24,3106.538,650.544,3757.082
2025-04-28,25,3029.786,597.48,3627.266
2025-04-28,26,2843.134,531.004,3374.138
2025-04-28,27,2717.946,496.26,3214.206
2025-04-28,28,2941.94,421.732,3363.672
2025-04-28,29,3130.578,335.918,3466.496
2025-04-28,30,2904.712,263.956,3168.668
2025-04-28,31,2661.09,233.36,2894.45
2025-04-28,32,2553.578,198.774,2752.352
2025-04-28,33,2541.534,165.86,2707.394
2025-04-28,34,2371.662,138.67,2510.332
2025-04-28,35,2164.876,132.27,2297.146
2025-04-28,36,1961.696,147.974,2109.67
2025-04-28,37,1666.186,163.45,1829.636
2025-04-28,38,1461.798,203.934,1665.732
2025-04-28,39,1419.666,285.82,1705.486
2025-04-28,40,1457.458,407.294,1864.752
2025-04-28,41,1554.72,503.628,2058.348
2025-04-28,42,1509.526,530.338,2039.864
2025-04-28,43,1423.414,547.084,1970.498
2025-04-28,44,1342.18,592.926,1935.106
2025-04-28,45,1265.65,624.338,1889.988
2025-04-28,46,1154.338,613.928,1768.266
2025-04-28,47,1087.988,632.394,1720.382
2025-04-28,48,1000.462,618.434,1618.896
2025-04-29,1,999.256,587.9,1587.156
2025-04-29,2,1026.812,586.202,1613.014
2025-04-29,3,921.59,595.536,1517.126
2025-04-29,4,900.912,558.674,1459.586
2025-04-29,5,943.824,526.314,1470.138
2025-04-29,6,917.904,536.694,1454.598
2025-04-29,7,895.698,547.418,1443.116
2025-04-29,8,824.548,542.542,1367.09
2025-04-29,9,857.222,514.86,1372.082
2025-04-29,10,815.558,488.944,1304.502
2025-04-29,11,690.448,459.246,1149.694
2025-04-29,12,594.856,453.628,1048.484
2025-04-29,13,509.632,462.082,971.714
2025-04-29,14,414.54,483.416,897.956
2025-04-29,15,410.472,512.392,922.864
2025-04-29,16,434.62,521.144,955.764
2025-04-29,17,434.872,531.734,966.606
2025-04-29,18,423.142,557.306,980.448
2025-04-29,19,514.726,594.714,1109.44
2025-04-29,20,478.212,655.856,1134.068
2025-04-29,21,393.0,674.296,1067.296
2025-04-29,22,423.094,681.952,1105.046
2025-04-29,23,481.204,691.082,1172.286
2025-04-29,24,553.14,753.176,1306.316
2025-04-29,25,640.552,735.382,1375.934
2025-04-29,26,785.836,726.912,1512.748
2025-04-29,27,861.686,746.68,1608.366
2025-04-29,28,939.76,779.06,1718.82
2025-04-29,29,1054.466,818.898,1873.364
2025-04-29,30,1111.65,846.59,1958.24
2025-04-29,31,1185.696,883.132,2068.828
2025-04-29,32,1115.04,975.434,2090.474
2025-04-29,33,889.206,1064.436,1953.642
2025-04-29,34,817.702,1186.902,2004.604
2025-04-29,35,911.924,1332.222,2244.146
2025-04-29,36,1071.774,1513.1,2584.874
2025-04-29,37,1067.152,1671.572,2738.724
2025-04-29,38,974.646,1749.234,2723.88
2025-04-29,39,828.476,1779.422,2607.898
2025-04-29,40,673.374,1837.454,2510.828
2025-04-29,41,590.806,1901.598,2492.404
2025-04-29,42,516.742,1826.212,2342.954
2025-04-29,43,447.508,1768.65,2216.158
2025-04-29,44,442.564,1720.096,2162.66
2025-04-29,45,478.332,1719.362,2197.694
2025-04-29,46,526.68,1833.806,2360.486
2025-04-29,47,549.892,1815.178,2365.07
2025-04-29,48,573.668,1856.504,2430.172
2025-04-30,1,588.846,1852.056,2440.902
2025-04-30,2,576.638,1858.182,2434.82
2025-04-30,3,595.328,1830.972,2426.3
2025-04-30,4,630.838,1835.366,2466.204
2025-04-30,5,639.486,1849.174,2488.66
2025-04-30,6,636.902,1888.234,2525.136
2025-04-30,7,601.916,1809.55,2411.466
2025-04-30,8,519.9,1659.562,2179.462
2025-04-30,9,465.33,1387.198,1852.528
2025-04-30,10,450.048,1141.5,1591.548
2025-04-30,11,417.472,953.888,1371.36
2025-04-30,12,401.262,766.87,1168.132
2025-04-30,13,420.082,622.724,1042.806
2025-04-30,14,454.78,574.29,1029.07
2025-04-30,15,440.5,479.262,919.762
2025-04-30,16,420.348,369.056,789.404
2025-04-30,17,386.82,303.738,690.558
2025-04-30,18,389.664,213.906,603.57
2025-04-30,19,409.38,174.554,583.934
2025-04-30,20,391.042,144.34,535.382
2025-04-30,21,431.168,129.96,561.128
2025-04-30,22,468.288,121.788,590.076
2025-04-30,23,477.728,106.782,584.51
2025-04-30,24,513.098,94.754,607.852
2025-04-30,25,624.798,98.96,723.758
2025-04-30,26,720.706,85.926,806.632
2025-04-30,27,811.204,105.042,916.246
2025-04-30,28,922.834,160.496,1083.33
2025-04-30,29,1037.304,204.8,1242.104
2025-04-30,30,1121.694,273.072,1394.766
2025-04-30,31,1122.686,367.888,1490.574
2025-04-30,32,1269.406,509.734,1779.14
2025-04-30,33,1488.328,667.574,2155.902
2025-04-30,34,1638.236,805.47,2443.706
2025-04-30,35,1888.628,995.344,2883.972
2025-04-30,36,2149.89,1158.684,3308.574
2025-04-30,37,2138.624,1278.856,3417.48
2025-04-30,38,2182.902,1457.702,3640.604
2025-04-30,39,2059.148,1545.764,3604.912
2025-04-30,40,2009.528,1577.12,3586.648
2025-04-30,41,1863.852,1544.59,3408.442
2025-04-30,42,1995.964,1497.716,3493.68
2025-04-30,43,1973.66,1497.726,3471.386
2025-04-30,44,1941.618,1408.018,3349.636
2025-04-30,45,1759.42,1523.958,3283.378
2025-04-30,46,1749.648,1514.756,3264.404
2025-04-30,47,1715.0,1378.364,3093.364
2025-04-30,48,1715.276,1286.526,3001.802
2025-05-01,1,1712.058,1214.836,2926.894
2025-05-01,2,1761.106,1203.334,2964.44
2025-05-01,3,1892.752,1196.78,3089.532
2025-05-01,4,1797.336,1122.156,2919.492
2025-05-01,5,1807.732,1038.568,2846.3
2025-05-01,6,1827.314,1001.058,2828.372
2025-05-01,7,1691.63,1004.932,2696.562
2025-05-01,8,1657.538,963.742,2621.28
2025-05-01,9,1583.886,925.47,2509.356
2025-05-01,10,1563.912,841.68,2405.592
2025-05-01,11,1538.084,680.646,2218.73
2025-05-01,12,1496.756,624.158,2120.914
2025-05-01,13,1583.464,569.392,2152.856
2025-05-01,14,1622.192,537.822,2160.014
2025-05-01,15,1646.894,537.106,2184.0
2025-05-01,16,1665.886,468.042,2133.928
2025-05-01,17,2249.982,444.53,2694.512
2025-05-01,18,2236.162,426.284,2662.446
2025-05-01,19,1942.904,384.476,2327.38
2025-05-01,20,2098.386,377.954,2476.34
2025-05-01,21,2370.402,410.184,2780.586
2025-05-01,22,2676.678,443.006,3119.684
2025-05-01,23,2623.802,471.008,3094.81
2025-05-01,24,2632.172,476.484,3108.656
2025-05-01,25,2601.768,548.736,3150.504
2025-05-01,26,2716.758,681.152,3397.91
2025-05-01,27,2859.982,981.932,3841.914
2025-05-01,28,3018.526,1296.218,4314.744
2025-05-01,29,3135.734,1427.694,4563.428
2025-05-01,30,3248.17,1379.046,4627.216
2025-05-01,31,3512.974,1440.816,4953.79
2025-05-01,32,3528.478,1492.068,5020.546
2025-05-01,33,3631.94,1774.93,5406.87
2025-05-01,34,3361.38,2134.314,5495.694
2025-05-01,35,3268.44,2402.272,5670.712
2025-05-01,36,3270.154,2561.742,5831.896
2025-05-01,37,3169.23,2603.482,5772.712
2025-05-01,38,2952.824,2568.058,5520.882
2025-05-01,39,2723.144,2768.806,5491.95
2025-05-01,40,2517.0,2876.97,5393.97
2025-05-01,41,2450.524,2994.668,5445.192
2025-05-01,42,2429.39,2829.296,5258.686
2025-05-01,43,2447.276,2551.914,4999.19
2025-05-01,44,2701.858,2697.06,5398.918
2025-05-01,45,2808.686,2873.688,5682.374
2025-05-01,46,3008.056,3116.006,6124.062
2025-05-01,47,3171.03,3355.336,6526.366
2025-05-01,48,3240.12,2944.7,6184.82
2025-05-02,1,3117.306,2805.558,5922.864
2025-05-02,2,3140.748,2842.492,5983.24
2025-05-02,3,3066.056,2564.952,5631.008
2025-05-02,4,2885.88,2382.114,5267.994
2025-05-02,5,2753.466,3015.662,5769.128
2025-05-02,6,2629.126,3958.546,6587.672
2025-05-02,7,2563.752,4530.468,7094.22
2025-05-02,8,2500.106,4487.36,6987.466
2025-05-02,9,2489.504,4198.484,6687.988
2025-05-02,10,2718.85,3570.832,6289.682
2025-05-02,11,2536.568,3092.496,5629.064
2025-05-02,12,2549.568,2528.962,5078.53
2025-05-02,13,2481.37,1994.136,4475.506
2025-05-02,14,2357.426,1943.05,4300.476
2025-05-02,15,2421.51,2191.616,4613.126
2025-05-02,16,2363.692,2264.892,4628.584
2025-05-02,17,2488.39,2011.528,4499.918
2025-05-02,18,2516.396,1881.05,4397.446
2025-05-02,19,2446.04,1877.206,4323.246
2025-05-02,20,2376.352,1947.798,4324.15
2025-05-02,21,2324.168,1812.81,4136.978
2025-05-02,22,2429.678,1605.584,4035.262
2025-05-02,23,2418.04,1286.858,3704.898
2025-05-02,24,2508.864,1102.862,3611.726
2025-05-02,25,2721.104,1102.35,3823.454
2025-05-02,26,2971.254,1207.984,4179.238
2025-05-02,27,3177.838,1445.996,4623.834
2025-05-02,28,3178.602,1362.788,4541.39
2025-05-02,29,3546.21,1390.402,4936.612
2025-05-02,30,3916.948,1544.942,5461.89
2025-05-02,31,3580.174,1639.572,5219.746
2025-05-02,32,3473.614,1601.572,5075.186
2025-05-02,33,3496.372,1518.786,5015.158
2025-05-02,34,3435.278,1444.396,4879.674
2025-05-02,35,3385.392,1436.094,4821.486
2025-05-02,36,3369.35,1341.112,4710.462
2025-05-02,37,3285.692,1210.032,4495.724
2025-05-02,38,3242.034,1229.014,4471.048
2025-05-02,39,3050.796,1231.716,4282.512
2025-05-02,40,2829.496,1265.496,4094.992
2025-05-02,41,2510.44,1257.34,3767.78
2025-05-02,42,2218.772,1277.928,3496.7
2025-05-02,43,2260.304,1339.83,3600.134
2025-05-02,44,2748.9,1496.202,4245.102
2025-05-02,45,2911.48,1477.858,4389.338
2025-05-02,46,3080.364,1367.226,4447.59
2025-05-02,47,3051.788,1337.592,4389.38
2025-05-02,48,2948.728,1324.18,4272.908
2025-05-03,1,3102.062,1480.836,4582.898
2025-05-03,2,3071.374,1624.83,4696.204
2025-05-03,3,3257.56,1583.81,4841.37
2025-05-03,4,3257.406,1528.17,4785.576
2025-05-03,5,3425.056,1592.166,5017.222
2025-05-03,6,3474.854,1626.538,5101.392
2025-05-03,7,3546.436,1548.628,5095.064
2025-05-03,8,3682.948,1625.408,5308.356
2025-05-03,9,3803.392,1648.566,5451.958
2025-05-03,10,3737.684,1651.592,5389.276
2025-05-03,11,3636.186,1725.2,5361.386
2025-05-03,12,3678.8,1731.88,5410.68
2025-05-03,13,3502.374,1633.332,5135.706
2025-05-03,14,3466.128,1622.274,5088.402
2025-05-03,15,3491.23,1589.498,5080.728
2025-05-03,16,3546.138,1607.932,5154.07
2025-05-03,17,3500.0,1576.572,5076.572
2025-05-03,18,3448.402,1637.4,5085.802
2025-05-03,19,3481.722,1837.104,5318.826
2025-05-03,20,3538.46,2047.478,5585.938
2025-05-03,21,3764.63,2295.866,6060.496
2025-05-03,22,3658.672,2781.85,6440.522
2025-05-03,23,3587.138,3186.444,6773.582
2025-05-03,24,3548.584,3308.514,6857.098
2025-05-03,25,3724.898,3517.354,7242.252
2025-05-03,26,3835.248,3496.938,7332.186
2025-05-03,27,3732.756,3482.578,7215.334
2025-05-03,28,3463.492,3617.286,7080.778
2025-05-03,29,3337.62,3823.912,7161.532
2025-05-03,30,3440.218,4414.716,7854.934
2025-05-03,31,3463.18,4979.278,8442.458
2025-05-03,32,3387.68,5442.638,8830.318
2025-05-03,33,3276.13,6248.904,9525.034
2025-05-03,34,3363.774,6645.844,10009.618
2025-05-03,35,3502.002,7051.6,10553.602
2025-05-03,36,3428.116,7508.76,10936.876
2025-05-03,37,3348.498,7598.646,10947.144
2025-05-03,38,3184.342,7681.518,10865.86
2025-05-03,39,3066.204,8002.34,11068.544
2025-05-03,40,2879.734,7928.542,10808.276
2025-05-03,41,2816.268,7798.006,10614.274
2025-05-03,42,2760.8,7894.142,10654.942
2025-05-03,43,2819.54,7922.592,10742.132
2025-05-03,44,2998.47,7647.728,10646.198
2025-05-03,45,3074.244,7403.12,10477.364
2025-05-03,46,2772.88,7240.384,10013.264
2025-05-03,47,2777.496,6931.994,9709.49
2025-05-03,48,2921.808,6514.884,9436.692
2025-05-04,1,2969.8,6271.082,9240.882
2025-05-04,2,2820.608,6048.106,8868.714
2025-05-04,3,2573.502,6014.92,8588.422
2025-05-04,4,2334.556,6030.822,8365.378
2025-05-04,5,2409.5,6110.262,8519.762
2025-05-04,6,2592.656,6158.162,8750.818
2025-05-04,7,2730.262,6274.854,9005.116
2025-05-04,8,2922.642,6438.552,9361.194
2025-05-04,9,2899.992,6280.464,9180.456
2025-05-04,10,2875.806,5994.372,8870.178
2025-05-04,11,2976.764,5798.32,8775.084
2025-05-04,12,2921.706,5853.98,8775.686
2025-05-04,13,2809.53,5890.408,8699.938
2025-05-04,14,2835.098,5728.554,8563.652
2025-05-04,15,2843.126,5865.284,8708.41
2025-05-04,16,2739.862,5628.128,8367.99
2025-05-04,17,2761.854,5738.462,8500.316
2025-05-04,18,2936.356,5615.344,8551.7
2025-05-04,19,3147.988,5626.374,8774.362
2025-05-04,20,2824.202,5675.016,8499.218
2025-05-04,21,2886.644,5630.25,8516.894
2025-05-04,22,2752.796,5599.956,8352.752
2025-05-04,23,2861.404,5525.956,8387.36
2025-05-04,24,2707.44,5695.474,8402.914
2025-05-04,25,3002.04,5577.958,8579.998
2025-05-04,26,3117.202,5727.914,8845.116
2025-05-04,27,3204.728,6134.776,9339.504
2025-05-04,28,2938.002,6167.788,9105.79
2025-05-04,29,2976.906,6214.466,9191.372
2025-05-04,30,3012.09,6450.06,9462.15
2025-05-04,31,3020.19,6604.95,9625.14
2025-05-04,32,3089.704,6535.614,9625.318
2025-05-04,33,3065.73,6551.704,9617.434
2025-05-04,34,3025.76,6817.668,9843.428
2025-05-04,35,3215.37,6817.76,10033.13
2025-05-04,36,3339.73,6690.832,10030.562
2025-05-04,37,3180.868,7296.416,10477.284
2025-05-04,38,2909.09,7284.538,10193.628
2025-05-04,39,2820.756,7259.424,10080.18
2025-05-04,40,2638.014,7205.618,9843.632
2025-05-04,41,2541.64,7176.474,9718.114
2025-05-04,42,2366.072,7079.978,9446.05
2025-05-04,43,2275.748,7288.586,9564.334
2025-05-04,44,2210.15,7438.6,9648.75
2025-05-04,45,2255.678,7702.482,9958.16
2025-05-04,46,2274.014,7549.012,9823.026
2025-05-04,47,2351.036,7130.096,9481.132
2025-05-04,48,2174.628,6797.872,8972.5
2025-05-05,1,1938.854,6930.848,8869.702
2025-05-05,2,1756.086,6637.478,8393.564
2025-05-05,3,1816.688,6301.276,8117.964
2025-05-05,4,1822.122,6258.794,8080.916
2025-05-05,5,1625.622,5990.462,7616.084
2025-05-05,6,1419.468,6131.466,7550.934
2025-05-05,7,1383.132,6148.88,7532.012
2025-05-05,8,1254.71,6461.648,7716.358
2025-05-05,9,1205.624,6306.824,7512.448
2025-05-05,10,1171.014,6441.26,7612.274
2025-05-05,11,1228.086,6711.124,7939.21
2025-05-05,12,1017.934,7163.7,8181.634
2025-05-05,13,954.4,7284.424,8238.824
2025-05-05,14,882.452,7330.488,8212.94
2025-05-05,15,681.492,7542.15,8223.642
2025-05-05,16,624.032,7176.146,7800.178
2025-05-05,17,642.684,6966.352,7609.036
2025-05-05,18,636.252,6568.274,7204.526
2025-05-05,19,657.392,5935.448,6592.84
2025-05-05,20,629.568,5657.644,6287.212
2025-05-05,21,552.888,5688.21,6241.098
2025-05-05,22,508.682,5524.272,6032.954
2025-05-05,23,433.312,5006.736,5440.048
2025-05-05,24,363.2,4743.96,5107.16
2025-05-05,25,374.014,4789.894,5163.908
2025-05-05,26,356.86,4936.474,5293.334
2025-05-05,27,344.912,5171.326,5516.238
2025-05-05,28,351.202,5343.672,5694.874
2025-05-05,29,352.976,5260.946,5613.922
2025-05-05,30,382.186,5216.92,5599.106
2025-05-05,31,402.412,5318.59,5721.002
2025-05-05,32,422.734,5469.702,5892.436
2025-05-05,33,423.982,5523.528,5947.51
2025-05-05,34,437.192,5436.18,5873.372
2025-05-05,35,454.362,5528.662,5983.024
2025-05-05,36,472.634,5621.886,6094.52
2025-05-05,37,449.022,5541.386,5990.408
2025-05-05,38,397.294,5555.09,5952.384
2025-05-05,39,383.846,5470.886,5854.732
2025-05-05,40,358.886,5242.654,5601.54
2025-05-05,41,349.086,5220.132,5569.218
2025-05-05,42,334.426,5140.042,5474.468
2025-05-05,43,329.812,4782.036,5111.848
2025-05-05,44,309.432,4717.248,5026.68
2025-05-05,45,283.996,4725.986,5009.982
2025-05-05,46,242.542,4349.0,4591.542
2025-05-05,47,214.48,3957.144,4171.624
2025-05-05,48,199.318,4027.092,4226.41
2025-05-06,1,200.708,3928.058,4128.766
2025-05-06,2,225.044,3938.894,4163.938
2025-05-06,3,145.522,3908.17,4053.692
2025-05-06,4,142.218,3528.398,3670.616
2025-05-06,5,184.732,3203.872,3388.604
2025-05-06,6,237.838,3085.86,3323.698
2025-05-06,7,292.44,3010.148,3302.588
2025-05-06,8,289.892,2887.318,3177.21
2025-05-06,9,242.442,2777.12,3019.562
2025-05-06,10,227.078,2689.644,2916.722
2025-05-06,11,202.696,2740.548,2943.244
2025-05-06,12,208.484,2586.616,2795.1
2025-05-06,13,198.468,2791.94,2990.408
2025-05-06,14,212.684,3616.846,3829.53
2025-05-06,15,207.346,3891.84,4099.186
2025-05-06,16,151.834,3862.918,4014.752
2025-05-06,17,127.932,3850.454,3978.386
2025-05-06,18,133.23,3718.364,3851.594
2025-05-06,19,130.788,3421.864,3552.652
2025-05-06,20,128.168,3097.136,3225.304
2025-05-06,21,132.236,3055.404,3187.64
2025-05-06,22,207.384,2860.21,3067.594
2025-05-06,23,249.054,2741.57,2990.624
2025-05-06,24,295.106,2785.266,3080.372
2025-05-06,25,343.368,2548.05,2891.418
2025-05-06,26,331.592,2349.482,2681.074
2025-05-06,27,336.082,2464.9,2800.982
2025-05-06,28,403.384,2670.718,3074.102
2025-05-06,29,463.368,2653.736,3117.104
2025-05-06,30,468.93,2814.708,3283.638
2025-05-06,31,537.392,2996.936,3534.328
2025-05-06,32,580.062,2913.102,3493.164
2025-05-06,33,636.556,2985.74,3622.296
2025-05-06,34,710.194,3035.864,3746.058
2025-05-06,35,754.038,2947.93,3701.968
2025-05-06,36,809.198,2942.738,3751.936
2025-05-06,37,807.224,2732.36,3539.584
2025-05-06,38,799.206,2441.64,3240.846
2025-05-06,39,769.924,2286.53,3056.454
2025-05-06,40,655.162,2195.876,2851.038
2025-05-06,41,583.778,2236.278,2820.056
2025-05-06,42,518.314,2210.054,2728.368
2025-05-06,43,485.108,2049.248,2534.356
2025-05-06,44,446.56,2046.042,2492.602
2025-05-06,45,391.26,2032.936,2424.196
2025-05-06,46,328.504,1966.16,2294.664
2025-05-06,47,277.876,1912.156,2190.032
2025-05-06,48,257.148,1769.33,2026.478
2025-05-07,1,242.86,1555.316,1798.176
2025-05-07,2,199.58,1555.184,1754.764
2025-05-07,3,166.31,1516.274,1682.584
2025-05-07,4,146.8,1631.362,1778.162
2025-05-07,5,135.6,1590.018,1725.618
2025-05-07,6,149.114,1681.798,1830.912
2025-05-07,7,146.482,1812.958,1959.44
2025-05-07,8,172.236,1869.872,2042.108
2025-05-07,9,193.15,1794.96,1988.11
2025-05-07,10,188.884,1888.406,2077.29
2025-05-07,11,162.248,2072.104,2234.352
2025-05-07,12,179.378,2072.364,2251.742
2025-05-07,13,208.446,2028.74,2237.186
2025-05-07,14,273.516,2156.504,2430.02
2025-05-07,15,311.748,2108.758,2420.506
2025-05-07,16,359.926,1990.902,2350.828
2025-05-07,17,392.172,2043.23,2435.402
2025-05-07,18,449.812,2128.736,2578.548
2025-05-07,19,435.446,1978.9,2414.346
2025-05-07,20,461.474,1867.26,2328.734
2025-05-07,21,485.952,1885.994,2371.946
2025-05-07,22,509.484,1826.426,2335.91
2025-05-07,23,490.2,1705.29,2195.49
2025-05-07,24,428.786,1626.462,2055.248
2025-05-07,25,379.418,1634.43,2013.848
2025-05-07,26,385.504,1686.608,2072.112
2025-05-07,27,389.732,1763.402,2153.134
2025-05-07,28,377.67,1870.154,2247.824
2025-05-07,29,372.48,1887.062,2259.542
2025-05-07,30,398.81,2011.806,2410.616
2025-05-07,31,468.826,2299.648,2768.474
2025-05-07,32,503.358,2264.414,2767.772
2025-05-07,33,558.384,2222.828,2781.212
2025-05-07,34,592.786,2252.744,2845.53
2025-05-07,35,644.24,2324.116,2968.356
2025-05-07,36,689.822,2409.54,3099.362
2025-05-07,37,656.094,2444.812,3100.906
2025-05-07,38,662.22,2439.65,3101.87
2025-05-07,39,610.784,2549.602,3160.386
2025-05-07,40,524.754,2674.918,3199.672
2025-05-07,41,452.466,2740.796,3193.262
2025-05-07,42,458.602,2884.398,3343.0
2025-05-07,43,507.65,3223.636,3731.286
2025-05-07,44,500.26,3519.218,4019.478
2025-05-07,45,496.614,3678.086,4174.7
2025-05-07,46,479.022,3540.158,4019.18
2025-05-07,47,438.628,3420.848,3859.476
2025-05-07,48,436.052,3266.944,3702.996
2025-05-08,1,378.564,3219.818,3598.382
2025-05-08,2,315.756,3079.35,3395.106
2025-05-08,3,239.766,2943.87,3183.636
2025-05-08,4,179.014,2933.09,3112.104
2025-05-08,5,150.14,2696.648,2846.788
2025-05-08,6,143.408,2601.61,2745.018
2025-05-08,7,144.25,2708.056,2852.306
2025-05-08,8,143.092,2703.562,2846.654
2025-05-08,9,139.278,2737.858,2877.136
2025-05-08,10,134.862,2675.434,2810.296
2025-05-08,11,137.524,2751.636,2889.16
2025-05-08,12,150.978,2822.048,2973.026
2025-05-08,13,141.268,2917.804,3059.072
2025-05-08,14,105.444,2976.108,3081.552
2025-05-08,15,104.894,3067.374,3172.268
2025-05-08,16,62.554,2883.912,2946.466
2025-05-08,17,47.102,2707.37,2754.472
2025-05-08,18,42.638,2764.392,2807.03
2025-05-08,19,22.916,2740.084,2763.0
2025-05-08,20,20.416,2797.744,2818.16
2025-05-08,21,21.132,2725.19,2746.322
2025-05-08,22,20.882,2541.53,2562.412
2025-05-08,23,31.726,2599.504,2631.23
2025-05-08,24,37.022,2479.274,2516.296
2025-05-08,25,58.282,2285.856,2344.138
2025-05-08,26,67.926,2134.276,2202.202
2025-05-08,27,92.548,1994.202,2086.75
2025-05-08,28,98.136,1734.672,1832.808
2025-05-08,29,141.08,1750.712,1891.792
2025-05-08,30,203.672,1817.966,2021.638
2025-05-08,31,261.53,1851.3,2112.83
2025-05-08,32,232.224,1912.452,2144.676
2025-05-08,33,255.112,1977.698,2232.81
2025-05-08,34,287.538,2077.398,2364.936
2025-05-08,35,279.298,2173.534,2452.832
2025-05-08,36,273.748,2256.188,2529.936
2025-05-08,37,246.542,2302.16,2548.702
2025-05-08,38,288.884,2243.566,2532.45
2025-05-08,39,297.576,2261.618,2559.194
2025-05-08,40,274.416,2281.472,2555.888
2025-05-08,41,263.464,2336.482,2599.946
2025-05-08,42,302.242,2403.47,2705.712
2025-05-08,43,302.01,2527.244,2829.254
2025-05-08,44,306.808,2571.042,2877.85
2025-05-08,45,306.056,2597.938,2903.994
2025-05-08,46,321.464,2652.17,2973.634
2025-05-08,47,370.75,2430.904,2801.654
2025-05-08,48,404.25,2282.084,2686.334
2025-05-09,1,432.606,2125.544,2558.15
2025-05-09,2,457.56,2067.424,2524.984
2025-05-09,3,446.538,1978.536,2425.074
2025-05-09,4,424.26,1859.204,2283.464
2025-05-09,5,437.496,1845.698,2283.194
2025-05-09,6,440.692,1814.256,2254.948
2025-05-09,7,424.276,1710.302,2134.578
2025-05-09,8,433.58,1655.68,2089.26
2025-05-09,9,502.136,1651.228,2153.364
2025-05-09,10,510.29,1713.422,2223.712
2025-05-09,11,561.35,1644.018,2205.368
2025-05-09,12,612.816,1542.442,2155.258
2025-05-09,13,640.894,1582.27,2223.164
2025-05-09,14,604.344,1514.566,2118.91
2025-05-09,15,608.366,1395.566,2003.932
2025-05-09,16,624.336,1207.03,1831.366
2025-05-09,17,659.888,1030.178,1690.066
2025-05-09,18,648.5,940.258,1588.758
2025-05-09,19,624.128,912.692,1536.82
2025-05-09,20,641.158,846.69,1487.848
2025-05-09,21,708.016,781.668,1489.684
2025-05-09,22,761.502,812.77,1574.272
2025-05-09,23,831.62,923.618,1755.238
2025-05-09,24,857.556,1108.322,1965.878
2025-05-09,25,902.974,1193.532,2096.506
2025-05-09,26,955.654,1179.566,2135.22
2025-05-09,27,1070.516,1162.626,2233.142
2025-05-09,28,1206.546,1201.306,2407.852
2025-05-09,29,1297.056,1331.886,2628.942
2025-05-09,30,1338.478,1574.558,2913.036
2025-05-09,31,1361.424,1882.172,3243.596
2025-05-09,32,1442.042,2078.432,3520.474
2025-05-09,33,1592.91,2196.79,3789.7
2025-05-09,34,1767.776,2396.192,4163.968
2025-05-09,35,1921.206,2548.666,4469.872
2025-05-09,36,2038.28,2695.492,4733.772
2025-05-09,37,2202.856,2819.044,5021.9
2025-05-09,38,2117.22,2887.562,5004.782
2025-05-09,39,1862.86,2881.716,4744.576
2025-05-09,40,1745.98,2826.214,4572.194
2025-05-09,41,1676.806,2882.834,4559.64
2025-05-09,42,1664.512,2972.172,4636.684
2025-05-09,43,1633.732,2985.082,4618.814
2025-05-09,44,1588.242,2946.584,4534.826
2025-05-09,45,1445.872,2954.51,4400.382
2025-05-09,46,1368.196,2982.098,4350.294
2025-05-09,47,1491.742,3042.496,4534.238
2025-05-09,48,1405.738,3162.824,4568.562
2025-05-10,1,1273.61,3240.11,4513.72
2025-05-10,2,1195.748,3294.298,4490.046
2025-05-10,3,1224.354,3301.452,4525.806
2025-05-10,4,1212.79,3201.69,4414.48
2025-05-10,5,1137.876,3069.008,4206.884
2025-05-10,6,1169.862,3005.566,4175.428
2025-05-10,7,1339.922,2909.688,4249.61
2025-05-10,8,1462.184,2821.132,4283.316
2025-05-10,9,1524.254,2709.814,4234.068
2025-05-10,10,1504.918,2473.136,3978.054
2025-05-10,11,1373.744,2307.192,3680.936
2025-05-10,12,1368.34,2080.862,3449.202
2025-05-10,13,1375.596,1917.942,3293.538
2025-05-10,14,1332.616,1787.038,3119.654
2025-05-10,15,1269.562,1623.446,2893.008
2025-05-10,16,1225.276,1508.876,2734.152
2025-05-10,17,1149.976,1431.596,2581.572
2025-05-10,18,1115.688,1270.372,2386.06
2025-05-10,19,1152.138,1195.758,2347.896
2025-05-10,20,1155.272,1168.94,2324.212
2025-05-10,21,1172.33,1242.592,2414.922
2025-05-10,22,1177.012,1352.748,2529.76
2025-05-10,23,1217.336,1472.132,2689.468
2025-05-10,24,1342.38,1477.97,2820.35
2025-05-10,25,1513.738,1485.836,2999.574
2025-05-10,26,1661.464,1609.516,3270.98
2025-05-10,27,1752.1,1798.77,3550.87
2025-05-10,28,1899.228,2075.804,3975.032
2025-05-10,29,1985.184,2204.184,4189.368
2025-05-10,30,2254.768,2413.986,4668.754
2025-05-10,31,2579.176,2698.38,5277.556
2025-05-10,32,2971.184,3051.474,6022.658
2025-05-10,33,2856.104,3307.22,6163.324
2025-05-10,34,2670.212,3565.274,6235.486
2025-05-10,35,2706.866,3806.758,6513.624
2025-05-10,36,2684.006,4096.32,6780.326
2025-05-10,37,2736.256,4417.846,7154.102
2025-05-10,38,2560.614,4861.19,7421.804
2025-05-10,39,2453.576,4943.284,7396.86
2025-05-10,40,2386.706,4890.05,7276.756
2025-05-10,41,2217.052,4884.248,7101.3
2025-05-10,42,2585.972,4900.182,7486.154
2025-05-10,43,2789.91,4868.798,7658.708
2025-05-10,44,2716.558,4920.252,7636.81
2025-05-10,45,2775.532,5000.244,7775.776
2025-05-10,46,2552.602,5149.004,7701.606
2025-05-10,47,2323.208,5251.894,7575.102
2025-05-10,48,2217.126,5353.462,7570.588
2025-05-11,1,1958.68,5284.64,7243.32
2025-05-11,2,1960.566,5197.652,7158.218
2025-05-11,3,1916.924,5278.612,7195.536
2025-05-11,4,1799.988,5454.868,7254.856
2025-05-11,5,1987.784,5518.156,7505.94
2025-05-11,6,2346.822,5549.394,7896.216
2025-05-11,7,2312.596,5365.288,7677.884
2025-05-11,8,2440.524,5017.058,7457.582
2025-05-11,9,2575.138,4666.408,7241.546
2025-05-11,10,2755.17,4489.17,7244.34
2025-05-11,11,2806.548,4473.928,7280.476
2025-05-11,12,2323.822,4474.816,6798.638
2025-05-11,13,2154.5,4415.796,6570.296
2025-05-11,14,1898.96,4435.944,6334.904
2025-05-11,15,1592.252,4176.26,5768.512
2025-05-11,16,1364.358,4017.59,5381.948
2025-05-11,17,1240.158,3771.274,5011.432
2025-05-11,18,1279.07,3567.978,4847.048
2025-05-11,19,1533.016,3439.404,4972.42
2025-05-11,20,1738.532,3449.598,5188.13
2025-05-11,21,1989.176,3341.892,5331.068
2025-05-11,22,2179.77,3118.948,5298.718
2025-05-11,23,2101.966,2872.348,4974.314
2025-05-11,24,2039.834,2796.694,4836.528
2025-05-11,25,2120.612,2870.282,4990.894
2025-05-11,26,2066.824,2990.236,5057.06
2025-05-11,27,2032.812,3069.546,5102.358
2025-05-11,28,2187.414,3264.544,5451.958
2025-05-11,29,2213.532,3360.004,5573.536
2025-05-11,30,2273.898,3508.974,5782.872
2025-05-11,31,2265.53,3610.468,5875.998
2025-05-11,32,2321.058,3815.47,6136.528
2025-05-11,33,2470.69,3992.65,6463.34
2025-05-11,34,2568.518,4301.114,6869.632
2025-05-11,35,2565.1,4815.354,7380.454
2025-05-11,36,2542.348,5079.036,7621.384
2025-05-11,37,2505.354,5383.104,7888.458
2025-05-11,38,2515.392,5786.656,8302.048
2025-05-11,39,2395.172,5838.366,8233.538
2025-05-11,40,2058.094,6074.23,8132.324
2025-05-11,41,1680.986,6217.78,7898.766
2025-05-11,42,1412.602,6292.918,7705.52
2025-05-11,43,1235.862,6058.168,7294.03
2025-05-11,44,1150.184,5900.836,7051.02
2025-05-11,45,1020.824,5992.224,7013.048
2025-05-11,46,939.57,6046.898,6986.468
2025-05-11,47,885.344,6076.2,6961.544
2025-05-11,48,813.96,5959.646,6773.606
2025-05-12,1,804.976,5881.096,6686.072
2025-05-12,2,795.762,5704.714,6500.476
2025-05-12,3,741.094,5442.984,6184.078
2025-05-12,4,702.606,5216.684,5919.29
2025-05-12,5,785.28,4918.818,5704.098
2025-05-12,6,817.58,4607.644,5425.224
2025-05-12,7,854.678,4256.736,5111.414
2025-05-12,8,907.014,4172.866,5079.88
2025-05-12,9,1019.494,4119.054,5138.548
2025-05-12,10,1024.124,3987.634,5011.758
2025-05-12,11,1065.232,3764.72,4829.952
2025-05-12,12,1160.338,3465.946,4626.284
2025-05-12,13,1167.024,3192.714,4359.738
2025-05-12,14,1122.716,3004.332,4127.048
2025-05-12,15,1038.732,2882.62,3921.352
2025-05-12,16,946.02,2809.494,3755.514
2025-05-12,17,908.93,2653.9,3562.83
2025-05-12,18,901.57,2503.186,3404.756
2025-05-12,19,935.886,2680.42,3616.306
2025-05-12,20,969.254,2819.844,3789.098
2025-05-12,21,989.298,2903.69,3892.988
2025-05-12,22,1085.482,3015.586,4101.068
2025-05-12,23,1239.678,3108.834,4348.512
2025-05-12,24,1387.892,3254.318,4642.21
2025-05-12,25,1470.25,3570.764,5041.014
2025-05-12,26,1531.604,3883.518,5415.122
2025-05-12,27,1726.024,3954.714,5680.738
2025-05-12,28,1884.72,3927.554,5812.274
2025-05-12,29,1950.826,3933.896,5884.722
2025-05-12,30,1894.848,4050.126,5944.974
2025-05-12,31,1964.712,4180.752,6145.464
2025-05-12,32,2024.386,4456.918,6481.304
2025-05-12,33,2072.606,4659.522,6732.128
2025-05-12,34,2015.236,4824.8,6840.036
2025-05-12,35,2080.778,5158.346,7239.124
2025-05-12,36,2018.79,5438.47,7457.26
2025-05-12,37,1820.996,5769.76,7590.756
2025-05-12,38,1678.306,5996.652,7674.958
2025-05-12,39,1538.538,6167.842,7706.38
2025-05-12,40,1392.482,6170.524,7563.006
2025-05-12,41,1293.958,6251.74,7545.698
2025-05-12,42,1273.49,6231.404,7504.894
2025-05-12,43,1348.942,5998.288,7347.23
2025-05-12,44,1261.164,5753.974,7015.138
2025-05-12,45,1127.376,5676.56,6803.936
2025-05-12,46,996.926,5645.08,6642.006
2025-05-12,47,917.894,5676.548,6594.442
2025-05-12,48,881.174,5580.894,6462.068
2025-05-13,1,870.164,5447.614,6317.778
2025-05-13,2,847.38,5331.53,6178.91
2025-05-13,3,854.112,5309.866,6163.978
2025-05-13,4,859.454,5260.46,6119.914
2025-05-13,5,812.548,5304.204,6116.752
2025-05-13,6,797.866,5108.318,5906.184
2025-05-13,7,798.822,4828.118,5626.94
2025-05-13,8,786.018,4671.156,5457.174
2025-05-13,9,728.67,4392.498,5121.168
2025-05-13,10,654.156,4086.452,4740.608
2025-05-13,11,558.994,3812.3,4371.294
2025-05-13,12,480.09,3591.684,4071.774
2025-05-13,13,500.146,3341.206,3841.352
2025-05-13,14,507.17,3246.982,3754.152
2025-05-13,15,504.344,3093.224,3597.568
2025-05-13,16,506.944,2747.624,3254.568
2025-05-13,17,453.716,2365.39,2819.106
2025-05-13,18,426.098,2207.862,2633.96
2025-05-13,19,407.682,2035.528,2443.21
2025-05-13,20,404.612,2085.916,2490.528
2025-05-13,21,448.194,2167.888,2616.082
2025-05-13,22,518.796,2286.236,2805.032
2025-05-13,23,587.674,2473.526,3061.2
2025-05-13,24,716.732,2663.854,3380.586
2025-05-13,25,828.722,2695.274,3523.996
2025-05-13,26,970.48,2564.108,3534.588
2025-05-13,27,1123.994,2430.084,3554.078
2025-05-13,28,1224.084,2437.006,3661.09
2025-05-13,29,1316.7,2333.372,3650.072
2025-05-13,30,1416.702,2441.68,3858.382
2025-05-13,31,1514.392,2467.426,3981.818
2025-05-13,32,1598.392,2518.246,4116.638
2025-05-13,33,1606.532,2584.878,4191.41
2025-05-13,34,1620.162,2684.468,4304.63
2025-05-13,35,1707.444,2708.54,4415.984
2025-05-13,36,1718.078,2686.198,4404.276
2025-05-13,37,1760.698,2610.388,4371.086
2025-05-13,38,1719.638,2732.818,4452.456
2025-05-13,39,1727.626,3087.564,4815.19
2025-05-13,40,1740.17,3365.706,5105.876
2025-05-13,41,1597.828,3642.844,5240.672
2025-05-13,42,1490.97,3824.524,5315.494
2025-05-13,43,1409.724,3851.224,5260.948
2025-05-13,44,1412.25,3808.458,5220.708
2025-05-13,45,1327.916,3564.502,4892.418
2025-05-13,46,1327.94,3461.142,4789.082
2025-05-13,47,1264.73,3420.97,4685.7
2025-05-13,48,1279.316,3140.946,4420.262
2025-05-14,1,1291.96,2743.268,4035.228
2025-05-14,2,1362.764,2390.856,3753.62
2025-05-14,3,1417.7,2190.26,3607.96
2025-05-14,4,1483.36,2285.81,3769.17
2025-05-14,5,1477.94,2304.086,3782.026
2025-05-14,6,1514.97,2297.238,3812.208
2025-05-14,7,1547.158,2387.374,3934.532
2025-05-14,8,1568.166,2632.226,4200.392
2025-05-14,9,1557.146,2700.396,4257.542
2025-05-14,10,1573.306,2819.608,4392.914
2025-05-14,11,1526.966,3098.602,4625.568
2025-05-14,12,1549.284,2979.182,4528.466
2025-05-14,13,1595.43,3033.714,4629.144
2025-05-14,14,1511.478,3268.382,4779.86
2025-05-14,15,1378.598,3281.424,4660.022
2025-05-14,16,1513.454,3473.722,4987.176
2025-05-14,17,1471.196,3648.254,5119.45
2025-05-14,18,1515.62,3748.404,5264.024
2025-05-14,19,1559.032,3874.12,5433.152
2025-05-14,20,1464.454,3909.782,5374.236
2025-05-14,21,1477.438,3653.022,5130.46
2025-05-14,22,1535.958,3618.16,5154.118
2025-05-14,23,1526.794,3567.074,5093.868
2025-05-14,24,1619.85,3481.564,5101.414
2025-05-14,25,1624.102,3479.284,5103.386
2025-05-14,26,1616.164,3572.072,5188.236
2025-05-14,27,1630.954,3662.476,5293.43
2025-05-14,28,1710.464,3637.818,5348.282
2025-05-14,29,1833.24,3558.836,5392.076
2025-05-14,30,2032.154,3703.084,5735.238
2025-05-14,31,2112.92,4096.914,6209.834
2025-05-14,32,2180.454,4201.476,6381.93
2025-05-14,33,2208.686,4302.342,6511.028
2025-05-14,34,2311.078,4721.906,7032.984
2025-05-14,35,2449.526,5119.164,7568.69
2025-05-14,36,2452.83,5273.212,7726.042
2025-05-14,37,2504.096,5384.332,7888.428
2025-05-14,38,2560.388,5745.624,8306.012
2025-05-14,39,2417.152,5663.06,8080.212
2025-05-14,40,2272.382,5508.66,7781.042
2025-05-14,41,2119.064,5701.818,7820.882
2025-05-14,42,2065.232,5871.954,7937.186
2025-05-14,43,2013.072,6021.116,8034.188
2025-05-14,44,2129.35,6443.444,8572.794
2025-05-14,45,2162.244,6541.326,8703.57
2025-05-14,46,2154.384,6587.05,8741.434
2025-05-14,47,2076.314,6613.83,8690.144
2025-05-14,48,2060.404,6477.694,8538.098
2025-05-15,1,2079.454,6405.024,8484.478
2025-05-15,2,2189.512,6317.882,8507.394
2025-05-15,3,2287.812,6306.95,8594.762
2025-05-15,4,2323.456,6272.224,8595.68
2025-05-15,5,2324.974,6206.722,8531.696
2025-05-15,6,2300.114,6310.444,8610.558
2025-05-15,7,2228.104,6215.77,8443.874
2025-05-15,8,2279.312,6253.334,8532.646
2025-05-15,9,2329.544,6141.356,8470.9
2025-05-15,10,2324.754,6182.92,8507.674
2025-05-15,11,2327.996,6138.686,8466.682
2025-05-15,12,2336.054,6152.9,8488.954
2025-05-15,13,2334.496,6046.518,8381.014
2025-05-15,14,2347.194,5875.178,8222.372
2025-05-15,15,2366.906,5690.664,8057.57
2025-05-15,16,2259.924,5579.132,7839.056
2025-05-15,17,2330.682,5430.072,7760.754
2025-05-15,18,2192.044,5062.7,7254.744
2025-05-15,19,2191.164,4802.522,6993.686
2025-05-15,20,2140.678,4436.17,6576.848
2025-05-15,21,2048.496,4108.458,6156.954
2025-05-15,22,2003.81,3680.01,5683.82
2025-05-15,23,2135.846,3512.34,5648.186
2025-05-15,24,2226.59,3270.262,5496.852
2025-05-15,25,2326.68,3130.222,5456.902
2025-05-15,26,2533.52,3151.118,5684.638
2025-05-15,27,2690.204,3083.714,5773.918
2025-05-15,28,2784.73,3195.772,5980.502
2025-05-15,29,2777.734,3330.686,6108.42
2025-05-15,30,2767.512,3440.576,6208.088
2025-05-15,31,2844.798,3479.942,6324.74
2025-05-15,32,2903.216,3519.618,6422.834
2025-05-15,33,2893.466,3449.39,6342.856
2025-05-15,34,2912.132,3416.636,6328.768
2025-05-15,35,2928.02,3243.23,6171.25
2025-05-15,36,2796.85,2963.28,5760.13
2025-05-15,37,2679.922,2694.56,5374.482
2025-05-15,38,2522.59,2723.986,5246.576
2025-05-15,39,2378.018,2646.318,5024.336
2025-05-15,40,2343.666,2521.164,4864.83
2025-05-15,41,2190.736,2501.924,4692.66
2025-05-15,42,1995.858,2710.104,4705.962
2025-05-15,43,1944.89,2935.238,4880.128
2025-05-15,44,1908.786,3128.006,5036.792
2025-05-15,45,1879.386,3385.134,5264.52
2025-05-15,46,1956.206,3600.504,5556.71
2025-05-15,47,1932.62,3853.852,5786.472
2025-05-15,48,1766.266,3839.202,5605.468
2025-05-16,1,1726.186,3818.244,5544.43
2025-05-16,2,1736.276,3625.958,5362.234
2025-05-16,3,1580.842,3723.978,5304.82
2025-05-16,4,1492.944,3887.792,5380.736
2025-05-16,5,1460.524,4230.782,5691.306
2025-05-16,6,1436.71,4198.872,5635.582
2025-05-16,7,1369.022,4270.56,5639.582
2025-05-16,8,1367.398,4245.378,5612.776
2025-05-16,9,1286.682,4376.05,5662.732
2025-05-16,10,1217.99,4743.942,5961.932
2025-05-16,11,1176.694,5058.098,6234.792
2025-05-16,12,1154.094,5241.358,6395.452
2025-05-16,13,1163.74,5436.444,6600.184
2025-05-16,14,1108.902,5567.57,6676.472
2025-05-16,15,1028.018,5603.322,6631.34
2025-05-16,16,1070.002,5686.724,6756.726
2025-05-16,17,1106.704,5732.112,6838.816
2025-05-16,18,1144.12,5752.052,6896.172
2025-05-16,19,1173.38,5672.332,6845.712
2025-05-16,20,1291.872,5513.126,6804.998
2025-05-16,21,1453.434,5382.174,6835.608
2025-05-16,22,1681.488,5255.54,6937.028
2025-05-16,23,1904.43,5077.926,6982.356
2025-05-16,24,2011.65,5062.582,7074.232
2025-05-16,25,2057.372,4979.358,7036.73
2025-05-16,26,2211.87,4939.598,7151.468
2025-05-16,27,2503.244,4972.206,7475.45
2025-05-16,28,2287.26,5125.502,7412.762
2025-05-16,29,2168.944,5079.364,7248.308
2025-05-16,30,2108.98,4998.266,7107.246
2025-05-16,31,2043.814,5154.276,7198.09
2025-05-16,32,1834.112,5445.13,7279.242
2025-05-16,33,2112.486,5716.446,7828.932
2025-05-16,34,2633.82,5999.71,8633.53
2025-05-16,35,2754.824,6349.142,9103.966
2025-05-16,36,2820.58,6620.772,9441.352
2025-05-16,37,2733.9,6653.07,9386.97
2025-05-16,38,2677.964,6666.642,9344.606
2025-05-16,39,2651.98,6822.76,9474.74
2025-05-16,40,2675.416,6747.864,9423.28
2025-05-16,41,2621.948,6370.442,8992.39
2025-05-16,42,2545.454,6027.526,8572.98
2025-05-16,43,2528.856,5711.394,8240.25
2025-05-16,44,2568.55,5321.094,7889.644
2025-05-16,45,2546.74,5153.586,7700.326
2025-05-16,46,2569.814,4904.808,7474.622
2025-05-16,47,2697.876,4765.354,7463.23
2025-05-16,48,2724.762,4510.518,7235.28
2025-05-17,1,2729.96,4241.14,6971.1
2025-05-17,2,2608.552,4058.166,6666.718
2025-05-17,3,2566.81,3969.282,6536.092
2025-05-17,4,2425.89,3891.67,6317.56
2025-05-17,5,2394.614,3778.17,6172.784
2025-05-17,6,2444.152,3591.928,6036.08
2025-05-17,7,2494.95,3385.246,5880.196
2025-05-17,8,2484.492,3198.29,5682.782
2025-05-17,9,2530.096,3025.932,5556.028
2025-05-17,10,2553.596,2940.174,5493.77
2025-05-17,11,2729.296,2822.9,5552.196
2025-05-17,12,2797.01,2784.064,5581.074
2025-05-17,13,2753.118,2684.072,5437.19
2025-05-17,14,2587.078,2615.624,5202.702
2025-05-17,15,2492.48,2590.764,5083.244
2025-05-17,16,2476.528,2408.924,4885.452
2025-05-17,17,2489.14,2379.778,4868.918
2025-05-17,18,2491.022,2191.462,4682.484
2025-05-17,19,2602.038,2064.514,4666.552
2025-05-17,20,2779.478,1999.444,4778.922
2025-05-17,21,2861.83,1991.928,4853.758
2025-05-17,22,3007.716,2140.124,5147.84
2025-05-17,23,3113.26,2385.612,5498.872
2025-05-17,24,3209.138,2614.86,5823.998
2025-05-17,25,3269.53,2619.22,5888.75
2025-05-17,26,3336.824,2798.338,6135.162
2025-05-17,27,3172.114,2864.882,6036.996
2025-05-17,28,3081.692,2925.178,6006.87
2025-05-17,29,3006.114,3080.662,6086.776
2025-05-17,30,2966.236,3284.992,6251.228
2025-05-17,31,2738.012,3541.29,6279.302
2025-05-17,32,2545.818,3359.388,5905.206
2025-05-17,33,2710.17,3580.812,6290.982
2025-05-17,34,2961.942,4128.48,7090.422
2025-05-17,35,2911.23,4218.148,7129.378
2025-05-17,36,2896.364,4203.118,7099.482
2025-05-17,37,3069.508,4211.742,7281.25
2025-05-17,38,3037.19,4270.038,7307.228
2025-05-17,39,2896.496,4227.776,7124.272
2025-05-17,40,2824.3,4186.762,7011.062
2025-05-17,41,2759.474,4241.09,7000.564
2025-05-17,42,2846.346,4435.358,7281.704
2025-05-17,43,3019.538,4380.63,7400.168
2025-05-17,44,3133.072,4322.67,7455.742
2025-05-17,45,3256.726,4374.428,7631.154
2025-05-17,46,3206.53,4352.32,7558.85
2025-05-17,47,3188.514,4128.256,7316.77
2025-05-17,48,3337.138,3748.384,7085.522
2025-05-18,1,3305.914,3480.198,6786.112
2025-05-18,2,3283.264,3220.312,6503.576
2025-05-18,3,3397.332,3167.098,6564.43
2025-05-18,4,3375.516,3102.404,6477.92
2025-05-18,5,3410.554,3052.95,6463.504
2025-05-18,6,3447.658,2892.714,6340.372
2025-05-18,7,3350.07,2714.964,6065.034
2025-05-18,8,3202.86,2650.326,5853.186
2025-05-18,9,3137.004,2774.64,5911.644
2025-05-18,10,3165.508,2688.928,5854.436
2025-05-18,11,3048.376,2517.546,5565.922
2025-05-18,12,3111.912,2435.728,5547.64
2025-05-18,13,3115.99,2284.836,5400.826
2025-05-18,14,3022.788,2081.956,5104.744
2025-05-18,15,2958.704,2099.698,5058.402
2025-05-18,16,3041.274,1928.71,4969.984
2025-05-18,17,3058.734,1735.804,4794.538
2025-05-18,18,3132.742,1550.938,4683.68
2025-05-18,19,3067.86,1244.954,4312.814
2025-05-18,20,3047.524,999.494,4047.018
2025-05-18,21,3266.988,1036.588,4303.576
2025-05-18,22,3244.456,1090.19,4334.646
2025-05-18,23,3242.452,1070.516,4312.968
2025-05-18,24,3298.354,1006.388,4304.742
2025-05-18,25,3384.746,958.896,4343.642
2025-05-18,26,3563.044,872.048,4435.092
2025-05-18,27,3425.696,869.024,4294.72
2025-05-18,28,3486.576,1039.35,4525.926
2025-05-18,29,3435.828,1167.608,4603.436
2025-05-18,30,3619.862,1158.912,4778.774
2025-05-18,31,3638.302,1291.39,4929.692
2025-05-18,32,3636.78,1332.376,4969.156
2025-05-18,33,3453.112,1469.374,4922.486
2025-05-18,34,3301.246,1419.718,4720.964
2025-05-18,35,3381.906,1332.028,4713.934
2025-05-18,36,3374.658,1288.824,4663.482
2025-05-18,37,3403.84,1303.884,4707.724
2025-05-18,38,3516.48,1275.676,4792.156
2025-05-18,39,3585.896,1141.156,4727.052
2025-05-18,40,3496.904,1044.54,4541.444
2025-05-18,41,3462.718,1165.036,4627.754
2025-05-18,42,3433.464,1357.68,4791.144
2025-05-18,43,3181.068,1253.434,4434.502
2025-05-18,44,3089.346,1458.498,4547.844
2025-05-18,45,2942.74,1809.83,4752.57
2025-05-18,46,2965.152,1864.026,4829.178
2025-05-18,47,2929.886,1882.278,4812.164
2025-05-18,48,2844.686,1823.248,4667.934
2025-05-19,1,2607.32,1519.032,4126.352
2025-05-19,2,2408.426,1398.304,3806.73
2025-05-19,3,2323.872,1242.59,3566.462
2025-05-19,4,2127.746,1223.704,3351.45
2025-05-19,5,1831.336,1369.55,3200.886
2025-05-19,6,1589.206,1308.528,2897.734
2025-05-19,7,1544.978,1293.428,2838.406
2025-05-19,8,1437.848,1320.374,2758.222
2025-05-19,9,1370.152,1257.91,2628.062
2025-05-19,10,1455.548,1264.472,2720.02
2025-05-19,11,1489.394,1288.214,2777.608
2025-05-19,12,1616.63,1231.326,2847.956
2025-05-19,13,1855.05,1154.892,3009.942
2025-05-19,14,1957.676,1051.536,3009.212
2025-05-19,15,2052.678,938.776,2991.454
2025-05-19,16,2345.316,877.292,3222.608
2025-05-19,17,2577.586,739.058,3316.644
2025-05-19,18,2738.76,573.416,3312.176
2025-05-19,19,2745.196,444.46,3189.656
2025-05-19,20,2864.404,399.846,3264.25
2025-05-19,21,3091.428,375.112,3466.54
2025-05-19,22,3223.28,350.95,3574.23
2025-05-19,23,3493.304,406.09,3899.394
2025-05-19,24,3688.208,458.294,4146.502
2025-05-19,25,3591.23,536.454,4127.684
2025-05-19,26,3625.086,668.87,4293.956
2025-05-19,27,3791.782,839.314,4631.096
2025-05-19,28,3889.502,945.292,4834.794
2025-05-19,29,3927.688,1025.932,4953.62
2025-05-19,30,3736.564,1090.658,4827.222
2025-05-19,31,3587.86,1130.114,4717.974
2025-05-19,32,3390.124,1241.526,4631.65
2025-05-19,33,3330.614,1291.536,4622.15
2025-05-19,34,3079.274,1302.22,4381.494
2025-05-19,35,2666.316,1327.932,3994.248
2025-05-19,36,2457.694,1405.536,3863.23
2025-05-19,37,2324.352,1454.582,3778.934
2025-05-19,38,2167.304,1345.13,3512.434
2025-05-19,39,1858.812,1402.956,3261.768
2025-05-19,40,1668.448,1607.4,3275.848
2025-05-19,41,1544.568,1725.774,3270.342
2025-05-19,42,1350.93,1729.696,3080.626
2025-05-19,43,1130.538,1823.162,2953.7
2025-05-19,44,1034.372,1998.216,3032.588
2025-05-19,45,930.196,1986.92,2917.116
2025-05-19,46,859.698,1988.448,2848.146
2025-05-19,47,768.084,2031.948,2800.032
2025-05-19,48,684.264,1909.65,2593.914
2025-05-20,1,648.522,1745.784,2394.306
2025-05-20,2,600.774,1710.598,2311.372
2025-05-20,3,624.378,1686.126,2310.504
2025-05-20,4,654.202,1651.266,2305.468
2025-05-20,5,615.092,1577.106,2192.198
2025-05-20,6,536.222,1492.166,2028.388
2025-05-20,7,554.434,1548.502,2102.936
2025-05-20,8,531.012,1539.602,2070.614
2025-05-20,9,534.706,1543.042,2077.748
2025-05-20,10,590.738,1491.918,2082.656
2025-05-20,11,631.152,1533.306,2164.458
2025-05-20,12,659.698,1689.976,2349.674
2025-05-20,13,663.61,1772.106,2435.716
2025-05-20,14,599.536,1796.222,2395.758
2025-05-20,15,559.668,1771.696,2331.364
2025-05-20,16,515.776,1758.114,2273.89
2025-05-20,17,510.558,1790.662,2301.22
2025-05-20,18,465.926,1787.09,2253.016
2025-05-20,19,413.61,1746.394,2160.004
2025-05-20,20,362.924,1674.174,2037.098
2025-05-20,21,311.104,1656.122,1967.226
2025-05-20,22,300.1,1754.992,2055.092
2025-05-20,23,264.73,1865.182,2129.912
2025-05-20,24,236.01,1993.712,2229.722
2025-05-20,25,232.126,1939.376,2171.502
2025-05-20,26,278.808,1840.042,2118.85
2025-05-20,27,346.144,1798.116,2144.26
2025-05-20,28,351.206,1719.544,2070.75
2025-05-20,29,393.022,1577.476,1970.498
2025-05-20,30,508.894,1510.4,2019.294
2025-05-20,31,607.76,1500.056,2107.816
2025-05-20,32,635.864,1361.532,1997.396
2025-05-20,33,691.572,1242.252,1933.824
2025-05-20,34,783.144,1094.338,1877.482
2025-05-20,35,914.934,969.122,1884.056
2025-05-20,36,1097.904,905.032,2002.936
2025-05-20,37,1201.29,757.926,1959.216
2025-05-20,38,1396.874,661.254,2058.128
2025-05-20,39,1549.628,529.514,2079.142
2025-05-20,40,1656.81,376.42,2033.23
2025-05-20,41,1790.772,282.974,2073.746
2025-05-20,42,1766.232,283.018,2049.25
2025-05-20,43,1894.982,299.702,2194.684
2025-05-20,44,2068.286,357.134,2425.42
2025-05-20,45,2055.538,470.236,2525.774
2025-05-20,46,1885.656,593.986,2479.642
2025-05-20,47,1732.184,656.128,2388.312
2025-05-20,48,1735.662,611.058,2346.72
2025-05-21,1,1723.128,633.358,2356.486
2025-05-21,2,1776.42,705.852,2482.272
2025-05-21,3,1853.226,762.708,2615.934
2025-05-21,4,1942.204,839.256,2781.46
2025-05-21,5,2033.188,832.99,2866.178
2025-05-21,6,2080.058,767.858,2847.916
2025-05-21,7,2045.346,763.334,2808.68
2025-05-21,8,2038.484,970.656,3009.14
2025-05-21,9,2096.838,1211.186,3308.024
2025-05-21,10,2175.078,1470.266,3645.344
2025-05-21,11,2143.48,1893.998,4037.478
2025-05-21,12,2235.54,2118.608,4354.148
2025-05-21,13,2238.158,2675.066,4913.224
2025-05-21,14,2153.282,3078.128,5231.41
2025-05-21,15,2093.314,3346.158,5439.472
2025-05-21,16,2079.752,3565.332,5645.084
2025-05-21,17,2009.256,3690.95,5700.206
2025-05-21,18,1950.156,3780.814,5730.97
2025-05-21,19,1843.658,3784.602,5628.26
2025-05-21,20,1764.378,3664.092,5428.47
2025-05-21,21,1714.818,3673.338,5388.156
2025-05-21,22,1597.964,3756.836,5354.8
2025-05-21,23,1481.672,3576.522,5058.194
2025-05-21,24,1369.294,3400.98,4770.274
2025-05-21,25,1260.848,3390.916,4651.764
2025-05-21,26,1243.154,3605.48,4848.634
2025-05-21,27,1257.412,3803.976,5061.388
2025-05-21,28,1227.66,3856.802,5084.462
2025-05-21,29,1325.06,3945.132,5270.192
2025-05-21,30,1490.714,4199.692,5690.406
2025-05-21,31,1700.048,4350.878,6050.926
2025-05-21,32,1862.832,4540.778,6403.61
2025-05-21,33,2070.452,4854.856,6925.308
2025-05-21,34,2263.668,4937.832,7201.5
2025-05-21,35,2360.856,4981.2,7342.056
2025-05-21,36,2628.486,4885.946,7514.432
2025-05-21,37,2705.624,4734.44,7440.064
2025-05-21,38,2798.164,4547.252,7345.416
2025-05-21,39,2880.01,4379.29,7259.3
2025-05-21,40,2950.1,4117.054,7067.154
2025-05-21,41,2903.8,3994.926,6898.726
2025-05-21,42,2858.388,3820.102,6678.49
2025-05-21,43,2995.268,3692.756,6688.024
2025-05-21,44,3043.776,3600.47,6644.246
2025-05-21,45,3017.336,3436.334,6453.67
2025-05-21,46,3125.122,3412.79,6537.912
2025-05-21,47,2834.114,3429.978,6264.092
2025-05-21,48,2646.584,3456.644,6103.228
2025-05-22,1,2660.16,3453.31,6113.47
2025-05-22,2,2830.456,3489.292,6319.748
2025-05-22,3,2746.69,3372.762,6119.452
2025-05-22,4,2701.498,3405.032,6106.53
2025-05-22,5,2634.774,3158.87,5793.644
2025-05-22,6,2711.35,3393.614,6104.964
2025-05-22,7,2706.83,3860.036,6566.866
2025-05-22,8,2712.678,4172.574,6885.252
2025-05-22,9,2765.374,4314.564,7079.938
2025-05-22,10,2594.438,4250.01,6844.448
2025-05-22,11,2441.432,3981.146,6422.578
2025-05-22,12,2513.444,3733.476,6246.92
2025-05-22,13,2565.976,3842.412,6408.388
2025-05-22,14,2571.72,3934.174,6505.894
2025-05-22,15,2529.702,4000.382,6530.084
2025-05-22,16,2579.25,3807.718,6386.968
2025-05-22,17,2628.8,3786.814,6415.614
2025-05-22,18,2521.352,3715.29,6236.642
2025-05-22,19,2307.434,3691.46,5998.894
2025-05-22,20,2177.906,3637.214,5815.12
2025-05-22,21,2028.072,3580.906,5608.978
2025-05-22,22,2040.586,3523.266,5563.852
2025-05-22,23,1927.98,3227.436,5155.416
2025-05-22,24,1790.794,3181.37,4972.164
2025-05-22,25,1706.99,3245.144,4952.134
2025-05-22,26,1646.506,3200.174,4846.68
2025-05-22,27,1661.378,3168.522,4829.9
2025-05-22,28,1644.194,3192.594,4836.788
2025-05-22,29,1758.752,3280.774,5039.526
2025-05-22,30,1808.154,3182.574,4990.728
2025-05-22,31,1736.71,3271.964,5008.674
2025-05-22,32,1793.714,3341.996,5135.71
2025-05-22,33,1798.898,3380.898,5179.796
2025-05-22,34,1858.402,3624.472,5482.874
2025-05-22,35,1873.458,3773.212,5646.67
2025-05-22,36,2097.222,4044.534,6141.756
2025-05-22,37,2245.408,4335.81,6581.218
2025-05-22,38,2416.85,4416.686,6833.536
2025-05-22,39,2417.668,4185.762,6603.43
2025-05-22,40,2369.082,4057.046,6426.128
2025-05-22,41,2216.968,3973.972,6190.94
2025-05-22,42,2220.262,4039.954,6260.216
2025-05-22,43,2149.252,3907.91,6057.162
2025-05-22,44,1980.444,3743.618,5724.062
2025-05-22,45,1899.988,3787.956,5687.944
2025-05-22,46,1845.688,3546.912,5392.6
2025-05-22,47,1696.45,3559.944,5256.394
2025-05-22,48,1674.944,3606.13,5281.074
2025-05-23,1,1601.922,3583.904,5185.826
2025-05-23,2,1423.058,3537.298,4960.356
2025-05-23,3,1313.894,3729.81,5043.704
2025-05-23,4,1123.602,3985.876,5109.478
2025-05-23,5,1027.522,4130.592,5158.114
2025-05-23,6,938.014,4296.576,5234.59
2025-05-23,7,935.568,4292.434,5228.002
2025-05-23,8,902.272,4285.924,5188.196
2025-05-23,9,754.738,4340.836,5095.574
2025-05-23,10,665.092,4568.638,5233.73
2025-05-23,11,653.402,4560.596,5213.998
2025-05-23,12,652.31,4728.17,5380.48
2025-05-23,13,557.53,4614.334,5171.864
2025-05-23,14,462.166,4254.176,4716.342
2025-05-23,15,437.736,4060.096,4497.832
2025-05-23,16,386.034,3870.324,4256.358
2025-05-23,17,347.372,3556.81,3904.182
2025-05-23,18,313.438,3249.132,3562.57
2025-05-23,19,275.666,3243.346,3519.012
2025-05-23,20,257.5,2988.596,3246.096
2025-05-23,21,225.074,2751.634,2976.708
2025-05-23,22,199.976,2592.618,2792.594
2025-05-23,23,216.846,2395.552,2612.398
2025-05-23,24,209.444,2215.924,2425.368
2025-05-23,25,221.774,2052.272,2274.046
2025-05-23,26,268.766,2013.71,2282.476
2025-05-23,27,334.262,2057.584,2391.846
2025-05-23,28,396.734,1873.408,2270.142
2025-05-23,29,472.318,1837.54,2309.858
2025-05-23,30,581.462,1794.234,2375.696
2025-05-23,31,707.952,1652.77,2360.722
2025-05-23,32,877.82,1478.024,2355.844
2025-05-23,33,1095.746,1424.778,2520.524
2025-05-23,34,1329.04,1475.786,2804.826
2025-05-23,35,1610.434,1523.924,3134.358
2025-05-23,36,1939.472,1722.96,3662.432
2025-05-23,37,2106.832,2287.218,4394.05
2025-05-23,38,2138.006,2829.268,4967.274
2025-05-23,39,2221.276,3308.002,5529.278
2025-05-23,40,2277.31,3444.606,5721.916
2025-05-23,41,2402.59,3425.086,5827.676
2025-05-23,42,2607.876,3626.094,6233.97
2025-05-23,43,2843.012,3819.478,6662.49
2025-05-23,44,3050.49,3688.462,6738.952
2025-05-23,45,3198.466,3763.298,6961.764
2025-05-23,46,3404.614,4224.972,7629.586
2025-05-23,47,3320.796,4855.278,8176.074
2025-05-23,48,3058.282,5356.03,8414.312
2025-05-24,1,2816.438,5440.57,8257.008
2025-05-24,2,2476.248,5500.526,7976.774
2025-05-24,3,2190.108,5381.162,7571.27
2025-05-24,4,2206.028,5406.024,7612.052
2025-05-24,5,2312.124,5516.958,7829.082
2025-05-24,6,2479.292,5754.608,8233.9
2025-05-24,7,2688.292,5874.338,8562.63
2025-05-24,8,3017.246,5888.472,8905.718
2025-05-24,9,3389.908,5829.192,9219.1
2025-05-24,10,3554.292,5827.442,9381.734
2025-05-24,11,3637.318,5934.48,9571.798
2025-05-24,12,3447.256,6029.292,9476.548
2025-05-24,13,3194.802,5330.522,8525.324
2025-05-24,14,3310.786,5408.336,8719.122
2025-05-24,15,3551.996,5808.708,9360.704
2025-05-24,16,3612.63,6234.388,9847.018
2025-05-24,17,3648.78,6595.35,10244.13
2025-05-24,18,3589.904,7122.892,10712.796
2025-05-24,19,3744.612,7532.306,11276.918
2025-05-24,20,3712.384,7349.838,11062.222
2025-05-24,21,3737.35,7312.882,11050.232
2025-05-24,22,3768.682,7290.842,11059.524
2025-05-24,23,3780.478,8013.102,11793.58
2025-05-24,24,3912.352,8372.648,12285.0
2025-05-24,25,3947.2,8179.034,12126.234
2025-05-24,26,3876.278,8160.836,12037.114
2025-05-24,27,3868.75,8070.138,11938.888
2025-05-24,28,4128.106,8080.248,12208.354
2025-05-24,29,3919.796,8111.808,12031.604
2025-05-24,30,3614.958,8080.706,11695.664
2025-05-24,31,3807.612,8149.548,11957.16
2025-05-24,32,3727.326,7963.228,11690.554
2025-05-24,33,3619.19,7730.212,11349.402
2025-05-24,34,3363.816,7703.246,11067.062
2025-05-24,35,2420.71,7604.306,10025.016
2025-05-24,36,2308.0,7507.724,9815.724
2025-05-24,37,2196.12,7270.512,9466.632
2025-05-24,38,2632.278,7456.23,10088.508
2025-05-24,39,2632.568,7834.116,10466.684
2025-05-24,40,2363.616,8301.012,10664.628
2025-05-24,41,2420.4,8659.038,11079.438
2025-05-24,42,2294.802,9228.086,11522.888
2025-05-24,43,2212.814,9444.286,11657.1
2025-05-24,44,2120.058,9448.172,11568.23
2025-05-24,45,2167.99,9778.7,11946.69
2025-05-24,46,2291.304,9679.018,11970.322
2025-05-24,47,2442.126,10020.7,12462.826
2025-05-24,48,2267.168,10220.796,12487.964
2025-05-25,1,2403.1,10331.92,12735.02
2025-05-25,2,2744.37,10148.912,12893.282
2025-05-25,3,2728.89,9575.97,12304.86
2025-05-25,4,2628.156,9350.992,11979.148
2025-05-25,5,2548.238,9179.54,11727.778
2025-05-25,6,2997.756,8822.35,11820.106
2025-05-25,7,3444.45,8463.258,11907.708
2025-05-25,8,3761.212,8230.46,11991.672
2025-05-25,9,4032.62,8001.156,12033.776
2025-05-25,10,4309.02,7605.548,11914.568
2025-05-25,11,4452.296,7181.174,11633.47
2025-05-25,12,4836.01,7197.65,12033.66
2025-05-25,13,4806.73,7208.654,12015.384
2025-05-25,14,4285.722,7186.016,11471.738
2025-05-25,15,3953.634,7118.764,11072.398
2025-05-25,16,4020.756,7053.64,11074.396
2025-05-25,17,4151.464,7028.924,11180.388
2025-05-25,18,4178.172,6926.81,11104.982
2025-05-25,19,4107.586,6909.654,11017.24
2025-05-25,20,4142.302,6966.878,11109.18
2025-05-25,21,4495.908,6952.766,11448.674
2025-05-25,22,4556.942,6869.94,11426.882
2025-05-25,23,4523.938,6818.596,11342.534
2025-05-25,24,4511.69,6763.93,11275.62
2025-05-25,25,4487.016,6583.094,11070.11
2025-05-25,26,4537.2,6306.182,10843.382
2025-05-25,27,4739.756,6171.258,10911.014
2025-05-25,28,4986.82,5671.702,10658.522
2025-05-25,29,5177.512,5653.674,10831.186
2025-05-25,30,4844.93,5468.606,10313.536
2025-05-25,31,4848.07,5498.662,10346.732
2025-05-25,32,4795.406,5595.416,10390.822
2025-05-25,33,4646.254,5461.544,10107.798
2025-05-25,34,4561.962,6696.548,11258.51
2025-05-25,35,4937.498,8404.456,13341.954
2025-05-25,36,4837.732,7978.622,12816.354
2025-05-25,37,4778.412,7483.344,12261.756
2025-05-25,38,4708.456,7068.95,11777.406
2025-05-25,39,4634.678,7181.686,11816.364
2025-05-25,40,4702.314,7396.492,12098.806
2025-05-25,41,4473.166,7192.992,11666.158
2025-05-25,42,4325.496,6701.472,11026.968
2025-05-25,43,4605.976,7586.662,12192.638
2025-05-25,44,4854.396,7237.702,12092.098
2025-05-25,45,4863.238,7834.394,12697.632
2025-05-25,46,4831.248,8427.546,13258.794
2025-05-25,47,4918.952,8710.422,13629.374
2025-05-25,48,5131.094,9032.048,14163.142
2025-05-26,1,5072.596,9323.402,14395.998
2025-05-26,2,5133.79,9511.808,14645.598
2025-05-26,3,5056.688,9475.652,14532.34
2025-05-26,4,5157.98,9517.294,14675.274
2025-05-26,5,5286.978,9450.692,14737.67
2025-05-26,6,5080.886,9120.188,14201.074
2025-05-26,7,5087.494,8816.594,13904.088
2025-05-26,8,5053.346,8950.294,14003.64
2025-05-26,9,5110.584,9136.054,14246.638
2025-05-26,10,4961.446,9022.758,13984.204
2025-05-26,11,4916.612,8847.084,13763.696
2025-05-26,12,4953.818,8643.19,13597.008
2025-05-26,13,4903.758,8161.906,13065.664
2025-05-26,14,4844.976,8210.064,13055.04
2025-05-26,15,5264.906,8419.732,13684.638
2025-05-26,16,5271.062,8778.892,14049.954
2025-05-26,17,5291.18,8768.464,14059.644
2025-05-26,18,5253.538,8606.56,13860.098
2025-05-26,19,5152.892,8459.752,13612.644
2025-05-26,20,5345.652,8332.172,13677.824
2025-05-26,21,5439.242,8342.732,13781.974
2025-05-26,22,5520.374,8319.034,13839.408
2025-05-26,23,5768.96,8536.298,14305.258
2025-05-26,24,5548.426,8664.866,14213.292
2025-05-26,25,5394.904,8617.288,14012.192
2025-05-26,26,5326.048,8556.562,13882.61
2025-05-26,27,5429.374,8367.072,13796.446
2025-05-26,28,5500.74,8618.612,14119.352
2025-05-26,29,5099.186,8791.966,13891.152
2025-05-26,30,4727.016,8666.252,13393.268
2025-05-26,31,4826.016,8905.384,13731.4
2025-05-26,32,4732.33,9281.394,14013.724
2025-05-26,33,4649.106,8805.522,13454.628
2025-05-26,34,4915.694,8884.072,13799.766
2025-05-26,35,4699.076,8580.568,13279.644
2025-05-26,36,4578.786,8557.838,13136.624
2025-05-26,37,4065.198,9080.23,13145.428
2025-05-26,38,3279.36,9295.756,12575.116
2025-05-26,39,3035.814,9366.102,12401.916
2025-05-26,40,3282.458,9671.094,12953.552
2025-05-26,41,3063.192,10181.244,13244.436
2025-05-26,42,2790.616,10183.388,12974.004
2025-05-26,43,2870.792,10436.144,13306.936
2025-05-26,44,2602.646,10522.364,13125.01
2025-05-26,45,2442.61,10543.866,12986.476
2025-05-26,46,2333.338,10476.228,12809.566
2025-05-26,47,2406.488,10375.308,12781.796
2025-05-26,48,2647.924,10282.228,12930.152
2025-05-27,1,3215.3,10272.476,13487.776
2025-05-27,2,3434.636,10108.158,13542.794
2025-05-27,3,3707.24,9724.526,13431.766
2025-05-27,4,4119.228,9352.062,13471.29
2025-05-27,5,4445.546,9395.456,13841.002
2025-05-27,6,4532.658,9542.512,14075.17
2025-05-27,7,4583.578,9651.742,14235.32
2025-05-27,8,4522.232,9636.896,14159.128
2025-05-27,9,4443.388,9689.884,14133.272
2025-05-27,10,4152.632,9721.082,13873.714
2025-05-27,11,4365.88,9666.048,14031.928
2025-05-27,12,4411.23,9565.964,13977.194
2025-05-27,13,4317.14,9107.614,13424.754
2025-05-27,14,4249.514,8657.19,12906.704
2025-05-27,15,4369.534,8247.264,12616.798
2025-05-27,16,4415.064,7577.444,11992.508
2025-05-27,17,4617.44,7058.57,11676.01
2025-05-27,18,4460.028,6633.646,11093.674
2025-05-27,19,4394.65,6181.344,10575.994
2025-05-27,20,4376.612,5885.234,10261.846
2025-05-27,21,4370.912,5210.806,9581.718
2025-05-27,22,4083.136,5268.736,9351.872
2025-05-27,23,3973.374,5212.594,9185.968
2025-05-27,24,3936.036,5706.608,9642.644
2025-05-27,25,4007.944,5737.026,9744.97
2025-05-27,26,3783.164,5416.496,9199.66
2025-05-27,27,3683.64,4972.006,8655.646
2025-05-27,28,3808.058,4649.07,8457.128
2025-05-27,29,3695.688,4971.844,8667.532
2025-05-27,30,3504.424,5105.476,8609.9
2025-05-27,31,3475.43,5086.868,8562.298
2025-05-27,32,3214.516,4467.26,7681.776
2025-05-27,33,3154.844,4016.838,7171.682
2025-05-27,34,3083.1,3934.224,7017.324
2025-05-27,35,3233.128,3852.526,7085.654
2025-05-27,36,3242.358,3720.214,6962.572
2025-05-27,37,3218.68,3665.724,6884.404
2025-05-27,38,3013.664,3703.364,6717.028
2025-05-27,39,2795.066,3736.874,6531.94
2025-05-27,40,2585.656,3886.748,6472.404
2025-05-27,41,2660.76,4272.34,6933.1
2025-05-27,42,3029.012,4271.378,7300.39
2025-05-27,43,3154.072,3982.506,7136.578
2025-05-27,44,3298.832,3528.518,6827.35
2025-05-27,45,3192.406,3307.342,6499.748
2025-05-27,46,2985.684,3268.29,6253.974
2025-05-27,47,2894.484,3224.366,6118.85
2025-05-27,48,2841.514,3210.922,6052.436
2025-05-28,1,2811.122,3261.426,6072.548
2025-05-28,2,2784.464,3210.954,5995.418
2025-05-28,3,2833.002,3159.224,5992.226
2025-05-28,4,2834.228,3218.736,6052.964
2025-05-28,5,2750.59,3338.808,6089.398
2025-05-28,6,2574.474,3400.986,5975.46
2025-05-28,7,2568.244,3273.604,5841.848
2025-05-28,8,2410.182,3226.482,5636.664
2025-05-28,9,2377.638,3180.03,5557.668
2025-05-28,10,2425.104,3170.56,5595.664
2025-05-28,11,2438.366,3046.352,5484.718
2025-05-28,12,2356.786,2897.656,5254.442
2025-05-28,13,2482.394,2782.22,5264.614
2025-05-28,14,2408.054,2680.868,5088.922
2025-05-28,15,2450.984,2737.92,5188.904
2025-05-28,16,2545.612,2857.122,5402.734
2025-05-28,17,2526.646,2725.488,5252.134
2025-05-28,18,2557.432,2761.682,5319.114
2025-05-28,19,2726.122,2924.344,5650.466
2025-05-28,20,2776.252,2870.718,5646.97
2025-05-28,21,2614.14,3335.978,5950.118
2025-05-28,22,2843.418,2367.886,5211.304
2025-05-28,23,2988.484,2094.782,5083.266
2025-05-28,24,3036.176,1739.108,4775.284
2025-05-28,25,3185.138,1620.18,4805.318
2025-05-28,26,3304.734,1625.122,4929.856
2025-05-28,27,3393.014,1483.888,4876.902
2025-05-28,28,3545.08,1510.148,5055.228
2025-05-28,29,3588.9,1535.116,5124.016
2025-05-28,30,4151.158,1606.414,5757.572
2025-05-28,31,3821.386,1558.576,5379.962
2025-05-28,32,3970.366,1385.038,5355.404
2025-05-28,33,3840.47,1094.242,4934.712
2025-05-28,34,3671.75,855.136,4526.886
2025-05-28,35,3638.142,761.338,4399.48
2025-05-28,36,3188.116,797.29,3985.406
2025-05-28,37,2568.62,835.888,3404.508
2025-05-28,38,2142.948,965.572,3108.52
2025-05-28,39,2183.13,1150.824,3333.954
2025-05-28,40,2135.934,1222.16,3358.094
2025-05-28,41,1942.538,1245.576,3188.114
2025-05-28,42,1989.564,1511.63,3501.194
2025-05-28,43,2023.738,2075.53,4099.268
2025-05-28,44,2083.69,2326.252,4409.942
2025-05-28,45,2043.064,2481.222,4524.286
2025-05-28,46,2186.244,2916.038,5102.282
2025-05-28,47,2391.368,3313.958,5705.326
2025-05-28,48,2572.354,3585.15,6157.504
2025-05-29,1,2620.634,3658.286,6278.92
2025-05-29,2,2416.9,3812.138,6229.038
2025-05-29,3,2377.094,4002.736,6379.83
2025-05-29,4,2482.784,4064.07,6546.854
2025-05-29,5,3170.116,4245.044,7415.16
2025-05-29,6,3855.882,4718.178,8574.06
2025-05-29,7,4023.004,5049.764,9072.768
2025-05-29,8,3886.056,5093.962,8980.018
2025-05-29,9,3985.296,5342.432,9327.728
2025-05-29,10,4431.87,5342.206,9774.076
2025-05-29,11,4387.21,5583.77,9970.98
2025-05-29,12,4591.28,5803.246,10394.526
2025-05-29,13,4446.798,6289.962,10736.76
2025-05-29,14,4393.428,6296.1,10689.528
2025-05-29,15,4445.616,6859.858,11305.474
2025-05-29,16,4415.238,8321.198,12736.436
2025-05-29,17,4534.562,9167.35,13701.912
2025-05-29,18,4782.912,9300.472,14083.384
2025-05-29,19,5037.408,9345.614,14383.022
2025-05-29,20,5129.69,9625.714,14755.404
2025-05-29,21,5331.4,9951.94,15283.34
2025-05-29,22,4955.284,10024.528,14979.812
2025-05-29,23,5086.198,10139.252,15225.45
2025-05-29,24,5028.634,10206.914,15235.548
2025-05-29,25,5004.404,10260.926,15265.33
2025-05-29,26,5157.518,10267.28,15424.798
2025-05-29,27,5059.492,10348.658,15408.15
2025-05-29,28,4609.992,10298.974,14908.966
2025-05-29,29,5472.072,10332.864,15804.936
2025-05-29,30,5601.664,10360.424,15962.088
2025-05-29,31,5544.854,10277.66,15822.514
2025-05-29,32,5098.14,10277.426,15375.566
2025-05-29,33,5218.256,10284.01,15502.266
2025-05-29,34,5099.35,10301.758,15401.108
2025-05-29,35,4830.058,10290.092,15120.15
2025-05-29,36,4519.682,10264.782,14784.464
2025-05-29,37,4249.13,10211.748,14460.878
2025-05-29,38,3975.676,10141.658,14117.334
2025-05-29,39,3506.94,10101.926,13608.866
2025-05-29,40,3201.04,10016.752,13217.792
2025-05-29,41,3039.418,9942.896,12982.314
2025-05-29,42,3083.698,9911.982,12995.68
2025-05-29,43,3267.24,9862.414,13129.654
2025-05-29,44,3132.83,9924.654,13057.484
2025-05-29,45,2811.282,9723.55,12534.832
2025-05-29,46,2588.254,9550.596,12138.85
2025-05-29,47,2288.986,9435.554,11724.54
2025-05-29,48,1887.268,9348.572,11235.84
2025-05-30,1,1780.206,9371.56,11151.766
2025-05-30,2,1851.402,9330.764,11182.166
2025-05-30,3,1949.952,9331.482,11281.434
2025-05-30,4,2069.15,9184.11,11253.26
2025-05-30,5,2120.52,8883.52,11004.04
2025-05-30,6,1926.966,8968.218,10895.184
2025-05-30,7,1784.348,9041.468,10825.816
2025-05-30,8,1837.058,9070.986,10908.044
2025-05-30,9,2005.044,9070.638,11075.682
2025-05-30,10,2158.292,8855.614,11013.906
2025-05-30,11,2319.002,8637.746,10956.748
2025-05-30,12,2262.046,8319.81,10581.856
2025-05-30,13,2372.782,8239.046,10611.828
2025-05-30,14,2583.266,8080.94,10664.206
2025-05-30,15,2839.196,7701.782,10540.978
2025-05-30,16,3297.202,7644.816,10942.018
2025-05-30,17,3209.088,7650.286,10859.374
2025-05-30,18,3806.01,7522.154,11328.164
2025-05-30,19,3443.034,7443.742,10886.776
2025-05-30,20,2845.42,7357.002,10202.422
2025-05-30,21,2602.596,7061.638,9664.234
2025-05-30,22,2375.89,6736.648,9112.538
2025-05-30,23,2097.93,6526.034,8623.964
2025-05-30,24,2039.948,6102.444,8142.392
2025-05-30,25,1983.134,5510.382,7493.516
2025-05-30,26,2017.952,5021.302,7039.254
2025-05-30,27,1952.882,4285.976,6238.858
2025-05-30,28,1831.996,3882.582,5714.578
2025-05-30,29,1781.97,3678.886,5460.856
2025-05-30,30,1754.122,3494.5,5248.622
2025-05-30,31,1577.794,3193.844,4771.638
2025-05-30,32,1526.404,2769.46,4295.864
2025-05-30,33,1475.632,2805.108,4280.74
2025-05-30,34,1319.662,2948.39,4268.052
2025-05-30,35,1246.322,2801.23,4047.552
2025-05-30,36,1238.102,2706.56,3944.662
2025-05-30,37,1139.044,2565.98,3705.024
2025-05-30,38,1000.114,2541.312,3541.426
2025-05-30,39,995.852,2423.152,3419.004
2025-05-30,40,1173.656,2079.566,3253.222
2025-05-30,41,1281.416,2034.836,3316.252
2025-05-30,42,1295.204,2008.622,3303.826
2025-05-30,43,1367.562,1909.366,3276.928
2025-05-30,44,1506.732,1902.338,3409.07
2025-05-30,45,1650.162,1713.438,3363.6
2025-05-30,46,1765.616,1744.72,3510.336
2025-05-30,47,1776.974,1793.598,3570.572
2025-05-30,48,1836.474,1868.198,3704.672
2025-05-31,1,1917.294,2012.116,3929.41
2025-05-31,2,2021.338,2049.602,4070.94
2025-05-31,3,2214.82,1948.46,4163.28
2025-05-31,4,2242.404,1780.904,4023.308
2025-05-31,5,2287.694,1584.58,3872.274
2025-05-31,6,2242.962,1391.23,3634.192
2025-05-31,7,2076.84,1330.474,3407.314
2025-05-31,8,1818.086,1298.71,3116.796
2025-05-31,9,1567.746,1263.898,2831.644
2025-05-31,10,1691.216,1196.966,2888.182
2025-05-31,11,1782.57,1274.562,3057.132
2025-05-31,12,1963.422,1186.028,3149.45
2025-05-31,13,2008.472,1106.806,3115.278
2025-05-31,14,2178.83,1391.372,3570.202
2025-05-31,15,2399.75,1580.586,3980.336
2025-05-31,16,2403.5,1471.658,3875.158
2025-05-31,17,2718.648,1388.424,4107.072
2025-05-31,18,2998.522,1544.91,4543.432
2025-05-31,19,3200.332,1886.922,5087.254
2025-05-31,20,3336.356,1886.202,5222.558
2025-05-31,21,3906.622,1990.112,5896.734
2025-05-31,22,4616.392,2022.722,6639.114
2025-05-31,23,4995.246,2232.148,7227.394
2025-05-31,24,5156.028,2601.968,7757.996
2025-05-31,25,5245.656,2771.698,8017.354
2025-05-31,26,5392.944,2942.412,8335.356
2025-05-31,27,5120.444,3403.54,8523.984
2025-05-31,28,5203.636,3820.196,9023.832
2025-05-31,29,4976.232,3986.252,8962.484
2025-05-31,30,4953.104,3866.534,8819.638
2025-05-31,31,4898.668,3709.532,8608.2
2025-05-31,32,4870.384,3491.374,8361.758
2025-05-31,33,4455.874,3300.756,7756.63
2025-05-31,34,3998.426,3443.03,7441.456
2025-05-31,35,3783.342,3869.828,7653.17
2025-05-31,36,3252.404,3872.886,7125.29
2025-05-31,37,3307.704,4118.462,7426.166
2025-05-31,38,3871.91,4423.762,8295.672
2025-05-31,39,3891.19,4997.89,8889.08
2025-05-31,40,3456.204,5269.006,8725.21
2025-05-31,41,3585.288,5369.74,8955.028
2025-05-31,42,3831.284,5317.028,9148.312
2025-05-31,43,3809.068,5201.722,9010.79
2025-05-31,44,3855.026,5279.702,9134.728
2025-05-31,45,3808.884,5200.538,9009.422
2025-05-31,46,3664.99,5438.958,9103.948
2025-05-31,47,3570.574,5633.892,9204.466
2025-05-31,48,3578.092,5918.818,9496.91
2025-06-01,1,3624.472,6516.794,10141.266
2025-06-01,2,3400.896,6664.744,10065.64
2025-06-01,3,3371.568,6905.446,10277.014
2025-06-01,4,3337.128,6702.778,10039.906
2025-06-01,5,3255.028,6295.362,9550.39
2025-06-01,6,3339.132,5815.742,9154.874
2025-06-01,7,3492.144,5445.372,8937.516
2025-06-01,8,3735.636,5167.58,8903.216
2025-06-01,9,4055.61,4510.868,8566.478
2025-06-01,10,4302.452,4218.876,8521.328
2025-06-01,11,4049.394,4465.982,8515.376
2025-06-01,12,4102.358,4913.152,9015.51
2025-06-01,13,3810.084,4923.554,8733.638
2025-06-01,14,3633.158,5213.81,8846.968
2025-06-01,15,3721.242,5720.266,9441.508
2025-06-01,16,3584.024,5514.558,9098.582
2025-06-01,17,3638.198,5122.508,8760.706
2025-06-01,18,3605.964,4907.712,8513.676
2025-06-01,19,3561.618,4615.946,8177.564
2025-06-01,20,3560.21,4421.266,7981.476
2025-06-01,21,3440.338,4563.45,8003.788
2025-06-01,22,3485.456,4643.568,8129.024
2025-06-01,23,3560.286,4963.106,8523.392
2025-06-01,24,3547.504,5314.682,8862.186
2025-06-01,25,3760.396,5497.86,9258.256
2025-06-01,26,3289.0,5441.348,8730.348
2025-06-01,27,3368.122,5332.204,8700.326
2025-06-01,28,3612.16,5367.228,8979.388
2025-06-01,29,3715.988,5557.338,9273.326
2025-06-01,30,4109.332,5601.43,9710.762
2025-06-01,31,4518.958,5478.484,9997.442
2025-06-01,32,4425.556,6007.904,10433.46
2025-06-01,33,4785.572,6943.058,11728.63
2025-06-01,34,4935.61,6845.602,11781.212
2025-06-01,35,4704.19,7315.864,12020.054
2025-06-01,36,4813.684,7608.76,12422.444
2025-06-01,37,5096.318,8117.096,13213.414
2025-06-01,38,5009.498,8265.89,13275.388
2025-06-01,39,4474.01,7838.954,12312.964
2025-06-01,40,4165.566,7634.542,11800.108
2025-06-01,41,4035.94,7042.004,11077.944
2025-06-01,42,4126.982,6737.206,10864.188
2025-06-01,43,3928.068,6935.244,10863.312
2025-06-01,44,3848.808,7308.656,11157.464
2025-06-01,45,3609.37,7555.66,11165.03
2025-06-01,46,3740.948,7532.232,11273.18
2025-06-01,47,3648.018,7623.828,11271.846
2025-06-01,48,3528.868,7615.084,11143.952
2025-06-02,1,3127.862,7517.172,10645.034
2025-06-02,2,3207.35,7292.432,10499.782
2025-06-02,3,3222.236,7047.982,10270.218
2025-06-02,4,3321.612,6511.422,9833.034
2025-06-02,5,3304.6,6353.876,9658.476
2025-06-02,6,3472.216,6330.754,9802.97
2025-06-02,7,3219.878,6168.064,9387.942
2025-06-02,8,3156.08,5855.332,9011.412
2025-06-02,9,3140.232,5537.17,8677.402
2025-06-02,10,2910.3,5301.596,8211.896
2025-06-02,11,2974.49,5104.864,8079.354
2025-06-02,12,2933.506,4814.28,7747.786
2025-06-02,13,2930.13,4323.738,7253.868
2025-06-02,14,2834.978,3711.164,6546.142
2025-06-02,15,2870.154,3149.764,6019.918
2025-06-02,16,2847.342,2681.102,5528.444
2025-06-02,17,2894.438,2264.912,5159.35
2025-06-02,18,2800.124,1783.008,4583.132
2025-06-02,19,2633.12,1411.51,4044.63
2025-06-02,20,2607.306,1063.294,3670.6
2025-06-02,21,2671.744,812.248,3483.992
2025-06-02,22,2783.254,639.234,3422.488
2025-06-02,23,2807.272,639.782,3447.054
2025-06-02,24,2936.638,637.26,3573.898
2025-06-02,25,3328.14,582.178,3910.318
2025-06-02,26,3922.646,647.622,4570.268
2025-06-02,27,4261.22,739.52,5000.74
2025-06-02,28,4623.492,809.112,5432.604
2025-06-02,29,5189.346,891.542,6080.888
2025-06-02,30,5306.982,1216.712,6523.694
2025-06-02,31,5150.116,1535.51,6685.626
2025-06-02,32,4908.706,1728.606,6637.312
2025-06-02,33,4480.384,2199.486,6679.87
2025-06-02,34,4248.182,2970.154,7218.336
2025-06-02,35,4067.386,3574.524,7641.91
2025-06-02,36,3580.81,4216.036,7796.846
2025-06-02,37,3331.15,4823.956,8155.106
2025-06-02,38,3299.104,5567.202,8866.306
2025-06-02,39,3322.184,6266.716,9588.9
2025-06-02,40,3481.242,7044.982,10526.224
2025-06-02,41,3887.942,7733.47,11621.412
2025-06-02,42,3961.664,8164.744,12126.408
2025-06-02,43,3820.048,8377.038,12197.086
2025-06-02,44,3747.904,8593.656,12341.56
2025-06-02,45,3668.688,8719.39,12388.078
2025-06-02,46,3544.32,8993.998,12538.318
2025-06-02,47,3320.686,9059.624,12380.31
2025-06-02,48,3450.452,8903.196,12353.648
2025-06-03,1,3566.548,8793.9,12360.448
2025-06-03,2,3762.122,9214.302,12976.424
2025-06-03,3,3887.318,9726.736,13614.054
2025-06-03,4,3930.368,9718.978,13649.346
2025-06-03,5,3965.824,9629.434,13595.258
2025-06-03,6,4018.338,9812.06,13830.398
2025-06-03,7,3731.162,9837.85,13569.012
2025-06-03,8,3670.32,9827.154,13497.474
2025-06-03,9,3590.772,9902.136,13492.908
2025-06-03,10,3429.172,10143.448,13572.62
2025-06-03,11,3459.748,10288.086,13747.834
2025-06-03,12,3323.728,10232.134,13555.862
2025-06-03,13,3366.92,10173.386,13540.306
2025-06-03,14,3957.618,10110.006,14067.624
2025-06-03,15,4209.528,10189.708,14399.236
2025-06-03,16,4427.058,10280.136,14707.194
2025-06-03,17,4556.606,10214.862,14771.468
2025-06-03,18,4741.966,10152.988,14894.954
2025-06-03,19,4916.158,10206.518,15122.676
2025-06-03,20,5148.39,10348.546,15496.936
2025-06-03,21,5188.438,10499.722,15688.16
2025-06-03,22,5382.616,10495.742,15878.358
2025-06-03,23,5455.5,10542.222,15997.722
2025-06-03,24,5613.052,10542.708,16155.76
2025-06-03,25,5456.178,10433.054,15889.232
2025-06-03,26,5055.312,10478.594,15533.906
2025-06-03,27,5021.484,10458.6,15480.084
2025-06-03,28,5144.674,10365.61,15510.284
2025-06-03,29,4808.294,10261.716,15070.01
2025-06-03,30,4787.66,10257.15,15044.81
2025-06-03,31,5066.266,10022.002,15088.268
2025-06-03,32,5406.12,9554.982,14961.102
2025-06-03,33,5191.66,9244.352,14436.012
2025-06-03,34,5411.378,8873.734,14285.112
2025-06-03,35,5357.088,8685.64,14042.728
2025-06-03,36,5221.514,8724.856,13946.37
2025-06-03,37,4952.718,8558.346,13511.064
2025-06-03,38,4663.454,8054.962,12718.416
2025-06-03,39,4689.274,7677.306,12366.58
2025-06-03,40,4684.828,7479.796,12164.624
2025-06-03,41,4465.62,7436.95,11902.57
2025-06-03,42,4293.742,6796.524,11090.266
2025-06-03,43,4296.486,6343.65,10640.136
2025-06-03,44,4027.496,6069.996,10097.492
2025-06-03,45,3909.998,6011.01,9921.008
2025-06-03,46,4175.024,6146.238,10321.262
2025-06-03,47,4237.918,6139.452,10377.37
2025-06-03,48,4326.544,5707.492,10034.036
2025-06-04,1,4342.446,5336.19,9678.636
2025-06-04,2,4110.92,5235.032,9345.952
2025-06-04,3,4169.538,5442.738,9612.276
2025-06-04,4,4366.046,5537.834,9903.88
2025-06-04,5,4402.168,5458.038,9860.206
2025-06-04,6,4377.404,5280.784,9658.188
2025-06-04,7,4330.74,5180.252,9510.992
2025-06-04,8,4665.314,5350.588,10015.902
2025-06-04,9,4724.758,5242.978,9967.736
2025-06-04,10,4605.394,5182.42,9787.814
2025-06-04,11,4600.28,5179.85,9780.13
2025-06-04,12,4613.838,5234.192,9848.03
2025-06-04,13,4524.302,4972.064,9496.366
2025-06-04,14,4408.82,5025.274,9434.094
2025-06-04,15,4784.066,5107.064,9891.13
2025-06-04,16,4503.22,5212.282,9715.502
2025-06-04,17,4613.284,5184.242,9797.526
2025-06-04,18,4907.05,5041.856,9948.906
2025-06-04,19,5069.53,5071.158,10140.688
2025-06-04,20,4987.198,4993.83,9981.028
2025-06-04,21,4977.3,5146.172,10123.472
2025-06-04,22,4913.502,5229.14,10142.642
2025-06-04,23,4834.304,5090.96,9925.264
2025-06-04,24,5003.478,5066.21,10069.688
2025-06-04,25,4985.854,5098.516,10084.37
2025-06-04,26,5360.046,5139.982,10500.028
2025-06-04,27,5281.798,5461.442,10743.24
2025-06-04,28,5378.61,5657.536,11036.146
2025-06-04,29,5355.456,5679.568,11035.024
2025-06-04,30,5367.176,5996.98,11364.156
2025-06-04,31,5282.79,5769.22,11052.01
2025-06-04,32,4978.282,5667.654,10645.936
2025-06-04,33,4871.994,5740.04,10612.034
2025-06-04,34,4706.444,5748.344,10454.788
2025-06-04,35,4425.49,6017.436,10442.926
2025-06-04,36,4167.684,6162.19,10329.874
2025-06-04,37,3966.484,6187.826,10154.31
2025-06-04,38,3719.454,6398.41,10117.864
2025-06-04,39,3621.304,6623.46,10244.764
2025-06-04,40,3292.84,6943.738,10236.578
2025-06-04,41,3165.096,7126.024,10291.12
2025-06-04,42,3075.232,7520.32,10595.552
2025-06-04,43,3026.45,7305.45,10331.9
2025-06-04,44,3223.602,7080.27,10303.872
2025-06-04,45,3441.93,6849.486,10291.416
2025-06-04,46,3515.97,6781.236,10297.206
2025-06-04,47,3359.562,7151.542,10511.104
2025-06-04,48,3434.758,7065.01,10499.768
2025-06-05,1,3407.328,6931.934,10339.262
2025-06-05,2,3354.146,6828.902,10183.048
2025-06-05,3,3470.788,7208.178,10678.966
2025-06-05,4,3528.542,7190.564,10719.106
2025-06-05,5,3430.854,6941.66,10372.514
2025-06-05,6,3393.832,7055.102,10448.934
2025-06-05,7,3352.856,7049.582,10402.438
2025-06-05,8,3330.29,6877.878,10208.168
2025-06-05,9,3379.144,6743.542,10122.686
2025-06-05,10,3148.406,6660.93,9809.336
2025-06-05,11,2993.144,6779.836,9772.98
2025-06-05,12,2992.636,6975.62,9968.256
2025-06-05,13,2936.308,7122.936,10059.244
2025-06-05,14,2898.026,7013.704,9911.73
2025-06-05,15,2792.794,6740.566,9533.36
2025-06-05,16,2778.556,6539.822,9318.378
2025-06-05,17,2917.776,6389.214,9306.99
2025-06-05,18,2980.52,6213.694,9194.214
2025-06-05,19,3063.36,6423.976,9487.336
2025-06-05,20,2968.802,6311.644,9280.446
2025-06-05,21,2860.922,6340.362,9201.284
2025-06-05,22,2788.046,6335.324,9123.37
2025-06-05,23,2504.504,6506.75,9011.254
2025-06-05,24,2493.116,6512.296,9005.412
2025-06-05,25,2529.08,6801.798,9330.878
2025-06-05,26,2553.586,7064.894,9618.48
2025-06-05,27,2582.15,7084.824,9666.974
2025-06-05,28,2407.814,6942.808,9350.622
2025-06-05,29,2412.404,6627.944,9040.348
2025-06-05,30,2331.552,5979.874,8311.426
2025-06-05,31,2233.914,5782.676,8016.59
2025-06-05,32,2362.208,5625.238,7987.446
2025-06-05,33,2427.362,5776.408,8203.77
2025-06-05,34,2275.572,5918.006,8193.578
2025-06-05,35,2441.268,5893.048,8334.316
2025-06-05,36,2352.67,5793.01,8145.68
2025-06-05,37,2506.798,5830.97,8337.768
2025-06-05,38,2415.784,5494.994,7910.778
2025-06-05,39,2188.602,4948.316,7136.918
2025-06-05,40,1857.39,4269.216,6126.606
2025-06-05,41,1623.834,4625.404,6249.238
2025-06-05,42,1540.652,4692.958,6233.61
2025-06-05,43,1456.464,4217.522,5673.986
2025-06-05,44,1459.998,3738.356,5198.354
2025-06-05,45,1447.318,3633.452,5080.77
2025-06-05,46,1505.866,3588.506,5094.372
2025-06-05,47,1546.622,3901.894,5448.516
2025-06-05,48,1536.72,4108.748,5645.468
2025-06-06,1,1510.608,4255.976,5766.584
2025-06-06,2,1421.378,4554.26,5975.638
2025-06-06,3,1308.344,5318.9,6627.244
2025-06-06,4,1350.856,5797.61,7148.466
2025-06-06,5,1230.868,6493.14,7724.008
2025-06-06,6,882.9,6673.738,7556.638
2025-06-06,7,867.158,7054.43,7921.588
2025-06-06,8,910.722,7099.592,8010.314
2025-06-06,9,873.436,6783.552,7656.988
2025-06-06,10,846.438,6496.654,7343.092
2025-06-06,11,746.466,5611.696,6358.162
2025-06-06,12,696.068,5595.862,6291.93
2025-06-06,13,657.132,5418.038,6075.17
2025-06-06,14,546.634,5008.888,5555.522
2025-06-06,15,557.336,4901.832,5459.168
2025-06-06,16,613.408,4749.686,5363.094
2025-06-06,17,594.144,4399.47,4993.614
2025-06-06,18,569.052,4566.17,5135.222
2025-06-06,19,641.784,4727.292,5369.076
2025-06-06,20,712.334,4586.284,5298.618
2025-06-06,21,691.19,4128.65,4819.84
2025-06-06,22,789.53,4056.402,4845.932
2025-06-06,23,962.422,3982.746,4945.168
2025-06-06,24,1249.392,4095.54,5344.932
2025-06-06,25,1447.996,4154.202,5602.198
2025-06-06,26,1640.396,4108.448,5748.844
2025-06-06,27,1667.506,3711.544,5379.05
2025-06-06,28,1790.49,3670.756,5461.246
2025-06-06,29,1736.764,3663.722,5400.486
2025-06-06,30,1805.764,3851.946,5657.71
2025-06-06,31,1912.718,3712.308,5625.026
2025-06-06,32,1987.652,3336.608,5324.26
2025-06-06,33,2105.174,3379.34,5484.514
2025-06-06,34,2222.122,2803.5,5025.622
2025-06-06,35,2189.334,2385.518,4574.852
2025-06-06,36,2172.036,2142.716,4314.752
2025-06-06,37,2267.366,2282.854,4550.22
2025-06-06,38,2203.918,2504.654,4708.572
2025-06-06,39,1913.13,2705.472,4618.602
2025-06-06,40,1570.728,2853.12,4423.848
2025-06-06,41,1210.346,2899.452,4109.798
2025-06-06,42,1015.796,2770.982,3786.778
2025-06-06,43,1032.72,2818.74,3851.46
2025-06-06,44,1009.89,3054.348,4064.238
2025-06-06,45,1014.03,3016.564,4030.594
2025-06-06,46,986.996,2628.206,3615.202
2025-06-06,47,1030.282,2852.316,3882.598
2025-06-06,48,966.596,2820.002,3786.598
2025-06-07,1,1053.536,2219.848,3273.384
2025-06-07,2,1009.8,2056.3,3066.1
2025-06-07,3,886.622,2292.008,3178.63
2025-06-07,4,861.648,2376.174,3237.822
2025-06-07,5,835.556,2248.392,3083.948
2025-06-07,6,720.374,2234.968,2955.342
2025-06-07,7,624.056,2246.268,2870.324
2025-06-07,8,524.52,2022.426,2546.946
2025-06-07,9,414.01,1670.746,2084.756
2025-06-07,10,383.414,1519.044,1902.458
2025-06-07,11,334.752,1387.236,1721.988
2025-06-07,12,253.792,1308.232,1562.024
2025-06-07,13,199.464,1235.698,1435.162
2025-06-07,14,166.73,1141.246,1307.976
2025-06-07,15,134.41,1260.202,1394.612
2025-06-07,16,133.846,1478.708,1612.554
2025-06-07,17,128.29,1424.318,1552.608
2025-06-07,18,155.944,1532.816,1688.76
2025-06-07,19,151.094,1661.666,1812.76
2025-06-07,20,185.654,1734.806,1920.46
2025-06-07,21,196.744,1806.624,2003.368
2025-06-07,22,237.636,1907.364,2145.0
2025-06-07,23,249.79,2112.47,2362.26
2025-06-07,24,339.922,2143.032,2482.954
2025-06-07,25,454.096,1810.702,2264.798
2025-06-07,26,528.758,1798.224,2326.982
2025-06-07,27,625.554,1753.25,2378.804
2025-06-07,28,678.36,1832.94,2511.3
2025-06-07,29,793.242,2123.756,2916.998
2025-06-07,30,989.012,2302.82,3291.832
2025-06-07,31,1123.472,2560.606,3684.078
2025-06-07,32,1267.428,2818.0,4085.428
2025-06-07,33,1341.714,3128.456,4470.17
2025-06-07,34,1574.104,3159.744,4733.848
2025-06-07,35,1857.71,3466.508,5324.218
2025-06-07,36,2114.446,3569.056,5683.502
2025-06-07,37,2201.622,3836.242,6037.864
2025-06-07,38,2239.468,3829.808,6069.276
2025-06-07,39,2311.332,3909.77,6221.102
2025-06-07,40,2463.338,3960.314,6423.652
2025-06-07,41,2326.712,3404.076,5730.788
2025-06-07,42,2337.854,2832.728,5170.582
2025-06-07,43,2317.928,2847.216,5165.144
2025-06-07,44,2250.606,2965.446,5216.052
2025-06-07,45,2186.708,3083.544,5270.252
2025-06-07,46,2008.862,3654.718,5663.58
2025-06-07,47,1997.82,3905.146,5902.966
2025-06-07,48,2213.57,4384.488,6598.058
2025-06-08,1,2500.662,5120.168,7620.83
2025-06-08,2,2417.504,5587.766,8005.27
2025-06-08,3,2432.574,6109.292,8541.866
2025-06-08,4,2555.884,6442.71,8998.594
2025-06-08,5,2579.398,6730.322,9309.72
2025-06-08,6,2509.196,7213.546,9722.742
2025-06-08,7,2840.644,7340.326,10180.97
2025-06-08,8,2834.65,7460.016,10294.666
2025-06-08,9,3020.528,7866.992,10887.52
2025-06-08,10,3028.742,7841.526,10870.268
2025-06-08,11,2612.39,7919.968,10532.358
2025-06-08,12,2269.844,7941.146,10210.99
2025-06-08,13,2080.87,7887.89,9968.76
2025-06-08,14,1879.554,8072.908,9952.462
2025-06-08,15,1639.17,8367.262,10006.432
2025-06-08,16,1507.402,8341.43,9848.832
2025-06-08,17,1388.722,8278.372,9667.094
2025-06-08,18,1324.966,8063.9,9388.866
2025-06-08,19,1099.23,7757.57,8856.8
2025-06-08,20,885.024,7340.762,8225.786
2025-06-08,21,878.152,7449.028,8327.18
2025-06-08,22,647.162,7528.632,8175.794
2025-06-08,23,657.768,7270.452,7928.22
2025-06-08,24,882.868,7063.086,7945.954
2025-06-08,25,998.954,6280.498,7279.452
2025-06-08,26,1152.428,5902.856,7055.284
2025-06-08,27,1382.898,5333.662,6716.56
2025-06-08,28,1462.782,5186.708,6649.49
2025-06-08,29,1790.454,4325.624,6116.078
2025-06-08,30,2123.964,3817.454,5941.418
2025-06-08,31,2318.878,3663.03,5981.908
2025-06-08,32,2160.722,4084.596,6245.318
2025-06-08,33,2136.286,3452.866,5589.152
2025-06-08,34,2426.608,3418.92,5845.528
2025-06-08,35,2645.158,3377.53,6022.688
2025-06-08,36,2698.11,3175.756,5873.866
2025-06-08,37,2782.438,2874.418,5656.856
2025-06-08,38,2915.702,2695.7,5611.402
2025-06-08,39,2972.106,3204.73,6176.836
2025-06-08,40,2888.208,3402.626,6290.834
2025-06-08,41,2750.442,3105.766,5856.208
2025-06-08,42,2730.128,3206.512,5936.64
2025-06-08,43,2685.604,2897.802,5583.406
2025-06-08,44,2727.336,2574.922,5302.258
2025-06-08,45,2693.752,2803.266,5497.018
2025-06-08,46,2602.484,2978.386,5580.87
2025-06-08,47,2639.722,2583.39,5223.112
2025-06-08,48,2948.038,2487.092,5435.13
2025-06-09,1,3350.272,2628.232,5978.504
2025-06-09,2,3266.67,2889.868,6156.538
2025-06-09,3,3209.018,3139.328,6348.346
2025-06-09,4,3074.044,3407.546,6481.59
2025-06-09,5,2857.426,3449.092,6306.518
2025-06-09,6,2891.874,3308.13,6200.004
2025-06-09,7,2846.394,3174.356,6020.75
2025-06-09,8,2846.73,3082.912,5929.642
2025-06-09,9,2779.542,3031.014,5810.556
2025-06-09,10,2729.224,2969.612,5698.836
2025-06-09,11,2445.496,2823.572,5269.068
2025-06-09,12,2319.746,2696.904,5016.65
2025-06-09,13,2429.112,2620.614,5049.726
2025-06-09,14,2298.446,2551.606,4850.052
2025-06-09,15,2198.372,2404.118,4602.49
2025-06-09,16,2070.498,2334.618,4405.116
2025-06-09,17,1915.036,2150.68,4065.716
2025-06-09,18,1930.124,1931.44,3861.564
2025-06-09,19,2022.094,1733.04,3755.134
2025-06-09,20,2000.786,1580.468,3581.254
2025-06-09,21,1935.464,1527.546,3463.01
2025-06-09,22,1925.118,1510.132,3435.25
2025-06-09,23,2029.602,1538.598,3568.2
2025-06-09,24,2206.666,1651.29,3857.956
2025-06-09,25,2144.654,1940.264,4084.918
2025-06-09,26,2097.698,1996.056,4093.754
2025-06-09,27,2140.966,1968.502,4109.468
2025-06-09,28,2271.282,1970.48,4241.762
2025-06-09,29,2393.756,2294.152,4687.908
2025-06-09,30,2522.9,2833.892,5356.792
2025-06-09,31,2521.766,3321.4,5843.166
2025-06-09,32,2516.35,3905.306,6421.656
2025-06-09,33,2819.224,4669.316,7488.54
2025-06-09,34,2891.158,5312.656,8203.814
2025-06-09,35,2709.932,5856.328,8566.26
2025-06-09,36,2536.092,6248.118,8784.21
2025-06-09,37,2361.354,6422.118,8783.472
2025-06-09,38,2224.37,6413.27,8637.64
2025-06-09,39,2204.52,6611.108,8815.628
2025-06-09,40,2232.202,6384.468,8616.67
2025-06-09,41,2152.992,5961.288,8114.28
2025-06-09,42,2202.84,6082.412,8285.252
2025-06-09,43,2322.206,6104.178,8426.384
2025-06-09,44,2241.914,6349.804,8591.718
2025-06-09,45,2195.32,7193.606,9388.926
2025-06-09,46,2259.378,8028.124,10287.502
2025-06-09,47,2254.04,8195.632,10449.672
2025-06-09,48,2276.674,8409.862,10686.536
2025-06-10,1,2325.066,8909.328,11234.394
2025-06-10,2,2433.886,9252.256,11686.142
2025-06-10,3,2297.222,9354.598,11651.82
2025-06-10,4,2296.684,9629.836,11926.52
2025-06-10,5,2293.134,9762.416,12055.55
2025-06-10,6,2043.056,9488.858,11531.914
2025-06-10,7,2088.246,9462.508,11550.754
2025-06-10,8,2537.288,9216.504,11753.792
2025-06-10,9,2891.014,9029.798,11920.812
2025-06-10,10,2869.036,8939.678,11808.714
2025-06-10,11,2793.152,8751.266,11544.418
2025-06-10,12,2731.746,8870.514,11602.26
2025-06-10,13,2512.684,8889.126,11401.81
2025-06-10,14,2609.49,8767.11,11376.6
2025-06-10,15,2633.392,8802.088,11435.48
2025-06-10,16,3327.036,8843.014,12170.05
2025-06-10,17,3704.2,9097.036,12801.236
2025-06-10,18,3614.636,9151.79,12766.426
2025-06-10,19,3453.384,9104.6,12557.984
2025-06-10,20,3206.738,8836.658,12043.396
2025-06-10,21,2995.456,8538.506,11533.962
2025-06-10,22,2640.35,8295.344,10935.694
2025-06-10,23,2543.522,7738.748,10282.27
2025-06-10,24,2308.688,7261.1,9569.788
2025-06-10,25,2109.95,6931.014,9040.964
2025-06-10,26,1862.292,6247.344,8109.636
2025-06-10,27,1643.652,5681.614,7325.266
2025-06-10,28,1573.152,5353.038,6926.19
2025-06-10,29,1452.288,5099.814,6552.102
2025-06-10,30,1380.096,4675.644,6055.74
2025-06-10,31,1223.186,4238.488,5461.674
2025-06-10,32,1177.41,3535.41,4712.82
2025-06-10,33,1124.886,3200.588,4325.474
2025-06-10,34,1083.744,2939.512,4023.256
2025-06-10,35,1062.672,2636.946,3699.618
2025-06-10,36,1039.528,2459.8,3499.328
2025-06-10,37,912.42,2260.606,3173.026
2025-06-10,38,750.542,1969.726,2720.268
2025-06-10,39,618.51,1618.366,2236.876
2025-06-10,40,491.372,1389.754,1881.126
2025-06-10,41,481.782,1245.876,1727.658
2025-06-10,42,435.0,1069.92,1504.92
2025-06-10,43,328.882,822.7,1151.582
2025-06-10,44,303.212,565.576,868.788
2025-06-10,45,325.302,420.99,746.292
2025-06-10,46,426.864,350.46,777.324
2025-06-10,47,445.32,308.228,753.548
2025-06-10,48,474.088,269.756,743.844
2025-06-11,1,536.386,235.288,771.674
2025-06-11,2,575.098,242.612,817.71
2025-06-11,3,647.85,227.528,875.378
2025-06-11,4,740.1,181.46,921.56
2025-06-11,5,865.186,204.556,1069.742
2025-06-11,6,796.802,231.74,1028.542
2025-06-11,7,779.236,238.046,1017.282
2025-06-11,8,770.428,231.75,1002.178
2025-06-11,9,640.318,261.486,901.804
2025-06-11,10,626.422,295.346,921.768
2025-06-11,11,686.86,332.85,1019.71
2025-06-11,12,804.808,419.28,1224.088
2025-06-11,13,915.388,478.338,1393.726
2025-06-11,14,1007.274,601.86,1609.134
2025-06-11,15,1103.04,596.172,1699.212
2025-06-11,16,1299.636,582.012,1881.648
2025-06-11,17,1356.88,619.74,1976.62
2025-06-11,18,1290.538,706.52,1997.058
2025-06-11,19,1124.5,847.886,1972.386
2025-06-11,20,982.6,996.908,1979.508
2025-06-11,21,884.316,1111.322,1995.638
2025-06-11,22,907.796,1312.08,2219.876
2025-06-11,23,947.54,1580.802,2528.342
2025-06-11,24,929.078,1907.088,2836.166
2025-06-11,25,1022.786,2293.73,3316.516
2025-06-11,26,1130.882,2716.18,3847.062
2025-06-11,27,1298.05,3066.032,4364.082
2025-06-11,28,1651.346,3281.506,4932.852
2025-06-11,29,2222.008,3589.096,5811.104
2025-06-11,30,2670.122,3775.888,6446.01
2025-06-11,31,3030.758,3939.066,6969.824
2025-06-11,32,3170.152,4270.948,7441.1
2025-06-11,33,3439.35,4569.126,8008.476
2025-06-11,34,3611.038,4781.162,8392.2
2025-06-11,35,3689.172,4833.69,8522.862
2025-06-11,36,3811.002,4757.81,8568.812
2025-06-11,37,3664.784,4615.922,8280.706
2025-06-11,38,3574.298,4426.558,8000.856
2025-06-11,39,3327.096,4443.1,7770.196
2025-06-11,40,3084.572,4438.634,7523.206
2025-06-11,41,3087.186,4502.506,7589.692
2025-06-11,42,3025.454,4877.054,7902.508
2025-06-11,43,2842.486,5157.784,8000.27
2025-06-11,44,2782.298,5503.92,8286.218
2025-06-11,45,2664.738,5878.414,8543.152
2025-06-11,46,2703.9,6352.602,9056.502
2025-06-11,47,2692.836,6544.098,9236.934
2025-06-11,48,2685.012,6835.824,9520.836
2025-06-12,1,2625.778,7195.62,9821.398
2025-06-12,2,2521.028,7492.192,10013.22
2025-06-12,3,2560.238,7989.77,10550.008
2025-06-12,4,2841.506,8455.328,11296.834
2025-06-12,5,3073.016,8780.956,11853.972
2025-06-12,6,3578.638,8717.622,12296.26
2025-06-12,7,3756.33,8558.654,12314.984
2025-06-12,8,3651.916,8844.128,12496.044
2025-06-12,9,3739.334,8870.94,12610.274
2025-06-12,10,3726.976,8895.298,12622.274
2025-06-12,11,3730.258,8868.718,12598.976
2025-06-12,12,3709.196,8997.774,12706.97
2025-06-12,13,3858.466,8998.19,12856.656
2025-06-12,14,3985.092,8993.614,12978.706
2025-06-12,15,3973.552,8786.52,12760.072
2025-06-12,16,3822.348,8804.014,12626.362
2025-06-12,17,4024.718,8815.62,12840.338
2025-06-12,18,4293.836,8765.678,13059.514
2025-06-12,19,4344.282,8543.348,12887.63
2025-06-12,20,4279.668,8496.83,12776.498
2025-06-12,21,4163.5,8523.198,12686.698
2025-06-12,22,4287.718,8607.342,12895.06
2025-06-12,23,4130.006,8730.872,12860.878
2025-06-12,24,4400.458,8836.704,13237.162
2025-06-12,25,4456.27,8545.448,13001.718
2025-06-12,26,4382.232,8570.642,12952.874
2025-06-12,27,4429.062,8792.432,13221.494
2025-06-12,28,4371.94,9129.216,13501.156
2025-06-12,29,4307.81,9123.812,13431.622
2025-06-12,30,4416.452,9139.432,13555.884
2025-06-12,31,4635.38,9152.746,13788.126
2025-06-12,32,4548.612,8899.138,13447.75
2025-06-12,33,4101.316,8677.746,12779.062
2025-06-12,34,3774.292,8405.226,12179.518
2025-06-12,35,3690.406,8041.358,11731.764
2025-06-12,36,3498.506,7571.154,11069.66
2025-06-12,37,3019.404,7089.034,10108.438
2025-06-12,38,2798.196,6572.878,9371.074
2025-06-12,39,2905.064,6213.154,9118.218
2025-06-12,40,2776.016,6037.636,8813.652
2025-06-12,41,2764.828,5590.012,8354.84
2025-06-12,42,2851.618,5137.624,7989.242
2025-06-12,43,2924.448,4925.82,7850.268
2025-06-12,44,2838.694,4855.426,7694.12
2025-06-12,45,2875.358,4380.034,7255.392
2025-06-12,46,2885.64,4074.506,6960.146
2025-06-12,47,2893.972,3474.37,6368.342
2025-06-12,48,2909.224,3191.712,6100.936
2025-06-13,1,2856.398,2972.912,5829.31
2025-06-13,2,2768.79,2876.728,5645.518
2025-06-13,3,2711.704,2878.51,5590.214
2025-06-13,4,2632.648,2874.724,5507.372
2025-06-13,5,2568.702,2707.638,5276.34
2025-06-13,6,2543.098,2644.462,5187.56
2025-06-13,7,2483.568,2334.406,4817.974
2025-06-13,8,2545.308,2418.346,4963.654
2025-06-13,9,2647.53,2379.258,5026.788
2025-06-13,10,2164.666,2421.096,4585.762
2025-06-13,11,2314.116,2342.654,4656.77
2025-06-13,12,2352.528,2283.736,4636.264
2025-06-13,13,2311.58,2346.12,4657.7
2025-06-13,14,2561.69,2447.07,5008.76
2025-06-13,15,2610.6,2483.012,5093.612
2025-06-13,16,2588.612,2617.6,5206.212
2025-06-13,17,2694.634,2752.94,5447.574
2025-06-13,18,3127.24,2897.622,6024.862
2025-06-13,19,3216.198,2945.968,6162.166
2025-06-13,20,3277.624,2952.212,6229.836
2025-06-13,21,3341.816,2933.206,6275.022
2025-06-13,22,3326.532,2898.106,6224.638
2025-06-13,23,3446.65,2950.794,6397.444
2025-06-13,24,3349.292,3093.702,6442.994
2025-06-13,25,3095.076,2930.364,6025.44
2025-06-13,26,2882.2,2830.544,5712.744
2025-06-13,27,2747.158,2758.536,5505.694
2025-06-13,28,2524.734,2585.234,5109.968
2025-06-13,29,2337.962,2278.184,4616.146
2025-06-13,30,2477.58,2033.77,4511.35
2025-06-13,31,3311.708,1763.696,5075.404
2025-06-13,32,4120.954,1507.024,5627.978
2025-06-13,33,4184.244,1314.84,5499.084
2025-06-13,34,4119.702,1243.978,5363.68
2025-06-13,35,3960.366,1139.872,5100.238
2025-06-13,36,3480.62,1063.43,4544.05
2025-06-13,37,3599.308,1111.72,4711.028
2025-06-13,38,3135.57,1272.466,4408.036
2025-06-13,39,2975.682,1581.42,4557.102
2025-06-13,40,2826.048,1742.068,4568.116
2025-06-13,41,2650.728,1870.586,4521.314
2025-06-13,42,2527.332,1985.788,4513.12
2025-06-13,43,2878.422,2244.07,5122.492
2025-06-13,44,2690.436,2504.51,5194.946
2025-06-13,45,2555.54,2656.478,5212.018
2025-06-13,46,2203.696,2991.014,5194.71
2025-06-13,47,1648.94,3549.432,5198.372
2025-06-13,48,1341.372,3818.42,5159.792
2025-06-14,1,1068.196,4139.344,5207.54
2025-06-14,2,723.688,4059.406,4783.094
2025-06-14,3,466.34,4069.668,4536.008
2025-06-14,4,381.396,4358.982,4740.378
2025-06-14,5,310.662,4235.224,4545.886
2025-06-14,6,251.698,3663.116,3914.814
2025-06-14,7,255.506,2301.174,2556.68
2025-06-14,8,324.408,3120.08,3444.488
2025-06-14,9,375.73,3522.452,3898.182
2025-06-14,10,453.378,3904.252,4357.63
2025-06-14,11,601.508,3732.536,4334.044
2025-06-14,12,703.57,3807.772,4511.342
2025-06-14,13,811.984,3622.216,4434.2
2025-06-14,14,971.232,3158.402,4129.634
2025-06-14,15,1219.896,3111.092,4330.988
2025-06-14,16,1394.096,3177.742,4571.838
2025-06-14,17,1482.092,3038.914,4521.006
2025-06-14,18,1480.06,3227.164,4707.224
2025-06-14,19,1654.054,3393.532,5047.586
2025-06-14,20,1916.286,3751.87,5668.156
2025-06-14,21,2305.82,3625.912,5931.732
2025-06-14,22,2110.778,3966.566,6077.344
2025-06-14,23,1948.128,4245.88,6194.008
2025-06-14,24,1771.604,4597.98,6369.584
2025-06-14,25,1558.654,4937.564,6496.218
2025-06-14,26,1348.764,5954.486,7303.25
2025-06-14,27,1298.664,6690.564,7989.228
2025-06-14,28,1257.474,7106.818,8364.292
2025-06-14,29,1108.696,7660.23,8768.926
2025-06-14,30,1368.67,7989.176,9357.846
2025-06-14,31,1245.844,7888.786,9134.63
2025-06-14,32,993.106,8007.562,9000.668
2025-06-14,33,1219.274,8417.522,9636.796
2025-06-14,34,1247.838,8739.308,9987.146
2025-06-14,35,1431.292,8605.206,10036.498
2025-06-14,36,1629.06,8293.208,9922.268
2025-06-14,37,1617.834,7982.85,9600.684
2025-06-14,38,1527.6,7817.496,9345.096
2025-06-14,39,1476.496,7900.996,9377.492
2025-06-14,40,1354.44,7779.356,9133.796
2025-06-14,41,1329.118,7510.95,8840.068
2025-06-14,42,1637.5,7025.324,8662.824
2025-06-14,43,1860.786,6573.86,8434.646
2025-06-14,44,1960.02,6059.5,8019.52
2025-06-14,45,2119.162,5575.25,7694.412
2025-06-14,46,2275.328,5209.26,7484.588
2025-06-14,47,2535.516,4804.296,7339.812
2025-06-14,48,2795.968,4458.214,7254.182
2025-06-15,1,3040.798,4229.696,7270.494
2025-06-15,2,3177.11,4129.924,7307.034
2025-06-15,3,3100.574,4300.23,7400.804
2025-06-15,4,2741.58,4085.558,6827.138
2025-06-15,5,2582.228,3909.038,6491.266
2025-06-15,6,2472.554,3709.1,6181.654
2025-06-15,7,2356.466,3416.016,5772.482
2025-06-15,8,2223.132,3096.648,5319.78
2025-06-15,9,2155.944,2849.694,5005.638
2025-06-15,10,2195.592,2725.676,4921.268
2025-06-15,11,2054.142,2590.486,4644.628
2025-06-15,12,2193.4,2553.452,4746.852
2025-06-15,13,2247.068,2694.93,4941.998
2025-06-15,14,2239.836,2579.25,4819.086
2025-06-15,15,2218.468,2377.392,4595.86
2025-06-15,16,2229.986,2418.498,4648.484
2025-06-15,17,2160.858,2423.564,4584.422
2025-06-15,18,2126.39,2388.724,4515.114
2025-06-15,19,2057.8,2408.096,4465.896
2025-06-15,20,2123.572,2458.898,4582.47
2025-06-15,21,2399.72,2537.834,4937.554
2025-06-15,22,2626.674,2763.436,5390.11
2025-06-15,23,2652.04,3017.104,5669.144
2025-06-15,24,2760.876,3237.726,5998.602
2025-06-15,25,2921.692,3275.232,6196.924
2025-06-15,26,3099.858,3311.38,6411.238
2025-06-15,27,3044.868,3513.634,6558.502
2025-06-15,28,3186.114,3340.112,6526.226
2025-06-15,29,3060.168,3059.292,6119.46
2025-06-15,30,3312.798,2879.2,6191.998
2025-06-15,31,3579.786,2652.95,6232.736
2025-06-15,32,4157.766,2554.436,6712.202
2025-06-15,33,4656.67,2424.558,7081.228
2025-06-15,34,5060.386,2073.618,7134.004
2025-06-15,35,4881.59,1846.796,6728.386
2025-06-15,36,4739.948,1762.536,6502.484
2025-06-15,37,4454.99,1650.172,6105.162
2025-06-15,38,4334.046,1525.738,5859.784
2025-06-15,39,4340.54,1248.768,5589.308
2025-06-15,40,4486.274,1172.61,5658.884
2025-06-15,41,4269.752,1161.93,5431.682
2025-06-15,42,4077.222,1270.912,5348.134
2025-06-15,43,4096.346,1406.73,5503.076
2025-06-15,44,3954.786,1653.622,5608.408
2025-06-15,45,3726.516,1918.426,5644.942
2025-06-15,46,3616.156,2193.214,5809.37
2025-06-15,47,3277.258,2485.414,5762.672
2025-06-15,48,3132.726,2843.206,5975.932
2025-06-16,1,2962.23,3352.668,6314.898
2025-06-16,2,3172.544,3567.12,6739.664
2025-06-16,3,3581.754,3503.178,7084.932
2025-06-16,4,3669.982,3144.058,6814.04
2025-06-16,5,3676.472,2961.49,6637.962
2025-06-16,6,3854.464,3061.3,6915.764
2025-06-16,7,4203.488,2896.672,7100.16
2025-06-16,8,4011.644,2400.214,6411.858
2025-06-16,9,3705.944,2174.948,5880.892
2025-06-16,10,3506.476,2067.052,5573.528
2025-06-16,11,3576.618,2112.108,5688.726
2025-06-16,12,3621.084,1949.438,5570.522
2025-06-16,13,3699.912,1562.182,5262.094
2025-06-16,14,3611.73,1107.834,4719.564
2025-06-16,15,3455.646,1151.9,4607.546
2025-06-16,16,3358.884,1195.684,4554.568
2025-06-16,17,3076.86,1118.84,4195.7
2025-06-16,18,3094.164,978.866,4073.03
2025-06-16,19,3087.164,909.536,3996.7
2025-06-16,20,3101.362,813.274,3914.636
2025-06-16,21,3058.604,762.836,3821.44
2025-06-16,22,3186.946,720.746,3907.692
2025-06-16,23,3287.75,705.838,3993.588
2025-06-16,24,3288.564,673.848,3962.412
2025-06-16,25,3406.32,636.156,4042.476
2025-06-16,26,3569.274,762.864,4332.138
2025-06-16,27,3960.234,898.9,4859.134
2025-06-16,28,4204.436,1098.852,5303.288
2025-06-16,29,4242.688,1278.84,5521.528
2025-06-16,30,4261.056,1441.44,5702.496
2025-06-16,31,4282.504,1508.294,5790.798
2025-06-16,32,4267.774,1823.62,6091.394
2025-06-16,33,4317.294,2285.438,6602.732
2025-06-16,34,4264.384,2630.378,6894.762
2025-06-16,35,4110.982,2844.606,6955.588
2025-06-16,36,3876.37,3026.584,6902.954
2025-06-16,37,3868.034,3258.442,7126.476
2025-06-16,38,3754.16,3872.942,7627.102
2025-06-16,39,3977.18,4419.338,8396.518
2025-06-16,40,3893.116,4529.468,8422.584
2025-06-16,41,4030.39,4510.134,8540.524
2025-06-16,42,4107.244,4542.904,8650.148
2025-06-16,43,4254.918,4702.16,8957.078
2025-06-16,44,4159.85,4928.662,9088.512
2025-06-16,45,4222.192,5111.136,9333.328
2025-06-16,46,4251.182,5241.004,9492.186
2025-06-16,47,3799.282,5364.37,9163.652
2025-06-16,48,3804.312,5454.954,9259.266
2025-06-17,1,3883.954,5638.268,9522.222
2025-06-17,2,3808.862,5720.938,9529.8
2025-06-17,3,3741.04,5677.868,9418.908
2025-06-17,4,3727.352,5456.884,9184.236
2025-06-17,5,3634.07,5102.074,8736.144
2025-06-17,6,3868.864,4560.736,8429.6
2025-06-17,7,3805.828,4103.346,7909.174
2025-06-17,8,3548.26,3956.742,7505.002
2025-06-17,9,3271.026,3617.166,6888.192
2025-06-17,10,3172.784,3436.872,6609.656
2025-06-17,11,3105.576,3572.422,6677.998
2025-06-17,12,3138.926,3621.84,6760.766
2025-06-17,13,3154.354,4008.222,7162.576
2025-06-17,14,3360.046,4314.466,7674.512
2025-06-17,15,3194.106,4440.976,7635.082
2025-06-17,16,3230.348,4540.76,7771.108
2025-06-17,17,3209.236,4528.354,7737.59
2025-06-17,18,3241.312,4332.776,7574.088
2025-06-17,19,3053.804,4164.396,7218.2
2025-06-17,20,2956.76,3991.392,6948.152
2025-06-17,21,2814.39,3832.786,6647.176
2025-06-17,22,2725.486,3900.428,6625.914
2025-06-17,23,2807.004,4012.424,6819.428
2025-06-17,24,3076.928,3888.34,6965.268
2025-06-17,25,3184.908,3773.546,6958.454
2025-06-17,26,3249.086,3749.216,6998.302
2025-06-17,27,3260.718,3752.996,7013.714
2025-06-17,28,3304.688,3675.992,6980.68
2025-06-17,29,3058.726,3391.242,6449.968
2025-06-17,30,2842.04,3209.292,6051.332
2025-06-17,31,3086.006,3207.236,6293.242
2025-06-17,32,3190.678,3170.172,6360.85
2025-06-17,33,3314.148,2819.478,6133.626
2025-06-17,34,3572.586,2425.616,5998.202
2025-06-17,35,3819.704,2157.412,5977.116
2025-06-17,36,3801.046,2331.476,6132.522
2025-06-17,37,3745.934,2458.846,6204.78
2025-06-17,38,3533.436,2111.95,5645.386
2025-06-17,39,3303.12,1835.254,5138.374
2025-06-17,40,3302.97,1943.81,5246.78
2025-06-17,41,3421.892,2076.36,5498.252
2025-06-17,42,3472.482,2161.974,5634.456
2025-06-17,43,3265.328,2175.21,5440.538
2025-06-17,44,3153.02,2216.96,5369.98
2025-06-17,45,3106.138,2035.01,5141.148
2025-06-17,46,2954.768,1752.266,4707.034
2025-06-17,47,2927.86,1742.134,4669.994
2025-06-17,48,2771.126,1783.81,4554.936
2025-06-18,1,2987.876,1791.818,4779.694
2025-06-18,2,3394.712,1785.278,5179.99
2025-06-18,3,3187.192,1967.686,5154.878
2025-06-18,4,3020.974,1948.99,4969.964
2025-06-18,5,2941.004,1867.964,4808.968
2025-06-18,6,3001.536,1934.742,4936.278
2025-06-18,7,2896.408,1843.804,4740.212
2025-06-18,8,2899.724,1835.532,4735.256
2025-06-18,9,2931.438,1709.886,4641.324
2025-06-18,10,2887.744,1455.24,4342.984
2025-06-18,11,2899.278,1426.732,4326.01
2025-06-18,12,2941.094,1410.078,4351.172
2025-06-18,13,2946.886,1369.808,4316.694
2025-06-18,14,2820.104,1172.606,3992.71
2025-06-18,15,3046.254,839.89,3886.144
2025-06-18,16,2995.934,846.608,3842.542
2025-06-18,17,2928.324,715.934,3644.258
2025-06-18,18,3171.268,574.442,3745.71
2025-06-18,19,3367.932,442.292,3810.224
2025-06-18,20,3359.38,245.572,3604.952
2025-06-18,21,3506.95,171.946,3678.896
2025-06-18,22,3652.928,173.978,3826.906
2025-06-18,23,3500.976,174.214,3675.19
2025-06-18,24,3540.378,170.93,3711.308
2025-06-18,25,3317.994,229.28,3547.274
2025-06-18,26,3243.74,189.794,3433.534
2025-06-18,27,3425.472,213.81,3639.282
2025-06-18,28,3452.1,233.034,3685.134
2025-06-18,29,3390.306,273.984,3664.29
2025-06-18,30,3199.084,292.074,3491.158
2025-06-18,31,3122.428,271.644,3394.072
2025-06-18,32,3112.198,239.746,3351.944
2025-06-18,33,3021.912,247.426,3269.338
2025-06-18,34,2833.864,292.634,3126.498
2025-06-18,35,2469.7,369.28,2838.98
2025-06-18,36,2132.662,442.854,2575.516
2025-06-18,37,2279.124,486.402,2765.526
2025-06-18,38,2308.734,493.712,2802.446
2025-06-18,39,2109.482,477.938,2587.42
2025-06-18,40,2086.448,408.47,2494.918
2025-06-18,41,2129.812,376.606,2506.418
2025-06-18,42,1793.842,387.51,2181.352
2025-06-18,43,1522.706,387.812,1910.518
2025-06-18,44,1114.756,356.556,1471.312
2025-06-18,45,822.072,374.602,1196.674
2025-06-18,46,613.618,375.276,988.894
2025-06-18,47,499.464,359.746,859.21
2025-06-18,48,507.798,373.266,881.064
2025-06-19,1,496.502,340.742,837.244
2025-06-19,2,401.854,352.84,754.694
2025-06-19,3,306.888,349.666,656.554
2025-06-19,4,291.462,379.488,670.95
2025-06-19,5,289.808,424.658,714.466
2025-06-19,6,256.066,473.966,730.032
2025-06-19,7,239.47,470.306,709.776
2025-06-19,8,235.846,495.582,731.428
2025-06-19,9,196.38,537.836,734.216
2025-06-19,10,184.118,538.266,722.384
2025-06-19,11,186.148,563.592,749.74
2025-06-19,12,158.848,567.258,726.106
2025-06-19,13,180.306,603.08,783.386
2025-06-19,14,194.122,703.112,897.234
2025-06-19,15,198.902,798.076,996.978
2025-06-19,16,209.034,833.216,1042.25
2025-06-19,17,200.998,824.794,1025.792
2025-06-19,18,257.988,833.086,1091.074
2025-06-19,19,264.424,860.604,1125.028
2025-06-19,20,266.334,909.04,1175.374
2025-06-19,21,331.292,887.76,1219.052
2025-06-19,22,370.434,800.956,1171.39
2025-06-19,23,432.172,782.2,1214.372
2025-06-19,24,463.238,789.778,1253.016
2025-06-19,25,483.75,759.812,1243.562
2025-06-19,26,527.538,829.324,1356.862
2025-06-19,27,599.818,912.094,1511.912
2025-06-19,28,686.526,1004.52,1691.046
2025-06-19,29,869.212,1115.394,1984.606
2025-06-19,30,1035.104,1303.664,2338.768
2025-06-19,31,1261.718,1609.376,2871.094
2025-06-19,32,1337.402,1842.052,3179.454
2025-06-19,33,1361.08,2094.692,3455.772
2025-06-19,34,1438.614,2270.71,3709.324
2025-06-19,35,1507.868,2425.766,3933.634
2025-06-19,36,1647.69,2406.34,4054.03
2025-06-19,37,1844.12,2400.034,4244.154
2025-06-19,38,2210.22,2420.45,4630.67
2025-06-19,39,2512.292,2366.81,4879.102
2025-06-19,40,2823.358,2426.544,5249.902
2025-06-19,41,3012.48,2503.454,5515.934
2025-06-19,42,3092.322,2556.396,5648.718
2025-06-19,43,3254.264,2599.626,5853.89
2025-06-19,44,3252.42,2735.122,5987.542
2025-06-19,45,3279.824,2844.112,6123.936
2025-06-19,46,3335.146,2948.494,6283.64
2025-06-19,47,3282.938,3079.268,6362.206
2025-06-19,48,3222.952,3201.788,6424.74
2025-06-20,1,3367.82,3380.048,6747.868
2025-06-20,2,3381.958,3540.254,6922.212
2025-06-20,3,3230.1,3750.262,6980.362
2025-06-20,4,3137.612,3908.362,7045.974
2025-06-20,5,2896.812,3858.08,6754.892
2025-06-20,6,2958.482,3706.466,6664.948
2025-06-20,7,2739.834,3599.544,6339.378
2025-06-20,8,2440.838,3660.97,6101.808
2025-06-20,9,2317.068,3849.97,6167.038
2025-06-20,10,2236.724,3690.664,5927.388
2025-06-20,11,2016.392,3309.844,5326.236
2025-06-20,12,1858.96,3193.05,5052.01
2025-06-20,13,1659.438,3228.428,4887.866
2025-06-20,14,1501.116,3410.012,4911.128
2025-06-20,15,1431.468,3480.326,4911.794
2025-06-20,16,1266.35,3481.204,4747.554
2025-06-20,17,1005.004,3463.668,4468.672
2025-06-20,18,849.256,3282.55,4131.806
2025-06-20,19,729.91,2855.292,3585.202
2025-06-20,20,726.976,2774.486,3501.462
2025-06-20,21,808.542,2835.526,3644.068
2025-06-20,22,802.868,2846.358,3649.226
2025-06-20,23,869.266,2838.344,3707.61
2025-06-20,24,1026.07,2611.502,3637.572
2025-06-20,25,1253.932,2512.42,3766.352
2025-06-20,26,1442.316,2656.28,4098.596
2025-06-20,27,1597.546,2683.602,4281.148
2025-06-20,28,1710.766,2615.142,4325.908
2025-06-20,29,1950.91,2554.434,4505.344
2025-06-20,30,2108.31,2796.902,4905.212
2025-06-20,31,2080.062,2934.0,5014.062
2025-06-20,32,1989.634,3030.34,5019.974
2025-06-20,33,1710.532,3246.996,4957.528
2025-06-20,34,1391.338,3679.778,5071.116
2025-06-20,35,1155.776,4102.312,5258.088
2025-06-20,36,1101.638,4245.786,5347.424
2025-06-20,37,1055.296,4769.942,5825.238
2025-06-20,38,938.31,5039.044,5977.354
2025-06-20,39,849.634,5185.112,6034.746
2025-06-20,40,826.988,5449.71,6276.698
2025-06-20,41,852.996,5378.274,6231.27
2025-06-20,42,962.95,5176.774,6139.724
2025-06-20,43,1057.562,5022.32,6079.882
2025-06-20,44,1126.256,5147.67,6273.926
2025-06-20,45,1136.282,5410.578,6546.86
2025-06-20,46,1317.612,5414.118,6731.73
2025-06-20,47,1346.408,5326.034,6672.442
2025-06-20,48,1268.824,5445.978,6714.802
2025-06-21,1,1215.452,5545.998,6761.45
2025-06-21,2,1233.432,5414.342,6647.774
2025-06-21,3,1298.22,4996.16,6294.38
2025-06-21,4,1330.926,4946.868,6277.794
2025-06-21,5,1163.096,5298.728,6461.824
2025-06-21,6,1103.798,5391.098,6494.896
2025-06-21,7,1051.478,5200.912,6252.39
2025-06-21,8,1177.082,4831.364,6008.446
2025-06-21,9,1201.892,4477.438,5679.33
2025-06-21,10,1231.352,4245.82,5477.172
2025-06-21,11,1336.782,4159.158,5495.94
2025-06-21,12,1429.914,4139.684,5569.598
2025-06-21,13,1545.02,4044.27,5589.29
2025-06-21,14,1547.95,4008.46,5556.41
2025-06-21,15,1605.716,3974.694,5580.41
2025-06-21,16,1780.014,3961.734,5741.748
2025-06-21,17,2055.042,3884.36,5939.402
2025-06-21,18,2372.088,3806.008,6178.096
2025-06-21,19,2592.416,3731.696,6324.112
2025-06-21,20,2706.716,3757.954,6464.67
2025-06-21,21,2570.752,3511.308,6082.06
2025-06-21,22,2468.352,3220.06,5688.412
2025-06-21,23,2515.99,3207.676,5723.666
2025-06-21,24,2466.468,3156.126,5622.594
2025-06-21,25,2517.148,3175.538,5692.686
2025-06-21,26,2812.5,3013.818,5826.318
2025-06-21,27,3215.526,2677.98,5893.506
2025-06-21,28,3654.78,2620.396,6275.176
2025-06-21,29,4061.28,2623.498,6684.778
2025-06-21,30,4393.938,2765.39,7159.328
2025-06-21,31,4550.374,2865.424,7415.798
2025-06-21,32,4721.046,2843.624,7564.67
2025-06-21,33,4719.482,2652.766,7372.248
2025-06-21,34,4258.6,2577.27,6835.87
2025-06-21,35,4053.436,2724.622,6778.058
2025-06-21,36,3857.382,2887.938,6745.32
2025-06-21,37,3768.316,3113.778,6882.094
2025-06-21,38,4040.174,3524.088,7564.262
2025-06-21,39,3714.044,4128.048,7842.092
2025-06-21,40,3133.66,4605.856,7739.516
2025-06-21,41,2879.544,5466.7,8346.244
2025-06-21,42,2877.68,6284.618,9162.298
2025-06-21,43,2696.39,6475.098,9171.488
2025-06-21,44,2395.998,6641.322,9037.32
2025-06-21,45,2727.552,6696.908,9424.46
2025-06-21,46,2001.528,7042.124,9043.652
2025-06-21,47,1711.692,7765.146,9476.838
2025-06-21,48,1659.424,8206.204,9865.628
2025-06-22,1,1906.892,8440.062,10346.954
2025-06-22,2,2016.864,8649.36,10666.224
2025-06-22,3,1884.22,8689.028,10573.248
2025-06-22,4,1800.922,8887.682,10688.604
2025-06-22,5,1707.05,8982.778,10689.828
2025-06-22,6,1672.844,8461.154,10133.998
2025-06-22,7,1730.422,8097.51,9827.932
2025-06-22,8,1504.4,8248.698,9753.098
2025-06-22,9,1302.39,8150.198,9452.588
2025-06-22,10,1266.266,8046.274,9312.54
2025-06-22,11,1358.744,7972.754,9331.498
2025-06-22,12,1411.466,7661.668,9073.134
2025-06-22,13,1640.45,7461.25,9101.7
2025-06-22,14,1761.316,7550.51,9311.826
2025-06-22,15,2072.512,7531.224,9603.736
2025-06-22,16,2686.582,6780.588,9467.17
2025-06-22,17,2890.82,6352.744,9243.564
2025-06-22,18,3387.164,5887.222,9274.386
2025-06-22,19,3551.418,5945.79,9497.208
2025-06-22,20,3505.168,5790.324,9295.492
2025-06-22,21,3257.722,5863.442,9121.164
2025-06-22,22,3091.838,5959.538,9051.376
2025-06-22,23,2954.232,6319.366,9273.598
2025-06-22,24,2865.434,6616.462,9481.896
2025-06-22,25,3043.55,7194.932,10238.482
2025-06-22,26,3582.808,7382.05,10964.858
2025-06-22,27,4153.458,7338.428,11491.886
2025-06-22,28,4499.528,7739.412,12238.94
2025-06-22,29,4003.994,8272.454,12276.448
2025-06-22,30,3951.174,8825.892,12777.066
2025-06-22,31,4318.708,9249.28,13567.988
2025-06-22,32,4495.578,9357.21,13852.788
2025-06-22,33,4260.572,8885.52,13146.092
2025-06-22,34,3990.236,8295.218,12285.454
2025-06-22,35,3999.454,8432.054,12431.508
2025-06-22,36,3546.836,8596.824,12143.66
2025-06-22,37,3113.24,8810.802,11924.042
2025-06-22,38,3055.268,8780.31,11835.578
2025-06-22,39,2694.022,8865.828,11559.85
2025-06-22,40,2450.408,8837.166,11287.574
2025-06-22,41,2459.308,8816.416,11275.724
2025-06-22,42,2654.45,8671.526,11325.976
2025-06-22,43,2636.23,8157.846,10794.076
2025-06-22,44,2705.66,7781.016,10486.676
2025-06-22,45,2831.138,7728.722,10559.86
2025-06-22,46,2814.13,8140.82,10954.95
2025-06-22,47,2887.494,8582.628,11470.122
2025-06-22,48,3093.438,8793.762,11887.2
2025-06-23,1,3361.088,8845.016,12206.104
2025-06-23,2,3630.814,8948.334,12579.148
2025-06-23,3,3657.334,9315.97,12973.304
2025-06-23,4,3857.996,9262.492,13120.488
2025-06-23,5,3960.216,9194.598,13154.814
2025-06-23,6,4265.992,9144.756,13410.748
2025-06-23,7,4347.964,9023.284,13371.248
2025-06-23,8,4447.8,8934.376,13382.176
2025-06-23,9,4543.4,9076.566,13619.966
2025-06-23,10,4735.062,9164.814,13899.876
2025-06-23,11,4510.79,9360.702,13871.492
2025-06-23,12,4330.182,9456.22,13786.402
2025-06-23,13,4507.112,9469.388,13976.5
2025-06-23,14,4359.302,9779.076,14138.378
2025-06-23,15,4245.54,9975.59,14221.13
2025-06-23,16,4512.0,10016.12,14528.12
2025-06-23,17,4977.666,9984.122,14961.788
2025-06-23,18,5139.276,9937.868,15077.144
2025-06-23,19,5107.282,9750.566,14857.848
2025-06-23,20,4991.092,8871.27,13862.362
2025-06-23,21,4955.764,8279.334,13235.098
2025-06-23,22,5082.948,8253.886,13336.834
2025-06-23,23,4777.068,8058.156,12835.224
2025-06-23,24,4884.182,7995.302,12879.484
2025-06-23,25,4874.304,7921.834,12796.138
2025-06-23,26,4718.21,7840.664,12558.874
2025-06-23,27,4691.562,7278.054,11969.616
2025-06-23,28,4604.102,7346.256,11950.358
2025-06-23,29,4528.192,7489.046,12017.238
2025-06-23,30,4638.562,7371.438,12010.0
2025-06-23,31,4554.006,7357.586,11911.592
2025-06-23,32,4555.506,7480.372,12035.878
2025-06-23,33,4561.7,7570.324,12132.024
2025-06-23,34,4717.72,7324.964,12042.684
2025-06-23,35,4986.62,7252.408,12239.028
2025-06-23,36,5063.378,7265.464,12328.842
2025-06-23,37,4777.686,7140.636,11918.322
2025-06-23,38,4702.468,7174.53,11876.998
2025-06-23,39,4256.694,7243.06,11499.754
2025-06-23,40,3923.866,7139.074,11062.94
2025-06-23,41,3631.398,7168.1,10799.498
2025-06-23,42,3391.676,7444.306,10835.982
2025-06-23,43,3147.636,7305.208,10452.844
2025-06-23,44,3167.182,7018.052,10185.234
2025-06-23,45,3236.8,6781.982,10018.782
2025-06-23,46,3211.958,7032.462,10244.42
2025-06-23,47,3266.582,7136.282,10402.864
2025-06-23,48,3352.098,7102.32,10454.418
2025-06-24,1,3310.004,7486.994,10796.998
2025-06-24,2,3739.786,7770.476,11510.262
2025-06-24,3,3844.694,7918.5,11763.194
2025-06-24,4,3676.294,7888.682,11564.976
2025-06-24,5,3606.368,8113.004,11719.372
2025-06-24,6,3497.426,7849.498,11346.924
2025-06-24,7,3431.544,7760.31,11191.854
2025-06-24,8,3642.608,7836.248,11478.856
2025-06-24,9,3398.21,7704.238,11102.448
2025-06-24,10,3524.67,7698.642,11223.312
2025-06-24,11,3298.626,7689.02,10987.646
2025-06-24,12,2968.868,7601.548,10570.416
2025-06-24,13,2933.97,7436.072,10370.042
2025-06-24,14,2884.952,7472.05,10357.002
2025-06-24,15,2878.034,7877.388,10755.422
2025-06-24,16,2811.726,8157.934,10969.66
2025-06-24,17,2909.876,8027.596,10937.472
2025-06-24,18,3235.73,8305.142,11540.872
2025-06-24,19,3367.704,8859.25,12226.954
2025-06-24,20,3624.056,9238.428,12862.484
2025-06-24,21,3841.088,9282.912,13124.0
2025-06-24,22,4167.154,9281.362,13448.516
2025-06-24,23,3720.098,9347.378,13067.476
2025-06-24,24,3193.514,8876.102,12069.616
2025-06-24,25,3292.412,8899.54,12191.952
2025-06-24,26,3252.294,8946.894,12199.188
2025-06-24,27,3030.546,9282.83,12313.376
2025-06-24,28,3142.266,9428.532,12570.798
2025-06-24,29,3608.17,9595.076,13203.246
2025-06-24,30,3649.272,9753.506,13402.778
2025-06-24,31,2965.448,9624.826,12590.274
2025-06-24,32,3273.254,9295.87,12569.124
2025-06-24,33,3545.924,8883.13,12429.054
2025-06-24,34,3149.954,8673.882,11823.836
2025-06-24,35,2944.698,8337.042,11281.74
2025-06-24,36,2732.32,8139.162,10871.482
2025-06-24,37,2654.82,8068.39,10723.21
2025-06-24,38,2462.744,7934.704,10397.448
2025-06-24,39,2378.206,7541.01,9919.216
2025-06-24,40,2293.36,7266.862,9560.222
2025-06-24,41,2021.974,7161.772,9183.746
2025-06-24,42,1710.334,6948.224,8658.558
2025-06-24,43,1519.408,6876.334,8395.742
2025-06-24,44,1444.046,6972.952,8416.998
2025-06-24,45,1322.918,7003.778,8326.696
2025-06-24,46,1294.044,6833.874,8127.918
2025-06-24,47,1195.354,6300.784,7496.138
2025-06-24,48,1185.774,5659.558,6845.332
2025-06-25,1,1126.92,5426.834,6553.754
2025-06-25,2,1050.978,4705.666,5756.644
2025-06-25,3,1017.15,4469.014,5486.164
2025-06-25,4,952.034,4454.622,5406.656
2025-06-25,5,894.136,4444.186,5338.322
2025-06-25,6,874.162,4150.376,5024.538
2025-06-25,7,862.864,3948.634,4811.498
2025-06-25,8,833.486,3373.726,4207.212
2025-06-25,9,836.774,2727.462,3564.236
2025-06-25,10,830.538,2585.088,3415.626
2025-06-25,11,745.812,2354.208,3100.02
2025-06-25,12,691.178,2107.984,2799.162
2025-06-25,13,555.858,1860.99,2416.848
2025-06-25,14,444.67,1667.446,2112.116
2025-06-25,15,383.514,1484.704,1868.218
2025-06-25,16,282.922,1081.954,1364.876
2025-06-25,17,325.704,950.26,1275.964
2025-06-25,18,348.17,789.014,1137.184
2025-06-25,19,337.586,679.768,1017.354
2025-06-25,20,311.166,632.078,943.244
2025-06-25,21,324.44,674.96,999.4
2025-06-25,22,317.876,714.706,1032.582
2025-06-25,23,336.154,804.076,1140.23
2025-06-25,24,477.302,886.52,1363.822
2025-06-25,25,658.64,870.03,1528.67
2025-06-25,26,983.73,806.186,1789.916
2025-06-25,27,1215.924,730.642,1946.566
2025-06-25,28,1581.488,649.376,2230.864
2025-06-25,29,1918.774,556.114,2474.888
2025-06-25,30,2295.822,534.218,2830.04
2025-06-25,31,2587.206,674.756,3261.962
2025-06-25,32,2738.262,856.55,3594.812
2025-06-25,33,2669.484,1107.232,3776.716
2025-06-25,34,2760.292,1392.856,4153.148
2025-06-25,35,2679.784,1435.76,4115.544
2025-06-25,36,2603.88,1438.648,4042.528
2025-06-25,37,2687.504,1696.368,4383.872
2025-06-25,38,2903.542,1883.6,4787.142
2025-06-25,39,3034.15,2226.652,5260.802
2025-06-25,40,2970.642,2637.858,5608.5
2025-06-25,41,2750.152,2888.806,5638.958
2025-06-25,42,2688.794,3031.376,5720.17
2025-06-25,43,2584.992,3332.29,5917.282
2025-06-25,44,2252.198,3546.824,5799.022
2025-06-25,45,2380.238,3583.376,5963.614
2025-06-25,46,2539.368,3634.86,6174.228
2025-06-25,47,2448.194,3303.55,5751.744
2025-06-25,48,2708.63,3696.026,6404.656
2025-06-26,1,2912.602,4559.56,7472.162
2025-06-26,2,2592.866,4558.494,7151.36
2025-06-26,3,2327.782,5134.204,7461.986
2025-06-26,4,2363.17,5300.526,7663.696
2025-06-26,5,2301.832,5172.274,7474.106
2025-06-26,6,2159.964,5284.766,7444.73
2025-06-26,7,2170.888,5414.368,7585.256
2025-06-26,8,2337.494,5507.188,7844.682
2025-06-26,9,2422.536,5081.638,7504.174
2025-06-26,10,2661.554,4612.326,7273.88
2025-06-26,11,2620.56,4496.044,7116.604
2025-06-26,12,2432.22,4295.062,6727.282
2025-06-26,13,2472.502,4210.724,6683.226
2025-06-26,14,2237.674,3707.142,5944.816
2025-06-26,15,2571.782,3560.402,6132.184
2025-06-26,16,2706.3,3991.038,6697.338
2025-06-26,17,2964.884,4173.166,7138.05
2025-06-26,18,3173.2,4609.638,7782.838
2025-06-26,19,3150.67,4716.92,7867.59
2025-06-26,20,3374.718,5197.572,8572.29
2025-06-26,21,3391.108,6227.334,9618.442
2025-06-26,22,3279.866,6995.096,10274.962
2025-06-26,23,3379.45,6834.55,10214.0
2025-06-26,24,3568.114,7006.32,10574.434
2025-06-26,25,3849.754,7643.728,11493.482
2025-06-26,26,3843.124,8258.332,12101.456
2025-06-26,27,4096.692,8215.582,12312.274
2025-06-26,28,3578.196,7970.328,11548.524
2025-06-26,29,3785.158,7751.936,11537.094
2025-06-26,30,3949.548,7799.138,11748.686
2025-06-26,31,4047.434,8437.786,12485.22
2025-06-26,32,4242.142,8751.528,12993.67
2025-06-26,33,4241.744,9173.158,13414.902
2025-06-26,34,4107.656,9381.188,13488.844
2025-06-26,35,4098.72,9618.592,13717.312
2025-06-26,36,4186.918,9685.986,13872.904
2025-06-26,37,4068.57,9523.71,13592.28
2025-06-26,38,3731.382,9385.254,13116.636
2025-06-26,39,3420.46,9318.476,12738.936
2025-06-26,40,2898.56,9104.282,12002.842
2025-06-26,41,2794.97,8384.01,11178.98
2025-06-26,42,3162.268,7723.66,10885.928
2025-06-26,43,3170.118,6850.596,10020.714
2025-06-26,44,2984.946,6214.382,9199.328
2025-06-26,45,2906.12,5680.334,8586.454
2025-06-26,46,3049.99,5389.492,8439.482
2025-06-26,47,3026.456,5214.17,8240.626
2025-06-26,48,3087.648,4631.24,7718.888
2025-06-27,1,3142.552,4458.088,7600.64
2025-06-27,2,3214.644,4226.492,7441.136
2025-06-27,3,3270.6,3700.318,6970.918
2025-06-27,4,3353.598,3954.394,7307.992
2025-06-27,5,3254.3,4363.216,7617.516
2025-06-27,6,3205.308,4747.792,7953.1
2025-06-27,7,3075.126,4484.832,7559.958
2025-06-27,8,2835.64,4428.972,7264.612
2025-06-27,9,2550.614,4254.202,6804.816
2025-06-27,10,2501.0,3759.678,6260.678
2025-06-27,11,2585.662,3568.594,6154.256
2025-06-27,12,2504.476,3963.292,6467.768
2025-06-27,13,2529.61,4234.258,6763.868
2025-06-27,14,2660.532,4540.694,7201.226
2025-06-27,15,2755.31,4554.592,7309.902
2025-06-27,16,2761.258,4638.366,7399.624
2025-06-27,17,2902.732,4846.674,7749.406
2025-06-27,18,3272.696,4875.704,8148.4
2025-06-27,19,3275.626,5160.968,8436.594
2025-06-27,20,3620.008,5615.144,9235.152
2025-06-27,21,3866.142,5944.836,9810.978
2025-06-27,22,3939.554,6109.282,10048.836
2025-06-27,23,4475.348,6594.226,11069.574
2025-06-27,24,4424.708,6484.89,10909.598
2025-06-27,25,4415.828,6108.358,10524.186
2025-06-27,26,4650.488,6146.716,10797.204
2025-06-27,27,4725.498,6361.216,11086.714
2025-06-27,28,4553.418,6787.188,11340.606
2025-06-27,29,4426.008,6934.358,11360.366
2025-06-27,30,4523.636,7042.302,11565.938
2025-06-27,31,4405.854,7495.378,11901.232
2025-06-27,32,4573.062,7973.738,12546.8
2025-06-27,33,4619.188,8069.206,12688.394
2025-06-27,34,4360.36,7713.312,12073.672
2025-06-27,35,4149.478,7903.048,12052.526
2025-06-27,36,4056.2,8433.144,12489.344
2025-06-27,37,3565.95,9004.566,12570.516
2025-06-27,38,3359.736,9235.55,12595.286
2025-06-27,39,3085.164,9087.946,12173.11
2025-06-27,40,2944.452,9060.812,12005.264
2025-06-27,41,2762.478,9033.478,11795.956
2025-06-27,42,2738.726,9368.024,12106.75
2025-06-27,43,2718.03,9493.724,12211.754
2025-06-27,44,2704.642,9354.064,12058.706
2025-06-27,45,2639.69,9566.004,12205.694
2025-06-27,46,2608.814,9584.588,12193.402
2025-06-27,47,2304.25,9505.524,11809.774
2025-06-27,48,2125.12,9525.612,11650.732
2025-06-28,1,2320.742,9648.822,11969.564
2025-06-28,2,2699.316,9724.178,12423.494
2025-06-28,3,2992.108,9705.924,12698.032
2025-06-28,4,3181.936,9605.232,12787.168
2025-06-28,5,3371.808,9593.112,12964.92
2025-06-28,6,3208.08,9501.724,12709.804
2025-06-28,7,3151.818,9409.754,12561.572
2025-06-28,8,3031.394,9333.088,12364.482
2025-06-28,9,2978.24,9334.35,12312.59
2025-06-28,10,3332.396,9195.04,12527.436
2025-06-28,11,3463.322,9178.5,12641.822
2025-06-28,12,3605.716,9268.352,12874.068
2025-06-28,13,3344.5,9209.468,12553.968
2025-06-28,14,3223.346,9026.656,12250.002
2025-06-28,15,3133.618,9006.15,12139.768
2025-06-28,16,3031.61,8999.004,12030.614
2025-06-28,17,3607.356,8996.182,12603.538
2025-06-28,18,4062.534,8846.914,12909.448
2025-06-28,19,4305.042,8594.492,12899.534
2025-06-28,20,4516.694,8411.994,12928.688
2025-06-28,21,4570.972,8313.558,12884.53
2025-06-28,22,4720.864,8239.878,12960.742
2025-06-28,23,4445.756,8054.986,12500.742
2025-06-28,24,4269.632,7995.144,12264.776
2025-06-28,25,4217.624,8115.778,12333.402
2025-06-28,26,4430.186,8068.462,12498.648
2025-06-28,27,4457.836,7975.616,12433.452
2025-06-28,28,4425.078,7935.676,12360.754
2025-06-28,29,4641.114,7903.556,12544.67
2025-06-28,30,4547.236,7803.954,12351.19
2025-06-28,31,4186.952,7657.564,11844.516
2025-06-28,32,4204.666,7301.704,11506.37
2025-06-28,33,4088.918,6712.734,10801.652
2025-06-28,34,3980.062,6425.868,10405.93
2025-06-28,35,3760.288,6280.782,10041.07
2025-06-28,36,3650.162,6064.096,9714.258
2025-06-28,37,3779.972,6034.872,9814.844
2025-06-28,38,3635.178,5966.04,9601.218
2025-06-28,39,3493.406,5943.238,9436.644
2025-06-28,40,3365.926,5943.428,9309.354
2025-06-28,41,3335.972,6059.206,9395.178
2025-06-28,42,3414.352,6110.624,9524.976
2025-06-28,43,3423.43,5998.834,9422.264
2025-06-28,44,3273.48,5890.682,9164.162
2025-06-28,45,3020.472,5777.766,8798.238
2025-06-28,46,3044.818,5803.614,8848.432
2025-06-28,47,3123.988,5775.104,8899.092
2025-06-28,48,3489.268,5521.03,9010.298
2025-06-29,1,3902.67,5191.56,9094.23
2025-06-29,2,3714.726,4701.172,8415.898
2025-06-29,3,3606.194,4300.46,7906.654
2025-06-29,4,3462.676,4011.836,7474.512
2025-06-29,5,3214.48,3916.174,7130.654
2025-06-29,6,3462.874,3439.054,6901.928
2025-06-29,7,3278.484,3054.556,6333.04
2025-06-29,8,3133.654,2876.684,6010.338
2025-06-29,9,3029.028,3007.862,6036.89
2025-06-29,10,2930.054,3097.89,6027.944
2025-06-29,11,2843.686,2933.516,5777.202
2025-06-29,12,2703.3,2738.998,5442.298
2025-06-29,13,2637.958,2375.718,5013.676
2025-06-29,14,2622.662,1812.462,4435.124
2025-06-29,15,2507.718,1356.54,3864.258
2025-06-29,16,2741.914,1055.698,3797.612
2025-06-29,17,2717.694,620.592,3338.286
2025-06-29,18,2666.866,387.08,3053.946
2025-06-29,19,2450.34,252.414,2702.754
2025-06-29,20,2193.816,219.964,2413.78
2025-06-29,21,2145.788,143.076,2288.864
2025-06-29,22,1879.62,109.476,1989.096
2025-06-29,23,2229.778,117.958,2347.736
2025-06-29,24,2241.934,119.434,2361.368
2025-06-29,25,2331.024,168.084,2499.108
2025-06-29,26,2082.316,205.892,2288.208
2025-06-29,27,2014.564,256.992,2271.556
2025-06-29,28,2074.344,349.31,2423.654
2025-06-29,29,2173.236,462.174,2635.41
2025-06-29,30,2281.498,601.284,2882.782
2025-06-29,31,2240.968,747.652,2988.62
2025-06-29,32,2190.474,822.204,3012.678
2025-06-29,33,2313.462,928.524,3241.986
2025-06-29,34,2404.786,1058.56,3463.346
2025-06-29,35,2645.968,1168.37,3814.338
2025-06-29,36,3002.272,1255.974,4258.246
2025-06-29,37,2901.984,1285.492,4187.476
2025-06-29,38,2763.894,1333.962,4097.856
2025-06-29,39,2742.376,1501.362,4243.738
2025-06-29,40,2652.244,1549.576,4201.82
2025-06-29,41,2723.31,1590.97,4314.28
2025-06-29,42,2743.476,1679.418,4422.894
2025-06-29,43,2730.268,1882.488,4612.756
2025-06-29,44,2919.082,2241.938,5161.02
2025-06-29,45,3119.67,2465.19,5584.86
2025-06-29,46,3170.72,2435.106,5605.826
2025-06-29,47,3508.088,2422.246,5930.334
2025-06-29,48,3501.772,2352.57,5854.342
2025-06-30,1,3664.47,2361.558,6026.028
2025-06-30,2,3684.874,2507.648,6192.522
2025-06-30,3,3766.496,2765.166,6531.662
2025-06-30,4,3697.016,2934.984,6632.0
2025-06-30,5,3447.358,2914.174,6361.532
2025-06-30,6,3434.342,2871.254,6305.596
2025-06-30,7,3619.838,2734.432,6354.27
2025-06-30,8,3635.534,2541.734,6177.268
2025-06-30,9,3517.532,2484.896,6002.428
2025-06-30,10,3283.096,2430.138,5713.234
2025-06-30,11,3195.76,2398.248,5594.008
2025-06-30,12,3209.868,2460.462,5670.33
2025-06-30,13,3294.332,2482.246,5776.578
2025-06-30,14,3318.272,2263.81,5582.082
2025-06-30,15,3307.748,2167.676,5475.424
2025-06-30,16,3322.81,2112.198,5435.008
2025-06-30,17,3343.612,1943.53,5287.142
2025-06-30,18,3295.836,1810.156,5105.992
2025-06-30,19,3154.026,1887.992,5042.018
2025-06-30,20,3180.18,2029.0,5209.18
2025-06-30,21,2832.202,2156.356,4988.558
2025-06-30,22,2913.012,2202.786,5115.798
2025-06-30,23,2996.268,2234.296,5230.564
2025-06-30,24,3247.738,2319.068,5566.806
2025-06-30,25,3205.526,2564.664,5770.19
2025-06-30,26,3060.74,2755.206,5815.946
2025-06-30,27,3054.19,2856.058,5910.248
2025-06-30,28,2997.83,3293.886,6291.716
2025-06-30,29,3244.308,3559.154,6803.462
2025-06-30,30,3219.934,3749.062,6968.996
2025-06-30,31,2928.36,3833.084,6761.444
2025-06-30,32,2909.476,3919.098,6828.574
2025-06-30,33,2841.91,4087.898,6929.808
2025-06-30,34,2793.782,4161.878,6955.66
2025-06-30,35,2653.566,4121.708,6775.274
2025-06-30,36,2586.952,4083.038,6669.99
2025-06-30,37,2659.42,4144.08,6803.5
2025-06-30,38,2641.696,4285.036,6926.732
2025-06-30,39,2608.17,4519.374,7127.544
2025-06-30,40,2700.176,4838.476,7538.652
2025-06-30,41,2723.004,4929.19,7652.194
2025-06-30,42,2796.416,4824.318,7620.734
2025-06-30,43,2823.286,4831.662,7654.948
2025-06-30,44,2522.894,5248.38,7771.274
2025-06-30,45,2077.812,5689.354,7767.166
2025-06-30,46,1516.678,5889.102,7405.78
2025-06-30,47,1259.796,5943.116,7202.912
2025-06-30,48,1317.874,5737.158,7055.032
2025-07-01,1,1446.616,5461.756,6908.372
2025-07-01,2,1851.326,5387.648,7238.974
2025-07-01,3,2019.446,5528.264,7547.71
2025-07-01,4,1914.992,5304.676,7219.668
2025-07-01,5,1529.812,5140.164,6669.976
2025-07-01,6,1220.608,4985.806,6206.414
2025-07-01,7,910.728,4691.362,5602.09
2025-07-01,8,977.952,4328.176,5306.128
2025-07-01,9,1287.964,3966.488,5254.452
2025-07-01,10,1478.666,3234.78,4713.446
2025-07-01,11,1365.17,2379.838,3745.008
2025-07-01,12,1215.888,1877.582,3093.47
2025-07-01,13,1225.608,1759.982,2985.59
2025-07-01,14,1077.882,2184.702,3262.584
2025-07-01,15,852.152,2265.828,3117.98
2025-07-01,16,751.848,2313.218,3065.066
2025-07-01,17,683.552,2267.844,2951.396
2025-07-01,18,613.544,2216.452,2829.996
2025-07-01,19,571.15,2028.386,2599.536
2025-07-01,20,520.854,1757.28,2278.134
2025-07-01,21,455.118,1660.722,2115.84
2025-07-01,22,476.274,1676.666,2152.94
2025-07-01,23,438.892,1689.056,2127.948
2025-07-01,24,441.706,1859.17,2300.876
2025-07-01,25,381.162,2064.738,2445.9
2025-07-01,26,353.824,2347.812,2701.636
2025-07-01,27,362.074,2508.932,2871.006
2025-07-01,28,387.772,2769.996,3157.768
2025-07-01,29,422.412,3098.242,3520.654
2025-07-01,30,420.232,3381.37,3801.602
2025-07-01,31,405.808,3455.748,3861.556
2025-07-01,32,413.248,3505.584,3918.832
2025-07-01,33,493.312,3603.098,4096.41
2025-07-01,34,615.038,3728.684,4343.722
2025-07-01,35,666.724,3692.324,4359.048
2025-07-01,36,671.342,3503.892,4175.234
2025-07-01,37,678.096,3252.414,3930.51
2025-07-01,38,695.156,3509.398,4204.554
2025-07-01,39,642.12,3381.922,4024.042
2025-07-01,40,638.812,2777.522,3416.334
2025-07-01,41,589.008,2431.952,3020.96
2025-07-01,42,600.648,2372.278,2972.926
2025-07-01,43,621.564,2345.204,2966.768
2025-07-01,44,585.742,2448.422,3034.164
2025-07-01,45,567.056,2224.016,2791.072
2025-07-01,46,552.56,2005.276,2557.836
2025-07-01,47,478.096,1940.906,2419.002
2025-07-01,48,473.634,1747.796,2221.43
2025-07-02,1,455.01,1439.33,1894.34
2025-07-02,2,399.378,1474.954,1874.332
2025-07-02,3,395.504,1389.356,1784.86
2025-07-02,4,318.728,1724.3,2043.028
2025-07-02,5,342.416,1905.472,2247.888
2025-07-02,6,374.088,2249.72,2623.808
2025-07-02,7,385.778,2419.548,2805.326
2025-07-02,8,313.458,2303.718,2617.176
2025-07-02,9,256.808,2244.284,2501.092
2025-07-02,10,215.468,2170.99,2386.458
2025-07-02,11,220.71,2136.02,2356.73
2025-07-02,12,220.934,1977.374,2198.308
2025-07-02,13,228.85,1581.106,1809.956
2025-07-02,14,241.586,1510.752,1752.338
2025-07-02,15,253.47,1515.936,1769.406
2025-07-02,16,253.318,1546.87,1800.188
2025-07-02,17,268.824,1846.636,2115.46
2025-07-02,18,301.186,1813.24,2114.426
2025-07-02,19,290.562,2032.872,2323.434
2025-07-02,20,378.822,2082.964,2461.786
2025-07-02,21,516.71,2442.09,2958.8
2025-07-02,22,633.766,2565.914,3199.68
2025-07-02,23,742.43,2619.968,3362.398
2025-07-02,24,884.606,2389.222,3273.828
2025-07-02,25,1053.514,2300.712,3354.226
2025-07-02,26,1108.332,2220.846,3329.178
2025-07-02,27,1130.348,2139.448,3269.796
2025-07-02,28,1108.92,2352.158,3461.078
2025-07-02,29,1225.368,2774.91,4000.278
2025-07-02,30,1200.292,2597.21,3797.502
2025-07-02,31,1128.196,2378.11,3506.306
2025-07-02,32,1257.988,2130.454,3388.442
2025-07-02,33,1509.034,1725.916,3234.95
2025-07-02,34,1489.292,1856.164,3345.456
2025-07-02,35,1609.462,2008.648,3618.11
2025-07-02,36,1335.204,2209.33,3544.534
2025-07-02,37,1345.068,2348.774,3693.842
2025-07-02,38,1369.336,2954.492,4323.828
2025-07-02,39,1372.632,3638.26,5010.892
2025-07-02,40,1521.78,4505.524,6027.304
2025-07-02,41,1393.062,5595.708,6988.77
2025-07-02,42,1223.402,6457.524,7680.926
2025-07-02,43,1066.802,6742.638,7809.44
2025-07-02,44,1038.77,6524.106,7562.876
2025-07-02,45,1084.85,6488.652,7573.502
2025-07-02,46,1077.696,6356.156,7433.852
2025-07-02,47,1039.98,6029.672,7069.652
2025-07-02,48,1077.584,5664.236,6741.82
2025-07-03,1,1188.36,5343.212,6531.572
2025-07-03,2,1328.39,5129.5,6457.89
2025-07-03,3,1394.95,4925.602,6320.552
2025-07-03,4,1433.242,4777.862,6211.104
2025-07-03,5,1479.636,4573.474,6053.11
2025-07-03,6,1559.258,4269.094,5828.352
2025-07-03,7,1614.684,3843.192,5457.876
2025-07-03,8,1617.278,3402.894,5020.172
2025-07-03,9,1553.434,3042.468,4595.902
2025-07-03,10,1564.676,2726.804,4291.48
2025-07-03,11,1663.374,2514.45,4177.824
2025-07-03,12,1670.964,2422.134,4093.098
2025-07-03,13,1883.37,2169.656,4053.026
2025-07-03,14,2010.492,1992.874,4003.366
2025-07-03,15,2137.194,1640.158,3777.352
2025-07-03,16,2149.154,1258.37,3407.524
2025-07-03,17,2320.802,988.132,3308.934
2025-07-03,18,2450.7,781.518,3232.218
2025-07-03,19,2696.062,703.388,3399.45
2025-07-03,20,3008.698,713.362,3722.06
2025-07-03,21,3196.414,653.784,3850.198
2025-07-03,22,3249.72,647.908,3897.628
2025-07-03,23,3469.044,644.928,4113.972
2025-07-03,24,3656.578,713.39,4369.968
2025-07-03,25,3819.088,893.382,4712.47
2025-07-03,26,4005.248,1077.472,5082.72
2025-07-03,27,3865.664,1314.316,5179.98
2025-07-03,28,3916.292,1437.58,5353.872
2025-07-03,29,3799.088,1541.892,5340.98
2025-07-03,30,3858.19,1548.172,5406.362
2025-07-03,31,3729.128,1709.032,5438.16
2025-07-03,32,3632.638,1994.012,5626.65
2025-07-03,33,3226.084,2179.07,5405.154
2025-07-03,34,3335.818,2329.502,5665.32
2025-07-03,35,3270.568,2572.4,5842.968
2025-07-03,36,2883.352,2754.212,5637.564
2025-07-03,37,2186.27,2922.15,5108.42
2025-07-03,38,1964.566,3376.694,5341.26
2025-07-03,39,1891.832,3696.354,5588.186
2025-07-03,40,2072.058,3753.062,5825.12
2025-07-03,41,2109.894,3529.986,5639.88
2025-07-03,42,1983.058,3788.688,5771.746
2025-07-03,43,2004.486,3882.124,5886.61
2025-07-03,44,2310.136,3882.738,6192.874
2025-07-03,45,2495.416,3831.41,6326.826
2025-07-03,46,2478.67,3703.33,6182.0
2025-07-03,47,2589.91,3470.676,6060.586
2025-07-03,48,2380.322,3255.778,5636.1
2025-07-04,1,2397.284,3097.934,5495.218
2025-07-04,2,2234.386,2877.534,5111.92
2025-07-04,3,2061.978,2790.45,4852.428
2025-07-04,4,1870.368,2924.026,4794.394
2025-07-04,5,1817.234,3149.352,4966.586
2025-07-04,6,1822.218,3013.104,4835.322
2025-07-04,7,1837.154,3278.05,5115.204
2025-07-04,8,1755.91,3641.654,5397.564
2025-07-04,9,1873.988,3750.096,5624.084
2025-07-04,10,1823.232,3991.328,5814.56
2025-07-04,11,1750.398,3950.456,5700.854
2025-07-04,12,1700.396,4047.264,5747.66
2025-07-04,13,1736.466,4205.934,5942.4
2025-07-04,14,1836.046,4012.84,5848.886
2025-07-04,15,1741.152,3694.836,5435.988
2025-07-04,16,1957.42,4020.646,5978.066
2025-07-04,17,1972.218,4165.386,6137.604
2025-07-04,18,2238.952,4392.216,6631.168
2025-07-04,19,2386.628,4334.12,6720.748
2025-07-04,20,2617.076,4336.59,6953.666
2025-07-04,21,2866.736,4575.532,7442.268
2025-07-04,22,3162.986,4669.244,7832.23
2025-07-04,23,3504.12,4968.22,8472.34
2025-07-04,24,3785.486,5536.118,9321.604
2025-07-04,25,4040.126,6095.946,10136.072
2025-07-04,26,4336.406,6780.076,11116.482
2025-07-04,27,4552.384,7337.882,11890.266
2025-07-04,28,4850.106,7840.806,12690.912
2025-07-04,29,4854.496,8014.172,12868.668
2025-07-04,30,5001.32,8272.7,13274.02
2025-07-04,31,4445.01,7999.14,12444.15
2025-07-04,32,4143.658,7760.322,11903.98
2025-07-04,33,3740.138,7907.098,11647.236
2025-07-04,34,3310.576,7856.056,11166.632
2025-07-04,35,3388.422,8077.768,11466.19
2025-07-04,36,3301.726,7896.54,11198.266
2025-07-04,37,2934.796,7834.26,10769.056
2025-07-04,38,2723.328,7588.578,10311.906
2025-07-04,39,2657.724,7883.186,10540.91
2025-07-04,40,2526.82,8104.102,10630.922
2025-07-04,41,2421.376,8674.362,11095.738
2025-07-04,42,2380.358,9167.888,11548.246
2025-07-04,43,2339.544,9493.506,11833.05
2025-07-04,44,2261.83,9469.602,11731.432
2025-07-04,45,2286.316,9314.676,11600.992
2025-07-04,46,2326.436,9239.662,11566.098
2025-07-04,47,2414.032,9208.338,11622.37
2025-07-04,48,2761.386,9295.046,12056.432
2025-07-05,1,3104.434,9358.404,12462.838
2025-07-05,2,3436.174,9195.19,12631.364
2025-07-05,3,3587.244,8894.912,12482.156
2025-07-05,4,3464.532,8844.678,12309.21
2025-07-05,5,3624.322,8904.76,12529.082
2025-07-05,6,3798.022,8932.264,12730.286
2025-07-05,7,4055.61,8920.296,12975.906
2025-07-05,8,4428.94,8830.894,13259.834
2025-07-05,9,4365.072,8780.614,13145.686
2025-07-05,10,4270.072,8583.614,12853.686
2025-07-05,11,4310.328,8301.056,12611.384
2025-07-05,12,4235.29,8095.84,12331.13
2025-07-05,13,4143.554,7945.426,12088.98
2025-07-05,14,4257.622,8058.58,12316.202
2025-07-05,15,4322.068,8276.41,12598.478
2025-07-05,16,4409.992,8413.292,12823.284
2025-07-05,17,4316.326,8632.696,12949.022
2025-07-05,18,4341.836,8620.662,12962.498
2025-07-05,19,4369.006,8424.068,12793.074
2025-07-05,20,4419.438,8401.048,12820.486
2025-07-05,21,4449.92,8502.562,12952.482
2025-07-05,22,4377.234,8245.488,12622.722
2025-07-05,23,4343.462,7964.82,12308.282
2025-07-05,24,4278.406,7655.26,11933.666
2025-07-05,25,4252.718,7532.008,11784.726
2025-07-05,26,4415.866,7236.69,11652.556
2025-07-05,27,4429.562,7193.396,11622.958
2025-07-05,28,4481.18,7095.276,11576.456
2025-07-05,29,4601.966,7409.152,12011.118
2025-07-05,30,3346.082,7726.79,11072.872
2025-07-05,31,2895.714,7934.696,10830.41
2025-07-05,32,2446.246,7629.094,10075.34
2025-07-05,33,2398.086,7397.508,9795.594
2025-07-05,34,3249.364,7356.612,10605.976
2025-07-05,35,3866.862,7467.196,11334.058
2025-07-05,36,3890.318,7406.226,11296.544
2025-07-05,37,3701.78,7303.232,11005.012
2025-07-05,38,3377.944,7055.006,10432.95
2025-07-05,39,3284.6,7444.44,10729.04
2025-07-05,40,3313.49,7067.924,10381.414
2025-07-05,41,3160.834,6378.6,9539.434
2025-07-05,42,3111.708,6087.122,9198.83
2025-07-05,43,2883.826,5802.354,8686.18
2025-07-05,44,2781.14,5419.032,8200.172
2025-07-05,45,2885.854,5243.482,8129.336
2025-07-05,46,2884.576,5071.28,7955.856
2025-07-05,47,2774.29,4916.02,7690.31
2025-07-05,48,2595.198,4659.43,7254.628
2025-07-06,1,2585.278,4639.54,7224.818
2025-07-06,2,2470.674,4923.366,7394.04
2025-07-06,3,2387.178,5329.822,7717.0
2025-07-06,4,1976.472,5401.838,7378.31
2025-07-06,5,1964.726,4993.004,6957.73
2025-07-06,6,1756.052,4619.276,6375.328
2025-07-06,7,1828.476,4148.474,5976.95
2025-07-06,8,1796.068,3546.426,5342.494
2025-07-06,9,1683.16,3079.34,4762.5
2025-07-06,10,1560.596,2668.466,4229.062
2025-07-06,11,1533.398,2342.854,3876.252
2025-07-06,12,1581.49,1813.854,3395.344
2025-07-06,13,1798.002,1337.25,3135.252
2025-07-06,14,1839.464,1314.164,3153.628
2025-07-06,15,1836.69,1296.226,3132.916
2025-07-06,16,1927.514,1298.192,3225.706
2025-07-06,17,1961.16,1358.63,3319.79
2025-07-06,18,2001.266,1536.592,3537.858
2025-07-06,19,1978.358,1607.412,3585.77
2025-07-06,20,1841.626,1520.774,3362.4
2025-07-06,21,1743.712,1477.74,3221.452
2025-07-06,22,1784.888,1575.102,3359.99
2025-07-06,23,1790.836,1553.16,3343.996
2025-07-06,24,1730.718,1645.18,3375.898
2025-07-06,25,1598.586,1603.054,3201.64
2025-07-06,26,1576.214,1728.312,3304.526
2025-07-06,27,1562.99,1752.01,3315.0
2025-07-06,28,1647.952,2137.878,3785.83
2025-07-06,29,1725.656,2405.018,4130.674
2025-07-06,30,1740.746,2092.222,3832.968
2025-07-06,31,2014.918,1890.748,3905.666
2025-07-06,32,2331.292,1687.594,4018.886
2025-07-06,33,2547.798,1647.71,4195.508
2025-07-06,34,2601.6,1917.46,4519.06
2025-07-06,35,2671.564,1980.538,4652.102
2025-07-06,36,2577.292,2230.834,4808.126
2025-07-06,37,2749.208,2416.876,5166.084
2025-07-06,38,2936.524,2518.21,5454.734
2025-07-06,39,2847.556,2518.46,5366.016
2025-07-06,40,2585.936,2896.614,5482.55
2025-07-06,41,2470.304,3406.638,5876.942
2025-07-06,42,2396.698,3688.29,6084.988
2025-07-06,43,2402.578,3421.414,5823.992
2025-07-06,44,2400.592,3457.888,5858.48
2025-07-06,45,2205.28,3952.786,6158.066
2025-07-06,46,2309.984,3910.744,6220.728
2025-07-06,47,2307.666,3950.758,6258.424
2025-07-06,48,2252.732,4060.97,6313.702
2025-07-07,1,2268.636,3882.134,6150.77
2025-07-07,2,2311.338,4162.828,6474.166
2025-07-07,3,2427.398,4349.798,6777.196
2025-07-07,4,2540.31,4742.85,7283.16
2025-07-07,5,2483.104,5276.874,7759.978
2025-07-07,6,2520.424,5456.068,7976.492
2025-07-07,7,2519.08,5613.774,8132.854
2025-07-07,8,2489.26,5793.936,8283.196
2025-07-07,9,2460.616,6089.974,8550.59
2025-07-07,10,2865.922,5974.49,8840.412
2025-07-07,11,3103.172,6404.994,9508.166
2025-07-07,12,3254.696,6661.718,9916.414
2025-07-07,13,3157.906,7514.556,10672.462
2025-07-07,14,3104.026,7968.524,11072.55
2025-07-07,15,3249.012,8354.976,11603.988
2025-07-07,16,3625.52,8956.604,12582.124
2025-07-07,17,3607.992,9420.956,13028.948
2025-07-07,18,3909.736,9474.006,13383.742
2025-07-07,19,4043.39,9340.388,13383.778
2025-07-07,20,3780.812,8720.724,12501.536
2025-07-07,21,3797.34,8245.074,12042.414
2025-07-07,22,3785.95,7736.296,11522.246
2025-07-07,23,3590.898,8067.75,11658.648
2025-07-07,24,3823.134,8399.332,12222.466
2025-07-07,25,3978.616,8269.222,12247.838
2025-07-07,26,4137.304,8820.46,12957.764
2025-07-07,27,4413.968,8765.166,13179.134
2025-07-07,28,4558.884,8477.632,13036.516
2025-07-07,29,4641.274,8181.44,12822.714
2025-07-07,30,4502.044,7839.616,12341.66
2025-07-07,31,4423.784,7559.004,11982.788
2025-07-07,32,4384.68,7124.702,11509.382
2025-07-07,33,4134.962,6514.372,10649.334
2025-07-07,34,4001.37,6146.326,10147.696
2025-07-07,35,3887.864,5640.57,9528.434
2025-07-07,36,3595.552,5268.056,8863.608
2025-07-07,37,3381.854,4046.8,7428.654
2025-07-07,38,3329.836,3151.242,6481.078
2025-07-07,39,3126.934,2603.858,5730.792
2025-07-07,40,2937.122,2387.332,5324.454
2025-07-07,41,2640.394,2425.466,5065.86
2025-07-07,42,2540.58,2775.914,5316.494
2025-07-07,43,2445.158,3246.094,5691.252
2025-07-07,44,2574.504,3959.3,6533.804
2025-07-07,45,2561.026,4385.89,6946.916
2025-07-07,46,2657.436,4538.172,7195.608
2025-07-07,47,2493.396,5015.294,7508.69
2025-07-07,48,2503.53,5654.896,8158.426
2025-07-08,1,2841.868,6150.94,8992.808
2025-07-08,2,2842.38,6541.002,9383.382
2025-07-08,3,2730.62,6433.31,9163.93
2025-07-08,4,2752.938,6350.368,9103.306
2025-07-08,5,2798.24,6904.064,9702.304
2025-07-08,6,2804.324,6802.978,9607.302
2025-07-08,7,2724.792,6811.066,9535.858
2025-07-08,8,2596.406,7086.584,9682.99
2025-07-08,9,2451.426,7348.678,9800.104
2025-07-08,10,2290.912,6776.636,9067.548
2025-07-08,11,1992.902,6656.938,8649.84
2025-07-08,12,1882.744,7165.202,9047.946
2025-07-08,13,1645.726,7203.554,8849.28
2025-07-08,14,1548.228,6974.248,8522.476
2025-07-08,15,1354.048,6921.782,8275.83
2025-07-08,16,1201.36,6829.93,8031.29
2025-07-08,17,981.726,6490.192,7471.918
2025-07-08,18,744.752,6439.312,7184.064
2025-07-08,19,538.548,6183.658,6722.206
2025-07-08,20,454.366,5933.852,6388.218
2025-07-08,21,427.274,5639.02,6066.294
2025-07-08,22,403.676,5451.222,5854.898
2025-07-08,23,414.618,5200.528,5615.146
2025-07-08,24,418.092,4967.79,5385.882
2025-07-08,25,494.748,4655.078,5149.826
2025-07-08,26,551.528,4350.584,4902.112
2025-07-08,27,588.128,4271.44,4859.568
2025-07-08,28,692.844,4081.758,4774.602
2025-07-08,29,781.75,3885.876,4667.626
2025-07-08,30,815.328,3690.666,4505.994
2025-07-08,31,889.236,3380.64,4269.876
2025-07-08,32,1050.688,3087.36,4138.048
2025-07-08,33,1178.216,2788.768,3966.984
2025-07-08,34,1370.234,2462.606,3832.84
2025-07-08,35,1433.506,2338.264,3771.77
2025-07-08,36,1398.056,2298.154,3696.21
2025-07-08,37,1468.62,2038.47,3507.09
2025-07-08,38,1657.496,1784.61,3442.106
2025-07-08,39,1890.23,1670.394,3560.624
2025-07-08,40,2077.53,1461.658,3539.188
2025-07-08,41,2187.154,1195.602,3382.756
2025-07-08,42,2379.496,1008.468,3387.964
2025-07-08,43,2399.564,796.622,3196.186
2025-07-08,44,2646.794,742.074,3388.868
2025-07-08,45,2880.138,744.404,3624.542
2025-07-08,46,2896.716,708.81,3605.526
2025-07-08,47,3067.5,694.728,3762.228
2025-07-08,48,2995.5,631.746,3627.246
2025-07-09,1,3028.658,540.87,3569.528
2025-07-09,2,3091.03,583.13,3674.16
2025-07-09,3,3122.39,579.97,3702.36
2025-07-09,4,3037.48,607.004,3644.484
2025-07-09,5,3035.078,709.726,3744.804
2025-07-09,6,2929.16,717.33,3646.49
2025-07-09,7,2969.542,747.94,3717.482
2025-07-09,8,2940.104,817.608,3757.712
2025-07-09,9,2901.482,765.68,3667.162
2025-07-09,10,2894.048,656.326,3550.374
2025-07-09,11,2757.01,591.386,3348.396
2025-07-09,12,2871.852,593.456,3465.308
2025-07-09,13,2560.598,666.638,3227.236
2025-07-09,14,2572.73,525.152,3097.882
2025-07-09,15,2464.79,436.218,2901.008
2025-07-09,16,2299.87,450.108,2749.978
2025-07-09,17,2080.232,337.174,2417.406
2025-07-09,18,2034.142,274.184,2308.326
2025-07-09,19,2002.122,273.438,2275.56
2025-07-09,20,1867.72,272.758,2140.478
2025-07-09,21,1847.86,267.038,2114.898
2025-07-09,22,1855.072,219.582,2074.654
2025-07-09,23,1825.018,193.412,2018.43
2025-07-09,24,1903.542,187.436,2090.978
2025-07-09,25,1958.926,223.104,2182.03
2025-07-09,26,1929.482,216.452,2145.934
2025-07-09,27,2175.85,220.466,2396.316
2025-07-09,28,2613.47,237.2,2850.67
2025-07-09,29,2688.342,242.496,2930.838
2025-07-09,30,2435.462,296.618,2732.08
2025-07-09,31,2497.85,331.576,2829.426
2025-07-09,32,2651.076,360.042,3011.118
2025-07-09,33,2908.708,376.068,3284.776
2025-07-09,34,3029.862,389.114,3418.976
2025-07-09,35,3158.516,398.088,3556.604
2025-07-09,36,3218.164,441.252,3659.416
2025-07-09,37,3151.246,444.556,3595.802
2025-07-09,38,2969.518,428.256,3397.774
2025-07-09,39,2654.168,423.762,3077.93
2025-07-09,40,2420.782,404.168,2824.95
2025-07-09,41,2193.336,340.832,2534.168
2025-07-09,42,2076.052,238.912,2314.964
2025-07-09,43,2098.07,208.618,2306.688
2025-07-09,44,2090.648,179.426,2270.074
2025-07-09,45,2168.236,184.65,2352.886
2025-07-09,46,2289.664,245.732,2535.396
2025-07-09,47,2402.66,305.134,2707.794
2025-07-09,48,2543.29,346.756,2890.046
2025-07-10,1,2579.884,258.622,2838.506
2025-07-10,2,2826.84,209.272,3036.112
2025-07-10,3,2815.212,199.792,3015.004
2025-07-10,4,2640.698,187.046,2827.744
2025-07-10,5,2528.522,168.354,2696.876
2025-07-10,6,2670.408,170.036,2840.444
2025-07-10,7,2747.73,147.606,2895.336
2025-07-10,8,2659.564,156.79,2816.354
2025-07-10,9,2655.208,158.696,2813.904
2025-07-10,10,2749.752,192.354,2942.106
2025-07-10,11,2712.526,183.02,2895.546
2025-07-10,12,2614.362,186.296,2800.658
2025-07-10,13,2581.652,201.916,2783.568
2025-07-10,14,2424.188,211.37,2635.558
2025-07-10,15,2379.544,207.124,2586.668
2025-07-10,16,2364.508,165.154,2529.662
2025-07-10,17,2423.782,133.528,2557.31
2025-07-10,18,2457.098,119.034,2576.132
2025-07-10,19,2424.616,103.964,2528.58
2025-07-10,20,2361.48,84.246,2445.726
2025-07-10,21,2268.73,89.464,2358.194
2025-07-10,22,2273.204,90.06,2363.264
2025-07-10,23,2284.58,90.44,2375.02
2025-07-10,24,2284.58,90.44,2375.02
2025-07-10,25,2251.73,91.17,2342.9
2025-07-10,26,2300.89,101.554,2402.444
2025-07-10,27,2325.444,107.452,2432.896
2025-07-10,28,2527.966,118.264,2646.23
2025-07-10,29,2552.23,127.858,2680.088
2025-07-10,30,2552.534,134.388,2686.922
2025-07-10,31,2562.928,154.82,2717.748
2025-07-10,32,2594.704,184.134,2778.838
2025-07-10,33,2508.206,201.068,2709.274
2025-07-10,34,2544.864,224.686,2769.55
2025-07-10,35,2457.276,257.802,2715.078
2025-07-10,36,2290.322,270.088,2560.41
2025-07-10,37,1999.166,290.922,2290.088
2025-07-10,38,1795.418,303.948,2099.366
2025-07-10,39,1755.454,326.972,2082.426
2025-07-10,40,1583.89,394.596,1978.486
2025-07-10,41,1470.966,463.526,1934.492
2025-07-10,42,1458.91,535.554,1994.464
2025-07-10,43,1541.278,586.63,2127.908
2025-07-10,44,1474.26,663.238,2137.498
2025-07-10,45,1426.748,698.086,2124.834
2025-07-10,46,1307.424,638.99,1946.414
2025-07-10,47,1295.188,495.78,1790.968
2025-07-10,48,1384.398,333.36,1717.758
2025-07-11,1,1342.648,266.472,1609.12
2025-07-11,2,1275.558,235.702,1511.26
2025-07-11,3,1392.204,247.502,1639.706
2025-07-11,4,1336.416,253.408,1589.824
2025-07-11,5,1254.958,262.886,1517.844
2025-07-11,6,1285.032,244.926,1529.958
2025-07-11,7,1355.46,204.284,1559.744
2025-07-11,8,1456.314,195.026,1651.34
2025-07-11,9,1358.502,192.424,1550.926
2025-07-11,10,1349.456,149.006,1498.462
2025-07-11,11,1297.614,101.174,1398.788
2025-07-11,12,1172.196,66.448,1238.644
2025-07-11,13,1054.798,61.322,1116.12
2025-07-11,14,923.376,63.354,986.73
2025-07-11,15,835.262,48.614,883.876
2025-07-11,16,745.284,46.258,791.542
2025-07-11,17,631.278,50.494,681.772
2025-07-11,18,589.588,63.734,653.322
2025-07-11,19,587.326,71.768,659.094
2025-07-11,20,485.186,71.418,556.604
2025-07-11,21,420.27,60.758,481.028
2025-07-11,22,450.544,59.358,509.902
2025-07-11,23,495.108,58.88,553.988
2025-07-11,24,511.088,68.188,579.276
2025-07-11,25,566.886,68.72,635.606
2025-07-11,26,620.642,76.802,697.444
2025-07-11,27,649.322,87.236,736.558
2025-07-11,28,760.772,88.08,848.852
2025-07-11,29,890.976,93.52,984.496
2025-07-11,30,960.246,110.0,1070.246
2025-07-11,31,1120.572,135.8,1256.372
2025-07-11,32,1171.818,143.522,1315.34
2025-07-11,33,1200.914,162.73,1363.644
2025-07-11,34,1293.232,197.516,1490.748
2025-07-11,35,1428.086,198.544,1626.63
2025-07-11,36,1561.876,213.492,1775.368
2025-07-11,37,1724.736,219.37,1944.106
2025-07-11,38,1884.466,244.842,2129.308
2025-07-11,39,1972.186,263.938,2236.124
2025-07-11,40,2085.134,333.068,2418.202
2025-07-11,41,2242.586,384.926,2627.512
2025-07-11,42,2365.154,361.618,2726.772
2025-07-11,43,2487.23,303.386,2790.616
2025-07-11,44,2489.426,312.85,2802.276
2025-07-11,45,2475.506,312.266,2787.772
2025-07-11,46,2402.614,300.382,2702.996
2025-07-11,47,2259.782,271.506,2531.288
2025-07-11,48,2159.176,252.426,2411.602
2025-07-12,1,2129.932,222.58,2352.512
2025-07-12,2,1901.178,254.394,2155.572
2025-07-12,3,1536.556,296.56,1833.116
2025-07-12,4,1391.158,343.694,1734.852
2025-07-12,5,1190.418,381.328,1571.746
2025-07-12,6,1028.272,390.622,1418.894
2025-07-12,7,921.524,451.928,1373.452
2025-07-12,8,822.608,490.934,1313.542
2025-07-12,9,744.028,557.392,1301.42
2025-07-12,10,738.646,568.524,1307.17
2025-07-12,11,646.604,626.324,1272.928
2025-07-12,12,581.272,669.24,1250.512
2025-07-12,13,537.14,685.464,1222.604
2025-07-12,14,569.696,645.062,1214.758
2025-07-12,15,601.022,628.33,1229.352
2025-07-12,16,607.714,662.4,1270.114
2025-07-12,17,605.226,737.07,1342.296
2025-07-12,18,566.222,844.252,1410.474
2025-07-12,19,484.93,943.864,1428.794
2025-07-12,20,417.002,1053.696,1470.698
2025-07-12,21,355.36,1067.644,1423.004
2025-07-12,22,332.418,1101.742,1434.16
2025-07-12,23,316.414,1095.444,1411.858
2025-07-12,24,311.176,1121.842,1433.018
2025-07-12,25,324.508,1059.246,1383.754
2025-07-12,26,360.072,1050.02,1410.092
2025-07-12,27,443.236,1023.166,1466.402
2025-07-12,28,575.65,1133.43,1709.08
2025-07-12,29,764.898,1181.044,1945.942
2025-07-12,30,954.528,1222.614,2177.142
2025-07-12,31,1256.868,1282.146,2539.014
2025-07-12,32,1492.26,1344.12,2836.38
2025-07-12,33,1719.988,1394.288,3114.276
2025-07-12,34,1875.16,1425.224,3300.384
2025-07-12,35,1883.638,1643.11,3526.748
2025-07-12,36,1744.572,1792.312,3536.884
2025-07-12,37,1762.476,1844.132,3606.608
2025-07-12,38,1738.24,1930.148,3668.388
2025-07-12,39,1776.892,2028.952,3805.844
2025-07-12,40,1744.886,2069.006,3813.892
2025-07-12,41,1727.4,1909.874,3637.274
2025-07-12,42,1855.608,2040.108,3895.716
2025-07-12,43,1749.728,2367.67,4117.398
2025-07-12,44,1603.098,2795.048,4398.146
2025-07-12,45,1693.05,3328.144,5021.194
2025-07-12,46,1679.846,3462.34,5142.186
2025-07-12,47,1717.042,3471.128,5188.17
2025-07-12,48,1794.334,3393.678,5188.012
2025-07-13,1,1919.21,3144.852,5064.062
2025-07-13,2,1981.23,3081.862,5063.092
2025-07-13,3,1993.514,3023.274,5016.788
2025-07-13,4,2061.456,2661.146,4722.602
2025-07-13,5,2182.43,2386.07,4568.5
2025-07-13,6,2050.684,2155.168,4205.852
2025-07-13,7,1942.938,1969.36,3912.298
2025-07-13,8,1828.328,1812.55,3640.878
2025-07-13,9,1720.668,1670.194,3390.862
2025-07-13,10,1970.362,1620.38,3590.742
2025-07-13,11,1951.02,1682.054,3633.074
2025-07-13,12,2131.59,1662.258,3793.848
2025-07-13,13,2053.81,1754.79,3808.6
2025-07-13,14,1881.202,1700.698,3581.9
2025-07-13,15,1707.874,1542.906,3250.78
2025-07-13,16,1495.578,1321.116,2816.694
2025-07-13,17,1332.4,1536.484,2868.884
2025-07-13,18,1198.142,1378.726,2576.868
2025-07-13,19,1049.802,1277.544,2327.346
2025-07-13,20,1014.31,1172.588,2186.898
2025-07-13,21,1060.64,973.828,2034.468
2025-07-13,22,1002.3,989.876,1992.176
2025-07-13,23,910.564,787.704,1698.268
2025-07-13,24,974.964,647.72,1622.684
2025-07-13,25,1091.374,650.434,1741.808
2025-07-13,26,1217.048,615.132,1832.18
2025-07-13,27,1460.202,501.826,1962.028
2025-07-13,28,1442.728,422.098,1864.826
2025-07-13,29,1336.05,361.554,1697.604
2025-07-13,30,1262.462,338.394,1600.856
2025-07-13,31,1161.65,328.708,1490.358
2025-07-13,32,1096.424,361.448,1457.872
2025-07-13,33,1140.658,404.312,1544.97
2025-07-13,34,1185.498,455.63,1641.128
2025-07-13,35,1346.174,527.42,1873.594
2025-07-13,36,1292.716,516.476,1809.192
2025-07-13,37,1468.794,545.332,2014.126
2025-07-13,38,1940.488,613.906,2554.394
2025-07-13,39,2345.768,771.216,3116.984
2025-07-13,40,2736.768,884.92,3621.688
2025-07-13,41,3076.956,1039.378,4116.334
2025-07-13,42,3325.762,1098.36,4424.122
2025-07-13,43,3331.952,1095.528,4427.48
2025-07-13,44,3074.032,1267.338,4341.37
2025-07-13,45,3053.01,1370.386,4423.396
2025-07-13,46,3092.25,1604.69,4696.94
2025-07-13,47,3116.972,1780.944,4897.916
2025-07-13,48,3295.896,1922.734,5218.63
2025-07-14,1,3751.208,1902.478,5653.686
2025-07-14,2,3791.882,1806.71,5598.592
2025-07-14,3,3909.646,1687.924,5597.57
2025-07-14,4,3794.584,1544.002,5338.586
2025-07-14,5,3630.23,1621.018,5251.248
2025-07-14,6,3648.152,1855.3,5503.452
2025-07-14,7,3729.906,1986.976,5716.882
2025-07-14,8,3572.07,1923.202,5495.272
2025-07-14,9,3616.556,1988.946,5605.502
2025-07-14,10,3636.11,1950.406,5586.516
2025-07-14,11,3633.208,1847.166,5480.374
2025-07-14,12,3572.57,1719.626,5292.196
2025-07-14,13,3720.824,1562.278,5283.102
2025-07-14,14,3625.964,1518.018,5143.982
2025-07-14,15,3609.332,1817.634,5426.966
2025-07-14,16,3726.358,1721.048,5447.406
2025-07-14,17,4052.642,1823.726,5876.368
2025-07-14,18,4094.054,1903.988,5998.042
2025-07-14,19,4262.296,2082.72,6345.016
2025-07-14,20,4039.034,2223.656,6262.69
2025-07-14,21,4140.292,2657.35,6797.642
2025-07-14,22,4225.272,3151.298,7376.57
2025-07-14,23,4233.31,3336.398,7569.708
2025-07-14,24,4239.436,3342.498,7581.934
2025-07-14,25,4130.394,3656.072,7786.466
2025-07-14,26,4314.48,4619.186,8933.666
2025-07-14,27,4399.238,4849.19,9248.428
2025-07-14,28,4537.97,5132.12,9670.09
2025-07-14,29,4757.222,5975.098,10732.32
2025-07-14,30,4623.36,6490.932,11114.292
2025-07-14,31,4654.88,6699.074,11353.954
2025-07-14,32,4615.48,6803.962,11419.442
2025-07-14,33,4481.186,6645.968,11127.154
2025-07-14,34,4158.336,6645.248,10803.584
2025-07-14,35,4311.944,6534.294,10846.238
2025-07-14,36,4307.534,7090.846,11398.38
2025-07-14,37,3978.378,7795.108,11773.486
2025-07-14,38,3610.114,8118.812,11728.926
2025-07-14,39,3557.678,8008.95,11566.628
2025-07-14,40,3381.73,8195.852,11577.582
2025-07-14,41,3034.576,7959.112,10993.688
2025-07-14,42,2852.6,7798.99,10651.59
2025-07-14,43,2567.696,7525.248,10092.944
2025-07-14,44,2531.654,7242.286,9773.94
2025-07-14,45,2479.336,6752.868,9232.204
2025-07-14,46,2439.444,6576.042,9015.486
2025-07-14,47,2221.992,6397.718,8619.71
2025-07-14,48,1882.32,6274.416,8156.736
2025-07-15,1,1705.9,5818.584,7524.484
2025-07-15,2,1500.352,5264.858,6765.21
2025-07-15,3,1434.72,4770.24,6204.96
2025-07-15,4,1458.802,4392.422,5851.224
2025-07-15,5,1557.326,4388.776,5946.102
2025-07-15,6,1382.174,4552.128,5934.302
2025-07-15,7,1071.298,4911.18,5982.478
2025-07-15,8,1041.53,4915.37,5956.9
2025-07-15,9,1086.498,4790.238,5876.736
2025-07-15,10,1282.102,4873.742,6155.844
2025-07-15,11,1291.982,5086.522,6378.504
2025-07-15,12,1250.922,5119.676,6370.598
2025-07-15,13,1249.51,5101.11,6350.62
2025-07-15,14,1344.962,4993.558,6338.52
2025-07-15,15,1394.43,5117.654,6512.084
2025-07-15,16,1427.252,5445.806,6873.058
2025-07-15,17,1310.954,5630.138,6941.092
2025-07-15,18,1482.71,5861.88,7344.59
2025-07-15,19,1599.572,6007.706,7607.278
2025-07-15,20,1750.806,5973.046,7723.852
2025-07-15,21,1811.37,6185.608,7996.978
2025-07-15,22,1737.236,6241.256,7978.492
2025-07-15,23,1777.414,6641.41,8418.824
2025-07-15,24,1618.49,7233.096,8851.586
2025-07-15,25,1793.56,7636.248,9429.808
2025-07-15,26,2011.12,7431.616,9442.736
2025-07-15,27,2247.482,7533.648,9781.13
2025-07-15,28,2568.628,7816.796,10385.424
2025-07-15,29,2766.058,8089.52,10855.578
2025-07-15,30,2552.054,7770.21,10322.264
2025-07-15,31,2933.662,7196.888,10130.55
2025-07-15,32,2954.384,7269.964,10224.348
2025-07-15,33,2681.006,7301.188,9982.194
2025-07-15,34,2210.022,6779.538,8989.56
2025-07-15,35,2005.954,6848.764,8854.718
2025-07-15,36,2043.518,7042.136,9085.654
2025-07-15,37,1949.88,7121.376,9071.256
2025-07-15,38,2079.972,7445.5,9525.472
2025-07-15,39,2016.204,7958.498,9974.702
2025-07-15,40,1883.64,8122.97,10006.61
2025-07-15,41,1733.74,7758.63,9492.37
2025-07-15,42,1638.686,7651.754,9290.44
2025-07-15,43,1676.006,7948.706,9624.712
2025-07-15,44,1642.746,7784.578,9427.324
2025-07-15,45,1627.792,7493.37,9121.162
2025-07-15,46,1481.214,7056.288,8537.502
2025-07-15,47,1430.47,6892.828,8323.298
2025-07-15,48,1381.604,6949.3,8330.904
2025-07-16,1,1337.652,7065.926,8403.578
2025-07-16,2,1241.55,7015.406,8256.956
2025-07-16,3,1230.326,7289.64,8519.966
2025-07-16,4,1146.202,7425.662,8571.864
2025-07-16,5,1113.488,7415.87,8529.358
2025-07-16,6,1180.356,7067.984,8248.34
2025-07-16,7,1098.092,6688.846,7786.938
2025-07-16,8,1014.326,6534.776,7549.102
2025-07-16,9,940.674,6322.592,7263.266
2025-07-16,10,891.328,6016.148,6907.476
2025-07-16,11,807.474,5692.448,6499.922
2025-07-16,12,747.92,5403.144,6151.064
2025-07-16,13,643.996,5068.368,5712.364
2025-07-16,14,585.748,4616.596,5202.344
2025-07-16,15,532.716,4144.608,4677.324
2025-07-16,16,546.02,3828.968,4374.988
2025-07-16,17,559.504,3267.886,3827.39
2025-07-16,18,499.116,2763.166,3262.282
2025-07-16,19,527.39,2541.916,3069.306
2025-07-16,20,492.698,2210.076,2702.774
2025-07-16,21,400.866,1882.226,2283.092
2025-07-16,22,371.9,1677.528,2049.428
2025-07-16,23,361.52,1586.872,1948.392
2025-07-16,24,333.936,1529.93,1863.866
2025-07-16,25,333.758,1420.352,1754.11
2025-07-16,26,323.242,1382.846,1706.088
2025-07-16,27,273.992,1276.608,1550.6
2025-07-16,28,207.506,1104.186,1311.692
2025-07-16,29,198.4,1002.042,1200.442
2025-07-16,30,173.976,925.502,1099.478
2025-07-16,31,179.29,899.378,1078.668
2025-07-16,32,208.858,860.002,1068.86
2025-07-16,33,211.79,831.188,1042.978
2025-07-16,34,232.858,774.35,1007.208
2025-07-16,35,274.45,745.74,1020.19
2025-07-16,36,260.812,702.064,962.876
2025-07-16,37,231.24,553.39,784.63
2025-07-16,38,217.564,529.436,747.0
2025-07-16,39,172.548,480.918,653.466
2025-07-16,40,172.08,457.652,629.732
2025-07-16,41,170.948,432.428,603.376
2025-07-16,42,133.732,388.714,522.446
2025-07-16,43,127.812,339.922,467.734
2025-07-16,44,90.264,276.308,366.572
2025-07-16,45,68.732,214.932,283.664
2025-07-16,46,73.466,195.88,269.346
2025-07-16,47,88.882,155.138,244.02
2025-07-16,48,85.268,128.29,213.558
2025-07-17,1,104.434,126.754,231.188
2025-07-17,2,112.362,127.538,239.9
2025-07-17,3,143.628,135.004,278.632
2025-07-17,4,167.216,128.802,296.018
2025-07-17,5,168.744,135.626,304.37
2025-07-17,6,189.402,145.588,334.99
2025-07-17,7,232.154,165.698,397.852
2025-07-17,8,271.076,183.29,454.366
2025-07-17,9,325.0,268.066,593.066
2025-07-17,10,407.438,315.884,723.322
2025-07-17,11,393.612,415.128,808.74
2025-07-17,12,435.638,603.632,1039.27
2025-07-17,13,418.036,659.172,1077.208
2025-07-17,14,406.714,726.69,1133.404
2025-07-17,15,368.034,718.822,1086.856
2025-07-17,16,379.284,710.312,1089.596
2025-07-17,17,404.364,674.36,1078.724
2025-07-17,18,467.016,712.238,1179.254
2025-07-17,19,646.038,640.432,1286.47
2025-07-17,20,894.51,620.73,1515.24
2025-07-17,21,1133.96,668.562,1802.522
2025-07-17,22,1347.57,623.772,1971.342
2025-07-17,23,1506.086,595.236,2101.322
2025-07-17,24,1730.336,600.688,2331.024
2025-07-17,25,1837.776,687.06,2524.836
2025-07-17,26,1905.644,761.502,2667.146
2025-07-17,27,2029.044,811.66,2840.704
2025-07-17,28,2223.136,828.95,3052.086
2025-07-17,29,2506.86,951.704,3458.564
2025-07-17,30,2851.468,1154.322,4005.79
2025-07-17,31,3224.344,1321.502,4545.846
2025-07-17,32,3323.884,1490.172,4814.056
2025-07-17,33,3320.57,1512.264,4832.834
2025-07-17,34,3320.732,1475.184,4795.916
2025-07-17,35,3324.484,1611.954,4936.438
2025-07-17,36,3221.28,1677.104,4898.384
2025-07-17,37,3215.592,1718.184,4933.776
2025-07-17,38,3102.25,1790.494,4892.744
2025-07-17,39,3373.188,1816.086,5189.274
2025-07-17,40,3238.782,1785.712,5024.494
2025-07-17,41,3186.956,1861.662,5048.618
2025-07-17,42,3225.916,2054.5,5280.416
2025-07-17,43,3387.592,2268.572,5656.164
2025-07-17,44,3535.97,2276.926,5812.896
2025-07-17,45,3619.45,2146.11,5765.56
2025-07-17,46,3511.742,1978.55,5490.292
2025-07-17,47,3505.136,1745.848,5250.984
2025-07-17,48,3567.052,1694.63,5261.682
2025-07-18,1,3463.234,1674.634,5137.868
2025-07-18,2,3435.466,1583.848,5019.314
2025-07-18,3,3402.852,1590.61,4993.462
2025-07-18,4,3004.572,1509.556,4514.128
2025-07-18,5,3102.29,1470.808,4573.098
2025-07-18,6,3044.31,1430.92,4475.23
2025-07-18,7,2935.56,1413.54,4349.1
2025-07-18,8,2850.788,1526.632,4377.42
2025-07-18,9,2678.03,1620.23,4298.26
2025-07-18,10,2489.364,1686.748,4176.112
2025-07-18,11,2594.254,1779.874,4374.128
2025-07-18,12,2671.014,1751.504,4422.518
2025-07-18,13,2799.16,1532.43,4331.59
2025-07-18,14,2952.492,1443.808,4396.3
2025-07-18,15,2670.928,1449.378,4120.306
2025-07-18,16,2635.648,1588.202,4223.85
2025-07-18,17,2554.928,1566.03,4120.958
2025-07-18,18,2620.154,1556.596,4176.75
2025-07-18,19,2480.258,1591.966,4072.224
2025-07-18,20,2256.466,1477.756,3734.222
2025-07-18,21,2404.956,1368.302,3773.258
2025-07-18,22,2440.814,1178.078,3618.892
2025-07-18,23,2504.8,1111.576,3616.376
2025-07-18,24,2562.552,1127.108,3689.66
2025-07-18,25,2518.85,1137.618,3656.468
2025-07-18,26,2677.18,1080.118,3757.298
2025-07-18,27,2812.476,1065.312,3877.788
2025-07-18,28,2620.298,1072.276,3692.574
2025-07-18,29,2324.084,1076.938,3401.022
2025-07-18,30,2296.532,1152.504,3449.036
2025-07-18,31,2234.52,1161.476,3395.996
2025-07-18,32,2262.77,1212.366,3475.136
2025-07-18,33,2443.218,1334.616,3777.834
2025-07-18,34,2520.12,1506.338,4026.458
2025-07-18,35,2416.332,1686.24,4102.572
2025-07-18,36,2282.954,1778.126,4061.08
2025-07-18,37,2340.368,1965.292,4305.66
2025-07-18,38,2568.526,2044.958,4613.484
2025-07-18,39,2598.928,2116.754,4715.682
2025-07-18,40,2411.44,2276.288,4687.728
2025-07-18,41,2084.61,2437.236,4521.846
2025-07-18,42,1840.606,2616.634,4457.24
2025-07-18,43,1562.282,2868.846,4431.128
2025-07-18,44,1322.436,3155.938,4478.374
2025-07-18,45,1145.156,3391.24,4536.396
2025-07-18,46,973.874,3470.672,4444.546
2025-07-18,47,881.088,3435.516,4316.604
2025-07-18,48,808.95,3315.824,4124.774
2025-07-19,1,709.4,3192.048,3901.448
2025-07-19,2,687.78,3228.164,3915.944
2025-07-19,3,594.68,3431.212,4025.892
2025-07-19,4,467.302,3639.852,4107.154
2025-07-19,5,480.13,3389.204,3869.334
2025-07-19,6,511.212,3169.434,3680.646
2025-07-19,7,501.034,2939.384,3440.418
2025-07-19,8,495.376,2673.298,3168.674
2025-07-19,9,519.566,2562.964,3082.53
2025-07-19,10,511.118,2439.258,2950.376
2025-07-19,11,430.932,2323.412,2754.344
2025-07-19,12,544.76,2353.246,2898.006
2025-07-19,13,530.304,2535.164,3065.468
2025-07-19,14,562.306,2878.742,3441.048
2025-07-19,15,741.054,3044.456,3785.51
2025-07-19,16,799.81,3160.568,3960.378
2025-07-19,17,868.514,3164.118,4032.632
2025-07-19,18,1258.866,2891.68,4150.546
2025-07-19,19,1410.176,2331.862,3742.038
2025-07-19,20,1418.782,2253.666,3672.448
2025-07-19,21,1441.602,1524.82,2966.422
2025-07-19,22,1356.956,1557.55,2914.506
2025-07-19,23,1509.584,1777.834,3287.418
2025-07-19,24,1428.126,2141.824,3569.95
2025-07-19,25,1412.282,2380.754,3793.036
2025-07-19,26,1707.348,2551.196,4258.544
2025-07-19,27,1994.908,2853.878,4848.786
2025-07-19,28,2370.468,3259.748,5630.216
2025-07-19,29,2396.646,3959.466,6356.112
2025-07-19,30,2433.764,4357.442,6791.206
2025-07-19,31,2489.654,4412.064,6901.718
2025-07-19,32,2558.14,4337.616,6895.756
2025-07-19,33,2307.714,3937.25,6244.964
2025-07-19,34,2206.654,3688.474,5895.128
2025-07-19,35,2476.738,3598.096,6074.834
2025-07-19,36,2467.262,3519.61,5986.872
2025-07-19,37,2480.43,3446.184,5926.614
2025-07-19,38,2584.0,3215.966,5799.966
2025-07-19,39,2401.038,2999.514,5400.552
2025-07-19,40,2650.588,2961.82,5612.408
2025-07-19,41,2231.032,3101.292,5332.324
2025-07-19,42,2146.67,2945.85,5092.52
2025-07-19,43,2057.49,2448.282,4505.772
2025-07-19,44,2097.79,1833.442,3931.232
2025-07-19,45,2207.412,1613.342,3820.754
2025-07-19,46,1988.098,1509.87,3497.968
2025-07-19,47,1777.92,1527.334,3305.254
2025-07-19,48,1671.39,1534.396,3205.786
2025-07-20,1,1646.784,1628.744,3275.528
2025-07-20,2,1571.468,1745.834,3317.302
2025-07-20,3,1632.246,1742.798,3375.044
2025-07-20,4,1851.024,1758.19,3609.214
2025-07-20,5,1891.6,2169.072,4060.672
2025-07-20,6,1847.044,2624.944,4471.988
2025-07-20,7,1762.074,2542.168,4304.242
2025-07-20,8,1912.378,2232.488,4144.866
2025-07-20,9,2007.146,2065.07,4072.216
2025-07-20,10,1895.716,2175.876,4071.592
2025-07-20,11,1905.636,2206.442,4112.078
2025-07-20,12,1924.788,2039.662,3964.45
2025-07-20,13,1772.178,1885.47,3657.648
2025-07-20,14,1792.06,1869.636,3661.696
2025-07-20,15,1627.504,1879.368,3506.872
2025-07-20,16,1550.594,1862.92,3413.514
2025-07-20,17,1527.564,1765.242,3292.806
2025-07-20,18,1699.976,1797.572,3497.548
2025-07-20,19,1728.04,1905.764,3633.804
2025-07-20,20,1584.83,1938.236,3523.066
2025-07-20,21,1508.216,2037.56,3545.776
2025-07-20,22,1524.29,2105.224,3629.514
2025-07-20,23,1480.732,2328.616,3809.348
2025-07-20,24,1536.064,2666.156,4202.22
2025-07-20,25,1534.034,3031.266,4565.3
2025-07-20,26,1227.584,3332.048,4559.632
2025-07-20,27,1347.772,3482.196,4829.968
2025-07-20,28,1553.166,3519.944,5073.11
2025-07-20,29,1551.406,3748.914,5300.32
2025-07-20,30,1871.516,3520.082,5391.598
2025-07-20,31,1994.854,3299.392,5294.246
2025-07-20,32,1979.442,2799.07,4778.512
2025-07-20,33,1872.546,2592.784,4465.33
2025-07-20,34,1932.122,2315.664,4247.786
2025-07-20,35,2254.262,2141.852,4396.114
2025-07-20,36,2306.588,2015.108,4321.696
2025-07-20,37,2388.262,1857.612,4245.874
2025-07-20,38,2210.994,1826.132,4037.126
2025-07-20,39,1889.41,1992.792,3882.202
2025-07-20,40,1817.586,2339.538,4157.124
2025-07-20,41,1911.042,2462.788,4373.83
2025-07-20,42,1983.044,2430.298,4413.342
2025-07-20,43,1908.422,2745.36,4653.782
2025-07-20,44,1940.686,3054.5,4995.186
2025-07-20,45,1908.758,3465.874,5374.632
2025-07-20,46,1928.85,3661.544,5590.394
2025-07-20,47,1567.342,3553.88,5121.222
2025-07-20,48,1409.528,3316.808,4726.336
2025-07-21,1,1542.946,3190.236,4733.182
2025-07-21,2,1752.942,3162.888,4915.83
2025-07-21,3,1596.652,2977.062,4573.714
2025-07-21,4,1644.882,2691.614,4336.496
2025-07-21,5,1428.03,2502.49,3930.52
2025-07-21,6,1352.21,2254.072,3606.282
2025-07-21,7,1116.202,1847.596,2963.798
2025-07-21,8,1104.494,1516.382,2620.876
2025-07-21,9,1193.316,1394.39,2587.706
2025-07-21,10,1024.82,1247.198,2272.018
2025-07-21,11,970.222,1144.548,2114.77
2025-07-21,12,836.542,1244.036,2080.578
2025-07-21,13,716.494,1179.272,1895.766
2025-07-21,14,556.952,1321.574,1878.526
2025-07-21,15,367.71,1379.228,1746.938
2025-07-21,16,340.614,1465.816,1806.43
2025-07-21,17,290.892,1459.0,1749.892
2025-07-21,18,231.172,1543.182,1774.354
2025-07-21,19,184.838,1567.558,1752.396
2025-07-21,20,123.038,1434.344,1557.382
2025-07-21,21,78.306,1683.154,1761.46
2025-07-21,22,126.052,1740.372,1866.424
2025-07-21,23,154.89,1695.386,1850.276
2025-07-21,24,129.874,1626.152,1756.026
2025-07-21,25,144.212,1748.896,1893.108
2025-07-21,26,161.892,1753.586,1915.478
2025-07-21,27,202.228,1573.318,1775.546
2025-07-21,28,307.542,1290.278,1597.82
2025-07-21,29,326.418,1191.124,1517.542
2025-07-21,30,415.468,1139.924,1555.392
2025-07-21,31,439.26,1098.186,1537.446
2025-07-21,32,527.964,1047.846,1575.81
2025-07-21,33,714.556,1084.994,1799.55
2025-07-21,34,951.504,1300.272,2251.776
2025-07-21,35,1264.002,1476.164,2740.166
2025-07-21,36,1447.382,1543.874,2991.256
2025-07-21,37,1834.6,1703.868,3538.468
2025-07-21,38,1713.488,1723.428,3436.916
2025-07-21,39,1668.286,1639.998,3308.284
2025-07-21,40,1767.868,1497.64,3265.508
2025-07-21,41,1805.92,1365.188,3171.108
2025-07-21,42,1708.07,1260.896,2968.966
2025-07-21,43,1627.216,1202.744,2829.96
2025-07-21,44,1494.792,1398.878,2893.67
2025-07-21,45,1429.52,1448.436,2877.956
2025-07-21,46,1646.54,1554.33,3200.87
2025-07-21,47,1970.076,1785.21,3755.286
2025-07-21,48,2045.396,1676.026,3721.422
2025-07-22,1,2073.54,1595.164,3668.704
2025-07-22,2,2225.376,1727.902,3953.278
2025-07-22,3,2419.158,1999.304,4418.462
2025-07-22,4,2400.892,2124.642,4525.534
2025-07-22,5,2459.088,2125.368,4584.456
2025-07-22,6,2352.634,2124.926,4477.56
2025-07-22,7,2396.096,2119.384,4515.48
2025-07-22,8,2398.956,2070.584,4469.54
2025-07-22,9,2346.978,2214.362,4561.34
2025-07-22,10,2339.798,2250.894,4590.692
2025-07-22,11,2303.082,2482.54,4785.622
2025-07-22,12,2315.702,2364.98,4680.682
2025-07-22,13,2183.602,2212.272,4395.874
2025-07-22,14,2109.904,1976.932,4086.836
2025-07-22,15,2113.962,1971.938,4085.9
2025-07-22,16,2025.14,1869.794,3894.934
2025-07-22,17,1993.29,1621.206,3614.496
2025-07-22,18,2035.672,1501.81,3537.482
2025-07-22,19,2064.562,1452.034,3516.596
2025-07-22,20,1962.246,1412.11,3374.356
2025-07-22,21,2005.546,1390.702,3396.248
2025-07-22,22,2077.33,1428.076,3505.406
2025-07-22,23,2137.27,1399.382,3536.652
2025-07-22,24,2075.76,1407.308,3483.068
2025-07-22,25,2042.452,1653.252,3695.704
2025-07-22,26,1998.8,1667.556,3666.356
2025-07-22,27,2094.27,1491.922,3586.192
2025-07-22,28,2204.078,1330.342,3534.42
2025-07-22,29,2233.728,1151.63,3385.358
2025-07-22,30,2215.582,1192.114,3407.696
2025-07-22,31,2284.628,1091.724,3376.352
2025-07-22,32,2315.14,1131.916,3447.056
2025-07-22,33,2434.314,1449.388,3883.702
2025-07-22,34,2607.856,1449.18,4057.036
2025-07-22,35,2821.3,1508.714,4330.014
2025-07-22,36,2925.616,1669.802,4595.418
2025-07-22,37,3046.418,1795.13,4841.548
2025-07-22,38,2982.686,1642.384,4625.07
2025-07-22,39,2729.53,1597.918,4327.448
2025-07-22,40,2527.006,1346.758,3873.764
2025-07-22,41,2311.16,1052.332,3363.492
2025-07-22,42,2008.084,919.97,2928.054
2025-07-22,43,1938.29,1050.81,2989.1
2025-07-22,44,1903.98,1206.99,3110.97
2025-07-22,45,1871.724,1374.008,3245.732
2025-07-22,46,1759.81,1504.752,3264.562
2025-07-22,47,1763.826,1546.932,3310.758
2025-07-22,48,1586.896,1561.834,3148.73
2025-07-23,1,1435.558,1566.158,3001.716
2025-07-23,2,1455.298,1529.254,2984.552
2025-07-23,3,1402.2,1415.158,2817.358
2025-07-23,4,1333.242,1313.128,2646.37
2025-07-23,5,1305.664,1344.184,2649.848
2025-07-23,6,1320.726,1386.83,2707.556
2025-07-23,7,1263.368,1469.546,2732.914
2025-07-23,8,1320.17,1515.192,2835.362
2025-07-23,9,1416.174,1382.81,2798.984
2025-07-23,10,1382.356,1382.89,2765.246
2025-07-23,11,1296.606,1492.084,2788.69
2025-07-23,12,1279.782,1765.804,3045.586
2025-07-23,13,1194.446,2032.182,3226.628
2025-07-23,14,1016.448,2182.438,3198.886
2025-07-23,15,940.956,2174.242,3115.198
2025-07-23,16,882.872,2069.612,2952.484
2025-07-23,17,879.062,1950.186,2829.248
2025-07-23,18,890.766,1805.256,2696.022
2025-07-23,19,910.102,1629.886,2539.988
2025-07-23,20,926.818,1574.466,2501.284
2025-07-23,21,1032.052,2552.576,3584.628
2025-07-23,22,876.656,1578.488,2455.144
2025-07-23,23,827.092,1583.648,2410.74
2025-07-23,24,760.994,1686.194,2447.188
2025-07-23,25,729.67,1711.852,2441.522
2025-07-23,26,737.14,1650.702,2387.842
2025-07-23,27,680.204,1760.416,2440.62
2025-07-23,28,594.106,1709.464,2303.57
2025-07-23,29,494.316,1757.526,2251.842
2025-07-23,30,460.22,1780.188,2240.408
2025-07-23,31,474.388,1704.264,2178.652
2025-07-23,32,547.89,1652.782,2200.672
2025-07-23,33,624.236,1634.878,2259.114
2025-07-23,34,753.172,1626.47,2379.642
2025-07-23,35,842.726,1710.122,2552.848
2025-07-23,36,874.218,1922.57,2796.788
2025-07-23,37,872.298,2071.85,2944.148
2025-07-23,38,822.08,2098.716,2920.796
2025-07-23,39,811.37,2112.822,2924.192
2025-07-23,40,777.776,2116.292,2894.068
2025-07-23,41,766.476,2118.024,2884.5
2025-07-23,42,839.862,2414.7,3254.562
2025-07-23,43,823.95,2707.886,3531.836
2025-07-23,44,892.874,2966.384,3859.258
2025-07-23,45,957.36,2796.968,3754.328
2025-07-23,46,963.358,3037.7,4001.058
2025-07-23,47,974.226,3322.128,4296.354
2025-07-23,48,939.876,3565.884,4505.76
2025-07-24,1,820.224,3700.56,4520.784
2025-07-24,2,786.376,3800.92,4587.296
2025-07-24,3,741.81,3814.254,4556.064
2025-07-24,4,734.7,4018.466,4753.166
2025-07-24,5,727.42,4356.008,5083.428
2025-07-24,6,695.784,4524.596,5220.38
2025-07-24,7,622.504,4718.08,5340.584
2025-07-24,8,571.136,4962.438,5533.574
2025-07-24,9,563.99,5185.24,5749.23
2025-07-24,10,537.046,5541.202,6078.248
2025-07-24,11,514.872,5711.808,6226.68
2025-07-24,12,540.794,5913.726,6454.52
2025-07-24,13,627.672,5959.142,6586.814
2025-07-24,14,648.406,6044.75,6693.156
2025-07-24,15,525.244,6041.83,6567.074
2025-07-24,16,424.73,6073.678,6498.408
2025-07-24,17,271.214,5965.712,6236.926
2025-07-24,18,216.786,5624.4,5841.186
2025-07-24,19,146.79,5422.126,5568.916
2025-07-24,20,130.506,5246.984,5377.49
2025-07-24,21,158.57,4986.994,5145.564
2025-07-24,22,161.952,4987.318,5149.27
2025-07-24,23,176.632,5032.452,5209.084
2025-07-24,24,234.452,4948.548,5183.0
2025-07-24,25,242.824,4989.842,5232.666
2025-07-24,26,340.54,4889.99,5230.53
2025-07-24,27,413.714,4921.756,5335.47
2025-07-24,28,403.42,4987.004,5390.424
2025-07-24,29,352.104,5008.486,5360.59
2025-07-24,30,275.132,4982.312,5257.444
2025-07-24,31,255.154,4692.006,4947.16
2025-07-24,32,257.18,4561.398,4818.578
2025-07-24,33,271.916,4540.666,4812.582
2025-07-24,34,323.086,4700.374,5023.46
2025-07-24,35,355.134,4981.406,5336.54
2025-07-24,36,339.546,4952.902,5292.448
2025-07-24,37,330.894,4658.89,4989.784
2025-07-24,38,318.646,4370.844,4689.49
2025-07-24,39,372.91,4291.05,4663.96
2025-07-24,40,427.776,4114.536,4542.312
2025-07-24,41,454.234,3928.514,4382.748
2025-07-24,42,467.546,3544.066,4011.612
2025-07-24,43,451.648,3114.534,3566.182
2025-07-24,44,454.67,2738.38,3193.05
2025-07-24,45,447.2,2326.63,2773.83
2025-07-24,46,480.898,1963.558,2444.456
2025-07-24,47,578.82,1648.082,2226.902
2025-07-24,48,706.364,1504.328,2210.692
2025-07-25,1,801.6,1266.13,2067.73
2025-07-25,2,969.172,1028.562,1997.734
2025-07-25,3,1049.296,968.664,2017.96
2025-07-25,4,1124.294,874.214,1998.508
2025-07-25,5,1403.904,833.284,2237.188
2025-07-25,6,1602.874,898.13,2501.004
2025-07-25,7,1731.958,944.346,2676.304
2025-07-25,8,1949.496,947.958,2897.454
2025-07-25,9,2159.896,897.126,3057.022
2025-07-25,10,2041.57,848.168,2889.738
2025-07-25,11,2053.16,856.182,2909.342
2025-07-25,12,2040.73,747.494,2788.224
2025-07-25,13,2031.686,815.14,2846.826
2025-07-25,14,2197.984,706.176,2904.16
2025-07-25,15,2311.434,514.854,2826.288
2025-07-25,16,2307.886,562.788,2870.674
2025-07-25,17,2355.244,575.016,2930.26
2025-07-25,18,2420.008,600.892,3020.9
2025-07-25,19,2476.156,624.244,3100.4
2025-07-25,20,2565.294,579.456,3144.75
2025-07-25,21,2511.128,627.268,3138.396
2025-07-25,22,2436.546,748.452,3184.998
2025-07-25,23,2469.598,871.256,3340.854
2025-07-25,24,2694.9,1004.168,3699.068
2025-07-25,25,2848.684,1070.832,3919.516
2025-07-25,26,3064.02,1098.088,4162.108
2025-07-25,27,3057.57,1132.012,4189.582
2025-07-25,28,2985.138,1022.742,4007.88
2025-07-25,29,2971.886,1059.75,4031.636
2025-07-25,30,2975.396,1215.072,4190.468
2025-07-25,31,3049.08,1248.506,4297.586
2025-07-25,32,3106.87,1277.204,4384.074
2025-07-25,33,3117.932,1315.228,4433.16
2025-07-25,34,2770.498,1287.506,4058.004
2025-07-25,35,2728.052,1166.126,3894.178
2025-07-25,36,2774.836,1144.064,3918.9
2025-07-25,37,2850.788,1053.538,3904.326
2025-07-25,38,2738.244,1046.58,3784.824
2025-07-25,39,2593.31,1163.644,3756.954
2025-07-25,40,2560.032,1208.628,3768.66
2025-07-25,41,2441.554,1285.654,3727.208
2025-07-25,42,2469.832,1373.182,3843.014
2025-07-25,43,2407.376,1342.568,3749.944
2025-07-25,44,2362.366,1300.05,3662.416
2025-07-25,45,2352.032,1452.032,3804.064
2025-07-25,46,2302.606,1479.502,3782.108
2025-07-25,47,2195.824,1322.44,3518.264
2025-07-25,48,2213.862,1243.43,3457.292
2025-07-26,1,2165.954,1134.828,3300.782
2025-07-26,2,2056.87,1126.478,3183.348
2025-07-26,3,2157.116,1157.43,3314.546
2025-07-26,4,2219.398,1256.912,3476.31
2025-07-26,5,2116.036,1350.392,3466.428
2025-07-26,6,1982.772,1261.808,3244.58
2025-07-26,7,1911.752,1178.528,3090.28
2025-07-26,8,1839.868,1073.814,2913.682
2025-07-26,9,1667.128,1068.906,2736.034
2025-07-26,10,1378.172,1054.346,2432.518
2025-07-26,11,1262.542,1079.826,2342.368
2025-07-26,12,1253.03,1146.83,2399.86
2025-07-26,13,1335.796,1212.608,2548.404
2025-07-26,14,1608.296,1104.756,2713.052
2025-07-26,15,1633.212,1080.236,2713.448
2025-07-26,16,1483.632,1063.262,2546.894
2025-07-26,17,1316.956,975.506,2292.462
2025-07-26,18,1457.878,941.726,2399.604
2025-07-26,19,1480.878,894.346,2375.224
2025-07-26,20,1804.94,926.158,2731.098
2025-07-26,21,1987.544,944.004,2931.548
2025-07-26,22,1967.682,952.768,2920.45
2025-07-26,23,2058.246,939.946,2998.192
2025-07-26,24,2198.12,885.582,3083.702
2025-07-26,25,2328.486,870.918,3199.404
2025-07-26,26,2576.218,822.99,3399.208
2025-07-26,27,2667.098,781.662,3448.76
2025-07-26,28,2526.93,799.322,3326.252
2025-07-26,29,2542.046,634.802,3176.848
2025-07-26,30,2563.324,659.538,3222.862
2025-07-26,31,2441.396,843.494,3284.89
2025-07-26,32,2391.916,1235.13,3627.046
2025-07-26,33,2576.452,1271.616,3848.068
2025-07-26,34,2819.986,1197.936,4017.922
2025-07-26,35,3245.766,960.668,4206.434
2025-07-26,36,3450.85,819.648,4270.498
2025-07-26,37,3493.344,794.364,4287.708
2025-07-26,38,2976.954,770.31,3747.264
2025-07-26,39,2912.68,637.788,3550.468
2025-07-26,40,3011.516,685.582,3697.098
2025-07-26,41,2949.696,776.798,3726.494
2025-07-26,42,3121.47,979.22,4100.69
2025-07-26,43,3200.07,1144.696,4344.766
2025-07-26,44,3357.648,1196.794,4554.442
2025-07-26,45,3342.372,1426.52,4768.892
2025-07-26,46,3317.326,1618.962,4936.288
2025-07-26,47,3108.538,1510.954,4619.492
2025-07-26,48,2961.648,1363.296,4324.944
2025-07-27,1,2520.826,1244.914,3765.74
2025-07-27,2,2459.364,1158.012,3617.376
2025-07-27,3,2256.706,1080.916,3337.622
2025-07-27,4,2321.226,996.156,3317.382
2025-07-27,5,2334.332,1096.828,3431.16
2025-07-27,6,2211.866,1252.978,3464.844
2025-07-27,7,2268.57,1335.358,3603.928
2025-07-27,8,2259.52,1562.434,3821.954
2025-07-27,9,2154.896,1876.698,4031.594
2025-07-27,10,2198.034,2092.286,4290.32
2025-07-27,11,2175.152,2109.488,4284.64
2025-07-27,12,2154.54,2069.148,4223.688
2025-07-27,13,2376.934,1946.948,4323.882
2025-07-27,14,2347.718,1895.534,4243.252
2025-07-27,15,2585.83,1936.506,4522.336
2025-07-27,16,2418.942,1936.752,4355.694
2025-07-27,17,2090.3,1836.394,3926.694
2025-07-27,18,1924.472,1701.728,3626.2
2025-07-27,19,1949.798,1608.362,3558.16
2025-07-27,20,2083.266,1503.492,3586.758
2025-07-27,21,2193.222,1441.64,3634.862
2025-07-27,22,2396.87,1428.406,3825.276
2025-07-27,23,2499.418,1471.27,3970.688
2025-07-27,24,2596.148,1556.68,4152.828
2025-07-27,25,2578.464,1612.872,4191.336
2025-07-27,26,2380.776,1682.394,4063.17
2025-07-27,27,2299.856,1862.492,4162.348
2025-07-27,28,2322.222,2061.892,4384.114
2025-07-27,29,2312.57,2262.188,4574.758
2025-07-27,30,2331.508,2170.17,4501.678
2025-07-27,31,2331.604,1890.75,4222.354
2025-07-27,32,2288.6,1651.688,3940.288
2025-07-27,33,2204.974,1474.528,3679.502
2025-07-27,34,2282.366,1389.396,3671.762
2025-07-27,35,2252.69,1426.988,3679.678
2025-07-27,36,2407.27,1316.626,3723.896
2025-07-27,37,2461.404,1282.964,3744.368
2025-07-27,38,2393.544,1421.968,3815.512
2025-07-27,39,2265.298,1604.622,3869.92
2025-07-27,40,2124.28,1812.992,3937.272
2025-07-27,41,2020.858,1685.962,3706.82
2025-07-27,42,1885.82,1603.112,3488.932
2025-07-27,43,1783.078,1611.426,3394.504
2025-07-27,44,1830.574,1608.316,3438.89
2025-07-27,45,2026.398,1953.996,3980.394
2025-07-27,46,2175.874,2503.072,4678.946
2025-07-27,47,2166.018,2540.802,4706.82
2025-07-27,48,2009.85,2308.82,4318.67
2025-07-28,1,2005.768,2147.476,4153.244
2025-07-28,2,1965.888,2255.752,4221.64
2025-07-28,3,1959.768,2509.992,4469.76
2025-07-28,4,1969.754,2785.666,4755.42
2025-07-28,5,2009.794,3122.408,5132.202
2025-07-28,6,1978.146,3341.586,5319.732
2025-07-28,7,1851.204,3413.328,5264.532
2025-07-28,8,1877.9,3373.936,5251.836
2025-07-28,9,1896.446,3456.114,5352.56
2025-07-28,10,1873.446,3828.062,5701.508
2025-07-28,11,1950.094,4006.368,5956.462
2025-07-28,12,2013.416,3721.986,5735.402
2025-07-28,13,2056.68,3473.258,5529.938
2025-07-28,14,2122.99,3581.292,5704.282
2025-07-28,15,2200.736,3561.206,5761.942
2025-07-28,16,2035.282,3334.534,5369.816
2025-07-28,17,1813.222,3170.918,4984.14
2025-07-28,18,1736.238,2838.124,4574.362
2025-07-28,19,1890.966,2425.36,4316.326
2025-07-28,20,2071.56,2173.318,4244.878
2025-07-28,21,2017.682,2065.622,4083.304
2025-07-28,22,1970.418,1849.202,3819.62
2025-07-28,23,1849.822,1656.864,3506.686
2025-07-28,24,1760.834,1415.462,3176.296
2025-07-28,25,1656.57,1446.694,3103.264
2025-07-28,26,1788.358,1482.0,3270.358
2025-07-28,27,1686.97,1488.564,3175.534
2025-07-28,28,1564.422,1478.0,3042.422
2025-07-28,29,1645.318,1418.414,3063.732
2025-07-28,30,1716.936,1318.288,3035.224
2025-07-28,31,1841.406,1213.612,3055.018
2025-07-28,32,1755.33,1224.436,2979.766
2025-07-28,33,1736.312,1190.536,2926.848
2025-07-28,34,1717.312,1251.57,2968.882
2025-07-28,35,1784.83,1335.278,3120.108
2025-07-28,36,1783.072,1119.182,2902.254
2025-07-28,37,1736.438,913.472,2649.91
2025-07-28,38,1641.736,844.234,2485.97
2025-07-28,39,1542.72,732.324,2275.044
2025-07-28,40,1456.83,603.146,2059.976
2025-07-28,41,1241.39,515.048,1756.438
2025-07-28,42,1144.592,465.284,1609.876
2025-07-28,43,1137.244,460.208,1597.452
2025-07-28,44,1048.748,451.262,1500.01
2025-07-28,45,917.196,429.862,1347.058
2025-07-28,46,907.848,432.932,1340.78
2025-07-28,47,871.036,421.744,1292.78
2025-07-28,48,732.744,412.43,1145.174
2025-07-29,1,595.444,520.382,1115.826
2025-07-29,2,435.126,548.09,983.216
2025-07-29,3,344.348,579.476,923.824
2025-07-29,4,263.682,619.948,883.63
2025-07-29,5,259.864,607.474,867.338
2025-07-29,6,230.2,605.984,836.184
2025-07-29,7,221.262,604.688,825.95
2025-07-29,8,195.496,513.174,708.67
2025-07-29,9,154.33,483.448,637.778
2025-07-29,10,135.71,465.526,601.236
2025-07-29,11,128.83,468.238,597.068
2025-07-29,12,118.886,495.462,614.348
2025-07-29,13,113.88,584.474,698.354
2025-07-29,14,131.762,617.81,749.572
2025-07-29,15,124.152,629.864,754.016
2025-07-29,16,70.606,543.284,613.89
2025-07-29,17,81.814,545.426,627.24
2025-07-29,18,89.72,572.27,661.99
2025-07-29,19,70.932,543.408,614.34
2025-07-29,20,61.212,486.502,547.714
2025-07-29,21,71.608,469.392,541.0
2025-07-29,22,83.066,407.452,490.518
2025-07-29,23,71.422,390.676,462.098
2025-07-29,24,72.642,434.806,507.448
2025-07-29,25,80.832,428.142,508.974
2025-07-29,26,92.754,515.024,607.778
2025-07-29,27,101.974,594.73,696.704
2025-07-29,28,130.16,596.164,726.324
2025-07-29,29,152.39,593.332,745.722
2025-07-29,30,167.448,586.688,754.136
2025-07-29,31,186.006,514.534,700.54
2025-07-29,32,230.566,500.908,731.474
2025-07-29,33,304.01,502.024,806.034
2025-07-29,34,327.524,542.674,870.198
2025-07-29,35,388.724,574.306,963.03
2025-07-29,36,439.262,583.852,1023.114
2025-07-29,37,454.25,805.326,1259.576
2025-07-29,38,477.94,959.272,1437.212
2025-07-29,39,402.126,1021.24,1423.366
2025-07-29,40,398.538,1098.316,1496.854
2025-07-29,41,395.876,1152.216,1548.092
2025-07-29,42,400.252,1174.084,1574.336
2025-07-29,43,397.612,1116.874,1514.486
2025-07-29,44,394.27,1223.896,1618.166
2025-07-29,45,447.094,1251.624,1698.718
2025-07-29,46,385.856,1407.056,1792.912
2025-07-29,47,281.562,1532.268,1813.83
2025-07-29,48,320.712,1671.942,1992.654
2025-07-30,1,295.144,1761.474,2056.618
2025-07-30,2,316.226,1842.548,2158.774
2025-07-30,3,367.598,1771.316,2138.914
2025-07-30,4,414.794,1776.43,2191.224
2025-07-30,5,439.156,1756.832,2195.988
2025-07-30,6,430.002,1838.29,2268.292
2025-07-30,7,431.42,1995.794,2427.214
2025-07-30,8,416.328,2138.132,2554.46
2025-07-30,9,403.04,2130.878,2533.918
2025-07-30,10,373.344,2089.19,2462.534
2025-07-30,11,362.77,2163.052,2525.822
2025-07-30,12,335.192,2261.5,2596.692
2025-07-30,13,338.956,2352.042,2690.998
2025-07-30,14,325.834,2387.022,2712.856
2025-07-30,15,326.39,2362.47,2688.86
2025-07-30,16,341.406,2216.236,2557.642
2025-07-30,17,344.252,2164.422,2508.674
2025-07-30,18,328.962,2088.604,2417.566
2025-07-30,19,288.274,1978.616,2266.89
2025-07-30,20,305.38,1855.756,2161.136
2025-07-30,21,361.622,1729.07,2090.692
2025-07-30,22,400.956,1506.656,1907.612
2025-07-30,23,390.954,1453.06,1844.014
2025-07-30,24,463.314,1415.14,1878.454
2025-07-30,25,487.286,1337.52,1824.806
2025-07-30,26,500.666,1271.788,1772.454
2025-07-30,27,482.008,1242.398,1724.406
2025-07-30,28,490.792,1079.726,1570.518
2025-07-30,29,551.328,1029.956,1581.284
2025-07-30,30,703.024,1071.168,1774.192
2025-07-30,31,853.676,1184.516,2038.192
2025-07-30,32,1001.764,1280.328,2282.092
2025-07-30,33,1133.812,1373.512,2507.324
2025-07-30,34,1215.568,1430.678,2646.246
2025-07-30,35,1472.726,1473.908,2946.634
2025-07-30,36,1733.76,1737.598,3471.358
2025-07-30,37,2010.812,1842.992,3853.804
2025-07-30,38,2011.004,1808.036,3819.04
2025-07-30,39,2152.57,1914.194,4066.764
2025-07-30,40,2339.212,1941.438,4280.65
2025-07-30,41,2437.868,1854.798,4292.666
2025-07-30,42,2621.144,1806.526,4427.67
2025-07-30,43,2616.636,1906.098,4522.734
2025-07-30,44,2437.154,2023.492,4460.646
2025-07-30,45,2301.82,2031.214,4333.034
2025-07-30,46,2249.438,1983.236,4232.674
2025-07-30,47,2100.532,1911.04,4011.572
2025-07-30,48,2185.492,1978.18,4163.672
2025-07-31,1,2163.204,2290.99,4454.194
2025-07-31,2,2239.682,2479.12,4718.802
2025-07-31,3,2247.778,2422.364,4670.142
2025-07-31,4,2319.896,2293.746,4613.642
2025-07-31,5,2347.912,2205.666,4553.578
2025-07-31,6,2190.172,2265.126,4455.298
2025-07-31,7,2174.982,2400.03,4575.012
2025-07-31,8,2212.28,2528.032,4740.312
2025-07-31,9,2077.556,2620.582,4698.138
2025-07-31,10,1937.668,2632.952,4570.62
2025-07-31,11,1819.102,2668.082,4487.184
2025-07-31,12,1758.95,2627.254,4386.204
2025-07-31,13,1811.32,2577.062,4388.382
2025-07-31,14,1840.976,2493.69,4334.666
2025-07-31,15,2093.722,2385.86,4479.582
2025-07-31,16,2463.66,2325.498,4789.158
2025-07-31,17,2552.818,2279.466,4832.284
2025-07-31,18,2577.378,2266.582,4843.96
2025-07-31,19,2513.792,2235.564,4749.356
2025-07-31,20,2429.106,2208.57,4637.676
2025-07-31,21,2343.492,2225.99,4569.482
2025-07-31,22,2398.746,2363.588,4762.334
2025-07-31,23,2332.508,2425.17,4757.678
2025-07-31,24,2380.746,2386.178,4766.924
2025-07-31,25,2613.79,2498.24,5112.03
2025-07-31,26,2903.724,2663.602,5567.326
2025-07-31,27,3192.462,2639.8,5832.262
2025-07-31,28,3283.726,2484.784,5768.51
2025-07-31,29,3323.42,2494.15,5817.57
2025-07-31,30,3319.182,2617.824,5937.006
2025-07-31,31,3354.464,2747.314,6101.778
2025-07-31,32,3082.488,2603.35,5685.838
2025-07-31,33,2886.872,2727.308,5614.18
2025-07-31,34,2885.058,3035.978,5921.036
2025-07-31,35,2920.926,3378.248,6299.174
2025-07-31,36,3086.574,3170.276,6256.85
2025-07-31,37,2783.606,3073.336,5856.942
2025-07-31,38,2697.864,3102.068,5799.932
2025-07-31,39,2668.914,3231.806,5900.72
2025-07-31,40,2470.45,3310.65,5781.1
2025-07-31,41,2375.33,3504.3,5879.63
2025-07-31,42,2268.44,3619.67,5888.11
2025-07-31,43,2241.5,3576.22,5817.72
2025-07-31,44,2383.842,3452.776,5836.618
2025-07-31,45,2470.22,3577.99,6048.21
2025-07-31,46,2406.504,3473.538,5880.042
2025-07-31,47,2192.266,3542.67,5734.936
2025-07-31,48,1980.252,4099.09,6079.342
2025-08-01,1,1805.086,4538.976,6344.062
2025-08-01,2,1879.59,4495.68,6375.27
2025-08-01,3,1993.338,4437.32,6430.658
2025-08-01,4,2154.738,4463.45,6618.188
2025-08-01,5,2404.728,4457.996,6862.724
2025-08-01,6,2796.274,4649.208,7445.482
2025-08-01,7,2963.174,4888.824,7851.998
2025-08-01,8,2803.912,5428.562,8232.474
2025-08-01,9,2772.452,5971.242,8743.694
2025-08-01,10,2761.164,6188.628,8949.792
2025-08-01,11,2608.536,5923.662,8532.198
2025-08-01,12,2543.378,5861.462,8404.84
2025-08-01,13,2195.932,6012.724,8208.656
2025-08-01,14,2286.836,6262.526,8549.362
2025-08-01,15,2333.802,6140.954,8474.756
2025-08-01,16,2314.27,6264.94,8579.21
2025-08-01,17,2386.554,6349.306,8735.86
2025-08-01,18,2381.694,6551.334,8933.028
2025-08-01,19,2316.548,6440.654,8757.202
2025-08-01,20,2332.496,6357.1,8689.596
2025-08-01,21,2320.984,6197.966,8518.95
2025-08-01,22,2199.822,6150.33,8350.152
2025-08-01,23,2012.546,6223.216,8235.762
2025-08-01,24,1890.408,6411.532,8301.94
2025-08-01,25,1828.138,6497.578,8325.716
2025-08-01,26,1836.06,6871.334,8707.394
2025-08-01,27,1848.876,6957.068,8805.944
2025-08-01,28,1966.456,7081.01,9047.466
2025-08-01,29,1830.416,7315.712,9146.128
2025-08-01,30,1708.63,7138.116,8846.746
2025-08-01,31,1653.156,7361.106,9014.262
2025-08-01,32,1635.95,7725.236,9361.186
2025-08-01,33,1886.128,7647.532,9533.66
2025-08-01,34,2297.394,7464.474,9761.868
2025-08-01,35,2621.666,7468.504,10090.17
2025-08-01,36,2526.198,7350.616,9876.814
2025-08-01,37,2443.72,7366.136,9809.856
2025-08-01,38,2272.118,7423.822,9695.94
2025-08-01,39,2113.724,7380.974,9494.698
2025-08-01,40,1905.258,7433.854,9339.112
2025-08-01,41,1676.906,7627.066,9303.972
2025-08-01,42,1495.584,7752.014,9247.598
2025-08-01,43,1330.692,7791.904,9122.596
2025-08-01,44,1294.416,7930.746,9225.162
2025-08-01,45,1208.924,7948.546,9157.47
2025-08-01,46,1133.68,7836.804,8970.484
2025-08-01,47,1122.444,7664.406,8786.85
2025-08-01,48,1198.838,7705.928,8904.766
2025-08-02,1,1231.858,7826.914,9058.772
2025-08-02,2,1232.25,7882.904,9115.154
2025-08-02,3,1103.162,7810.25,8913.412
2025-08-02,4,1007.306,7740.72,8748.026
2025-08-02,5,1156.966,7729.288,8886.254
2025-08-02,6,1246.392,7499.29,8745.682
2025-08-02,7,1169.704,7518.816,8688.52
2025-08-02,8,1123.708,7460.55,8584.258
2025-08-02,9,1102.114,7325.728,8427.842
2025-08-02,10,954.508,7139.522,8094.03
2025-08-02,11,828.536,7104.866,7933.402
2025-08-02,12,727.758,7053.912,7781.67
2025-08-02,13,679.704,6658.862,7338.566
2025-08-02,14,641.728,6180.616,6822.344
2025-08-02,15,563.678,6069.732,6633.41
2025-08-02,16,528.436,6193.276,6721.712
2025-08-02,17,502.264,5846.128,6348.392
2025-08-02,18,483.558,5786.138,6269.696
2025-08-02,19,466.824,5694.352,6161.176
2025-08-02,20,462.998,5562.942,6025.94
2025-08-02,21,479.56,5323.244,5802.804
2025-08-02,22,546.404,5262.444,5808.848
2025-08-02,23,594.242,5440.276,6034.518
2025-08-02,24,593.288,5193.606,5786.894
2025-08-02,25,579.246,4889.808,5469.054
2025-08-02,26,601.78,4423.498,5025.278
2025-08-02,27,628.258,3972.92,4601.178
2025-08-02,28,629.312,3880.864,4510.176
2025-08-02,29,663.44,3738.214,4401.654
2025-08-02,30,663.408,3642.138,4305.546
2025-08-02,31,703.986,3404.568,4108.554
2025-08-02,32,769.058,2749.164,3518.222
2025-08-02,33,910.882,2741.956,3652.838
2025-08-02,34,1116.186,2483.626,3599.812
2025-08-02,35,1342.824,2252.988,3595.812
2025-08-02,36,1477.674,1994.788,3472.462
2025-08-02,37,1629.15,1755.364,3384.514
2025-08-02,38,1735.458,1715.406,3450.864
2025-08-02,39,1871.224,1388.816,3260.04
2025-08-02,40,2062.884,1086.596,3149.48
2025-08-02,41,2209.22,1119.278,3328.498
2025-08-02,42,2321.278,1195.012,3516.29
2025-08-02,43,2545.748,1266.77,3812.518
2025-08-02,44,2606.428,1307.716,3914.144
2025-08-02,45,2530.704,1491.08,4021.784
2025-08-02,46,2605.398,1726.614,4332.012
2025-08-02,47,2741.182,1953.964,4695.146
2025-08-02,48,2996.892,2535.35,5532.242
2025-08-03,1,3024.616,2790.63,5815.246
2025-08-03,2,3071.694,2928.608,6000.302
2025-08-03,3,3089.384,3181.472,6270.856
2025-08-03,4,2921.306,3429.356,6350.662
2025-08-03,5,2888.494,3422.302,6310.796
2025-08-03,6,3050.222,3421.94,6472.162
2025-08-03,7,3024.478,3273.474,6297.952
2025-08-03,8,3055.696,3019.058,6074.754
2025-08-03,9,3340.848,2964.292,6305.14
2025-08-03,10,3074.412,3018.736,6093.148
2025-08-03,11,3304.304,2898.614,6202.918
2025-08-03,12,3551.798,2904.472,6456.27
2025-08-03,13,2942.102,3313.254,6255.356
2025-08-03,14,2763.668,3606.08,6369.748
2025-08-03,15,3165.708,3721.718,6887.426
2025-08-03,16,3553.064,3582.79,7135.854
2025-08-03,17,3251.994,3361.648,6613.642
2025-08-03,18,3249.472,3567.002,6816.474
2025-08-03,19,3433.75,3419.766,6853.516
2025-08-03,20,3568.148,3438.06,7006.208
2025-08-03,21,3412.436,4074.142,7486.578
2025-08-03,22,3308.322,4069.732,7378.054
2025-08-03,23,3342.286,4363.438,7705.724
2025-08-03,24,3453.852,4437.62,7891.472
2025-08-03,25,3271.048,4785.442,8056.49
2025-08-03,26,3226.206,5123.314,8349.52
2025-08-03,27,3425.064,5133.342,8558.406
2025-08-03,28,3521.168,5410.492,8931.66
2025-08-03,29,3176.3,5508.47,8684.77
2025-08-03,30,2801.796,5059.514,7861.31
2025-08-03,31,2594.154,4641.884,7236.038
2025-08-03,32,2423.98,4624.454,7048.434
2025-08-03,33,2692.826,4796.424,7489.25
2025-08-03,34,3185.936,4631.778,7817.714
2025-08-03,35,3073.808,4653.84,7727.648
2025-08-03,36,2741.15,4349.236,7090.386
2025-08-03,37,2762.142,4306.518,7068.66
2025-08-03,38,2197.834,4262.31,6460.144
2025-08-03,39,1815.15,4179.54,5994.69
2025-08-03,40,1609.014,3783.006,5392.02
2025-08-03,41,1321.266,2860.924,4182.19
2025-08-03,42,1253.916,2385.62,3639.536
2025-08-03,43,1081.356,1792.844,2874.2
2025-08-03,44,902.552,1358.536,2261.088
2025-08-03,45,889.152,1075.408,1964.56
2025-08-03,46,932.706,1151.43,2084.136
2025-08-03,47,929.072,1430.984,2360.056
2025-08-03,48,854.776,1427.308,2282.084
2025-08-04,1,831.504,1470.022,2301.526
2025-08-04,2,881.004,1791.174,2672.178
2025-08-04,3,1149.424,1714.378,2863.802
2025-08-04,4,1469.24,1593.232,3062.472
2025-08-04,5,1788.592,1470.836,3259.428
2025-08-04,6,2072.516,1464.602,3537.118
2025-08-04,7,2415.56,1439.582,3855.142
2025-08-04,8,2954.168,1818.636,4772.804
2025-08-04,9,3738.558,2145.598,5884.156
2025-08-04,10,3735.89,2314.056,6049.946
2025-08-04,11,3724.528,2295.5,6020.028
2025-08-04,12,3212.64,2469.788,5682.428
2025-08-04,13,3130.342,2852.036,5982.378
2025-08-04,14,3035.45,3282.362,6317.812
2025-08-04,15,3170.398,3897.376,7067.774
2025-08-04,16,3480.54,4601.456,8081.996
2025-08-04,17,3496.658,5316.906,8813.564
2025-08-04,18,3732.23,6409.476,10141.706
2025-08-04,19,4079.342,7899.378,11978.72
2025-08-04,20,4004.726,8741.526,12746.252
2025-08-04,21,3769.314,9420.22,13189.534
2025-08-04,22,3842.978,9762.816,13605.794
2025-08-04,23,3958.428,10034.26,13992.688
2025-08-04,24,3652.252,10218.494,13870.746
2025-08-04,25,4001.704,10246.376,14248.08
2025-08-04,26,4177.568,10334.568,14512.136
2025-08-04,27,4409.748,10250.88,14660.628
2025-08-04,28,4912.318,10298.382,15210.7
2025-08-04,29,4903.496,10338.01,15241.506
2025-08-04,30,4903.03,10299.402,15202.432
2025-08-04,31,4638.472,10285.07,14923.542
2025-08-04,32,4517.718,10272.014,14789.732
2025-08-04,33,4414.614,10237.68,14652.294
2025-08-04,34,4495.606,10286.782,14782.388
2025-08-04,35,4412.79,10301.736,14714.526
2025-08-04,36,4319.57,10297.134,14616.704
2025-08-04,37,4424.844,10279.264,14704.108
2025-08-04,38,4228.208,10274.794,14503.002
2025-08-04,39,4302.1,10300.004,14602.104
2025-08-04,40,4379.226,10059.96,14439.186
2025-08-04,41,4392.77,9774.496,14167.266
2025-08-04,42,4275.59,9507.136,13782.726
2025-08-04,43,4172.21,9147.106,13319.316
2025-08-04,44,3954.324,8893.902,12848.226
2025-08-04,45,3866.666,8968.848,12835.514
2025-08-04,46,4023.494,8685.634,12709.128
2025-08-04,47,4108.638,8436.322,12544.96
2025-08-04,48,3786.78,8453.138,12239.918
2025-08-05,1,3720.23,8419.49,12139.72
2025-08-05,2,3735.292,8632.138,12367.43
2025-08-05,3,3684.168,9046.898,12731.066
2025-08-05,4,3651.048,8988.684,12639.732
2025-08-05,5,3730.45,8763.442,12493.892
2025-08-05,6,3648.824,8724.362,12373.186
2025-08-05,7,3631.724,8849.618,12481.342
2025-08-05,8,3678.156,9119.954,12798.11
2025-08-05,9,3959.512,9314.982,13274.494
2025-08-05,10,4119.378,9544.43,13663.808
2025-08-05,11,4083.982,9656.78,13740.762
2025-08-05,12,3906.244,9558.448,13464.692
2025-08-05,13,3935.666,9534.36,13470.026
2025-08-05,14,4242.548,9714.858,13957.406
2025-08-05,15,4369.79,9993.572,14363.362
2025-08-05,16,4430.814,10044.856,14475.67
2025-08-05,17,4739.586,10010.48,14750.066
2025-08-05,18,4752.68,9060.868,13813.548
2025-08-05,19,4283.108,8174.648,12457.756
2025-08-05,20,4027.998,7919.686,11947.684
2025-08-05,21,3805.074,7350.566,11155.64
2025-08-05,22,3704.97,6789.67,10494.64
2025-08-05,23,3771.748,7452.48,11224.228
2025-08-05,24,3775.834,7459.392,11235.226
2025-08-05,25,3832.852,7397.298,11230.15
2025-08-05,26,4012.584,7143.98,11156.564
2025-08-05,27,4109.726,6751.456,10861.182
2025-08-05,28,4220.586,6828.294,11048.88
2025-08-05,29,4161.066,6588.262,10749.328
2025-08-05,30,4161.182,6579.368,10740.55
2025-08-05,31,4123.928,5157.858,9281.786
2025-08-05,32,4222.41,5748.002,9970.412
2025-08-05,33,4179.378,5881.094,10060.472
2025-08-05,34,4053.354,6053.052,10106.406
2025-08-05,35,4150.03,6262.256,10412.286
2025-08-05,36,4261.768,6861.536,11123.304
2025-08-05,37,4139.146,6892.052,11031.198
2025-08-05,38,3975.098,6617.772,10592.87
2025-08-05,39,3845.116,7161.596,11006.712
2025-08-05,40,3699.87,7265.264,10965.134
2025-08-05,41,3475.884,7350.622,10826.506
2025-08-05,42,3420.25,7447.25,10867.5
2025-08-05,43,3316.004,7616.614,10932.618
2025-08-05,44,3205.746,7229.644,10435.39
2025-08-05,45,3334.662,6920.222,10254.884
2025-08-05,46,3437.946,7180.22,10618.166
2025-08-05,47,3350.848,7384.208,10735.056
2025-08-05,48,3163.564,7690.658,10854.222
2025-08-06,1,3165.202,7521.7,10686.902
2025-08-06,2,2900.272,7522.552,10422.824
2025-08-06,3,2800.092,7438.99,10239.082
2025-08-06,4,2812.002,7663.666,10475.668
2025-08-06,5,2776.834,7292.686,10069.52
2025-08-06,6,2761.122,6928.782,9689.904
2025-08-06,7,2873.664,6585.766,9459.43
2025-08-06,8,2889.304,6060.554,8949.858
2025-08-06,9,2788.16,5580.55,8368.71
2025-08-06,10,2803.244,5293.656,8096.9
2025-08-06,11,2909.334,5039.658,7948.992
2025-08-06,12,2985.198,4753.472,7738.67
2025-08-06,13,3065.414,4544.542,7609.956
2025-08-06,14,3073.8,4299.672,7373.472
2025-08-06,15,3238.83,4048.124,7286.954
2025-08-06,16,3513.728,3811.086,7324.814
2025-08-06,17,3676.054,3635.652,7311.706
2025-08-06,18,3863.384,3604.104,7467.488
2025-08-06,19,3438.744,3329.778,6768.522
2025-08-06,20,3254.232,2960.582,6214.814
2025-08-06,21,3264.246,2770.186,6034.432
2025-08-06,22,3166.942,2539.22,5706.162
2025-08-06,23,3163.406,2074.168,5237.574
2025-08-06,24,3100.112,1672.724,4772.836
2025-08-06,25,2914.574,1447.33,4361.904
2025-08-06,26,2764.394,1534.866,4299.26
2025-08-06,27,2684.376,1603.11,4287.486
2025-08-06,28,2848.712,1507.026,4355.738
2025-08-06,29,2969.83,1442.878,4412.708
2025-08-06,30,3105.888,1422.028,4527.916
2025-08-06,31,3220.624,1448.976,4669.6
2025-08-06,32,3361.17,1531.7,4892.87
2025-08-06,33,3418.166,1788.38,5206.546
2025-08-06,34,3452.042,2101.69,5553.732
2025-08-06,35,3374.326,2338.392,5712.718
2025-08-06,36,3402.548,2327.556,5730.104
2025-08-06,37,3216.42,2263.446,5479.866
2025-08-06,38,2989.204,2311.174,5300.378
2025-08-06,39,2975.552,2338.258,5313.81
2025-08-06,40,3136.468,2335.446,5471.914
2025-08-06,41,3183.578,2503.798,5687.376
2025-08-06,42,3165.41,2840.338,6005.748
2025-08-06,43,3157.17,2782.008,5939.178
2025-08-06,44,3071.46,2785.626,5857.086
2025-08-06,45,3213.674,2633.868,5847.542
2025-08-06,46,3424.006,2600.592,6024.598
2025-08-06,47,3534.562,2967.118,6501.68
2025-08-06,48,3521.858,3432.366,6954.224
2025-08-07,1,3579.824,4157.75,7737.574
2025-08-07,2,3603.922,5044.612,8648.534
2025-08-07,3,3721.362,5863.662,9585.024
2025-08-07,4,3920.68,6455.122,10375.802
2025-08-07,5,4147.254,6503.934,10651.188
2025-08-07,6,4493.194,6278.68,10771.874
2025-08-07,7,4585.556,6480.55,11066.106
2025-08-07,8,4167.682,6187.004,10354.686
2025-08-07,9,3940.514,6113.768,10054.282
2025-08-07,10,4161.962,6085.318,10247.28
2025-08-07,11,3848.934,6000.8,9849.734
2025-08-07,12,3421.488,5954.68,9376.168
2025-08-07,13,3161.434,6101.842,9263.276
2025-08-07,14,3265.55,6230.932,9496.482
2025-08-07,15,3053.16,6372.906,9426.066
2025-08-07,16,3143.028,6249.114,9392.142
2025-08-07,17,3437.614,6544.332,9981.946
2025-08-07,18,3654.814,6377.454,10032.268
2025-08-07,19,3581.488,6742.09,10323.578
2025-08-07,20,3348.994,7264.276,10613.27
2025-08-07,21,3919.368,7344.344,11263.712
2025-08-07,22,4495.428,7100.696,11596.124
2025-08-07,23,4417.496,6871.056,11288.552
2025-08-07,24,4347.266,6627.922,10975.188
2025-08-07,25,4298.742,6845.294,11144.036
2025-08-07,26,4132.494,6777.164,10909.658
2025-08-07,27,4150.718,6591.528,10742.246
2025-08-07,28,4106.7,6820.774,10927.474
2025-08-07,29,4187.826,6895.346,11083.172
2025-08-07,30,4071.876,6742.498,10814.374
2025-08-07,31,4120.466,6772.354,10892.82
2025-08-07,32,3933.638,6836.064,10769.702
2025-08-07,33,3949.43,6759.586,10709.016
2025-08-07,34,4159.914,6668.124,10828.038
2025-08-07,35,3967.51,6562.746,10530.256
2025-08-07,36,3804.412,5721.17,9525.582
2025-08-07,37,3719.192,5811.106,9530.298
2025-08-07,38,3538.454,6184.766,9723.22
2025-08-07,39,3498.2,5898.61,9396.81
2025-08-07,40,3452.562,5915.358,9367.92
2025-08-07,41,3461.646,6307.382,9769.028
2025-08-07,42,3378.954,6288.356,9667.31
2025-08-07,43,3251.27,6265.82,9517.09
2025-08-07,44,3465.344,6509.932,9975.276
2025-08-07,45,3522.9,6344.08,9866.98
2025-08-07,46,3579.954,5392.934,8972.888
2025-08-07,47,3522.774,4502.48,8025.254
2025-08-07,48,3651.408,4108.464,7759.872
2025-08-08,1,3659.926,3717.832,7377.758
2025-08-08,2,3691.272,3899.746,7591.018
2025-08-08,3,3675.398,4014.614,7690.012
2025-08-08,4,3733.91,3910.964,7644.874
2025-08-08,5,3722.966,3556.358,7279.324
2025-08-08,6,3774.75,3502.898,7277.648
2025-08-08,7,3944.874,3533.534,7478.408
2025-08-08,8,4006.892,3699.496,7706.388
2025-08-08,9,4017.646,3574.232,7591.878
2025-08-08,10,3850.458,3590.52,7440.978
2025-08-08,11,3843.482,3748.104,7591.586
2025-08-08,12,4036.828,3661.574,7698.402
2025-08-08,13,3976.074,3351.092,7327.166
2025-08-08,14,3947.102,3356.924,7304.026
2025-08-08,15,4041.426,3463.862,7505.288
2025-08-08,16,4203.916,3600.622,7804.538
2025-08-08,17,4240.952,3534.516,7775.468
2025-08-08,18,4501.136,3460.104,7961.24
2025-08-08,19,4481.036,3395.768,7876.804
2025-08-08,20,4678.918,3469.222,8148.14
2025-08-08,21,5093.088,3472.488,8565.576
2025-08-08,22,5521.5,3438.49,8959.99
2025-08-08,23,5357.744,3693.752,9051.496
2025-08-08,24,5335.662,3799.598,9135.26
2025-08-08,25,5299.646,3763.534,9063.18
2025-08-08,26,5363.594,3603.02,8966.614
2025-08-08,27,5269.504,3346.68,8616.184
2025-08-08,28,5178.634,3114.442,8293.076
2025-08-08,29,5091.884,2970.444,8062.328
2025-08-08,30,5050.268,2978.662,8028.93
2025-08-08,31,4955.022,3036.83,7991.852
2025-08-08,32,4995.91,3124.318,8120.228
2025-08-08,33,4970.638,3249.04,8219.678
2025-08-08,34,4752.19,3402.344,8154.534
2025-08-08,35,4299.498,3642.648,7942.146
2025-08-08,36,4039.208,3777.346,7816.554
2025-08-08,37,3555.98,3739.988,7295.968
2025-08-08,38,3493.582,3990.918,7484.5
2025-08-08,39,3484.044,4358.016,7842.06
2025-08-08,40,3476.212,4559.28,8035.492
2025-08-08,41,3454.698,4795.618,8250.316
2025-08-08,42,3672.628,4823.95,8496.578
2025-08-08,43,3635.56,4780.952,8416.512
2025-08-08,44,3591.734,4794.928,8386.662
2025-08-08,45,3568.608,4792.458,8361.066
2025-08-08,46,3490.424,4907.098,8397.522
2025-08-08,47,3484.504,4912.734,8397.238
2025-08-08,48,3424.86,4901.176,8326.036
2025-08-09,1,3729.086,4832.308,8561.394
2025-08-09,2,3808.662,4620.528,8429.19
2025-08-09,3,3876.356,4265.812,8142.168
2025-08-09,4,4041.43,4046.46,8087.89
2025-08-09,5,4064.234,3775.69,7839.924
2025-08-09,6,4209.604,3586.992,7796.596
2025-08-09,7,4500.492,3570.948,8071.44
2025-08-09,8,4483.582,3481.84,7965.422
2025-08-09,9,4401.142,3613.058,8014.2
2025-08-09,10,4201.132,3742.132,7943.264
2025-08-09,11,4213.512,3821.772,8035.284
2025-08-09,12,4070.506,3867.844,7938.35
2025-08-09,13,4153.864,4173.288,8327.152
2025-08-09,14,4421.568,4437.584,8859.152
2025-08-09,15,4555.58,4929.184,9484.764
2025-08-09,16,4584.34,5511.4,10095.74
2025-08-09,17,4522.76,6108.628,10631.388
2025-08-09,18,4214.084,6284.54,10498.624
2025-08-09,19,4074.908,6205.938,10280.846
2025-08-09,20,4209.898,5886.92,10096.818
2025-08-09,21,4055.266,5092.754,9148.02
2025-08-09,22,4137.304,4959.68,9096.984
2025-08-09,23,4305.302,4415.038,8720.34
2025-08-09,24,4510.546,4090.636,8601.182
2025-08-09,25,4658.258,3793.102,8451.36
2025-08-09,26,4857.58,3785.418,8642.998
2025-08-09,27,5152.444,3996.232,9148.676
2025-08-09,28,5047.24,4071.592,9118.832
2025-08-09,29,4846.494,4175.294,9021.788
2025-08-09,30,4900.828,4131.024,9031.852
2025-08-09,31,5109.476,4064.678,9174.154
2025-08-09,32,4909.414,4826.186,9735.6
2025-08-09,33,4862.614,5058.304,9920.918
2025-08-09,34,5040.474,4794.04,9834.514
2025-08-09,35,4978.9,4535.002,9513.902
2025-08-09,36,4902.434,4313.928,9216.362
2025-08-09,37,4593.458,4304.662,8898.12
2025-08-09,38,4236.88,4378.012,8614.892
2025-08-09,39,3907.088,4202.992,8110.08
2025-08-09,40,3712.948,3862.35,7575.298
2025-08-09,41,3492.908,3717.352,7210.26
2025-08-09,42,3473.062,3824.002,7297.064
2025-08-09,43,3429.158,3894.136,7323.294
2025-08-09,44,3287.588,4170.846,7458.434
2025-08-09,45,3359.546,4563.286,7922.832
2025-08-09,46,3277.218,4675.708,7952.926
2025-08-09,47,3663.64,4278.882,7942.522
2025-08-09,48,3572.924,3546.276,7119.2
2025-08-10,1,3465.186,3091.294,6556.48
2025-08-10,2,3263.392,2911.788,6175.18
2025-08-10,3,3216.88,2608.982,5825.862
2025-08-10,4,3151.22,2212.186,5363.406
2025-08-10,5,3111.648,1915.08,5026.728
2025-08-10,6,3038.17,1629.152,4667.322
2025-08-10,7,3001.488,1367.882,4369.37
2025-08-10,8,2699.782,1133.874,3833.656
2025-08-10,9,2700.704,1047.24,3747.944
2025-08-10,10,2672.082,1070.894,3742.976
2025-08-10,11,2833.932,992.894,3826.826
2025-08-10,12,2803.142,828.8,3631.942
2025-08-10,13,2767.694,703.774,3471.468
2025-08-10,14,2544.768,589.348,3134.116
2025-08-10,15,2368.728,435.146,2803.874
2025-08-10,16,2339.056,321.78,2660.836
2025-08-10,17,2320.202,276.0,2596.202
2025-08-10,18,2342.152,253.444,2595.596
2025-08-10,19,2385.072,214.372,2599.444
2025-08-10,20,2680.268,177.698,2857.966
2025-08-10,21,2858.574,202.854,3061.428
2025-08-10,22,2868.38,174.794,3043.174
2025-08-10,23,2703.854,174.23,2878.084
2025-08-10,24,2663.548,192.546,2856.094
2025-08-10,25,2725.02,250.878,2975.898
2025-08-10,26,2874.728,280.18,3154.908
2025-08-10,27,2923.872,239.29,3163.162
2025-08-10,28,2828.056,242.148,3070.204
2025-08-10,29,2912.13,264.506,3176.636
2025-08-10,30,2901.174,380.296,3281.47
2025-08-10,31,2937.212,569.94,3507.152
2025-08-10,32,3075.73,871.98,3947.71
2025-08-10,33,3234.962,1020.674,4255.636
2025-08-10,34,3157.078,1184.306,4341.384
2025-08-10,35,3082.402,1478.11,4560.512
2025-08-10,36,2996.258,1641.74,4637.998
2025-08-10,37,2729.994,1997.628,4727.622
2025-08-10,38,2664.784,2265.674,4930.458
2025-08-10,39,2783.036,2461.456,5244.492
2025-08-10,40,2651.058,2536.234,5187.292
2025-08-10,41,2773.034,2768.142,5541.176
2025-08-10,42,2787.414,3180.548,5967.962
2025-08-10,43,2773.608,3358.688,6132.296
2025-08-10,44,2591.324,3519.818,6111.142
2025-08-10,45,2468.376,3500.454,5968.83
2025-08-10,46,2375.292,3614.416,5989.708
2025-08-10,47,2397.094,3773.652,6170.746
2025-08-10,48,2388.31,3852.522,6240.832
2025-08-11,1,2453.842,3938.338,6392.18
2025-08-11,2,2426.922,4071.506,6498.428
2025-08-11,3,2514.374,4106.86,6621.234
2025-08-11,4,2787.582,4004.276,6791.858
2025-08-11,5,2699.684,4112.018,6811.702
2025-08-11,6,2660.786,4212.77,6873.556
2025-08-11,7,2708.682,4302.324,7011.006
2025-08-11,8,2687.634,4094.886,6782.52
2025-08-11,9,2820.244,3736.066,6556.31
2025-08-11,10,2862.312,3386.434,6248.746
2025-08-11,11,2861.834,3223.08,6084.914
2025-08-11,12,2851.754,3034.152,5885.906
2025-08-11,13,2812.598,2713.958,5526.556
2025-08-11,14,2926.546,2277.588,5204.134
2025-08-11,15,2877.304,2041.362,4918.666
2025-08-11,16,2955.288,1757.2,4712.488
2025-08-11,17,2916.96,1598.032,4514.992
2025-08-11,18,2783.66,1432.34,4216.0
2025-08-11,19,2847.538,1296.318,4143.856
2025-08-11,20,2931.82,1133.894,4065.714
2025-08-11,21,2677.238,1000.408,3677.646
2025-08-11,22,2405.374,815.98,3221.354
2025-08-11,23,2272.16,667.726,2939.886
2025-08-11,24,2263.318,466.962,2730.28
2025-08-11,25,2310.94,439.348,2750.288
2025-08-11,26,2151.524,370.532,2522.056
2025-08-11,27,1949.522,353.756,2303.278
2025-08-11,28,2157.21,215.142,2372.352
2025-08-11,29,2039.91,281.994,2321.904
2025-08-11,30,1975.306,316.5,2291.806
2025-08-11,31,1956.786,292.48,2249.266
2025-08-11,32,1815.528,376.47,2191.998
2025-08-11,33,1750.292,519.308,2269.6
2025-08-11,34,1566.19,642.232,2208.422
2025-08-11,35,1380.308,800.826,2181.134
2025-08-11,36,1344.884,1011.862,2356.746
2025-08-11,37,1247.512,1263.858,2511.37
2025-08-11,38,1216.084,1421.122,2637.206
2025-08-11,39,1167.904,1631.692,2799.596
2025-08-11,40,1170.792,1772.042,2942.834
2025-08-11,41,1175.986,1701.778,2877.764
2025-08-11,42,1137.9,1556.152,2694.052
2025-08-11,43,1283.21,1483.93,2767.14
2025-08-11,44,1418.368,1667.092,3085.46
2025-08-11,45,1404.272,1917.772,3322.044
2025-08-11,46,1611.36,2353.996,3965.356
2025-08-11,47,1530.378,2568.336,4098.714
2025-08-11,48,1398.962,2615.95,4014.912
2025-08-12,1,1524.372,2353.688,3878.06
2025-08-12,2,1312.134,2271.378,3583.512
2025-08-12,3,1016.288,2351.546,3367.834
2025-08-12,4,981.544,2243.422,3224.966
2025-08-12,5,1025.846,2709.082,3734.928
2025-08-12,6,997.48,3182.834,4180.314
2025-08-12,7,929.31,2984.744,3914.054
2025-08-12,8,941.198,2602.882,3544.08
2025-08-12,9,992.392,1965.996,2958.388
2025-08-12,10,882.876,1474.196,2357.072
2025-08-12,11,825.138,1205.028,2030.166
2025-08-12,12,931.092,1116.246,2047.338
2025-08-12,13,1047.89,1037.474,2085.364
2025-08-12,14,1014.154,953.464,1967.618
2025-08-12,15,987.022,1021.106,2008.128
2025-08-12,16,886.294,1109.496,1995.79
2025-08-12,17,851.042,1243.1,2094.142
2025-08-12,18,854.624,1312.1,2166.724
2025-08-12,19,851.6,1225.884,2077.484
2025-08-12,20,760.934,1269.882,2030.816
2025-08-12,21,654.932,1429.528,2084.46
2025-08-12,22,690.002,1458.888,2148.89
2025-08-12,23,865.842,1344.848,2210.69
2025-08-12,24,798.154,1264.364,2062.518
2025-08-12,25,702.834,1297.444,2000.278
2025-08-12,26,752.854,1231.758,1984.612
2025-08-12,27,693.996,1171.0,1864.996
2025-08-12,28,708.934,1044.968,1753.902
2025-08-12,29,742.492,918.648,1661.14
2025-08-12,30,757.334,929.03,1686.364
2025-08-12,31,780.786,1028.504,1809.29
2025-08-12,32,829.576,1147.884,1977.46
2025-08-12,33,917.14,1295.82,2212.96
2025-08-12,34,899.578,1625.536,2525.114
2025-08-12,35,930.862,1840.148,2771.01
2025-08-12,36,998.99,1857.874,2856.864
2025-08-12,37,1088.926,1703.498,2792.424
2025-08-12,38,1186.082,1541.834,2727.916
2025-08-12,39,1301.144,1495.214,2796.358
2025-08-12,40,1353.536,1487.526,2841.062
2025-08-12,41,1395.956,1542.888,2938.844
2025-08-12,42,1430.436,1432.02,2862.456
2025-08-12,43,1343.742,1299.238,2642.98
2025-08-12,44,1414.008,1257.118,2671.126
2025-08-12,45,1368.918,1151.242,2520.16
2025-08-12,46,1310.824,1101.286,2412.11
2025-08-12,47,1292.486,982.656,2275.142
2025-08-12,48,1275.764,886.844,2162.608
2025-08-13,1,1236.342,820.114,2056.456
2025-08-13,2,1250.37,839.95,2090.32
2025-08-13,3,1284.71,782.192,2066.902
2025-08-13,4,1183.556,779.92,1963.476
2025-08-13,5,1006.456,660.742,1667.198
2025-08-13,6,958.568,588.196,1546.764
2025-08-13,7,902.874,596.538,1499.412
2025-08-13,8,933.598,582.952,1516.55
2025-08-13,9,924.6,543.698,1468.298
2025-08-13,10,849.076,505.49,1354.566
2025-08-13,11,846.116,502.18,1348.296
2025-08-13,12,792.868,513.116,1305.984
2025-08-13,13,642.638,519.498,1162.136
2025-08-13,14,713.13,451.676,1164.806
2025-08-13,15,799.136,374.86,1173.996
2025-08-13,16,741.702,386.686,1128.388
2025-08-13,17,770.126,315.364,1085.49
2025-08-13,18,779.98,267.382,1047.362
2025-08-13,19,870.576,249.266,1119.842
2025-08-13,20,946.958,231.77,1178.728
2025-08-13,21,866.76,228.966,1095.726
2025-08-13,22,855.678,212.366,1068.044
2025-08-13,23,875.59,236.502,1112.092
2025-08-13,24,1222.606,296.606,1519.212
2025-08-13,25,1234.87,295.178,1530.048
2025-08-13,26,1465.244,454.964,1920.208
2025-08-13,27,1406.394,557.03,1963.424
2025-08-13,28,1475.352,632.928,2108.28
2025-08-13,29,1522.534,689.92,2212.454
2025-08-13,30,1744.35,689.842,2434.192
2025-08-13,31,2037.368,694.646,2732.014
2025-08-13,32,2213.558,849.012,3062.57
2025-08-13,33,2403.97,1198.604,3602.574
2025-08-13,34,2530.304,1498.63,4028.934
2025-08-13,35,2587.39,1697.182,4284.572
2025-08-13,36,2623.75,1700.772,4324.522
2025-08-13,37,2530.716,2006.942,4537.658
2025-08-13,38,2517.806,1961.402,4479.208
2025-08-13,39,2536.844,2546.154,5082.998
2025-08-13,40,2444.262,3303.228,5747.49
2025-08-13,41,2446.234,3627.424,6073.658
2025-08-13,42,2327.842,3679.202,6007.044
2025-08-13,43,2394.196,3924.364,6318.56
2025-08-13,44,2167.696,3804.266,5971.962
2025-08-13,45,1883.876,4299.356,6183.232
2025-08-13,46,1485.694,4725.936,6211.63
2025-08-13,47,1533.824,5196.616,6730.44
2025-08-13,48,1329.656,5238.452,6568.108
2025-08-14,1,1123.97,4981.052,6105.022
2025-08-14,2,987.004,5199.268,6186.272
2025-08-14,3,726.09,5238.484,5964.574
2025-08-14,4,624.256,5232.768,5857.024
2025-08-14,5,636.26,5414.244,6050.504
2025-08-14,6,484.52,5358.196,5842.716
2025-08-14,7,481.494,5334.318,5815.812
2025-08-14,8,345.738,5397.688,5743.426
2025-08-14,9,412.868,5291.508,5704.376
2025-08-14,10,423.806,5124.862,5548.668
2025-08-14,11,444.168,4898.95,5343.118
2025-08-14,12,393.934,4641.182,5035.116
2025-08-14,13,396.482,4331.654,4728.136
2025-08-14,14,390.148,4077.39,4467.538
2025-08-14,15,363.056,3498.742,3861.798
2025-08-14,16,348.82,3164.664,3513.484
2025-08-14,17,310.306,2854.896,3165.202
2025-08-14,18,362.076,2727.146,3089.222
2025-08-14,19,410.258,2380.088,2790.346
2025-08-14,20,418.526,2141.84,2560.366
2025-08-14,21,562.63,2092.71,2655.34
2025-08-14,22,748.452,1886.638,2635.09
2025-08-14,23,826.23,1660.494,2486.724
2025-08-14,24,945.13,1502.108,2447.238
2025-08-14,25,1038.228,1468.402,2506.63
2025-08-14,26,1065.264,1565.396,2630.66
2025-08-14,27,1143.32,1604.192,2747.512
2025-08-14,28,1277.242,1692.708,2969.95
2025-08-14,29,1411.894,1788.422,3200.316
2025-08-14,30,1539.432,1917.782,3457.214
2025-08-14,31,1655.56,2139.362,3794.922
2025-08-14,32,1881.066,2337.034,4218.1
2025-08-14,33,2003.408,2415.448,4418.856
2025-08-14,34,2081.528,2273.75,4355.278
2025-08-14,35,1884.202,2126.392,4010.594
2025-08-14,36,1838.612,2064.53,3903.142
2025-08-14,37,2022.344,2185.594,4207.938
2025-08-14,38,1898.022,2240.374,4138.396
2025-08-14,39,1965.382,2207.34,4172.722
2025-08-14,40,1754.556,2151.94,3906.496
2025-08-14,41,1733.052,2049.696,3782.748
2025-08-14,42,1784.848,1924.936,3709.784
2025-08-14,43,1822.264,1860.638,3682.902
2025-08-14,44,2021.82,1830.48,3852.3
2025-08-14,45,2003.55,1919.172,3922.722
2025-08-14,46,1993.22,1970.384,3963.604
2025-08-14,47,1915.89,1936.99,3852.88
2025-08-14,48,1912.886,1827.84,3740.726
2025-08-15,1,2048.806,1916.562,3965.368
2025-08-15,2,2314.7,2029.408,4344.108
2025-08-15,3,2471.772,1963.404,4435.176
2025-08-15,4,2359.696,1808.772,4168.468
2025-08-15,5,2317.95,1628.954,3946.904
2025-08-15,6,2125.186,1621.246,3746.432
2025-08-15,7,2159.466,1753.872,3913.338
2025-08-15,8,2146.37,1860.554,4006.924
2025-08-15,9,2003.634,2146.258,4149.892
2025-08-15,10,1845.15,2262.816,4107.966
2025-08-15,11,1855.452,2100.548,3956.0
2025-08-15,12,1830.492,1929.734,3760.226
2025-08-15,13,1863.446,1837.242,3700.688
2025-08-15,14,1871.342,1712.356,3583.698
2025-08-15,15,1982.162,1748.454,3730.616
2025-08-15,16,2041.96,1576.002,3617.962
2025-08-15,17,2054.956,1475.13,3530.086
2025-08-15,18,1646.772,1488.906,3135.678
2025-08-15,19,1429.45,1541.424,2970.874
2025-08-15,20,1557.914,1521.696,3079.61
2025-08-15,21,1545.092,1415.572,2960.664
2025-08-15,22,1493.528,1312.818,2806.346
2025-08-15,23,1390.508,1336.908,2727.416
2025-08-15,24,1314.688,1549.23,2863.918
2025-08-15,25,1497.152,1922.278,3419.43
2025-08-15,26,1559.884,2042.484,3602.368
2025-08-15,27,1363.98,2224.006,3587.986
2025-08-15,28,1344.558,2574.726,3919.284
2025-08-15,29,1371.902,2896.038,4267.94
2025-08-15,30,1475.456,2975.128,4450.584
2025-08-15,31,1281.534,2773.252,4054.786
2025-08-15,32,1152.918,2818.078,3970.996
2025-08-15,33,1272.968,2872.634,4145.602
2025-08-15,34,1324.592,2828.352,4152.944
2025-08-15,35,1394.172,2700.128,4094.3
2025-08-15,36,1443.142,2727.814,4170.956
2025-08-15,37,1382.68,2719.93,4102.61
2025-08-15,38,1389.404,2464.596,3854.0
2025-08-15,39,1529.458,2362.088,3891.546
2025-08-15,40,1298.418,2507.06,3805.478
2025-08-15,41,1149.62,2398.718,3548.338
2025-08-15,42,1170.316,2586.442,3756.758
2025-08-15,43,1106.714,2733.182,3839.896
2025-08-15,44,1066.92,2878.412,3945.332
2025-08-15,45,943.97,2918.598,3862.568
2025-08-15,46,738.958,2820.426,3559.384
2025-08-15,47,640.654,2881.146,3521.8
2025-08-15,48,576.742,2881.92,3458.662
2025-08-16,1,546.594,3009.694,3556.288
2025-08-16,2,521.604,3003.788,3525.392
2025-08-16,3,488.968,2741.848,3230.816
2025-08-16,4,383.526,2783.62,3167.146
2025-08-16,5,356.94,2999.128,3356.068
2025-08-16,6,355.896,3076.336,3432.232
2025-08-16,7,369.354,3125.546,3494.9
2025-08-16,8,413.512,3031.526,3445.038
2025-08-16,9,425.112,3314.548,3739.66
2025-08-16,10,432.102,3602.476,4034.578
2025-08-16,11,439.634,3483.536,3923.17
2025-08-16,12,458.34,3484.834,3943.174
2025-08-16,13,484.212,3517.678,4001.89
2025-08-16,14,476.64,3653.516,4130.156
2025-08-16,15,467.76,3626.706,4094.466
2025-08-16,16,406.772,3484.518,3891.29
2025-08-16,17,390.578,3327.448,3718.026
2025-08-16,18,398.338,3244.772,3643.11
2025-08-16,19,414.776,3107.098,3521.874
2025-08-16,20,384.924,2993.524,3378.448
2025-08-16,21,395.266,3023.086,3418.352
2025-08-16,22,431.886,2766.074,3197.96
2025-08-16,23,452.736,2521.896,2974.632
2025-08-16,24,438.606,2479.654,2918.26
2025-08-16,25,423.532,2401.446,2824.978
2025-08-16,26,442.616,2324.18,2766.796
2025-08-16,27,452.956,2254.38,2707.336
2025-08-16,28,449.884,2156.066,2605.95
2025-08-16,29,434.402,2108.814,2543.216
2025-08-16,30,422.788,2000.242,2423.03
2025-08-16,31,426.196,1926.534,2352.73
2025-08-16,32,440.274,1928.352,2368.626
2025-08-16,33,412.472,1991.332,2403.804
2025-08-16,34,415.26,2117.616,2532.876
2025-08-16,35,440.39,2221.742,2662.132
2025-08-16,36,456.612,2177.248,2633.86
2025-08-16,37,429.124,2101.636,2530.76
2025-08-16,38,395.622,1986.092,2381.714
2025-08-16,39,335.392,2011.284,2346.676
2025-08-16,40,277.194,2190.524,2467.718
2025-08-16,41,265.198,2355.932,2621.13
2025-08-16,42,219.002,2342.158,2561.16
2025-08-16,43,203.754,2362.53,2566.284
2025-08-16,44,214.358,2261.178,2475.536
2025-08-16,45,220.206,2278.346,2498.552
2025-08-16,46,178.084,2214.762,2392.846
2025-08-16,47,167.496,2259.38,2426.876
2025-08-16,48,180.246,2085.92,2266.166
2025-08-17,1,184.056,1964.55,2148.606
2025-08-17,2,202.444,1992.302,2194.746
2025-08-17,3,175.93,2054.848,2230.778
2025-08-17,4,122.592,2150.972,2273.564
2025-08-17,5,104.036,2201.932,2305.968
2025-08-17,6,94.348,2200.352,2294.7
2025-08-17,7,95.542,2244.662,2340.204
2025-08-17,8,91.918,2142.558,2234.476
2025-08-17,9,88.88,1988.694,2077.574
2025-08-17,10,78.602,1928.158,2006.76
2025-08-17,11,94.198,1860.614,1954.812
2025-08-17,12,95.978,1892.614,1988.592
2025-08-17,13,129.216,1890.91,2020.126
2025-08-17,14,141.902,1870.274,2012.176
2025-08-17,15,135.368,1968.548,2103.916
2025-08-17,16,128.112,2027.226,2155.338
2025-08-17,17,114.64,2051.066,2165.706
2025-08-17,18,104.35,1957.23,2061.58
2025-08-17,19,104.194,1760.85,1865.044
2025-08-17,20,120.158,1639.124,1759.282
2025-08-17,21,150.67,1510.19,1660.86
2025-08-17,22,178.808,1370.98,1549.788
2025-08-17,23,188.46,1287.336,1475.796
2025-08-17,24,199.164,1176.854,1376.018
2025-08-17,25,213.636,1070.114,1283.75
2025-08-17,26,241.616,1000.472,1242.088
2025-08-17,27,256.18,992.88,1249.06
2025-08-17,28,258.624,1067.262,1325.886
2025-08-17,29,280.906,1137.67,1418.576
2025-08-17,30,297.508,1214.292,1511.8
2025-08-17,31,289.022,1283.236,1572.258
2025-08-17,32,334.692,1374.424,1709.116
2025-08-17,33,369.084,1480.908,1849.992
2025-08-17,34,402.506,1793.536,2196.042
2025-08-17,35,425.23,1887.878,2313.108
2025-08-17,36,475.426,2209.898,2685.324
2025-08-17,37,468.958,2429.74,2898.698
2025-08-17,38,452.708,2747.676,3200.384
2025-08-17,39,478.924,3023.55,3502.474
2025-08-17,40,534.392,3103.936,3638.328
2025-08-17,41,590.794,3305.258,3896.052
2025-08-17,42,664.058,3478.922,4142.98
2025-08-17,43,652.084,3387.046,4039.13
2025-08-17,44,611.928,3317.352,3929.28
2025-08-17,45,608.226,3162.732,3770.958
2025-08-17,46,608.398,2993.782,3602.18
2025-08-17,47,633.484,2978.846,3612.33
2025-08-17,48,593.894,2894.604,3488.498
2025-08-18,1,585.25,2872.44,3457.69
2025-08-18,2,576.72,2773.24,3349.96
2025-08-18,3,524.866,2693.598,3218.464
2025-08-18,4,492.356,2677.296,3169.652
2025-08-18,5,401.01,2557.126,2958.136
2025-08-18,6,347.538,2654.866,3002.404
2025-08-18,7,328.266,2585.16,2913.426
2025-08-18,8,294.346,2576.312,2870.658
2025-08-18,9,278.744,2581.412,2860.156
2025-08-18,10,243.904,2554.296,2798.2
2025-08-18,11,243.086,2273.586,2516.672
2025-08-18,12,230.112,2193.37,2423.482
2025-08-18,13,235.468,2239.278,2474.746
2025-08-18,14,256.838,2201.916,2458.754
2025-08-18,15,270.608,2041.862,2312.47
2025-08-18,16,251.034,1912.414,2163.448
2025-08-18,17,230.87,1850.332,2081.202
2025-08-18,18,204.134,1798.798,2002.932
2025-08-18,19,195.744,1749.192,1944.936
2025-08-18,20,212.148,1586.932,1799.08
2025-08-18,21,235.858,1470.942,1706.8
2025-08-18,22,251.284,1372.754,1624.038
2025-08-18,23,280.918,1412.658,1693.576
2025-08-18,24,303.376,1371.546,1674.922
2025-08-18,25,298.292,1491.018,1789.31
2025-08-18,26,328.098,1475.046,1803.144
2025-08-18,27,364.356,1350.732,1715.088
2025-08-18,28,412.342,1412.13,1824.472
2025-08-18,29,413.526,1512.786,1926.312
2025-08-18,30,400.534,1591.43,1991.964
2025-08-18,31,388.008,1466.544,1854.552
2025-08-18,32,383.574,1412.512,1796.086
2025-08-18,33,364.894,1274.702,1639.596
2025-08-18,34,341.948,1368.644,1710.592
2025-08-18,35,447.89,1644.058,2091.948
2025-08-18,36,569.162,1840.622,2409.784
2025-08-18,37,646.916,2111.312,2758.228
2025-08-18,38,744.37,2269.22,3013.59
2025-08-18,39,757.378,2169.774,2927.152
2025-08-18,40,687.802,2137.74,2825.542
2025-08-18,41,749.242,2094.12,2843.362
2025-08-18,42,743.262,2194.85,2938.112
2025-08-18,43,733.508,2335.306,3068.814
2025-08-18,44,625.262,2379.856,3005.118
2025-08-18,45,632.826,2408.786,3041.612
2025-08-18,46,613.42,2388.98,3002.4
2025-08-18,47,639.04,2451.398,3090.438
2025-08-18,48,636.26,2474.128,3110.388
2025-08-19,1,558.86,2395.156,2954.016
2025-08-19,2,534.86,2397.524,2932.384
2025-08-19,3,566.478,2327.414,2893.892
2025-08-19,4,629.674,2301.416,2931.09
2025-08-19,5,645.364,2339.248,2984.612
2025-08-19,6,639.52,2376.268,3015.788
2025-08-19,7,700.896,2308.326,3009.222
2025-08-19,8,715.942,2406.356,3122.298
2025-08-19,9,848.098,2501.462,3349.56
2025-08-19,10,947.43,2580.612,3528.042
2025-08-19,11,1089.254,2685.986,3775.24
2025-08-19,12,1269.664,2840.526,4110.19
2025-08-19,13,1382.144,3001.214,4383.358
2025-08-19,14,1451.656,3184.624,4636.28
2025-08-19,15,1528.25,3442.894,4971.144
2025-08-19,16,1666.932,3597.36,5264.292
2025-08-19,17,1739.284,3589.16,5328.444
2025-08-19,18,1806.008,3589.23,5395.238
2025-08-19,19,1899.414,3445.704,5345.118
2025-08-19,20,1737.334,3146.192,4883.526
2025-08-19,21,1760.424,2955.608,4716.032
2025-08-19,22,1664.83,2896.802,4561.632
2025-08-19,23,1689.642,2914.198,4603.84
2025-08-19,24,1952.28,2831.156,4783.436
2025-08-19,25,2178.786,2844.21,5022.996
2025-08-19,26,2274.362,2898.808,5173.17
2025-08-19,27,2447.288,3277.232,5724.52
2025-08-19,28,2402.656,3521.89,5924.546
2025-08-19,29,2218.394,3645.182,5863.576
2025-08-19,30,2028.626,3723.256,5751.882
2025-08-19,31,2090.424,3914.688,6005.112
2025-08-19,32,2201.694,4194.638,6396.332
2025-08-19,33,2365.964,4468.648,6834.612
2025-08-19,34,2595.292,4531.712,7127.004
2025-08-19,35,2687.338,4488.124,7175.462
2025-08-19,36,2775.442,4545.458,7320.9
2025-08-19,37,2994.19,4524.406,7518.596
2025-08-19,38,3105.88,4417.102,7522.982
2025-08-19,39,3180.69,4777.552,7958.242
2025-08-19,40,3110.574,5222.048,8332.622
2025-08-19,41,3022.558,5454.32,8476.878
2025-08-19,42,3097.872,5658.576,8756.448
2025-08-19,43,3032.498,5910.972,8943.47
2025-08-19,44,2978.202,5986.498,8964.7
2025-08-19,45,2859.202,6409.242,9268.444
2025-08-19,46,2894.138,6881.15,9775.288
2025-08-19,47,2825.76,6671.632,9497.392
2025-08-19,48,2754.928,6175.254,8930.182
2025-08-20,1,2983.216,6327.032,9310.248
2025-08-20,2,2851.01,6878.62,9729.63
2025-08-20,3,2737.388,6805.884,9543.272
2025-08-20,4,2712.568,6757.688,9470.256
2025-08-20,5,2576.048,6501.136,9077.184
2025-08-20,6,2367.204,6096.19,8463.394
2025-08-20,7,2276.346,6021.104,8297.45
2025-08-20,8,2135.588,6060.344,8195.932
2025-08-20,9,2132.398,6063.58,8195.978
2025-08-20,10,1983.484,6391.184,8374.668
2025-08-20,11,1819.656,6583.35,8403.006
2025-08-20,12,1770.02,6635.144,8405.164
2025-08-20,13,1784.454,6638.866,8423.32
2025-08-20,14,1808.022,6645.658,8453.68
2025-08-20,15,1661.124,6775.716,8436.84
2025-08-20,16,1680.39,6595.262,8275.652
2025-08-20,17,1711.26,6247.722,7958.982
2025-08-20,18,1893.27,5974.832,7868.102
2025-08-20,19,1841.742,5729.622,7571.364
2025-08-20,20,1686.842,5445.92,7132.762
2025-08-20,21,1629.376,5204.836,6834.212
2025-08-20,22,1467.544,4925.058,6392.602
2025-08-20,23,1356.296,4825.38,6181.676
2025-08-20,24,1294.11,4580.564,5874.674
2025-08-20,25,1250.548,4363.932,5614.48
2025-08-20,26,1355.816,4214.762,5570.578
2025-08-20,27,1222.77,3969.99,5192.76
2025-08-20,28,1133.044,3923.628,5056.672
2025-08-20,29,1062.77,3974.474,5037.244
2025-08-20,30,1123.97,4280.706,5404.676
2025-08-20,31,1061.434,4292.312,5353.746
2025-08-20,32,967.224,4397.11,5364.334
2025-08-20,33,968.166,4377.692,5345.858
2025-08-20,34,926.99,4417.284,5344.274
2025-08-20,35,954.218,4492.724,5446.942
2025-08-20,36,951.47,4497.664,5449.134
2025-08-20,37,974.814,4472.572,5447.386
2025-08-20,38,984.87,4461.498,5446.368
2025-08-20,39,982.906,4516.072,5498.978
2025-08-20,40,1146.82,4656.64,5803.46
2025-08-20,41,1261.706,4661.16,5922.866
2025-08-20,42,1154.05,4588.998,5743.048
2025-08-20,43,1059.53,4818.816,5878.346
2025-08-20,44,873.184,5208.354,6081.538
2025-08-20,45,738.946,5290.788,6029.734
2025-08-20,46,731.33,5161.124,5892.454
2025-08-20,47,799.33,5048.302,5847.632
2025-08-20,48,825.284,5257.478,6082.762
2025-08-21,1,789.57,5295.518,6085.088
2025-08-21,2,749.972,5338.044,6088.016
2025-08-21,3,707.648,5280.208,5987.856
2025-08-21,4,716.144,5184.39,5900.534
2025-08-21,5,680.954,5153.628,5834.582
2025-08-21,6,547.466,5335.14,5882.606
2025-08-21,7,526.072,5658.192,6184.264
2025-08-21,8,498.182,5812.662,6310.844
2025-08-21,9,493.298,5563.588,6056.886
2025-08-21,10,489.86,5294.834,5784.694
2025-08-21,11,522.464,5103.4,5625.864
2025-08-21,12,596.764,4992.66,5589.424
2025-08-21,13,616.64,4845.814,5462.454
2025-08-21,14,644.566,4875.304,5519.87
2025-08-21,15,706.06,4556.982,5263.042
2025-08-21,16,763.812,4114.658,4878.47
2025-08-21,17,784.358,4373.552,5157.91
2025-08-21,18,760.148,4357.712,5117.86
2025-08-21,19,798.516,4900.484,5699.0
2025-08-21,20,660.92,5156.87,5817.79
2025-08-21,21,459.27,5043.338,5502.608
2025-08-21,22,426.12,4740.068,5166.188
2025-08-21,23,467.984,4674.542,5142.526
2025-08-21,24,418.496,4688.274,5106.77
2025-08-21,25,327.326,4652.278,4979.604
2025-08-21,26,242.588,4099.392,4341.98
2025-08-21,27,156.32,4099.75,4256.07
2025-08-21,28,156.194,3771.876,3928.07
2025-08-21,29,170.052,3638.068,3808.12
2025-08-21,30,187.55,3656.556,3844.106
2025-08-21,31,209.142,3613.82,3822.962
2025-08-21,32,232.846,4050.56,4283.406
2025-08-21,33,232.366,3763.502,3995.868
2025-08-21,34,237.0,3884.802,4121.802
2025-08-21,35,303.604,3908.616,4212.22
2025-08-21,36,318.876,3727.712,4046.588
2025-08-21,37,367.476,3538.25,3905.726
2025-08-21,38,374.72,3311.794,3686.514
2025-08-21,39,407.46,3086.214,3493.674
2025-08-21,40,454.25,3066.238,3520.488
2025-08-21,41,529.766,2893.546,3423.312
2025-08-21,42,585.578,2521.218,3106.796
2025-08-21,43,639.898,2463.416,3103.314
2025-08-21,44,682.512,2366.218,3048.73
2025-08-21,45,649.904,1988.624,2638.528
2025-08-21,46,573.648,2016.552,2590.2
2025-08-21,47,556.01,2058.286,2614.296
2025-08-21,48,583.332,2025.574,2608.906
2025-08-22,1,562.438,2011.73,2574.168
2025-08-22,2,486.004,1941.874,2427.878
2025-08-22,3,517.198,1812.25,2329.448
2025-08-22,4,544.526,1760.456,2304.982
2025-08-22,5,542.436,1646.766,2189.202
2025-08-22,6,570.334,1610.118,2180.452
2025-08-22,7,549.874,1654.096,2203.97
2025-08-22,8,511.83,1650.408,2162.238
2025-08-22,9,511.854,1838.71,2350.564
2025-08-22,10,461.152,1930.912,2392.064
2025-08-22,11,490.96,1708.98,2199.94
2025-08-22,12,475.618,1426.444,1902.062
2025-08-22,13,509.684,1260.938,1770.622
2025-08-22,14,515.454,1196.604,1712.058
2025-08-22,15,543.876,957.278,1501.154
2025-08-22,16,502.896,894.48,1397.376
2025-08-22,17,505.754,907.672,1413.426
2025-08-22,18,521.052,1169.996,1691.048
2025-08-22,19,499.902,1436.192,1936.094
2025-08-22,20,487.008,1574.302,2061.31
2025-08-22,21,421.976,1585.682,2007.658
2025-08-22,22,379.846,1605.438,1985.284
2025-08-22,23,400.182,1457.686,1857.868
2025-08-22,24,371.408,1262.312,1633.72
2025-08-22,25,364.426,1188.612,1553.038
2025-08-22,26,331.754,1224.632,1556.386
2025-08-22,27,348.076,1254.598,1602.674
2025-08-22,28,338.04,1221.706,1559.746
2025-08-22,29,339.564,1163.44,1503.004
2025-08-22,30,358.636,1122.15,1480.786
2025-08-22,31,414.884,1133.982,1548.866
2025-08-22,32,421.56,1087.338,1508.898
2025-08-22,33,434.032,1112.094,1546.126
2025-08-22,34,413.22,1121.978,1535.198
2025-08-22,35,422.978,1091.18,1514.158
2025-08-22,36,356.562,969.922,1326.484
2025-08-22,37,280.458,837.226,1117.684
2025-08-22,38,307.102,838.214,1145.316
2025-08-22,39,305.408,879.044,1184.452
2025-08-22,40,283.64,1074.06,1357.7
2025-08-22,41,259.472,1171.664,1431.136
2025-08-22,42,240.304,1144.628,1384.932
2025-08-22,43,230.91,1335.546,1566.456
2025-08-22,44,211.114,1410.298,1621.412
2025-08-22,45,198.376,1454.334,1652.71
2025-08-22,46,181.306,1664.724,1846.03
2025-08-22,47,179.644,1719.254,1898.898
2025-08-22,48,164.134,1503.744,1667.878
2025-08-23,1,154.436,1246.25,1400.686
2025-08-23,2,150.072,1100.498,1250.57
2025-08-23,3,111.444,1102.444,1213.888
2025-08-23,4,83.824,1044.1,1127.924
2025-08-23,5,64.912,1008.954,1073.866
2025-08-23,6,64.388,1065.348,1129.736
2025-08-23,7,70.394,1086.154,1156.548
2025-08-23,8,71.158,1012.478,1083.636
2025-08-23,9,78.122,1034.766,1112.888
2025-08-23,10,80.314,996.468,1076.782
2025-08-23,11,68.872,978.592,1047.464
2025-08-23,12,58.642,1023.584,1082.226
2025-08-23,13,54.644,1132.606,1187.25
2025-08-23,14,72.828,1186.898,1259.726
2025-08-23,15,90.954,1166.506,1257.46
2025-08-23,16,115.102,1027.206,1142.308
2025-08-23,17,120.422,1024.362,1144.784
2025-08-23,18,168.48,961.522,1130.002
2025-08-23,19,219.366,889.116,1108.482
2025-08-23,20,276.782,777.536,1054.318
2025-08-23,21,340.878,641.318,982.196
2025-08-23,22,380.962,518.77,899.732
2025-08-23,23,391.774,459.7,851.474
2025-08-23,24,437.544,419.856,857.4
2025-08-23,25,484.854,351.466,836.32
2025-08-23,26,528.852,280.992,809.844
2025-08-23,27,613.798,233.074,846.872
2025-08-23,28,693.022,197.878,890.9
2025-08-23,29,746.258,183.546,929.804
2025-08-23,30,788.686,165.598,954.284
2025-08-23,31,833.186,168.846,1002.032
2025-08-23,32,793.394,157.11,950.504
2025-08-23,33,806.722,169.188,975.91
2025-08-23,34,863.75,177.616,1041.366
2025-08-23,35,869.748,192.256,1062.004
2025-08-23,36,843.848,197.572,1041.42
2025-08-23,37,857.838,227.496,1085.334
2025-08-23,38,822.868,267.674,1090.542
2025-08-23,39,789.468,298.618,1088.086
2025-08-23,40,755.956,323.776,1079.732
2025-08-23,41,663.198,352.638,1015.836
2025-08-23,42,627.524,368.762,996.286
2025-08-23,43,646.172,354.4,1000.572
2025-08-23,44,627.33,322.37,949.7
2025-08-23,45,625.29,345.636,970.926
2025-08-23,46,533.836,384.48,918.316
2025-08-23,47,491.008,402.978,893.986
2025-08-23,48,472.34,397.366,869.706
2025-08-24,1,477.358,403.222,880.58
2025-08-24,2,531.638,405.138,936.776
2025-08-24,3,518.048,403.81,921.858
2025-08-24,4,526.808,439.736,966.544
2025-08-24,5,539.35,457.426,996.776
2025-08-24,6,502.224,477.906,980.13
2025-08-24,7,512.674,478.894,991.568
2025-08-24,8,522.638,529.984,1052.622
2025-08-24,9,506.06,505.63,1011.69
2025-08-24,10,485.38,505.936,991.316
2025-08-24,11,475.242,474.788,950.03
2025-08-24,12,466.032,381.028,847.06
2025-08-24,13,437.744,321.832,759.576
2025-08-24,14,432.33,302.984,735.314
2025-08-24,15,428.022,304.9,732.922
2025-08-24,16,449.42,320.196,769.616
2025-08-24,17,480.34,317.102,797.442
2025-08-24,18,488.708,290.432,779.14
2025-08-24,19,494.796,269.47,764.266
2025-08-24,20,474.35,258.776,733.126
2025-08-24,21,439.43,244.208,683.638
2025-08-24,22,432.746,226.6,659.346
2025-08-24,23,517.746,240.752,758.498
2025-08-24,24,617.602,284.144,901.746
2025-08-24,25,548.892,289.612,838.504
2025-08-24,26,488.12,303.854,791.974
2025-08-24,27,486.702,307.464,794.166
2025-08-24,28,543.802,289.83,833.632
2025-08-24,29,614.946,286.45,901.396
2025-08-24,30,665.532,305.512,971.044
2025-08-24,31,771.556,349.392,1120.948
2025-08-24,32,867.474,358.594,1226.068
2025-08-24,33,951.196,404.96,1356.156
2025-08-24,34,976.874,428.934,1405.808
2025-08-24,35,1042.29,487.554,1529.844
2025-08-24,36,1041.648,550.718,1592.366
2025-08-24,37,1012.636,585.67,1598.306
2025-08-24,38,1079.258,599.674,1678.932
2025-08-24,39,1110.908,575.196,1686.104
2025-08-24,40,1037.352,569.65,1607.002
2025-08-24,41,1095.9,591.172,1687.072
2025-08-24,42,1069.756,632.136,1701.892
2025-08-24,43,1024.414,639.318,1663.732
2025-08-24,44,960.438,669.802,1630.24
2025-08-24,45,878.776,791.046,1669.822
2025-08-24,46,885.476,932.036,1817.512
2025-08-24,47,900.548,1017.48,1918.028
2025-08-24,48,963.284,1063.206,2026.49
2025-08-25,1,1054.132,1061.916,2116.048
2025-08-25,2,1170.81,1148.01,2318.82
2025-08-25,3,1280.982,1205.284,2486.266
2025-08-25,4,1266.576,1208.124,2474.7
2025-08-25,5,1239.476,1282.198,2521.674
2025-08-25,6,1238.3,1519.986,2758.286
2025-08-25,7,1261.366,1760.454,3021.82
2025-08-25,8,1302.874,1776.908,3079.782
2025-08-25,9,1222.962,1815.246,3038.208
2025-08-25,10,1256.868,1889.574,3146.442
2025-08-25,11,1300.85,1760.712,3061.562
2025-08-25,12,1332.886,1608.504,2941.39
2025-08-25,13,1368.176,1603.928,2972.104
2025-08-25,14,1428.396,1724.812,3153.208
2025-08-25,15,1611.454,1811.904,3423.358
2025-08-25,16,1855.95,1874.432,3730.382
2025-08-25,17,1871.058,1849.654,3720.712
2025-08-25,18,1853.716,1867.002,3720.718
2025-08-25,19,2032.472,1910.914,3943.386
2025-08-25,20,2350.132,1814.372,4164.504
2025-08-25,21,2623.398,1665.29,4288.688
2025-08-25,22,2645.328,1637.39,4282.718
2025-08-25,23,2707.69,1802.202,4509.892
2025-08-25,24,2955.776,1932.968,4888.744
2025-08-25,25,3373.278,2035.834,5409.112
2025-08-25,26,3506.566,2266.614,5773.18
2025-08-25,27,3214.118,2454.886,5669.004
2025-08-25,28,2818.582,2655.456,5474.038
2025-08-25,29,3585.026,3156.016,6741.042
2025-08-25,30,3812.47,3464.82,7277.29
2025-08-25,31,4307.93,3758.502,8066.432
2025-08-25,32,4268.392,3681.244,7949.636
2025-08-25,33,4950.032,3936.218,8886.25
2025-08-25,34,5304.034,4277.164,9581.198
2025-08-25,35,5540.618,4608.972,10149.59
2025-08-25,36,5313.98,4995.946,10309.926
2025-08-25,37,5007.834,5310.426,10318.26
2025-08-25,38,4744.826,5505.318,10250.144
2025-08-25,39,4496.14,5570.784,10066.924
2025-08-25,40,4259.81,5764.464,10024.274
2025-08-25,41,4119.964,6180.062,10300.026
2025-08-25,42,4148.188,6460.12,10608.308
2025-08-25,43,4178.88,6649.286,10828.166
2025-08-25,44,4189.694,6743.36,10933.054
2025-08-25,45,4108.746,6695.198,10803.944
2025-08-25,46,3956.814,6719.082,10675.896
2025-08-25,47,3933.406,6784.682,10718.088
2025-08-25,48,4067.862,6968.254,11036.116
2025-08-26,1,3794.566,7398.494,11193.06
2025-08-26,2,3996.422,7485.616,11482.038
2025-08-26,3,4263.074,7661.698,11924.772
2025-08-26,4,4401.648,7816.902,12218.55
2025-08-26,5,4551.032,7888.208,12439.24
2025-08-26,6,4555.112,7636.614,12191.726
2025-08-26,7,4011.976,7476.538,11488.514
2025-08-26,8,3495.822,7018.534,10514.356
2025-08-26,9,3490.266,6688.346,10178.612
2025-08-26,10,3399.092,6258.974,9658.066
2025-08-26,11,3018.444,5948.018,8966.462
2025-08-26,12,2816.232,5696.28,8512.512
2025-08-26,13,2861.75,5698.786,8560.536
2025-08-26,14,2847.432,5772.516,8619.948
2025-08-26,15,2876.166,5817.438,8693.604
2025-08-26,16,2926.76,5814.028,8740.788
2025-08-26,17,2842.182,5965.32,8807.502
2025-08-26,18,2930.998,5797.894,8728.892
2025-08-26,19,2780.422,5443.084,8223.506
2025-08-26,20,2433.796,5151.578,7585.374
2025-08-26,21,2424.644,5137.088,7561.732
2025-08-26,22,2603.66,4984.522,7588.182
2025-08-26,23,2603.744,4849.218,7452.962
2025-08-26,24,2690.516,5203.878,7894.394
2025-08-26,25,2743.13,5376.114,8119.244
2025-08-26,26,2808.84,5007.174,7816.014
2025-08-26,27,2521.206,4679.138,7200.344
2025-08-26,28,2620.784,4655.214,7275.998
2025-08-26,29,2914.466,4770.03,7684.496
2025-08-26,30,3019.454,5093.262,8112.716
2025-08-26,31,3180.03,4890.46,8070.49
2025-08-26,32,3075.234,4611.116,7686.35
2025-08-26,33,3226.384,4570.52,7796.904
2025-08-26,34,3132.576,4083.672,7216.248
2025-08-26,35,2929.404,3937.044,6866.448
2025-08-26,36,2554.06,3774.39,6328.45
2025-08-26,37,2270.104,3779.132,6049.236
2025-08-26,38,2109.42,4016.366,6125.786
2025-08-26,39,2078.752,4183.22,6261.972
2025-08-26,40,2060.158,4422.138,6482.296
2025-08-26,41,1682.118,4583.548,6265.666
2025-08-26,42,1620.872,4572.65,6193.522
2025-08-26,43,1739.778,4499.828,6239.606
2025-08-26,44,1735.778,4517.966,6253.744
2025-08-26,45,1553.582,4795.378,6348.96
2025-08-26,46,1428.104,4808.296,6236.4
2025-08-26,47,1472.992,4665.784,6138.776
2025-08-26,48,1415.104,4042.564,5457.668
2025-08-27,1,1307.552,3553.32,4860.872
2025-08-27,2,1183.99,3584.134,4768.124
2025-08-27,3,1130.386,3675.396,4805.782
2025-08-27,4,1130.262,3614.66,4744.922
2025-08-27,5,1075.536,3485.998,4561.534
2025-08-27,6,1135.082,3542.948,4678.03
2025-08-27,7,1149.81,3385.612,4535.422
2025-08-27,8,1098.626,2970.468,4069.094
2025-08-27,9,1193.104,2961.872,4154.976
2025-08-27,10,1403.73,2882.348,4286.078
2025-08-27,11,1615.908,2941.828,4557.736
2025-08-27,12,1728.552,3163.92,4892.472
2025-08-27,13,1706.352,3237.018,4943.37
2025-08-27,14,1783.128,3296.132,5079.26
2025-08-27,15,1855.796,3760.186,5615.982
2025-08-27,16,1885.268,3794.99,5680.258
2025-08-27,17,1897.528,3811.406,5708.934
2025-08-27,18,2020.196,3899.064,5919.26
2025-08-27,19,2179.02,4188.548,6367.568
2025-08-27,20,2386.132,4253.382,6639.514
2025-08-27,21,2543.368,4293.354,6836.722
2025-08-27,22,2617.062,4485.738,7102.8
2025-08-27,23,2790.538,4706.814,7497.352
2025-08-27,24,3037.616,4936.542,7974.158
2025-08-27,25,3287.556,5196.932,8484.488
2025-08-27,26,3352.412,5432.794,8785.206
2025-08-27,27,3656.624,5448.992,9105.616
2025-08-27,28,3957.576,5886.26,9843.836
2025-08-27,29,4384.83,6265.71,10650.54
2025-08-27,30,4564.142,6923.73,11487.872
2025-08-27,31,4314.292,7215.216,11529.508
2025-08-27,32,3738.744,7242.742,10981.486
2025-08-27,33,3793.542,7650.06,11443.602
2025-08-27,34,3984.764,7477.396,11462.16
2025-08-27,35,3719.772,7504.178,11223.95
2025-08-27,36,3561.838,7628.47,11190.308
2025-08-27,37,3521.786,7602.772,11124.558
2025-08-27,38,3397.984,7161.694,10559.678
2025-08-27,39,3430.166,7321.348,10751.514
2025-08-27,40,3360.808,6597.606,9958.414
2025-08-27,41,3427.044,6304.716,9731.76
2025-08-27,42,3342.334,6333.874,9676.208
2025-08-27,43,3358.852,6467.264,9826.116
2025-08-27,44,3577.432,6439.526,10016.958
2025-08-27,45,3553.604,6626.802,10180.406
2025-08-27,46,3771.07,6243.126,10014.196
2025-08-27,47,3878.366,5979.292,9857.658
2025-08-27,48,3565.372,5366.448,8931.82
2025-08-28,1,3301.106,4882.61,8183.716
2025-08-28,2,3257.484,4430.054,7687.538
2025-08-28,3,3206.626,3923.762,7130.388
2025-08-28,4,3076.574,3305.026,6381.6
2025-08-28,5,2956.326,2756.404,5712.73
2025-08-28,6,2872.632,2431.358,5303.99
2025-08-28,7,2845.534,2091.356,4936.89
2025-08-28,8,2845.516,1781.236,4626.752
2025-08-28,9,2810.33,1580.326,4390.656
2025-08-28,10,2865.67,1524.744,4390.414
2025-08-28,11,2930.452,1681.594,4612.046
2025-08-28,12,3375.672,1694.014,5069.686
2025-08-28,13,3233.714,1685.754,4919.468
2025-08-28,14,3330.758,1743.46,5074.218
2025-08-28,15,3446.294,1702.808,5149.102
2025-08-28,16,3430.296,1785.636,5215.932
2025-08-28,17,3556.048,1863.598,5419.646
2025-08-28,18,3689.136,1836.482,5525.618
2025-08-28,19,3711.986,2033.116,5745.102
2025-08-28,20,3766.268,2334.326,6100.594
2025-08-28,21,3937.628,2361.322,6298.95
2025-08-28,22,3965.992,2453.646,6419.638
2025-08-28,23,4014.762,2856.002,6870.764
2025-08-28,24,3886.874,2715.974,6602.848
2025-08-28,25,3961.404,2641.354,6602.758
2025-08-28,26,4114.426,2722.716,6837.142
2025-08-28,27,4089.68,3227.16,7316.84
2025-08-28,28,4080.2,3484.406,7564.606
2025-08-28,29,3960.118,3482.29,7442.408
2025-08-28,30,3978.316,3601.728,7580.044
2025-08-28,31,3978.646,3489.968,7468.614
2025-08-28,32,3881.802,4024.426,7906.228
2025-08-28,33,3841.78,4452.682,8294.462
2025-08-28,34,3737.426,5125.41,8862.836
2025-08-28,35,3739.864,5632.074,9371.938
2025-08-28,36,3724.814,6234.516,9959.33
2025-08-28,37,3787.592,6396.348,10183.94
2025-08-28,38,3850.616,6208.018,10058.634
2025-08-28,39,3913.342,6042.702,9956.044
2025-08-28,40,3643.574,6529.956,10173.53
2025-08-28,41,3462.75,6757.756,10220.506
2025-08-28,42,3608.368,6492.212,10100.58
2025-08-28,43,3666.176,7062.786,10728.962
2025-08-28,44,3473.338,7695.924,11169.262
2025-08-28,45,3395.048,7130.358,10525.406
2025-08-28,46,3329.256,6600.318,9929.574
2025-08-28,47,3239.172,6760.11,9999.282
2025-08-28,48,3164.88,7012.726,10177.606
2025-08-29,1,2983.63,6886.794,9870.424
2025-08-29,2,3039.102,6580.26,9619.362
2025-08-29,3,2949.504,6698.63,9648.134
2025-08-29,4,2788.182,6721.84,9510.022
2025-08-29,5,2726.268,6284.74,9011.008
2025-08-29,6,2719.784,6039.008,8758.792
2025-08-29,7,2518.144,5743.938,8262.082
2025-08-29,8,2377.852,5638.618,8016.47
2025-08-29,9,2364.804,5442.182,7806.986
2025-08-29,10,2262.226,4968.454,7230.68
2025-08-29,11,2121.768,4686.178,6807.946
2025-08-29,12,2203.234,3895.014,6098.248
2025-08-29,13,2251.95,3702.816,5954.766
2025-08-29,14,2260.432,3592.57,5853.002
2025-08-29,15,2149.494,3793.334,5942.828
2025-08-29,16,2200.558,3882.936,6083.494
2025-08-29,17,2180.818,3627.514,5808.332
2025-08-29,18,2352.59,3504.07,5856.66
2025-08-29,19,2480.72,3241.99,5722.71
2025-08-29,20,2481.146,3037.904,5519.05
2025-08-29,21,2545.762,2912.446,5458.208
2025-08-29,22,2561.706,3000.05,5561.756
2025-08-29,23,2709.558,3080.818,5790.376
2025-08-29,24,2790.256,2984.008,5774.264
2025-08-29,25,2648.2,2949.074,5597.274
2025-08-29,26,2678.418,2838.948,5517.366
2025-08-29,27,2729.842,2925.98,5655.822
2025-08-29,28,2991.202,3096.004,6087.206
2025-08-29,29,3111.964,2944.578,6056.542
2025-08-29,30,3520.142,2906.84,6426.982
2025-08-29,31,3605.076,3119.594,6724.67
2025-08-29,32,3545.802,3142.78,6688.582
2025-08-29,33,3639.126,3314.64,6953.766
2025-08-29,34,3731.704,3462.886,7194.59
2025-08-29,35,3763.944,3360.372,7124.316
2025-08-29,36,3488.708,3083.424,6572.132
2025-08-29,37,3334.028,3059.748,6393.776
2025-08-29,38,3135.608,2942.55,6078.158
2025-08-29,39,3060.704,2958.432,6019.136
2025-08-29,40,2878.816,2800.42,5679.236
2025-08-29,41,2859.512,2703.484,5562.996
2025-08-29,42,2539.048,2968.114,5507.162
2025-08-29,43,2219.858,2889.236,5109.094
2025-08-29,44,2299.426,2784.11,5083.536
2025-08-29,45,2434.414,3247.82,5682.234
2025-08-29,46,2413.01,3664.558,6077.568
2025-08-29,47,2459.734,3931.37,6391.104
2025-08-29,48,2317.588,4210.584,6528.172
2025-08-30,1,2256.612,4845.95,7102.562
2025-08-30,2,2109.468,5182.85,7292.318
2025-08-30,3,2107.094,4937.004,7044.098
2025-08-30,4,2038.672,4491.038,6529.71
2025-08-30,5,1889.6,4301.58,6191.18
2025-08-30,6,1762.98,4003.238,5766.218
2025-08-30,7,1578.108,3689.046,5267.154
2025-08-30,8,1439.394,3441.174,4880.568
2025-08-30,9,1426.062,3340.926,4766.988
2025-08-30,10,1346.462,3285.552,4632.014
2025-08-30,11,1199.216,3168.518,4367.734
2025-08-30,12,1180.44,3074.712,4255.152
2025-08-30,13,1173.006,2795.892,3968.898
2025-08-30,14,1042.528,2686.402,3728.93
2025-08-30,15,982.034,2648.694,3630.728
2025-08-30,16,959.378,2478.924,3438.302
2025-08-30,17,913.19,2623.944,3537.134
2025-08-30,18,976.954,2879.37,3856.324
2025-08-30,19,1023.484,3219.768,4243.252
2025-08-30,20,1249.31,3122.306,4371.616
2025-08-30,21,1466.216,2973.174,4439.39
2025-08-30,22,1825.566,3082.104,4907.67
2025-08-30,23,2271.686,3367.352,5639.038
2025-08-30,24,2759.666,3788.542,6548.208
2025-08-30,25,2754.494,4212.488,6966.982
2025-08-30,26,2640.408,4924.308,7564.716
2025-08-30,27,2616.31,5270.122,7886.432
2025-08-30,28,2945.976,5948.428,8894.404
2025-08-30,29,3271.024,6661.184,9932.208
2025-08-30,30,3317.454,7325.626,10643.08
2025-08-30,31,3718.396,7899.65,11618.046
2025-08-30,32,4225.922,8794.212,13020.134
2025-08-30,33,4896.438,9620.134,14516.572
2025-08-30,34,5173.482,9855.462,15028.944
2025-08-30,35,5084.778,9954.524,15039.302
2025-08-30,36,5110.786,10160.482,15271.268
2025-08-30,37,5104.3,10555.668,15659.968
2025-08-30,38,4833.264,10595.492,15428.756
2025-08-30,39,4682.14,10717.868,15400.008
2025-08-30,40,4428.37,10711.248,15139.618
2025-08-30,41,4364.842,10720.824,15085.666
2025-08-30,42,4322.72,10704.974,15027.694
2025-08-30,43,4450.724,10691.652,15142.376
2025-08-30,44,4264.756,10791.012,15055.768
2025-08-30,45,4209.04,10784.664,14993.704
2025-08-30,46,4143.338,10924.926,15068.264
2025-08-30,47,3896.554,10851.14,14747.694
2025-08-30,48,3944.642,10836.832,14781.474
2025-08-31,1,3754.818,10870.22,14625.038
2025-08-31,2,3844.618,10657.128,14501.746
2025-08-31,3,4139.342,10440.694,14580.036
2025-08-31,4,4062.784,10216.538,14279.322
2025-08-31,5,3805.042,9961.724,13766.766
2025-08-31,6,4068.612,9835.076,13903.688
2025-08-31,7,4341.31,9573.24,13914.55
2025-08-31,8,4480.046,9193.994,13674.04
2025-08-31,9,4476.136,8970.466,13446.602
2025-08-31,10,4295.502,8588.808,12884.31
2025-08-31,11,4317.874,8110.15,12428.024
2025-08-31,12,4369.5,7852.33,12221.83
2025-08-31,13,4229.106,7758.338,11987.444
2025-08-31,14,4239.676,7499.808,11739.484
2025-08-31,15,4502.088,7045.616,11547.704
2025-08-31,16,4210.1,6747.61,10957.71
2025-08-31,17,4040.73,6444.99,10485.72
2025-08-31,18,4187.514,6489.358,10676.872
2025-08-31,19,4366.474,5807.796,10174.27
2025-08-31,20,4660.954,5034.422,9695.376
2025-08-31,21,4671.236,4469.266,9140.502
2025-08-31,22,5015.492,4376.884,9392.376
2025-08-31,23,5276.54,4503.668,9780.208
2025-08-31,24,5155.654,4346.766,9502.42
2025-08-31,25,5202.942,4233.224,9436.166
2025-08-31,26,5159.476,5071.092,10230.568
2025-08-31,27,5031.226,5446.786,10478.012
2025-08-31,28,5232.922,5756.384,10989.306
2025-08-31,29,5245.514,6301.088,11546.602
2025-08-31,30,5139.05,6661.238,11800.288
2025-08-31,31,5047.334,7322.548,12369.882
2025-08-31,32,4870.378,7910.434,12780.812
2025-08-31,33,4619.872,8301.52,12921.392
2025-08-31,34,4715.1,8563.678,13278.778
2025-08-31,35,5203.882,9066.186,14270.068
2025-08-31,36,5229.69,9208.662,14438.352
2025-08-31,37,5264.232,9005.778,14270.01
2025-08-31,38,5348.178,8969.858,14318.036
2025-08-31,39,5231.422,9172.624,14404.046
2025-08-31,40,5117.952,9326.764,14444.716
2025-08-31,41,5121.7,9082.07,14203.77
2025-08-31,42,5104.284,8730.966,13835.25
2025-08-31,43,5157.43,8518.706,13676.136
2025-08-31,44,5223.898,8421.972,13645.87
2025-08-31,45,5142.95,8438.172,13581.122
2025-08-31,46,5087.306,8343.172,13430.478
2025-08-31,47,5129.76,8690.612,13820.372
2025-08-31,48,5016.084,8791.206,13807.29
2025-09-01,1,4998.984,8855.672,13854.656
2025-09-01,2,4906.164,8708.188,13614.352
2025-09-01,3,4790.878,8857.198,13648.076
2025-09-01,4,4590.108,8878.366,13468.474
2025-09-01,5,4425.828,9022.502,13448.33
2025-09-01,6,4375.688,8796.834,13172.522
2025-09-01,7,4519.254,8481.416,13000.67
2025-09-01,8,4474.71,8336.566,12811.276
2025-09-01,9,4492.12,8331.104,12823.224
2025-09-01,10,4393.066,8339.258,12732.324
2025-09-01,11,4208.506,8237.24,12445.746
2025-09-01,12,4051.982,8505.394,12557.376
2025-09-01,13,4007.814,8598.782,12606.596
2025-09-01,14,3964.864,8716.868,12681.732
2025-09-01,15,4017.33,8774.478,12791.808
2025-09-01,16,4073.62,8950.248,13023.868
2025-09-01,17,4148.158,9074.97,13223.128
2025-09-01,18,4300.706,9061.85,13362.556
2025-09-01,19,4423.232,8987.272,13410.504
2025-09-01,20,4563.5,9170.802,13734.302
2025-09-01,21,4729.378,9539.774,14269.152
2025-09-01,22,4626.094,9523.62,14149.714
2025-09-01,23,4725.136,9388.08,14113.216
2025-09-01,24,4938.614,9431.572,14370.186
2025-09-01,25,4875.388,9412.27,14287.658
2025-09-01,26,4891.274,9485.938,14377.212
2025-09-01,27,4883.13,9575.682,14458.812
2025-09-01,28,4934.292,9240.526,14174.818
2025-09-01,29,5012.778,9474.736,14487.514
2025-09-01,30,5068.7,9936.96,15005.66
2025-09-01,31,5062.148,10330.712,15392.86
2025-09-01,32,4960.628,10494.8,15455.428
2025-09-01,33,4845.944,10440.086,15286.03
2025-09-01,34,4897.908,10026.02,14923.928
2025-09-01,35,4864.348,9661.7,14526.048
2025-09-01,36,4839.166,9557.244,14396.41
2025-09-01,37,4824.714,9110.096,13934.81
2025-09-01,38,4666.816,9150.212,13817.028
2025-09-01,39,4755.998,8901.1,13657.098
2025-09-01,40,4729.984,8560.334,13290.318
2025-09-01,41,4531.82,8439.346,12971.166
2025-09-01,42,4519.986,8512.598,13032.584
2025-09-01,43,4384.838,8159.01,12543.848
2025-09-01,44,4274.178,8142.206,12416.384
2025-09-01,45,4275.676,8293.978,12569.654
2025-09-01,46,4307.298,7909.36,12216.658
2025-09-01,47,4181.942,7574.908,11756.85
2025-09-01,48,3908.402,7191.868,11100.27
2025-09-02,1,3802.172,6658.388,10460.56
2025-09-02,2,3749.466,5999.404,9748.87
2025-09-02,3,3799.548,5589.034,9388.582
2025-09-02,4,3691.52,5169.208,8860.728
2025-09-02,5,3646.226,4827.256,8473.482
2025-09-02,6,3693.254,4707.83,8401.084
2025-09-02,7,3840.406,4431.782,8272.188
2025-09-02,8,3693.708,4187.33,7881.038
2025-09-02,9,3470.014,3670.658,7140.672
2025-09-02,10,3296.154,3554.312,6850.466
2025-09-02,11,3124.006,3435.154,6559.16
2025-09-02,12,3015.678,2943.28,5958.958
2025-09-02,13,2893.0,2768.672,5661.672
2025-09-02,14,2805.976,2595.024,5401.0
2025-09-02,15,2763.252,2512.102,5275.354
2025-09-02,16,2803.43,2570.086,5373.516
2025-09-02,17,2916.262,2492.38,5408.642
2025-09-02,18,2979.244,2655.888,5635.132
2025-09-02,19,2929.27,2939.312,5868.582
2025-09-02,20,2932.232,3249.564,6181.796
2025-09-02,21,3178.974,3444.26,6623.234
2025-09-02,22,3132.992,3561.576,6694.568
2025-09-02,23,2969.826,3736.094,6705.92
2025-09-02,24,2787.128,3730.594,6517.722
2025-09-02,25,2860.22,4018.604,6878.824
2025-09-02,26,2746.82,4020.57,6767.39
2025-09-02,27,2670.402,4035.29,6705.692
2025-09-02,28,2497.186,3680.212,6177.398
2025-09-02,29,2313.754,3461.338,5775.092
2025-09-02,30,2284.046,3594.244,5878.29
2025-09-02,31,2295.114,3721.534,6016.648
2025-09-02,32,2421.37,3834.034,6255.404
2025-09-02,33,2452.832,3821.234,6274.066
2025-09-02,34,2439.556,3894.078,6333.634
2025-09-02,35,2259.942,4119.586,6379.528
2025-09-02,36,2016.206,4861.022,6877.228
2025-09-02,37,1770.88,5235.28,7006.16
2025-09-02,38,1667.742,5721.948,7389.69
2025-09-02,39,1790.258,6190.672,7980.93
2025-09-02,40,1867.424,6663.124,8530.548
2025-09-02,41,1680.44,6565.024,8245.464
2025-09-02,42,1545.996,6092.996,7638.992
2025-09-02,43,1382.766,6068.384,7451.15
2025-09-02,44,1351.786,5917.128,7268.914
2025-09-02,45,1354.03,5828.176,7182.206
2025-09-02,46,1228.99,5607.946,6836.936
2025-09-02,47,1030.038,5450.112,6480.15
2025-09-02,48,883.56,5243.08,6126.64
2025-09-03,1,957.344,5234.478,6191.822
2025-09-03,2,773.314,5539.796,6313.11
2025-09-03,3,588.116,5419.09,6007.206
2025-09-03,4,531.322,5629.744,6161.066
2025-09-03,5,484.662,5554.53,6039.192
2025-09-03,6,444.018,5529.082,5973.1
2025-09-03,7,401.056,5467.536,5868.592
2025-09-03,8,413.156,5152.148,5565.304
2025-09-03,9,420.882,5130.262,5551.144
2025-09-03,10,409.072,5401.794,5810.866
2025-09-03,11,391.188,5984.64,6375.828
2025-09-03,12,413.266,6264.85,6678.116
2025-09-03,13,449.422,6868.648,7318.07
2025-09-03,14,492.72,6925.948,7418.668
2025-09-03,15,593.392,6801.502,7394.894
2025-09-03,16,595.272,6850.716,7445.988
2025-09-03,17,590.574,7002.376,7592.95
2025-09-03,18,426.348,6769.046,7195.394
2025-09-03,19,332.212,6898.934,7231.146
2025-09-03,20,297.502,7926.368,8223.87
2025-09-03,21,343.848,8514.04,8857.888
2025-09-03,22,338.306,8673.412,9011.718
2025-09-03,23,397.568,9210.626,9608.194
2025-09-03,24,396.392,9509.436,9905.828
2025-09-03,25,326.034,9841.998,10168.032
2025-09-03,26,302.638,9895.422,10198.06
2025-09-03,27,304.272,9972.11,10276.382
2025-09-03,28,366.892,9847.0,10213.892
2025-09-03,29,445.428,9796.418,10241.846
2025-09-03,30,513.696,9935.736,10449.432
2025-09-03,31,642.048,9785.22,10427.268
2025-09-03,32,737.78,9602.528,10340.308
2025-09-03,33,754.706,9684.068,10438.774
2025-09-03,34,843.622,9177.044,10020.666
2025-09-03,35,811.4,8556.786,9368.186
2025-09-03,36,877.764,8440.342,9318.106
2025-09-03,37,987.664,8204.002,9191.666
2025-09-03,38,1087.79,7978.338,9066.128
2025-09-03,39,1160.604,8333.222,9493.826
2025-09-03,40,1410.768,8410.686,9821.454
2025-09-03,41,1632.772,8811.252,10444.024
2025-09-03,42,1922.536,9169.642,11092.178
2025-09-03,43,2215.774,9103.236,11319.01
2025-09-03,44,2474.186,8904.296,11378.482
2025-09-03,45,2749.966,8731.55,11481.516
2025-09-03,46,2954.824,8605.58,11560.404
2025-09-03,47,3121.918,8630.402,11752.32
2025-09-03,48,3136.316,8708.11,11844.426
2025-09-04,1,3162.134,8564.536,11726.67
2025-09-04,2,3095.346,8478.522,11573.868
2025-09-04,3,2798.474,8248.444,11046.918
2025-09-04,4,2820.548,7904.192,10724.74
2025-09-04,5,2641.35,7676.462,10317.812
2025-09-04,6,2455.028,7573.072,10028.1
2025-09-04,7,2497.01,7385.518,9882.528
2025-09-04,8,2231.958,7354.184,9586.142
2025-09-04,9,1997.334,7059.014,9056.348
2025-09-04,10,1807.648,6806.616,8614.264
2025-09-04,11,1600.218,6529.126,8129.344
2025-09-04,12,1460.87,6251.062,7711.932
2025-09-04,13,1422.628,5784.102,7206.73
2025-09-04,14,1414.404,5587.218,7001.622
2025-09-04,15,1309.174,5425.308,6734.482
2025-09-04,16,1228.672,4923.65,6152.322
2025-09-04,17,1129.82,4635.644,5765.464
2025-09-04,18,996.766,4652.252,5649.018
2025-09-04,19,939.584,4604.54,5544.124
2025-09-04,20,1017.286,4518.128,5535.414
2025-09-04,21,925.484,4416.056,5341.54
2025-09-04,22,810.766,4025.746,4836.512
2025-09-04,23,784.768,3850.812,4635.58
2025-09-04,24,710.784,3962.804,4673.588
2025-09-04,25,727.87,4049.5,4777.37
2025-09-04,26,725.13,4245.462,4970.592
2025-09-04,27,712.672,4536.258,5248.93
2025-09-04,28,804.28,5049.57,5853.85
2025-09-04,29,843.332,5509.964,6353.296
2025-09-04,30,848.158,5764.232,6612.39
2025-09-04,31,925.36,5986.794,6912.154
2025-09-04,32,1104.666,6817.578,7922.244
2025-09-04,33,1215.968,6518.682,7734.65
2025-09-04,34,1286.882,6269.016,7555.898
2025-09-04,35,1388.512,6296.114,7684.626
2025-09-04,36,1484.628,6294.264,7778.892
2025-09-04,37,1555.984,6521.766,8077.75
2025-09-04,38,1457.17,6599.276,8056.446
2025-09-04,39,1306.712,6573.984,7880.696
2025-09-04,40,1360.69,6388.224,7748.914
2025-09-04,41,1504.86,6532.284,8037.144
2025-09-04,42,1447.596,6292.342,7739.938
2025-09-04,43,1539.422,6009.426,7548.848
2025-09-04,44,1719.438,5661.008,7380.446
2025-09-04,45,1945.812,5370.832,7316.644
2025-09-04,46,2115.094,5065.292,7180.386
2025-09-04,47,2065.442,4836.126,6901.568
2025-09-04,48,2172.446,4685.93,6858.376
2025-09-05,1,2091.904,4643.91,6735.814
2025-09-05,2,2021.598,4762.864,6784.462
2025-09-05,3,2007.24,4589.932,6597.172
2025-09-05,4,2109.754,4405.104,6514.858
2025-09-05,5,2323.222,4248.89,6572.112
2025-09-05,6,2469.7,4083.926,6553.626
2025-09-05,7,2573.978,3871.558,6445.536
2025-09-05,8,2763.268,3565.232,6328.5
2025-09-05,9,2881.95,3549.538,6431.488
2025-09-05,10,2870.66,3509.678,6380.338
2025-09-05,11,2744.45,3410.244,6154.694
2025-09-05,12,2686.338,3262.434,5948.772
2025-09-05,13,2588.46,3179.68,5768.14
2025-09-05,14,2591.97,2955.074,5547.044
2025-09-05,15,2554.164,2998.024,5552.188
2025-09-05,16,2433.012,2857.612,5290.624
2025-09-05,17,2363.538,2774.378,5137.916
2025-09-05,18,2305.358,2639.206,4944.564
2025-09-05,19,2449.882,2401.752,4851.634
2025-09-05,20,2572.362,2185.652,4758.014
2025-09-05,21,2483.206,2207.97,4691.176
2025-09-05,22,2593.05,2005.044,4598.094
2025-09-05,23,2650.388,1770.942,4421.33
2025-09-05,24,2648.878,1639.96,4288.838
2025-09-05,25,2524.934,1641.128,4166.062
2025-09-05,26,2622.76,1651.75,4274.51
2025-09-05,27,2729.974,1633.832,4363.806
2025-09-05,28,2907.248,1579.058,4486.306
2025-09-05,29,3172.422,1543.766,4716.188
2025-09-05,30,3271.514,1414.526,4686.04
2025-09-05,31,3374.422,1204.118,4578.54
2025-09-05,32,3449.6,1123.346,4572.946
2025-09-05,33,3289.012,1164.574,4453.586
2025-09-05,34,3143.946,1115.514,4259.46
2025-09-05,35,2867.47,1024.716,3892.186
2025-09-05,36,2664.086,931.192,3595.278
2025-09-05,37,2408.956,834.758,3243.714
2025-09-05,38,2273.36,865.556,3138.916
2025-09-05,39,2184.346,820.642,3004.988
2025-09-05,40,2007.594,805.102,2812.696
2025-09-05,41,1896.004,866.308,2762.312
2025-09-05,42,1999.538,1073.74,3073.278
2025-09-05,43,1989.894,1230.33,3220.224
2025-09-05,44,2011.284,1207.03,3218.314
2025-09-05,45,1965.546,1169.954,3135.5
2025-09-05,46,1806.528,1137.842,2944.37
2025-09-05,47,1738.35,1073.942,2812.292
2025-09-05,48,1879.632,1043.094,2922.726
2025-09-06,1,1937.024,1021.514,2958.538
2025-09-06,2,1990.28,953.766,2944.046
2025-09-06,3,1916.086,920.944,2837.03
2025-09-06,4,1829.478,1012.324,2841.802
2025-09-06,5,1779.782,1116.466,2896.248
2025-09-06,6,1673.642,1193.234,2866.876
2025-09-06,7,1768.874,1219.03,2987.904
2025-09-06,8,1975.574,1238.878,3214.452
2025-09-06,9,2033.902,1254.612,3288.514
2025-09-06,10,2111.444,1232.986,3344.43
2025-09-06,11,2239.48,1144.234,3383.714
2025-09-06,12,2535.422,1219.644,3755.066
2025-09-06,13,2699.928,1374.23,4074.158
2025-09-06,14,3007.716,1575.934,4583.65
2025-09-06,15,3213.524,1836.11,5049.634
2025-09-06,16,3465.75,2222.51,5688.26
2025-09-06,17,3776.628,2498.524,6275.152
2025-09-06,18,3977.934,2603.798,6581.732
2025-09-06,19,4056.356,2895.276,6951.632
2025-09-06,20,4161.158,3214.87,7376.028
2025-09-06,21,3962.672,3215.232,7177.904
2025-09-06,22,3365.444,3062.308,6427.752
2025-09-06,23,3219.146,3733.072,6952.218
2025-09-06,24,3312.144,3723.224,7035.368
2025-09-06,25,2534.37,3456.36,5990.73
2025-09-06,26,2347.792,3064.45,5412.242
2025-09-06,27,2605.08,3139.368,5744.448
2025-09-06,28,2418.462,3589.854,6008.316
2025-09-06,29,2313.9,4067.222,6381.122
2025-09-06,30,2214.568,4399.178,6613.746
2025-09-06,31,3170.786,5366.678,8537.464
2025-09-06,32,3460.738,6153.932,9614.67
2025-09-06,33,3737.146,6909.462,10646.608
2025-09-06,34,4169.4,7777.666,11947.066
2025-09-06,35,4221.63,8653.368,12874.998
2025-09-06,36,4829.09,9059.306,13888.396
2025-09-06,37,4813.664,9206.226,14019.89
2025-09-06,38,4813.934,9048.426,13862.36
2025-09-06,39,4672.124,9504.502,14176.626
2025-09-06,40,4948.49,9775.438,14723.928
2025-09-06,41,4995.698,9971.248,14966.946
2025-09-06,42,5168.072,10159.758,15327.83
2025-09-06,43,5310.182,10412.33,15722.512
2025-09-06,44,5192.544,10475.038,15667.582
2025-09-06,45,5364.17,10392.34,15756.51
2025-09-06,46,5416.162,10441.97,15858.132
2025-09-06,47,5288.896,10445.82,15734.716
2025-09-06,48,5134.318,10411.408,15545.726
2025-09-07,1,5047.752,10179.002,15226.754
2025-09-07,2,4903.738,10235.596,15139.334
2025-09-07,3,4898.098,9166.928,14065.026
2025-09-07,4,4515.02,8649.64,13164.66
2025-09-07,5,4331.838,8671.078,13002.916
2025-09-07,6,4325.59,8961.992,13287.582
2025-09-07,7,4303.216,9217.222,13520.438
2025-09-07,8,4314.076,9407.066,13721.142
2025-09-07,9,4484.83,9206.436,13691.266
2025-09-07,10,4492.926,8893.078,13386.004
2025-09-07,11,4659.332,8546.634,13205.966
2025-09-07,12,4501.92,8487.164,12989.084
2025-09-07,13,4534.904,8307.794,12842.698
2025-09-07,14,4694.85,8483.242,13178.092
2025-09-07,15,4758.2,8658.694,13416.894
2025-09-07,16,4982.676,8218.336,13201.012
2025-09-07,17,4877.03,8075.346,12952.376
2025-09-07,18,4907.832,7530.488,12438.32
2025-09-07,19,5138.624,6655.286,11793.91
2025-09-07,20,5363.876,6539.63,11903.506
2025-09-07,21,5288.792,6816.968,12105.76
2025-09-07,22,5118.292,6917.786,12036.078
2025-09-07,23,5137.912,7090.844,12228.756
2025-09-07,24,5284.152,7454.83,12738.982
2025-09-07,25,5349.328,7836.996,13186.324
2025-09-07,26,5243.264,8186.654,13429.918
2025-09-07,27,5270.234,8301.446,13571.68
2025-09-07,28,5294.75,8171.394,13466.144
2025-09-07,29,5107.308,7975.29,13082.598
2025-09-07,30,5275.972,7947.97,13223.942
2025-09-07,31,5675.414,8220.48,13895.894
2025-09-07,32,5600.764,8584.078,14184.842
2025-09-07,33,5542.068,9435.37,14977.438
2025-09-07,34,5675.056,9321.35,14996.406
2025-09-07,35,5538.362,9178.796,14717.158
2025-09-07,36,5408.818,8924.344,14333.162
2025-09-07,37,4888.544,8626.648,13515.192
2025-09-07,38,4931.556,8494.968,13426.524
2025-09-07,39,4664.83,8321.718,12986.548
2025-09-07,40,4124.678,8270.9,12395.578
2025-09-07,41,3567.042,7535.562,11102.604
2025-09-07,42,3146.978,7482.598,10629.576
2025-09-07,43,2687.878,7610.446,10298.324
2025-09-07,44,2732.236,7270.134,10002.37
2025-09-07,45,2505.596,7444.912,9950.508
2025-09-07,46,2552.052,7671.774,10223.826
2025-09-07,47,2726.822,6997.19,9724.012
2025-09-07,48,2900.82,6949.146,9849.966
2025-09-08,1,3074.84,7245.294,10320.134
2025-09-08,2,3048.552,6575.546,9624.098
2025-09-08,3,2371.498,5883.046,8254.544
2025-09-08,4,2082.21,5488.068,7570.278
2025-09-08,5,2358.41,5142.09,7500.5
2025-09-08,6,2307.756,4514.266,6822.022
2025-09-08,7,2446.164,4157.048,6603.212
2025-09-08,8,2421.08,3587.544,6008.624
2025-09-08,9,2108.8,3205.108,5313.908
2025-09-08,10,1938.894,2784.56,4723.454
2025-09-08,11,2111.87,2700.164,4812.034
2025-09-08,12,2145.838,2803.956,4949.794
2025-09-08,13,2081.452,2951.886,5033.338
2025-09-08,14,2039.95,2888.892,4928.842
2025-09-08,15,1993.174,3109.092,5102.266
2025-09-08,16,1947.638,3082.174,5029.812
2025-09-08,17,1734.574,3301.98,5036.554
2025-09-08,18,1527.92,3227.788,4755.708
2025-09-08,19,1564.992,3032.044,4597.036
2025-09-08,20,1633.292,3106.888,4740.18
2025-09-08,21,1719.146,2966.118,4685.264
2025-09-08,22,1830.446,2785.27,4615.716
2025-09-08,23,1954.394,2853.554,4807.948
2025-09-08,24,2160.29,3016.726,5177.016
2025-09-08,25,2491.762,3041.354,5533.116
2025-09-08,26,2818.532,3024.914,5843.446
2025-09-08,27,3047.006,2821.494,5868.5
2025-09-08,28,3070.532,2617.44,5687.972
2025-09-08,29,3175.724,2523.476,5699.2
2025-09-08,30,3234.414,2813.632,6048.046
2025-09-08,31,3151.522,2544.96,5696.482
2025-09-08,32,3352.824,2313.122,5665.946
2025-09-08,33,3363.124,2072.208,5435.332
2025-09-08,34,3354.722,2202.564,5557.286
2025-09-08,35,3250.622,2297.392,5548.014
2025-09-08,36,2836.208,2405.16,5241.368
2025-09-08,37,2625.656,2328.88,4954.536
2025-09-08,38,2410.316,2228.972,4639.288
2025-09-08,39,2538.49,2252.856,4791.346
2025-09-08,40,2600.62,2246.344,4846.964
2025-09-08,41,2694.034,2501.526,5195.56
2025-09-08,42,2882.098,2768.51,5650.608
2025-09-08,43,2909.122,2897.028,5806.15
2025-09-08,44,2753.714,2880.406,5634.12
2025-09-08,45,2552.474,2718.462,5270.936
2025-09-08,46,2300.778,2451.242,4752.02
2025-09-08,47,2309.894,2195.14,4505.034
2025-09-08,48,2462.706,2147.026,4609.732
2025-09-09,1,2406.994,1966.9,4373.894
2025-09-09,2,2137.946,1776.676,3914.622
2025-09-09,3,2293.04,1579.492,3872.532
2025-09-09,4,2145.392,1311.238,3456.63
2025-09-09,5,2196.114,1068.994,3265.108
2025-09-09,6,2113.526,1109.964,3223.49
2025-09-09,7,2095.976,1096.084,3192.06
2025-09-09,8,2154.672,999.172,3153.844
2025-09-09,9,2190.018,1121.54,3311.558
2025-09-09,10,2242.824,1190.424,3433.248
2025-09-09,11,2240.476,1287.302,3527.778
2025-09-09,12,2200.23,1385.208,3585.438
2025-09-09,13,2294.706,1443.376,3738.082
2025-09-09,14,2405.176,1434.058,3839.234
2025-09-09,15,2414.47,1569.186,3983.656
2025-09-09,16,2572.97,1729.216,4302.186
2025-09-09,17,2690.668,1649.528,4340.196
2025-09-09,18,2980.586,1689.026,4669.612
2025-09-09,19,3279.432,1646.28,4925.712
2025-09-09,20,3298.796,1571.176,4869.972
2025-09-09,21,3489.736,1631.248,5120.984
2025-09-09,22,3721.472,1670.012,5391.484
2025-09-09,23,3863.416,1633.102,5496.518
2025-09-09,24,4052.778,1713.26,5766.038
2025-09-09,25,4325.858,1669.788,5995.646
2025-09-09,26,4472.106,1706.962,6179.068
2025-09-09,27,4831.886,1769.964,6601.85
2025-09-09,28,4851.49,1897.048,6748.538
2025-09-09,29,5018.136,1895.334,6913.47
2025-09-09,30,5329.104,1722.204,7051.308
2025-09-09,31,5128.754,1977.598,7106.352
2025-09-09,32,4953.766,2127.092,7080.858
2025-09-09,33,4904.938,1906.536,6811.474
2025-09-09,34,4708.842,1707.316,6416.158
2025-09-09,35,4742.534,1854.982,6597.516
2025-09-09,36,4799.56,2195.262,6994.822
2025-09-09,37,4486.688,2218.242,6704.93
2025-09-09,38,4274.932,2578.002,6852.934
2025-09-09,39,4295.556,3243.688,7539.244
2025-09-09,40,4363.644,3992.138,8355.782
2025-09-09,41,4439.85,4654.704,9094.554
2025-09-09,42,4621.702,5478.28,10099.982
2025-09-09,43,4618.06,6337.326,10955.386
2025-09-09,44,4692.962,6665.48,11358.442
2025-09-09,45,4613.936,6756.036,11369.972
2025-09-09,46,4954.838,6648.342,11603.18
2025-09-09,47,5008.906,6536.752,11545.658
2025-09-09,48,5013.206,6390.526,11403.732
2025-09-10,1,4901.406,6185.038,11086.444
2025-09-10,2,4996.69,6113.696,11110.386
2025-09-10,3,5012.716,5811.84,10824.556
2025-09-10,4,4931.998,5791.95,10723.948
2025-09-10,5,4939.116,5700.6,10639.716
2025-09-10,6,5016.986,5474.448,10491.434
2025-09-10,7,4742.232,5485.486,10227.718
2025-09-10,8,4775.184,5821.542,10596.726
2025-09-10,9,4831.278,5938.7,10769.978
2025-09-10,10,5017.584,6161.266,11178.85
2025-09-10,11,5212.576,6522.428,11735.004
2025-09-10,12,5295.536,6739.822,12035.358
2025-09-10,13,5385.328,7002.972,12388.3
2025-09-10,14,5502.808,7198.206,12701.014
2025-09-10,15,5549.602,7115.394,12664.996
2025-09-10,16,5552.716,7102.926,12655.642
2025-09-10,17,5532.436,7265.202,12797.638
2025-09-10,18,5628.97,7730.662,13359.632
2025-09-10,19,5409.766,8070.342,13480.108
2025-09-10,20,5470.866,8610.666,14081.532
2025-09-10,21,5584.944,8608.222,14193.166
2025-09-10,22,5582.934,8625.902,14208.836
2025-09-10,23,5607.79,8502.95,14110.74
2025-09-10,24,5577.514,8833.134,14410.648
2025-09-10,25,5688.574,8842.794,14531.368
2025-09-10,26,5838.188,9185.07,15023.258
2025-09-10,27,6063.958,9275.536,15339.494
2025-09-10,28,5884.704,9455.752,15340.456
2025-09-10,29,5479.972,9656.516,15136.488
2025-09-10,30,5325.124,9746.016,15071.14
2025-09-10,31,5326.052,9919.552,15245.604
2025-09-10,32,5053.952,9492.368,14546.32
2025-09-10,33,4973.046,9322.414,14295.46
2025-09-10,34,5203.7,9345.474,14549.174
2025-09-10,35,5182.178,9738.808,14920.986
2025-09-10,36,5147.524,9786.826,14934.35
2025-09-10,37,5182.642,9638.504,14821.146
2025-09-10,38,4904.564,9951.332,14855.896
2025-09-10,39,4600.658,9966.924,14567.582
2025-09-10,40,4403.536,10017.08,14420.616
2025-09-10,41,4333.794,10230.542,14564.336
2025-09-10,42,4208.526,10456.958,14665.484
2025-09-10,43,4437.966,10306.828,14744.794
2025-09-10,44,4559.926,10674.162,15234.088
2025-09-10,45,4508.77,10576.396,15085.166
2025-09-10,46,4514.316,10402.588,14916.904
2025-09-10,47,4388.55,10319.77,14708.32
2025-09-10,48,4317.256,10492.262,14809.518
2025-09-11,1,4515.146,10554.952,15070.098
2025-09-11,2,4923.514,10525.674,15449.188
2025-09-11,3,5032.642,10457.502,15490.144
2025-09-11,4,5255.628,10453.686,15709.314
2025-09-11,5,4923.936,10514.398,15438.334
2025-09-11,6,4575.772,10426.572,15002.344
2025-09-11,7,4331.36,10357.458,14688.818
2025-09-11,8,4563.326,10256.476,14819.802
2025-09-11,9,4662.7,10118.912,14781.612
2025-09-11,10,4976.284,10042.218,15018.502
2025-09-11,11,5069.484,9975.524,15045.008
2025-09-11,12,5094.468,9747.164,14841.632
2025-09-11,13,4524.97,9484.07,14009.04
2025-09-11,14,4591.944,9456.406,14048.35
2025-09-11,15,4968.576,9425.744,14394.32
2025-09-11,16,5170.808,9549.868,14720.676
2025-09-11,17,5309.84,9660.854,14970.694
2025-09-11,18,5338.818,9721.102,15059.92
2025-09-11,19,5393.82,9719.176,15112.996
2025-09-11,20,5360.868,9540.01,14900.878
2025-09-11,21,5318.11,9406.016,14724.126
2025-09-11,22,5308.132,9664.864,14972.996
2025-09-11,23,5275.762,9560.774,14836.536
2025-09-11,24,5231.294,9661.22,14892.514
2025-09-11,25,5077.78,9646.106,14723.886
2025-09-11,26,5079.554,9514.908,14594.462
2025-09-11,27,4888.052,9869.682,14757.734
2025-09-11,28,4628.588,10164.296,14792.884
2025-09-11,29,4404.468,10314.152,14718.62
2025-09-11,30,4244.914,10275.618,14520.532
2025-09-11,31,4555.64,10001.762,14557.402
2025-09-11,32,4623.548,9829.798,14453.346
2025-09-11,33,4563.756,9690.608,14254.364
2025-09-11,34,4636.846,8955.784,13592.63
2025-09-11,35,4615.58,8675.0,13290.58
2025-09-11,36,4670.314,9500.684,14170.998
2025-09-11,37,4429.702,8647.782,13077.484
2025-09-11,38,4330.316,8579.894,12910.21
2025-09-11,39,4274.716,9130.86,13405.576
2025-09-11,40,4116.632,9849.226,13965.858
2025-09-11,41,4175.676,9474.768,13650.444
2025-09-11,42,4291.166,9051.832,13342.998
2025-09-11,43,4309.328,9199.412,13508.74
2025-09-11,44,4533.154,9359.526,13892.68
2025-09-11,45,4732.468,9076.054,13808.522
2025-09-11,46,4848.324,9721.306,14569.63
2025-09-11,47,5294.704,10563.65,15858.354
2025-09-11,48,5477.922,10542.828,16020.75
2025-09-12,1,5330.686,10399.248,15729.934
2025-09-12,2,5299.324,10472.586,15771.91
2025-09-12,3,5152.402,10654.288,15806.69
2025-09-12,4,5222.16,10648.524,15870.684
2025-09-12,5,5086.922,10775.162,15862.084
2025-09-12,6,5093.844,10890.954,15984.798
2025-09-12,7,5097.696,10811.002,15908.698
2025-09-12,8,5087.168,10723.624,15810.792
2025-09-12,9,4999.624,10733.844,15733.468
2025-09-12,10,5082.944,10707.186,15790.13
2025-09-12,11,5243.044,10495.006,15738.05
2025-09-12,12,5261.084,10443.87,15704.954
2025-09-12,13,5171.26,10521.636,15692.896
2025-09-12,14,5040.628,10415.002,15455.63
2025-09-12,15,4955.6,10272.912,15228.512
2025-09-12,16,4759.908,10284.55,15044.458
2025-09-12,17,4934.64,10299.974,15234.614
2025-09-12,18,4914.636,10283.79,15198.426
2025-09-12,19,4959.832,10125.818,15085.65
2025-09-12,20,4950.3,10016.382,14966.682
2025-09-12,21,4901.8,9943.512,14845.312
2025-09-12,22,4972.462,9978.324,14950.786
2025-09-12,23,4952.45,10131.078,15083.528
2025-09-12,24,4915.85,10181.028,15096.878
2025-09-12,25,4867.264,10077.468,14944.732
2025-09-12,26,5025.336,10127.11,15152.446
2025-09-12,27,5146.802,10067.788,15214.59
2025-09-12,28,5059.67,10108.696,15168.366
2025-09-12,29,5310.438,9949.736,15260.174
2025-09-12,30,5129.324,9933.68,15063.004
2025-09-12,31,4711.582,9446.168,14157.75
2025-09-12,32,4676.824,9390.306,14067.13
2025-09-12,33,4359.584,9459.986,13819.57
2025-09-12,34,3932.532,8859.092,12791.624
2025-09-12,35,4173.292,7965.902,12139.194
2025-09-12,36,3848.166,7921.388,11769.554
2025-09-12,37,3593.17,7944.328,11537.498
2025-09-12,38,3473.804,7336.326,10810.13
2025-09-12,39,3197.114,7275.744,10472.858
2025-09-12,40,3281.308,6300.35,9581.658
2025-09-12,41,3339.578,6165.218,9504.796
2025-09-12,42,3276.542,6111.318,9387.86
2025-09-12,43,3216.228,6440.01,9656.238
2025-09-12,44,3186.726,7183.094,10369.82
2025-09-12,45,3281.354,7968.28,11249.634
2025-09-12,46,3363.534,8632.762,11996.296
2025-09-12,47,3113.498,9260.912,12374.41
2025-09-12,48,2950.174,9109.81,12059.984
2025-09-13,1,2946.788,9160.774,12107.562
2025-09-13,2,2936.792,9183.476,12120.268
2025-09-13,3,2932.314,9009.114,11941.428
2025-09-13,4,3241.678,8858.996,12100.674
2025-09-13,5,3334.552,8168.28,11502.832
2025-09-13,6,3389.296,8295.342,11684.638
2025-09-13,7,3202.898,8240.222,11443.12
2025-09-13,8,2682.64,8192.598,10875.238
2025-09-13,9,2536.742,7912.262,10449.004
2025-09-13,10,2850.144,7944.4,10794.544
2025-09-13,11,2909.966,7853.028,10762.994
2025-09-13,12,2945.188,8128.75,11073.938
2025-09-13,13,3075.728,8428.38,11504.108
2025-09-13,14,3093.118,8459.618,11552.736
2025-09-13,15,3104.632,8787.964,11892.596
2025-09-13,16,3218.776,8717.95,11936.726
2025-09-13,17,2943.928,8730.316,11674.244
2025-09-13,18,3016.784,8760.218,11777.002
2025-09-13,19,3073.87,8795.046,11868.916
2025-09-13,20,2756.306,8757.54,11513.846
2025-09-13,21,2662.138,8372.944,11035.082
2025-09-13,22,2725.168,8409.348,11134.516
2025-09-13,23,2631.522,8425.674,11057.196
2025-09-13,24,2574.904,7869.856,10444.76
2025-09-13,25,2651.818,7737.406,10389.224
2025-09-13,26,2529.42,7867.474,10396.894
2025-09-13,27,2064.544,7787.596,9852.14
2025-09-13,28,1814.182,7457.432,9271.614
2025-09-13,29,1584.284,7254.464,8838.748
2025-09-13,30,1656.73,7129.912,8786.642
2025-09-13,31,1784.63,7286.338,9070.968
2025-09-13,32,2050.468,7128.668,9179.136
2025-09-13,33,2309.834,6315.06,8624.894
2025-09-13,34,2375.014,6232.792,8607.806
2025-09-13,35,2316.426,6116.504,8432.93
2025-09-13,36,2467.956,5908.45,8376.406
2025-09-13,37,2897.95,5480.206,8378.156
2025-09-13,38,2667.446,4935.716,7603.162
2025-09-13,39,2315.258,4690.512,7005.77
2025-09-13,40,1857.864,4850.88,6708.744
2025-09-13,41,1801.778,4958.196,6759.974
2025-09-13,42,1832.488,5019.826,6852.314
2025-09-13,43,1775.088,4671.596,6446.684
2025-09-13,44,1815.088,4982.436,6797.524
2025-09-13,45,1931.94,5276.474,7208.414
2025-09-13,46,2055.844,5633.438,7689.282
2025-09-13,47,1804.89,5638.818,7443.708
2025-09-13,48,1706.256,5755.096,7461.352
2025-09-14,1,1679.668,5994.852,7674.52
2025-09-14,2,1741.286,5857.818,7599.104
2025-09-14,3,1630.35,5294.156,6924.506
2025-09-14,4,1465.59,4869.5,6335.09
2025-09-14,5,1330.534,4763.178,6093.712
2025-09-14,6,1255.556,4857.764,6113.32
2025-09-14,7,1065.186,4482.812,5547.998
2025-09-14,8,906.89,3848.902,4755.792
2025-09-14,9,813.954,3163.67,3977.624
2025-09-14,10,754.516,2758.76,3513.276
2025-09-14,11,703.168,2593.246,3296.414
2025-09-14,12,626.454,2513.208,3139.662
2025-09-14,13,518.45,2431.332,2949.782
2025-09-14,14,452.766,2189.79,2642.556
2025-09-14,15,456.184,1877.27,2333.454
2025-09-14,16,428.32,1833.094,2261.414
2025-09-14,17,453.128,1738.714,2191.842
2025-09-14,18,459.036,1725.686,2184.722
2025-09-14,19,612.344,1843.14,2455.484
2025-09-14,20,786.118,2171.524,2957.642
2025-09-14,21,969.21,2398.732,3367.942
2025-09-14,22,1147.166,2894.6,4041.766
2025-09-14,23,1465.278,3293.13,4758.408
2025-09-14,24,1702.746,3946.638,5649.384
2025-09-14,25,2070.402,4471.586,6541.988
2025-09-14,26,2453.916,5042.754,7496.67
2025-09-14,27,2952.008,5475.232,8427.24
2025-09-14,28,3422.238,6242.856,9665.094
2025-09-14,29,3810.134,6863.9,10674.034
2025-09-14,30,4042.57,7406.552,11449.122
2025-09-14,31,4767.606,7845.104,12612.71
2025-09-14,32,5204.014,8417.978,13621.992
2025-09-14,33,5277.356,9065.762,14343.118
2025-09-14,34,5222.74,9616.796,14839.536
2025-09-14,35,5467.24,9944.814,15412.054
2025-09-14,36,5782.768,10735.282,16518.05
2025-09-14,37,5634.71,11040.352,16675.062
2025-09-14,38,5532.582,10993.736,16526.318
2025-09-14,39,5383.14,11038.582,16421.722
2025-09-14,40,5081.386,11012.568,16093.954
2025-09-14,41,4595.63,11051.528,15647.158
2025-09-14,42,4376.384,11184.208,15560.592
2025-09-14,43,3864.922,11161.906,15026.828
2025-09-14,44,3849.784,11154.364,15004.148
2025-09-14,45,3873.27,11045.976,14919.246
2025-09-14,46,3664.958,11117.088,14782.046
2025-09-14,47,3824.918,11127.258,14952.176
2025-09-14,48,3554.74,11108.97,14663.71
2025-09-15,1,3436.838,11055.716,14492.554
2025-09-15,2,3605.568,11042.996,14648.564
2025-09-15,3,3452.168,11141.478,14593.646
2025-09-15,4,3165.226,11121.924,14287.15
2025-09-15,5,2753.874,11101.212,13855.086
2025-09-15,6,2533.082,11095.25,13628.332
2025-09-15,7,2239.884,11060.936,13300.82
2025-09-15,8,2110.892,10875.896,12986.788
2025-09-15,9,2028.28,10536.964,12565.244
2025-09-15,10,2007.576,10415.002,12422.578
2025-09-15,11,1959.648,9874.826,11834.474
2025-09-15,12,1992.082,10040.658,12032.74
2025-09-15,13,2053.38,10599.7,12653.08
2025-09-15,14,2409.554,11019.806,13429.36
2025-09-15,15,2668.404,11017.158,13685.562
2025-09-15,16,3024.238,11051.188,14075.426
2025-09-15,17,3387.22,11029.69,14416.91
2025-09-15,18,3684.488,11066.308,14750.796
2025-09-15,19,3855.03,11098.248,14953.278
2025-09-15,20,4140.564,11057.222,15197.786
2025-09-15,21,4478.222,11038.038,15516.26
2025-09-15,22,4564.96,11113.552,15678.512
2025-09-15,23,4536.712,11107.652,15644.364
2025-09-15,24,4397.0,11097.088,15494.088
2025-09-15,25,3979.802,11106.61,15086.412
2025-09-15,26,4201.542,11138.612,15340.154
2025-09-15,27,4217.228,11154.616,15371.844
2025-09-15,28,4043.772,11167.618,15211.39
2025-09-15,29,4080.798,11180.672,15261.47
2025-09-15,30,4029.182,11184.364,15213.546
2025-09-15,31,4054.206,11181.178,15235.384
2025-09-15,32,4238.23,11177.29,15415.52
2025-09-15,33,3609.74,11204.294,14814.034
2025-09-15,34,3564.774,11197.7,14762.474
2025-09-15,35,3746.176,11169.594,14915.77
2025-09-15,36,3888.162,11025.552,14913.714
2025-09-15,37,4150.128,10896.96,15047.088
2025-09-15,38,4286.782,10902.56,15189.342
2025-09-15,39,4112.518,10957.454,15069.972
2025-09-15,40,4177.432,11041.546,15218.978
2025-09-15,41,4700.402,11158.494,15858.896
2025-09-15,42,4670.648,11174.85,15845.498
2025-09-15,43,4553.668,11158.898,15712.566
2025-09-15,44,4156.196,11087.816,15244.012
2025-09-15,45,4001.768,11118.694,15120.462
2025-09-15,46,3619.96,11137.02,14756.98
2025-09-15,47,3340.422,11117.686,14458.108
2025-09-15,48,3352.532,11118.854,14471.386
2025-09-16,1,3293.784,11085.996,14379.78
2025-09-16,2,3418.182,11107.554,14525.736
2025-09-16,3,3545.87,11112.76,14658.63
2025-09-16,4,3631.346,11100.06,14731.406
2025-09-16,5,3564.968,11118.458,14683.426
2025-09-16,6,3507.406,11087.456,14594.862
2025-09-16,7,3666.804,11052.518,14719.322
2025-09-16,8,3619.266,11047.914,14667.18
2025-09-16,9,3642.278,11028.322,14670.6
2025-09-16,10,3610.562,10951.894,14562.456
2025-09-16,11,3654.17,10905.188,14559.358
2025-09-16,12,3867.858,10823.622,14691.48
2025-09-16,13,4139.326,10734.856,14874.182
2025-09-16,14,4110.834,10755.884,14866.718
2025-09-16,15,3828.564,10749.536,14578.1
2025-09-16,16,3543.698,10593.188,14136.886
2025-09-16,17,3337.332,10775.722,14113.054
2025-09-16,18,3309.532,10837.848,14147.38
2025-09-16,19,3481.37,10813.78,14295.15
2025-09-16,20,3578.006,10482.354,14060.36
2025-09-16,21,3617.54,10428.158,14045.698
2025-09-16,22,3784.738,10474.56,14259.298
2025-09-16,23,3993.094,10338.324,14331.418
2025-09-16,24,4313.212,10243.486,14556.698
2025-09-16,25,4262.002,10079.95,14341.952
2025-09-16,26,4184.664,9908.302,14092.966
2025-09-16,27,4175.426,9524.544,13699.97
2025-09-16,28,4312.404,9244.256,13556.66
2025-09-16,29,4295.132,8893.912,13189.044
2025-09-16,30,4093.766,8699.244,12793.01
2025-09-16,31,4364.74,8507.288,12872.028
2025-09-16,32,4569.078,8611.926,13181.004
2025-09-16,33,4510.426,8859.262,13369.688
2025-09-16,34,4450.93,9390.592,13841.522
2025-09-16,35,4197.602,9500.942,13698.544
2025-09-16,36,3907.926,9122.532,13030.458
2025-09-16,37,3568.412,8785.36,12353.772
2025-09-16,38,3219.982,8377.906,11597.888
2025-09-16,39,3364.964,8233.974,11598.938
2025-09-16,40,3281.308,8620.218,11901.526
2025-09-16,41,3092.558,8394.916,11487.474
2025-09-16,42,3099.24,8206.804,11306.044
2025-09-16,43,2937.224,8255.68,11192.904
2025-09-16,44,2402.878,7843.1,10245.978
2025-09-16,45,1917.782,7440.318,9358.1
2025-09-16,46,1964.9,7364.602,9329.502
2025-09-16,47,1895.948,7230.882,9126.83
2025-09-16,48,1572.226,6992.586,8564.812
2025-09-17,1,1283.176,6657.146,7940.322
2025-09-17,2,1045.574,6332.528,7378.102
2025-09-17,3,1006.23,5917.476,6923.706
2025-09-17,4,865.454,5556.152,6421.606
2025-09-17,5,796.792,5477.056,6273.848
2025-09-17,6,792.786,5186.644,5979.43
2025-09-17,7,847.46,5313.046,6160.506
2025-09-17,8,1072.678,5807.034,6879.712
2025-09-17,9,1317.316,5407.182,6724.498
2025-09-17,10,1759.342,5242.112,7001.454
2025-09-17,11,2057.254,5690.272,7747.526
2025-09-17,12,2416.55,5881.558,8298.108
2025-09-17,13,2453.248,5630.486,8083.734
2025-09-17,14,3087.428,5436.168,8523.596
2025-09-17,15,3557.374,5205.836,8763.21
2025-09-17,16,3989.932,4899.32,8889.252
2025-09-17,17,4210.528,5319.916,9530.444
2025-09-17,18,4570.368,6322.578,10892.946
2025-09-17,19,4996.106,7513.878,12509.984
2025-09-17,20,4911.826,8718.098,13629.924
2025-09-17,21,4904.112,9804.7,14708.812
2025-09-17,22,4574.434,10340.988,14915.422
2025-09-17,23,4511.46,10649.572,15161.032
2025-09-17,24,4479.11,10682.212,15161.322
2025-09-17,25,4530.956,10580.482,15111.438
2025-09-17,26,4538.252,10393.704,14931.956
2025-09-17,27,4714.008,10498.058,15212.066
2025-09-17,28,5036.144,10526.65,15562.794
2025-09-17,29,5129.928,10535.376,15665.304
2025-09-17,30,5123.214,10597.78,15720.994
2025-09-17,31,5188.858,10616.484,15805.342
2025-09-17,32,5089.866,10608.362,15698.228
2025-09-17,33,4939.716,10674.874,15614.59
2025-09-17,34,5155.04,10621.428,15776.468
2025-09-17,35,5043.824,10532.91,15576.734
2025-09-17,36,5116.402,10608.96,15725.362
2025-09-17,37,4951.374,10611.874,15563.248
2025-09-17,38,4927.382,10671.886,15599.268
2025-09-17,39,4676.544,10586.132,15262.676
2025-09-17,40,4672.894,10451.776,15124.67
2025-09-17,41,4969.258,10381.246,15350.504
2025-09-17,42,5275.182,10262.95,15538.132
2025-09-17,43,5263.178,10174.852,15438.03
2025-09-17,44,5284.174,10195.326,15479.5
2025-09-17,45,5016.334,10230.548,15246.882
2025-09-17,46,4982.404,10219.942,15202.346
2025-09-17,47,4968.792,10188.712,15157.504
2025-09-17,48,4963.762,10096.178,15059.94
2025-09-18,1,4964.916,10191.602,15156.518
2025-09-18,2,5056.006,10220.268,15276.274
2025-09-18,3,4867.07,10099.646,14966.716
2025-09-18,4,4789.314,9931.588,14720.902
2025-09-18,5,4758.334,9697.814,14456.148
2025-09-18,6,4874.644,9746.594,14621.238
2025-09-18,7,4947.858,9765.73,14713.588
2025-09-18,8,4863.982,9637.014,14500.996
2025-09-18,9,4873.094,9500.908,14374.002
2025-09-18,10,4915.71,9421.598,14337.308
2025-09-18,11,4698.914,9120.898,13819.812
2025-09-18,12,4619.05,8668.488,13287.538
2025-09-18,13,4569.534,8265.092,12834.626
2025-09-18,14,4517.55,8287.342,12804.892
2025-09-18,15,4666.838,7949.298,12616.136
2025-09-18,16,4717.186,7833.766,12550.952
2025-09-18,17,4858.498,8070.95,12929.448
2025-09-18,18,4937.698,8259.398,13197.096
2025-09-18,19,4957.37,8008.588,12965.958
2025-09-18,20,4984.818,7821.962,12806.78
2025-09-18,21,5098.224,7921.434,13019.658
2025-09-18,22,5212.332,7949.454,13161.786
2025-09-18,23,5318.856,7813.656,13132.512
2025-09-18,24,5230.322,7757.726,12988.048
2025-09-18,25,5119.856,7815.604,12935.46
2025-09-18,26,4962.628,8019.126,12981.754
2025-09-18,27,4803.142,8073.77,12876.912
2025-09-18,28,4727.066,8280.358,13007.424
2025-09-18,29,4731.154,7940.182,12671.336
2025-09-18,30,4926.042,7777.406,12703.448
2025-09-18,31,4590.38,8303.126,12893.506
2025-09-18,32,4137.642,9197.886,13335.528
2025-09-18,33,3888.766,9729.514,13618.28
2025-09-18,34,3462.518,9651.738,13114.256
2025-09-18,35,3072.91,9852.514,12925.424
2025-09-18,36,2915.74,9860.396,12776.136
2025-09-18,37,2823.082,9876.984,12700.066
2025-09-18,38,3067.27,9739.432,12806.702
2025-09-18,39,3171.126,9827.608,12998.734
2025-09-18,40,3128.11,9867.212,12995.322
2025-09-18,41,3285.872,9813.672,13099.544
2025-09-18,42,3409.804,9694.628,13104.432
2025-09-18,43,3336.848,9705.662,13042.51
2025-09-18,44,3258.864,9756.38,13015.244
2025-09-18,45,2979.208,9726.786,12705.994
2025-09-18,46,2840.522,9807.13,12647.652
2025-09-18,47,3106.578,9818.392,12924.97
2025-09-18,48,3306.714,9758.788,13065.502
2025-09-19,1,3209.406,9718.344,12927.75
2025-09-19,2,3158.72,9558.6,12717.32
2025-09-19,3,3188.708,9458.748,12647.456
2025-09-19,4,3213.958,9529.874,12743.832
2025-09-19,5,3363.738,9454.212,12817.95
2025-09-19,6,3647.668,9239.99,12887.658
2025-09-19,7,3981.178,9196.77,13177.948
2025-09-19,8,4175.384,8931.442,13106.826
2025-09-19,9,4255.818,8739.83,12995.648
2025-09-19,10,3853.874,8386.002,12239.876
2025-09-19,11,3952.152,7883.224,11835.376
2025-09-19,12,3953.422,7480.66,11434.082
2025-09-19,13,3859.598,7782.936,11642.534
2025-09-19,14,3848.494,7684.834,11533.328
2025-09-19,15,3758.04,7838.69,11596.73
2025-09-19,16,3620.14,7865.618,11485.758
2025-09-19,17,3441.15,7512.296,10953.446
2025-09-19,18,3241.436,7357.098,10598.534
2025-09-19,19,3097.996,7088.416,10186.412
2025-09-19,20,3202.644,7079.142,10281.786
2025-09-19,21,3429.994,7325.034,10755.028
2025-09-19,22,3332.376,7313.252,10645.628
2025-09-19,23,3087.658,6828.53,9916.188
2025-09-19,24,3366.832,6513.048,9879.88
2025-09-19,25,3317.342,6362.988,9680.33
2025-09-19,26,3103.214,6132.844,9236.058
2025-09-19,27,3062.838,5503.168,8566.006
2025-09-19,28,3521.666,4280.884,7802.55
2025-09-19,29,3541.08,3495.312,7036.392
2025-09-19,30,3285.414,3186.594,6472.008
2025-09-19,31,3055.974,2902.082,5958.056
2025-09-19,32,2967.682,2839.628,5807.31
2025-09-19,33,2999.878,2977.622,5977.5
2025-09-19,34,2956.978,2923.004,5879.982
2025-09-19,35,2950.484,2836.488,5786.972
2025-09-19,36,2787.228,2831.24,5618.468
2025-09-19,37,2905.844,2736.454,5642.298
2025-09-19,38,2838.724,2747.658,5586.382
2025-09-19,39,2863.36,2897.67,5761.03
2025-09-19,40,2603.252,2859.766,5463.018
2025-09-19,41,2538.446,2799.134,5337.58
2025-09-19,42,2425.762,2673.596,5099.358
2025-09-19,43,2305.898,2576.072,4881.97
2025-09-19,44,2252.482,2180.316,4432.798
2025-09-19,45,2189.534,2060.214,4249.748
2025-09-19,46,2288.1,1927.704,4215.804
2025-09-19,47,2197.868,1714.686,3912.554
2025-09-19,48,2154.606,1630.544,3785.15
2025-09-20,1,2163.37,1390.096,3553.466
2025-09-20,2,2198.024,1329.472,3527.496
2025-09-20,3,2305.73,1617.036,3922.766
2025-09-20,4,2241.228,1692.43,3933.658
2025-09-20,5,2222.104,1644.926,3867.03
2025-09-20,6,2038.15,1642.486,3680.636
2025-09-20,7,2215.59,1680.042,3895.632
2025-09-20,8,2444.974,1840.96,4285.934
2025-09-20,9,2423.36,1991.16,4414.52
2025-09-20,10,2382.744,2345.026,4727.77
2025-09-20,11,2395.506,2400.704,4796.21
2025-09-20,12,2297.962,2356.852,4654.814
2025-09-20,13,2200.088,2383.844,4583.932
2025-09-20,14,2146.984,2264.954,4411.938
2025-09-20,15,2116.02,2198.674,4314.694
2025-09-20,16,2046.65,2155.736,4202.386
2025-09-20,17,2128.42,2183.42,4311.84
2025-09-20,18,2273.76,1967.668,4241.428
2025-09-20,19,2428.406,2372.92,4801.326
2025-09-20,20,2684.536,2652.756,5337.292
2025-09-20,21,2727.596,2650.636,5378.232
2025-09-20,22,2794.772,3250.256,6045.028
2025-09-20,23,2686.99,4375.252,7062.242
2025-09-20,24,2516.598,4996.518,7513.116
2025-09-20,25,2730.36,4901.28,7631.64
2025-09-20,26,2835.33,4898.816,7734.146
2025-09-20,27,3137.466,4786.254,7923.72
2025-09-20,28,3191.418,4493.2,7684.618
2025-09-20,29,3290.074,4347.506,7637.58
2025-09-20,30,3491.084,4412.228,7903.312
2025-09-20,31,3557.574,4860.192,8417.766
2025-09-20,32,3638.65,4685.038,8323.688
2025-09-20,33,3833.432,4814.94,8648.372
2025-09-20,34,4003.778,4742.518,8746.296
2025-09-20,35,4104.198,4583.892,8688.09
2025-09-20,36,4264.178,4954.332,9218.51
2025-09-20,37,4117.156,5260.144,9377.3
2025-09-20,38,4022.62,5964.624,9987.244
2025-09-20,39,4047.066,7200.844,11247.91
2025-09-20,40,4128.062,8158.48,12286.542
2025-09-20,41,4136.606,8497.052,12633.658
2025-09-20,42,4048.472,8519.734,12568.206
2025-09-20,43,4009.764,9302.956,13312.72
2025-09-20,44,4105.634,9770.488,13876.122
2025-09-20,45,4151.734,9768.652,13920.386
2025-09-20,46,4054.67,9522.13,13576.8
2025-09-20,47,3853.704,9477.376,13331.08
2025-09-20,48,4022.924,9760.712,13783.636
2025-09-21,1,4208.078,10043.276,14251.354
2025-09-21,2,4218.778,9765.906,13984.684
2025-09-21,3,4237.452,9565.45,13802.902
2025-09-21,4,4072.682,10031.236,14103.918
2025-09-21,5,4054.166,10291.73,14345.896
2025-09-21,6,4039.666,9646.48,13686.146
2025-09-21,7,4077.892,8494.906,12572.798
2025-09-21,8,3982.57,7980.934,11963.504
2025-09-21,9,3794.098,7440.32,11234.418
2025-09-21,10,3639.79,7298.978,10938.768
2025-09-21,11,3676.424,7393.21,11069.634
2025-09-21,12,3790.324,8003.016,11793.34
2025-09-21,13,3683.342,8879.274,12562.616
2025-09-21,14,3671.832,8958.526,12630.358
2025-09-21,15,3683.602,8583.02,12266.622
2025-09-21,16,3700.772,8404.23,12105.002
2025-09-21,17,3607.182,8309.674,11916.856
2025-09-21,18,3732.538,7907.548,11640.086
2025-09-21,19,3836.282,7442.968,11279.25
2025-09-21,20,3939.84,7182.444,11122.284
2025-09-21,21,3673.192,7220.718,10893.91
2025-09-21,22,3536.182,6781.614,10317.796
2025-09-21,23,3370.574,6707.52,10078.094
2025-09-21,24,3225.958,6400.586,9626.544
2025-09-21,25,3310.408,6373.854,9684.262
2025-09-21,26,3591.438,6389.382,9980.82
2025-09-21,27,3457.232,6306.39,9763.622
2025-09-21,28,3267.774,6308.14,9575.914
2025-09-21,29,3158.006,6188.396,9346.402
2025-09-21,30,3323.746,6372.034,9695.78
2025-09-21,31,3412.17,6637.628,10049.798
2025-09-21,32,3324.196,6724.732,10048.928
2025-09-21,33,3152.714,6876.376,10029.09
2025-09-21,34,3312.034,7100.222,10412.256
2025-09-21,35,3125.718,7217.994,10343.712
2025-09-21,36,3228.178,7299.942,10528.12
2025-09-21,37,3169.69,7128.97,10298.66
2025-09-21,38,3087.346,7121.256,10208.602
2025-09-21,39,2896.498,7098.296,9994.794
2025-09-21,40,2694.348,7226.142,9920.49
2025-09-21,41,2489.938,7513.866,10003.804
2025-09-21,42,2537.85,7746.462,10284.312
2025-09-21,43,2490.144,7900.706,10390.85
2025-09-21,44,2410.464,7732.058,10142.522
2025-09-21,45,2450.972,7537.444,9988.416
2025-09-21,46,2470.512,7423.216,9893.728
2025-09-21,47,2523.67,7316.12,9839.79
2025-09-21,48,2550.848,7283.388,9834.236
2025-09-22,1,2587.938,7163.246,9751.184
2025-09-22,2,2652.186,7001.38,9653.566
2025-09-22,3,2564.114,6864.506,9428.62
2025-09-22,4,2467.844,6465.52,8933.364
2025-09-22,5,2628.508,6395.25,9023.758
2025-09-22,6,2619.31,6498.094,9117.404
2025-09-22,7,2699.414,6479.828,9179.242
2025-09-22,8,2802.972,6298.576,9101.548
2025-09-22,9,2780.962,5815.09,8596.052
2025-09-22,10,2863.336,5503.656,8366.992
2025-09-22,11,2878.904,5724.526,8603.43
2025-09-22,12,2842.51,5732.982,8575.492
2025-09-22,13,3031.528,5709.624,8741.152
2025-09-22,14,3006.394,5602.308,8608.702
2025-09-22,15,2882.058,5190.806,8072.864
2025-09-22,16,2924.286,4910.29,7834.576
2025-09-22,17,3116.12,4811.066,7927.186
2025-09-22,18,3111.4,4887.636,7999.036
2025-09-22,19,2933.652,4952.506,7886.158
2025-09-22,20,2922.92,4868.406,7791.326
2025-09-22,21,3009.318,4699.904,7709.222
2025-09-22,22,3233.072,4766.974,8000.046
2025-09-22,23,3214.422,4703.136,7917.558
2025-09-22,24,3089.342,4587.962,7677.304
2025-09-22,25,3135.752,4613.796,7749.548
2025-09-22,26,3217.628,4757.038,7974.666
2025-09-22,27,3151.814,4817.42,7969.234
2025-09-22,28,3108.592,4646.996,7755.588
2025-09-22,29,3239.026,4681.57,7920.596
2025-09-22,30,3099.99,4664.2,7764.19
2025-09-22,31,3039.402,4586.5,7625.902
2025-09-22,32,2962.288,4441.696,7403.984
2025-09-22,33,3260.064,4327.032,7587.096
2025-09-22,34,3243.108,4014.82,7257.928
2025-09-22,35,3101.062,3869.44,6970.502
2025-09-22,36,2928.002,3976.026,6904.028
2025-09-22,37,2862.796,4144.774,7007.57
2025-09-22,38,2787.578,4186.446,6974.024
2025-09-22,39,2791.824,4093.294,6885.118
2025-09-22,40,2704.65,4048.254,6752.904
2025-09-22,41,2744.366,4266.382,7010.748
2025-09-22,42,2759.94,4259.084,7019.024
2025-09-22,43,2677.446,4279.482,6956.928
2025-09-22,44,2638.586,4125.534,6764.12
2025-09-22,45,2496.614,3554.752,6051.366
2025-09-22,46,2343.428,3065.508,5408.936
2025-09-22,47,2228.63,2928.396,5157.026
2025-09-22,48,2182.048,2800.884,4982.932
2025-09-23,1,2102.018,3067.58,5169.598
2025-09-23,2,2086.522,2865.206,4951.728
2025-09-23,3,2143.322,2615.966,4759.288
2025-09-23,4,1880.596,2792.124,4672.72
2025-09-23,5,1614.498,2733.466,4347.964
2025-09-23,6,1485.338,2544.288,4029.626
2025-09-23,7,1295.264,2479.232,3774.496
2025-09-23,8,1081.108,2803.564,3884.672
2025-09-23,9,1036.19,3049.53,4085.72
2025-09-23,10,1020.052,3099.776,4119.828
2025-09-23,11,1017.928,2835.168,3853.096
2025-09-23,12,876.814,3220.304,4097.118
2025-09-23,13,761.888,3503.476,4265.364
2025-09-23,14,704.69,3076.436,3781.126
2025-09-23,15,656.4,2932.792,3589.192
2025-09-23,16,635.606,3008.524,3644.13
2025-09-23,17,637.362,2943.198,3580.56
2025-09-23,18,570.806,2958.002,3528.808
2025-09-23,19,510.162,3213.236,3723.398
2025-09-23,20,414.76,3147.878,3562.638
2025-09-23,21,348.328,3216.27,3564.598
2025-09-23,22,245.556,3277.222,3522.778
2025-09-23,23,181.488,3537.072,3718.56
2025-09-23,24,110.35,3665.3,3775.65
2025-09-23,25,83.532,3726.746,3810.278
2025-09-23,26,55.534,3779.436,3834.97
2025-09-23,27,38.468,3692.738,3731.206
2025-09-23,28,32.234,3791.188,3823.422
2025-09-23,29,31.404,3834.412,3865.816
2025-09-23,30,22.842,3545.008,3567.85
2025-09-23,31,24.3,3704.44,3728.74
2025-09-23,32,37.282,3723.04,3760.322
2025-09-23,33,43.07,3608.214,3651.284
2025-09-23,34,43.82,3805.172,3848.992
2025-09-23,35,48.806,3743.614,3792.42
2025-09-23,36,61.27,3690.336,3751.606
2025-09-23,37,90.776,3480.458,3571.234
2025-09-23,38,126.958,3499.142,3626.1
2025-09-23,39,183.922,3240.476,3424.398
2025-09-23,40,249.144,3283.414,3532.558
2025-09-23,41,297.9,3509.76,3807.66
2025-09-23,42,384.048,3541.96,3926.008
2025-09-23,43,524.14,3795.006,4319.146
2025-09-23,44,663.056,3714.832,4377.888
2025-09-23,45,777.75,3749.972,4527.722
2025-09-23,46,921.824,3614.302,4536.126
2025-09-23,47,1062.464,3786.702,4849.166
2025-09-23,48,1163.03,3995.986,5159.016
2025-09-24,1,1254.87,3943.118,5197.988
2025-09-24,2,1366.22,3586.908,4953.128
2025-09-24,3,1367.818,3709.692,5077.51
2025-09-24,4,1185.866,3453.44,4639.306
2025-09-24,5,1088.612,3532.978,4621.59
2025-09-24,6,1061.298,3434.642,4495.94
2025-09-24,7,1038.47,3488.334,4526.804
2025-09-24,8,969.318,3303.224,4272.542
2025-09-24,9,756.802,3484.566,4241.368
2025-09-24,10,627.576,3568.974,4196.55
2025-09-24,11,562.766,3893.158,4455.924
2025-09-24,12,534.284,4184.048,4718.332
2025-09-24,13,584.778,4310.676,4895.454
2025-09-24,14,626.358,4420.666,5047.024
2025-09-24,15,683.082,4446.42,5129.502
2025-09-24,16,722.052,4364.078,5086.13
2025-09-24,17,820.912,4461.662,5282.574
2025-09-24,18,936.27,4626.39,5562.66
2025-09-24,19,958.612,4585.87,5544.482
2025-09-24,20,1100.036,4639.374,5739.41
2025-09-24,21,1068.36,4956.396,6024.756
2025-09-24,22,1684.04,4607.078,6291.118
2025-09-24,23,2090.736,4461.456,6552.192
2025-09-24,24,2321.922,4234.824,6556.746
2025-09-24,25,2305.396,3992.246,6297.642
2025-09-24,26,2225.294,3776.796,6002.09
2025-09-24,27,2146.006,3656.704,5802.71
2025-09-24,28,2010.644,3630.148,5640.792
2025-09-24,29,1910.2,3531.918,5442.118
2025-09-24,30,1860.196,3573.92,5434.116
2025-09-24,31,1777.752,3632.848,5410.6
2025-09-24,32,1845.232,3808.354,5653.586
2025-09-24,33,1984.452,4144.082,6128.534
2025-09-24,34,2036.282,4403.536,6439.818
2025-09-24,35,2137.588,4639.422,6777.01
2025-09-24,36,2272.374,4843.29,7115.664
2025-09-24,37,2040.266,5138.62,7178.886
2025-09-24,38,1808.858,5290.724,7099.582
2025-09-24,39,1801.496,5327.828,7129.324
2025-09-24,40,1856.418,5306.63,7163.048
2025-09-24,41,1975.01,5281.854,7256.864
2025-09-24,42,2034.146,5104.31,7138.456
2025-09-24,43,2147.63,4945.368,7092.998
2025-09-24,44,2067.122,4649.25,6716.372
2025-09-24,45,2022.86,4437.728,6460.588
2025-09-24,46,2099.656,4211.168,6310.824
2025-09-24,47,2207.014,4115.502,6322.516
2025-09-24,48,2263.732,3857.684,6121.416
2025-09-25,1,2298.586,3622.192,5920.778
2025-09-25,2,2421.292,3443.478,5864.77
2025-09-25,3,2525.224,3296.934,5822.158
2025-09-25,4,2580.762,3187.316,5768.078
2025-09-25,5,2490.512,3117.252,5607.764
2025-09-25,6,2404.216,3077.036,5481.252
2025-09-25,7,2327.906,3179.246,5507.152
2025-09-25,8,2173.15,3387.456,5560.606
2025-09-25,9,2045.328,3611.038,5656.366
2025-09-25,10,1987.544,3759.76,5747.304
2025-09-25,11,1973.87,4055.84,6029.71
2025-09-25,12,1997.124,4221.738,6218.862
2025-09-25,13,2050.19,4497.824,6548.014
2025-09-25,14,2071.198,4929.654,7000.852
2025-09-25,15,2127.14,5349.528,7476.668
2025-09-25,16,2058.912,5584.78,7643.692
2025-09-25,17,1953.518,5827.338,7780.856
2025-09-25,18,1985.808,6030.33,8016.138
2025-09-25,19,1939.792,5986.208,7926.0
2025-09-25,20,1891.77,5849.604,7741.374
2025-09-25,21,1827.634,5733.154,7560.788
2025-09-25,22,1928.924,5509.324,7438.248
2025-09-25,23,1998.29,5376.41,7374.7
2025-09-25,24,1844.47,5186.844,7031.314
2025-09-25,25,1855.892,4922.752,6778.644
2025-09-25,26,1938.098,4805.938,6744.036
2025-09-25,27,2069.974,4708.674,6778.648
2025-09-25,28,2089.748,4663.508,6753.256
2025-09-25,29,2093.268,4561.804,6655.072
2025-09-25,30,2308.446,4548.994,6857.44
2025-09-25,31,2606.256,4660.988,7267.244
2025-09-25,32,2649.662,5012.604,7662.266
2025-09-25,33,2740.366,5490.876,8231.242
2025-09-25,34,2861.926,5814.636,8676.562
2025-09-25,35,3275.362,6001.124,9276.486
2025-09-25,36,3355.934,6189.574,9545.508
2025-09-25,37,3094.054,6199.54,9293.594
2025-09-25,38,3037.97,6311.56,9349.53
2025-09-25,39,3092.752,6117.208,9209.96
2025-09-25,40,3213.894,5587.248,8801.142
2025-09-25,41,3130.86,5463.994,8594.854
2025-09-25,42,3207.872,5582.566,8790.438
2025-09-25,43,3331.898,5542.962,8874.86
2025-09-25,44,3084.354,5239.358,8323.712
2025-09-25,45,3042.304,5106.77,8149.074
2025-09-25,46,3282.236,4907.872,8190.108
2025-09-25,47,3502.842,4701.652,8204.494
2025-09-25,48,3401.896,4541.404,7943.3
2025-09-26,1,3393.432,4835.42,8228.852
2025-09-26,2,3530.568,4949.018,8479.586
2025-09-26,3,3651.97,4789.12,8441.09
2025-09-26,4,3691.402,4439.03,8130.432
2025-09-26,5,3695.584,4191.246,7886.83
2025-09-26,6,3560.976,4228.112,7789.088
2025-09-26,7,3491.106,4369.05,7860.156
2025-09-26,8,3511.38,4413.662,7925.042
2025-09-26,9,3582.36,4328.308,7910.668
2025-09-26,10,3528.4,4233.514,7761.914
2025-09-26,11,3429.994,4061.932,7491.926
2025-09-26,12,3365.94,3753.466,7119.406
2025-09-26,13,3130.16,3805.194,6935.354
2025-09-26,14,3142.934,3809.142,6952.076
2025-09-26,15,3129.928,3935.792,7065.72
2025-09-26,16,3317.154,3960.808,7277.962
2025-09-26,17,3460.874,4069.164,7530.038
2025-09-26,18,3663.4,4099.92,7763.32
2025-09-26,19,3788.99,4184.248,7973.238
2025-09-26,20,3934.896,4188.894,8123.79
2025-09-26,21,3963.808,3972.396,7936.204
2025-09-26,22,4226.15,3846.03,8072.18
2025-09-26,23,4380.188,3778.318,8158.506
2025-09-26,24,4344.242,3684.986,8029.228
2025-09-26,25,4497.896,3812.266,8310.162
2025-09-26,26,4602.056,3905.998,8508.054
2025-09-26,27,4600.704,3724.564,8325.268
2025-09-26,28,4888.202,3655.342,8543.544
2025-09-26,29,4745.764,3387.444,8133.208
2025-09-26,30,4718.124,3070.324,7788.448
2025-09-26,31,4667.328,2765.218,7432.546
2025-09-26,32,4355.138,2450.53,6805.668
2025-09-26,33,4292.528,2199.78,6492.308
2025-09-26,34,4414.658,2212.984,6627.642
2025-09-26,35,4343.196,2065.872,6409.068
2025-09-26,36,4231.212,1961.58,6192.792
2025-09-26,37,4037.576,1900.752,5938.328
2025-09-26,38,3954.94,1861.726,5816.666
2025-09-26,39,3842.232,1852.436,5694.668
2025-09-26,40,3885.508,1846.55,5732.058
2025-09-26,41,3988.45,1732.648,5721.098
2025-09-26,42,4130.504,1683.468,5813.972
2025-09-26,43,4338.736,1690.352,6029.088
2025-09-26,44,4437.844,1681.644,6119.488
2025-09-26,45,4368.194,1724.152,6092.346
2025-09-26,46,4325.494,1787.368,6112.862
2025-09-26,47,4339.498,1949.23,6288.728
2025-09-26,48,4389.114,1992.864,6381.978
2025-09-27,1,4532.888,2103.484,6636.372
2025-09-27,2,4575.126,2192.902,6768.028
2025-09-27,3,4702.848,2356.746,7059.594
2025-09-27,4,4761.994,2358.73,7120.724
2025-09-27,5,4741.08,2429.91,7170.99
2025-09-27,6,4647.694,2336.064,6983.758
2025-09-27,7,4784.172,2249.578,7033.75
2025-09-27,8,4970.676,2253.998,7224.674
2025-09-27,9,4987.024,2311.996,7299.02
2025-09-27,10,4939.964,2293.182,7233.146
2025-09-27,11,4863.096,2344.474,7207.57
2025-09-27,12,4848.926,2320.076,7169.002
2025-09-27,13,4892.338,2328.718,7221.056
2025-09-27,14,4942.646,2432.414,7375.06
2025-09-27,15,5014.604,2409.252,7423.856
2025-09-27,16,4998.814,2349.002,7347.816
2025-09-27,17,4999.798,2348.052,7347.85
2025-09-27,18,4946.328,2285.808,7232.136
2025-09-27,19,4938.05,2225.024,7163.074
2025-09-27,20,4981.88,2383.934,7365.814
2025-09-27,21,5112.558,2548.59,7661.148
2025-09-27,22,5226.722,2580.008,7806.73
2025-09-27,23,5273.428,2529.516,7802.944
2025-09-27,24,5322.362,2644.282,7966.644
2025-09-27,25,5402.914,2689.618,8092.532
2025-09-27,26,5569.202,2684.688,8253.89
2025-09-27,27,5524.228,2774.178,8298.406
2025-09-27,28,5441.89,2860.054,8301.944
2025-09-27,29,5505.858,3044.672,8550.53
2025-09-27,30,5651.156,3375.046,9026.202
2025-09-27,31,5686.104,3746.95,9433.054
2025-09-27,32,5716.254,3883.776,9600.03
2025-09-27,33,5625.536,3977.976,9603.512
2025-09-27,34,5570.9,4057.586,9628.486
2025-09-27,35,5239.856,4484.56,9724.416
2025-09-27,36,5054.436,4521.396,9575.832
2025-09-27,37,4675.1,4477.808,9152.908
2025-09-27,38,4374.428,4511.342,8885.77
2025-09-27,39,4192.962,4607.666,8800.628
2025-09-27,40,4208.098,4837.73,9045.828
2025-09-27,41,4247.624,4757.788,9005.412
2025-09-27,42,3974.136,4563.188,8537.324
2025-09-27,43,3814.17,4464.486,8278.656
2025-09-27,44,3681.366,4319.396,8000.762
2025-09-27,45,3399.386,4531.7,7931.086
2025-09-27,46,3353.964,4555.3,7909.264
2025-09-27,47,3599.974,4469.454,8069.428
2025-09-27,48,3412.49,4289.142,7701.632
2025-09-28,1,3355.404,3957.552,7312.956
2025-09-28,2,3252.076,3753.042,7005.118
2025-09-28,3,3049.934,3591.436,6641.37
2025-09-28,4,3029.802,3342.726,6372.528
2025-09-28,5,2682.128,3032.716,5714.844
2025-09-28,6,2449.608,2704.34,5153.948
2025-09-28,7,2251.37,2554.876,4806.246
2025-09-28,8,2411.864,2370.198,4782.062
2025-09-28,9,2160.274,2365.05,4525.324
2025-09-28,10,1694.196,2380.494,4074.69
2025-09-28,11,1440.67,2372.64,3813.31
2025-09-28,12,1278.258,2227.356,3505.614
2025-09-28,13,1248.938,2192.974,3441.912
2025-09-28,14,1169.94,2565.186,3735.126
2025-09-28,15,1019.678,2668.72,3688.398
2025-09-28,16,827.584,2494.876,3322.46
2025-09-28,17,703.69,2377.832,3081.522
2025-09-28,18,562.834,2325.04,2887.874
2025-09-28,19,529.084,2382.92,2912.004
2025-09-28,20,410.394,2366.21,2776.604
2025-09-28,21,366.062,2260.542,2626.604
2025-09-28,22,288.438,2187.792,2476.23
2025-09-28,23,280.316,2059.982,2340.298
2025-09-28,24,274.106,1832.406,2106.512
2025-09-28,25,216.632,1506.134,1722.766
2025-09-28,26,183.328,1228.412,1411.74
2025-09-28,27,169.796,1015.746,1185.542
2025-09-28,28,135.19,798.054,933.244
2025-09-28,29,146.394,711.61,858.004
2025-09-28,30,147.44,650.822,798.262
2025-09-28,31,173.824,541.112,714.936
2025-09-28,32,166.692,404.034,570.726
2025-09-28,33,166.41,329.056,495.466
2025-09-28,34,148.8,262.2,411.0
2025-09-28,35,183.592,329.996,513.588
2025-09-28,36,155.49,419.644,575.134
2025-09-28,37,111.626,423.038,534.664
2025-09-28,38,106.43,238.776,345.206
2025-09-28,39,123.55,182.094,305.644
2025-09-28,40,80.568,189.062,269.63
2025-09-28,41,47.468,181.662,229.13
2025-09-28,42,49.158,147.656,196.814
2025-09-28,43,61.638,144.602,206.24
2025-09-28,44,60.874,162.272,223.146
2025-09-28,45,75.872,167.162,243.034
2025-09-28,46,74.344,191.674,266.018
2025-09-28,47,74.658,249.964,324.622
2025-09-28,48,71.164,355.956,427.12
2025-09-29,1,68.392,470.724,539.116
2025-09-29,2,50.594,655.412,706.006
2025-09-29,3,44.132,756.19,800.322
2025-09-29,4,47.202,827.168,874.37
2025-09-29,5,83.758,927.426,1011.184
2025-09-29,6,109.19,1061.83,1171.02
2025-09-29,7,131.362,1171.522,1302.884
2025-09-29,8,131.312,1256.066,1387.378
2025-09-29,9,127.43,1293.552,1420.982
2025-09-29,10,133.23,1326.78,1460.01
2025-09-29,11,147.926,1364.638,1512.564
2025-09-29,12,180.516,1425.046,1605.562
2025-09-29,13,248.232,1434.464,1682.696
2025-09-29,14,317.574,1383.758,1701.332
2025-09-29,15,390.078,1266.816,1656.894
2025-09-29,16,497.498,1282.412,1779.91
2025-09-29,17,664.912,1305.872,1970.784
2025-09-29,18,727.48,1227.948,1955.428
2025-09-29,19,694.502,1119.098,1813.6
2025-09-29,20,671.128,1063.306,1734.434
2025-09-29,21,615.69,981.062,1596.752
2025-09-29,22,621.72,975.662,1597.382
2025-09-29,23,695.782,925.04,1620.822
2025-09-29,24,804.224,918.156,1722.38
2025-09-29,25,919.88,870.814,1790.694
2025-09-29,26,922.942,787.518,1710.46
2025-09-29,27,1082.376,810.184,1892.56
2025-09-29,28,1193.59,804.772,1998.362
2025-09-29,29,1243.232,742.984,1986.216
2025-09-29,30,1366.674,715.316,2081.99
2025-09-29,31,1471.224,730.148,2201.372
2025-09-29,32,1555.712,786.82,2342.532
2025-09-29,33,1579.64,725.232,2304.872
2025-09-29,34,1594.26,728.512,2322.772
2025-09-29,35,1859.542,745.334,2604.876
2025-09-29,36,2081.638,659.99,2741.628
2025-09-29,37,2272.05,648.32,2920.37
2025-09-29,38,2420.888,677.492,3098.38
2025-09-29,39,2421.04,614.706,3035.746
2025-09-29,40,2503.652,623.506,3127.158
2025-09-29,41,2640.018,617.048,3257.066
2025-09-29,42,2903.966,652.668,3556.634
2025-09-29,43,3096.924,709.16,3806.084
2025-09-29,44,3144.412,692.956,3837.368
2025-09-29,45,3233.592,662.148,3895.74
2025-09-29,46,3429.824,680.408,4110.232
2025-09-29,47,3455.006,713.124,4168.13
2025-09-29,48,3469.934,716.626,4186.56
2025-09-30,1,3354.79,720.878,4075.668
2025-09-30,2,3407.974,750.514,4158.488
2025-09-30,3,3455.158,769.98,4225.138
2025-09-30,4,3263.042,755.476,4018.518
2025-09-30,5,3206.636,746.62,3953.256
2025-09-30,6,3295.924,806.392,4102.316
2025-09-30,7,3453.796,824.466,4278.262
2025-09-30,8,3579.664,850.26,4429.924
2025-09-30,9,3416.742,790.156,4206.898
2025-09-30,10,3290.476,793.466,4083.942
2025-09-30,11,3256.768,746.17,4002.938
2025-09-30,12,3232.852,715.944,3948.796
2025-09-30,13,3236.064,619.982,3856.046
2025-09-30,14,3390.22,641.834,4032.054
2025-09-30,15,3463.966,706.242,4170.208
2025-09-30,16,3440.098,647.628,4087.726
2025-09-30,17,3535.928,638.648,4174.576
2025-09-30,18,3403.894,596.424,4000.318
2025-09-30,19,3157.16,519.152,3676.312
2025-09-30,20,3073.974,556.65,3630.624
2025-09-30,21,2978.676,561.326,3540.002
2025-09-30,22,3031.78,597.096,3628.876
2025-09-30,23,3048.64,561.208,3609.848
2025-09-30,24,3086.11,500.842,3586.952
2025-09-30,25,3350.03,520.04,3870.07
2025-09-30,26,3467.702,532.696,4000.398
2025-09-30,27,3551.176,564.354,4115.53
2025-09-30,28,3550.9,576.376,4127.276
2025-09-30,29,3461.826,581.362,4043.188
2025-09-30,30,3281.64,619.68,3901.32
2025-09-30,31,3382.176,626.088,4008.264
2025-09-30,32,3684.464,593.0,4277.464
2025-09-30,33,3869.436,604.382,4473.818
2025-09-30,34,3992.086,686.494,4678.58
2025-09-30,35,4078.644,877.12,4955.764
2025-09-30,36,4253.902,941.96,5195.862
2025-09-30,37,4608.33,1055.042,5663.372
2025-09-30,38,4805.156,1101.162,5906.318
2025-09-30,39,4793.14,1188.358,5981.498
2025-09-30,40,4954.192,1290.444,6244.636
2025-09-30,41,5033.586,1440.876,6474.462
2025-09-30,42,5126.684,1584.478,6711.162
2025-09-30,43,5235.692,1685.298,6920.99
2025-09-30,44,5253.4,1834.86,7088.26
2025-09-30,45,4981.42,1884.394,6865.814
2025-09-30,46,4711.776,2087.58,6799.356
2025-09-30,47,4688.704,2250.382,6939.086
2025-09-30,48,4645.084,2342.39,6987.474
2025-10-01,1,4697.526,2287.656,6985.182
2025-10-01,2,4727.546,2240.494,6968.04
2025-10-01,3,4837.112,2272.202,7109.314
2025-10-01,4,5041.48,2338.082,7379.562
2025-10-01,5,5073.518,2398.242,7471.76
2025-10-01,6,4982.582,2341.466,7324.048
2025-10-01,7,4993.87,2333.93,7327.8
2025-10-01,8,4876.844,2406.114,7282.958
2025-10-01,9,4866.562,2354.916,7221.478
2025-10-01,10,4800.888,2308.952,7109.84
2025-10-01,11,4833.744,2328.23,7161.974
2025-10-01,12,4734.316,2428.032,7162.348
2025-10-01,13,4807.53,2603.624,7411.154
2025-10-01,14,4922.336,2558.152,7480.488
2025-10-01,15,4787.972,2498.15,7286.122
2025-10-01,16,4729.176,2463.972,7193.148
2025-10-01,17,4693.27,2320.932,7014.202
2025-10-01,18,4608.102,2366.872,6974.974
2025-10-01,19,4480.282,2309.202,6789.484
2025-10-01,20,4408.68,2299.496,6708.176
2025-10-01,21,4450.112,2224.678,6674.79
2025-10-01,22,4398.544,2250.472,6649.016
2025-10-01,23,4436.268,2227.902,6664.17
2025-10-01,24,4395.122,2600.816,6995.938
2025-10-01,25,4687.122,3130.392,7817.514
2025-10-01,26,4888.236,3134.346,8022.582
2025-10-01,27,4851.034,3049.076,7900.11
2025-10-01,28,4729.634,3180.128,7909.762
2025-10-01,29,4607.28,3080.32,7687.6
2025-10-01,30,4763.364,2906.098,7669.462
2025-10-01,31,4742.052,2677.928,7419.98
2025-10-01,32,4701.12,2703.658,7404.778
2025-10-01,33,4636.238,2821.186,7457.424
2025-10-01,34,4392.768,3056.152,7448.92
2025-10-01,35,4608.96,3152.31,7761.27
2025-10-01,36,4521.664,3122.684,7644.348
2025-10-01,37,4477.064,3205.162,7682.226
2025-10-01,38,4665.824,3209.362,7875.186
2025-10-01,39,4684.684,3207.128,7891.812
2025-10-01,40,4594.512,3449.19,8043.702
2025-10-01,41,4293.414,3704.012,7997.426
2025-10-01,42,4336.042,3908.946,8244.988
2025-10-01,43,4602.14,4057.282,8659.422
2025-10-01,44,4823.436,4268.614,9092.05
2025-10-01,45,4637.454,4702.448,9339.902
2025-10-01,46,4722.498,4873.57,9596.068
2025-10-01,47,4625.424,5068.962,9694.386
2025-10-01,48,4430.396,5277.46,9707.856
2025-10-02,1,4435.588,5077.736,9513.324
2025-10-02,2,4379.828,4838.396,9218.224
2025-10-02,3,4437.976,4558.98,8996.956
2025-10-02,4,4526.176,4397.096,8923.272
2025-10-02,5,4542.512,4076.894,8619.406
2025-10-02,6,4527.854,3876.594,8404.448
2025-10-02,7,4425.908,3555.966,7981.874
2025-10-02,8,4095.482,3318.23,7413.712
2025-10-02,9,4309.702,3189.25,7498.952
2025-10-02,10,4304.954,3136.288,7441.242
2025-10-02,11,4233.616,3071.448,7305.064
2025-10-02,12,4238.466,3190.01,7428.476
2025-10-02,13,4312.668,3235.79,7548.458
2025-10-02,14,4264.852,3090.56,7355.412
2025-10-02,15,4319.204,3129.576,7448.78
2025-10-02,16,4168.558,3119.648,7288.206
2025-10-02,17,4018.238,3094.846,7113.084
2025-10-02,18,4020.08,3159.196,7179.276
2025-10-02,19,4168.558,3276.782,7445.34
2025-10-02,20,4486.0,3379.774,7865.774
2025-10-02,21,4551.012,3591.868,8142.88
2025-10-02,22,4900.27,3942.732,8843.002
2025-10-02,23,5054.752,4431.47,9486.222
2025-10-02,24,5223.24,4834.974,10058.214
2025-10-02,25,5363.482,5156.698,10520.18
2025-10-02,26,5620.274,5420.558,11040.832
2025-10-02,27,5446.686,5632.13,11078.816
2025-10-02,28,5481.978,5482.312,10964.29
2025-10-02,29,5343.618,5502.598,10846.216
2025-10-02,30,5504.522,5768.674,11273.196
2025-10-02,31,5309.152,5864.6,11173.752
2025-10-02,32,5200.528,6322.414,11522.942
2025-10-02,33,5135.438,6685.918,11821.356
2025-10-02,34,5093.232,6948.288,12041.52
2025-10-02,35,4893.41,7431.44,12324.85
2025-10-02,36,4871.414,7863.602,12735.016
2025-10-02,37,4765.336,8342.894,13108.23
2025-10-02,38,4811.992,8727.08,13539.072
2025-10-02,39,4940.048,9043.308,13983.356
2025-10-02,40,5191.664,9244.924,14436.588
2025-10-02,41,5055.936,9577.47,14633.406
2025-10-02,42,4722.258,9737.984,14460.242
2025-10-02,43,4661.212,9898.602,14559.814
2025-10-02,44,4534.368,10103.862,14638.23
2025-10-02,45,4411.002,10262.508,14673.51
2025-10-02,46,4328.976,10334.942,14663.918
2025-10-02,47,4320.27,10315.692,14635.962
2025-10-02,48,4414.49,10292.244,14706.734
2025-10-03,1,4440.97,10290.776,14731.746
2025-10-03,2,4600.216,10244.16,14844.376
2025-10-03,3,4578.382,10178.832,14757.214
2025-10-03,4,4448.934,9893.626,14342.56
2025-10-03,5,4180.26,9872.348,14052.608
2025-10-03,6,4137.382,9986.124,14123.506
2025-10-03,7,4160.76,9995.0,14155.76
2025-10-03,8,4115.102,9637.202,13752.304
2025-10-03,9,3876.86,9646.808,13523.668
2025-10-03,10,3514.642,9469.304,12983.946
2025-10-03,11,3028.95,9359.462,12388.412
2025-10-03,12,3049.914,9259.39,12309.304
2025-10-03,13,3439.636,9259.496,12699.132
2025-10-03,14,3690.974,8890.034,12581.008
2025-10-03,15,3247.31,8698.65,11945.96
2025-10-03,16,3187.256,8592.644,11779.9
2025-10-03,17,3347.7,8305.342,11653.042
2025-10-03,18,3356.73,8252.672,11609.402
2025-10-03,19,3526.134,8215.72,11741.854
2025-10-03,20,3736.45,8596.212,12332.662
2025-10-03,21,4141.97,9130.412,13272.382
2025-10-03,22,4846.942,8519.418,13366.36
2025-10-03,23,5213.634,8889.926,14103.56
2025-10-03,24,5427.702,9102.972,14530.674
2025-10-03,25,5418.784,9351.524,14770.308
2025-10-03,26,4896.928,9517.354,14414.282
2025-10-03,27,4968.468,9587.9,14556.368
2025-10-03,28,4836.152,9550.232,14386.384
2025-10-03,29,4944.808,9401.352,14346.16
2025-10-03,30,4921.324,9398.604,14319.928
2025-10-03,31,4824.87,9361.256,14186.126
2025-10-03,32,4641.82,9964.722,14606.542
2025-10-03,33,4384.604,10402.142,14786.746
2025-10-03,34,4329.668,10437.314,14766.982
2025-10-03,35,4273.56,10317.536,14591.096
2025-10-03,36,3715.024,10213.596,13928.62
2025-10-03,37,3626.852,10020.716,13647.568
2025-10-03,38,4138.836,9997.858,14136.694
2025-10-03,39,4168.27,10105.13,14273.4
2025-10-03,40,4517.322,10141.944,14659.266
2025-10-03,41,4257.296,10139.402,14396.698
2025-10-03,42,4042.154,10054.67,14096.824
2025-10-03,43,4515.362,10073.734,14589.096
2025-10-03,44,4841.84,10022.49,14864.33
2025-10-03,45,4634.314,10046.284,14680.598
2025-10-03,46,4200.62,10052.268,14252.888
2025-10-03,47,3919.532,10092.938,14012.47
2025-10-03,48,3849.246,9870.966,13720.212
2025-10-04,1,3846.762,9125.38,12972.142
2025-10-04,2,3629.112,8728.734,12357.846
2025-10-04,3,3560.814,8071.024,11631.838
2025-10-04,4,3578.612,8124.938,11703.55
2025-10-04,5,3691.592,8130.134,11821.726
2025-10-04,6,3869.484,8075.87,11945.354
2025-10-04,7,4040.526,8120.906,12161.432
2025-10-04,8,4094.248,8175.994,12270.242
2025-10-04,9,4320.068,8213.172,12533.24
2025-10-04,10,4224.114,8211.946,12436.06
2025-10-04,11,3812.91,8155.102,11968.012
2025-10-04,12,3932.492,8144.778,12077.27
2025-10-04,13,3842.844,8294.792,12137.636
2025-10-04,14,4018.352,9082.422,13100.774
2025-10-04,15,4402.288,9235.75,13638.038
2025-10-04,16,4130.056,9209.064,13339.12
2025-10-04,17,4093.516,9231.292,13324.808
2025-10-04,18,4350.146,9171.24,13521.386
2025-10-04,19,4618.934,9177.762,13796.696
2025-10-04,20,4621.374,9230.566,13851.94
2025-10-04,21,4690.45,9289.268,13979.718
2025-10-04,22,4770.046,8809.47,13579.516
2025-10-04,23,4919.964,8263.042,13183.006
2025-10-04,24,4941.284,8837.664,13778.948
2025-10-04,25,4982.756,9371.914,14354.67
2025-10-04,26,5188.33,9329.618,14517.948
2025-10-04,27,5210.82,9287.014,14497.834
2025-10-04,28,5132.188,9383.194,14515.382
2025-10-04,29,4912.266,9437.432,14349.698
2025-10-04,30,4766.556,9441.244,14207.8
2025-10-04,31,4752.67,9439.902,14192.572
2025-10-04,32,4604.69,9860.356,14465.046
2025-10-04,33,4951.302,10810.734,15762.036
2025-10-04,34,5381.328,10921.258,16302.586
2025-10-04,35,5366.466,10996.818,16363.284
2025-10-04,36,5310.748,10940.18,16250.928
2025-10-04,37,5448.416,11043.428,16491.844
2025-10-04,38,5403.832,11057.914,16461.746
2025-10-04,39,5312.75,11030.042,16342.792
2025-10-04,40,5046.076,11037.632,16083.708
2025-10-04,41,5005.676,11027.5,16033.176
2025-10-04,42,5079.06,11037.084,16116.144
2025-10-04,43,4746.2,11031.804,15778.004
2025-10-04,44,4534.046,11006.828,15540.874
2025-10-04,45,4293.498,10619.36,14912.858
2025-10-04,46,4346.072,10628.42,14974.492
2025-10-04,47,4410.322,10422.342,14832.664
2025-10-04,48,4423.518,9482.426,13905.944
2025-10-05,1,4412.408,8695.754,13108.162
2025-10-05,2,4518.786,8689.938,13208.724
2025-10-05,3,4816.102,8656.932,13473.034
2025-10-05,4,4979.372,8615.526,13594.898
2025-10-05,5,5095.032,8666.62,13761.652
2025-10-05,6,5109.342,8583.204,13692.546
2025-10-05,7,5262.024,8419.654,13681.678
2025-10-05,8,5434.792,8126.986,13561.778
2025-10-05,9,5499.986,8061.958,13561.944
2025-10-05,10,5529.044,8058.358,13587.402
2025-10-05,11,5551.102,8085.926,13637.028
2025-10-05,12,5558.67,8192.656,13751.326
2025-10-05,13,5383.0,8354.886,13737.886
2025-10-05,14,5265.486,8737.236,14002.722
2025-10-05,15,5259.792,8808.62,14068.412
2025-10-05,16,5222.702,9172.554,14395.256
2025-10-05,17,5266.98,9559.706,14826.686
2025-10-05,18,5195.88,9762.024,14957.904
2025-10-05,19,5114.71,10107.782,15222.492
2025-10-05,20,5052.054,10189.026,15241.08
2025-10-05,21,4891.736,9823.408,14715.144
2025-10-05,22,5143.676,9670.416,14814.092
2025-10-05,23,5116.964,8821.508,13938.472
2025-10-05,24,4941.67,9087.482,14029.152
2025-10-05,25,4884.972,9275.408,14160.38
2025-10-05,26,4958.566,9055.674,14014.24
2025-10-05,27,5037.822,8453.28,13491.102
2025-10-05,28,4854.628,8434.432,13289.06
2025-10-05,29,4635.832,8640.432,13276.264
2025-10-05,30,4579.484,9553.558,14133.042
2025-10-05,31,4889.162,9690.818,14579.98
2025-10-05,32,5108.44,9659.564,14768.004
2025-10-05,33,5059.4,9880.856,14940.256
2025-10-05,34,5286.348,9963.168,15249.516
2025-10-05,35,5615.186,9815.904,15431.09
2025-10-05,36,5676.846,9815.808,15492.654
2025-10-05,37,5029.45,9725.584,14755.034
2025-10-05,38,5093.22,9562.692,14655.912
2025-10-05,39,5068.626,9280.65,14349.276
2025-10-05,40,4850.644,9305.568,14156.212
2025-10-05,41,4769.186,9300.798,14069.984
2025-10-05,42,4792.06,9273.246,14065.306
2025-10-05,43,4692.874,9211.826,13904.7
2025-10-05,44,4795.178,9299.614,14094.792
2025-10-05,45,4528.658,8971.652,13500.31
2025-10-05,46,4392.292,8799.778,13192.07
2025-10-05,47,4188.97,8657.65,12846.62
2025-10-05,48,4190.956,8528.156,12719.112
2025-10-06,1,4405.364,8847.234,13252.598
2025-10-06,2,4368.144,9026.068,13394.212
2025-10-06,3,4504.124,8798.542,13302.666
2025-10-06,4,4431.978,8513.704,12945.682
2025-10-06,5,4496.588,8046.752,12543.34
2025-10-06,6,4691.072,7679.13,12370.202
2025-10-06,7,4701.016,7102.784,11803.8
2025-10-06,8,4679.328,6940.156,11619.484
2025-10-06,9,4629.14,6709.68,11338.82
2025-10-06,10,4273.672,6795.888,11069.56
2025-10-06,11,3991.572,6677.294,10668.866
2025-10-06,12,3862.726,6964.424,10827.15
2025-10-06,13,3734.566,7198.148,10932.714
2025-10-06,14,3734.264,7266.35,11000.614
2025-10-06,15,3927.798,7170.91,11098.708
2025-10-06,16,3870.516,7317.07,11187.586
2025-10-06,17,3879.17,7615.002,11494.172
2025-10-06,18,3716.862,7616.994,11333.856
2025-10-06,19,3639.298,7268.694,10907.992
2025-10-06,20,3474.11,6700.58,10174.69
2025-10-06,21,3470.3,6499.908,9970.208
2025-10-06,22,3795.906,6130.344,9926.25
2025-10-06,23,3688.112,5677.406,9365.518
2025-10-06,24,3807.812,5410.066,9217.878
2025-10-06,25,3672.706,5418.406,9091.112
2025-10-06,26,3539.282,4777.374,8316.656
2025-10-06,27,3553.5,4656.55,8210.05
2025-10-06,28,3487.802,4797.628,8285.43
2025-10-06,29,3549.156,5012.516,8561.672
2025-10-06,30,3553.748,5005.904,8559.652
2025-10-06,31,3713.24,4882.502,8595.742
2025-10-06,32,3880.412,4679.03,8559.442
2025-10-06,33,4019.51,4394.024,8413.534
2025-10-06,34,3898.59,4226.624,8125.214
2025-10-06,35,3886.028,3937.26,7823.288
2025-10-06,36,3858.902,3885.692,7744.594
2025-10-06,37,3755.114,4154.798,7909.912
2025-10-06,38,3833.986,4651.846,8485.832
2025-10-06,39,4003.304,4826.382,8829.686
2025-10-06,40,4031.11,4833.756,8864.866
2025-10-06,41,4016.444,4885.202,8901.646
2025-10-06,42,4000.272,4812.864,8813.136
2025-10-06,43,4194.556,4823.974,9018.53
2025-10-06,44,4007.89,4550.12,8558.01
2025-10-06,45,3791.5,4209.376,8000.876
2025-10-06,46,3708.068,3971.79,7679.858
2025-10-06,47,3657.324,3890.516,7547.84
2025-10-06,48,3552.588,3899.608,7452.196
2025-10-07,1,3382.792,4087.906,7470.698
2025-10-07,2,3435.518,4187.558,7623.076
2025-10-07,3,3579.392,4507.486,8086.878
2025-10-07,4,3586.916,4843.446,8430.362
2025-10-07,5,3673.176,5130.146,8803.322
2025-10-07,6,3717.33,5528.104,9245.434
2025-10-07,7,3480.154,5738.128,9218.282
2025-10-07,8,3454.332,5597.4,9051.732
2025-10-07,9,3495.966,5454.596,8950.562
2025-10-07,10,3560.916,5411.914,8972.83
2025-10-07,11,3611.428,5295.868,8907.296
2025-10-07,12,3790.066,5544.174,9334.24
2025-10-07,13,4018.556,5809.466,9828.022
2025-10-07,14,3868.508,5581.878,9450.386
2025-10-07,15,3690.278,5488.082,9178.36
2025-10-07,16,3933.242,5488.298,9421.54
2025-10-07,17,3841.082,5241.93,9083.012
2025-10-07,18,3717.302,5122.144,8839.446
2025-10-07,19,3555.28,4918.17,8473.45
2025-10-07,20,3136.416,4780.718,7917.134
2025-10-07,21,2951.27,4664.548,7615.818
2025-10-07,22,3048.324,4944.624,7992.948
2025-10-07,23,3308.088,5303.32,8611.408
2025-10-07,24,3578.466,5497.606,9076.072
2025-10-07,25,3695.798,5769.972,9465.77
2025-10-07,26,3793.844,5913.564,9707.408
2025-10-07,27,3716.54,6195.924,9912.464
2025-10-07,28,3663.274,6173.602,9836.876
2025-10-07,29,2991.956,5909.3,8901.256
2025-10-07,30,2850.516,5680.992,8531.508
2025-10-07,31,3031.348,5550.428,8581.776
2025-10-07,32,2981.27,5283.308,8264.578
2025-10-07,33,2882.398,4935.484,7817.882
2025-10-07,34,2897.32,4516.64,7413.96
2025-10-07,35,2785.254,4148.472,6933.726
2025-10-07,36,2970.428,3771.954,6742.382
2025-10-07,37,2904.176,3703.676,6607.852
2025-10-07,38,2749.934,3591.666,6341.6
2025-10-07,39,2896.468,3502.906,6399.374
2025-10-07,40,2775.166,3369.606,6144.772
2025-10-07,41,2915.196,3267.828,6183.024
2025-10-07,42,3045.052,3162.202,6207.254
2025-10-07,43,2929.698,3138.272,6067.97
2025-10-07,44,2931.466,3044.442,5975.908
2025-10-07,45,3127.322,2866.42,5993.742
2025-10-07,46,3029.568,2814.464,5844.032
2025-10-07,47,2985.34,2636.696,5622.036
2025-10-07,48,3057.934,2549.224,5607.158
2025-10-08,1,3126.908,2509.008,5635.916
2025-10-08,2,3175.464,2464.164,5639.628
2025-10-08,3,3261.582,2347.2,5608.782
2025-10-08,4,3137.022,2226.306,5363.328
2025-10-08,5,3213.268,2156.164,5369.432
2025-10-08,6,3192.58,2200.792,5393.372
2025-10-08,7,3146.222,2260.726,5406.948
2025-10-08,8,3169.44,2055.014,5224.454
2025-10-08,9,3029.136,1919.646,4948.782
2025-10-08,10,3005.98,1802.478,4808.458
2025-10-08,11,2875.518,1708.518,4584.036
2025-10-08,12,2937.658,1646.6,4584.258
2025-10-08,13,3090.216,1666.146,4756.362
2025-10-08,14,3217.3,1684.814,4902.114
2025-10-08,15,3361.596,1682.982,5044.578
2025-10-08,16,3209.998,1928.47,5138.468
2025-10-08,17,3219.584,2203.712,5423.296
2025-10-08,18,3344.918,2034.064,5378.982
2025-10-08,19,3315.45,1847.296,5162.746
2025-10-08,20,3398.15,1612.486,5010.636
2025-10-08,21,3566.948,1600.948,5167.896
2025-10-08,22,3774.516,1857.638,5632.154
2025-10-08,23,3857.862,2040.942,5898.804
2025-10-08,24,3917.54,2153.954,6071.494
2025-10-08,25,4243.022,2238.802,6481.824
2025-10-08,26,4343.326,2225.066,6568.392
2025-10-08,27,4387.92,2225.304,6613.224
2025-10-08,28,4345.66,2487.63,6833.29
2025-10-08,29,4257.118,2583.396,6840.514
2025-10-08,30,4340.942,2805.488,7146.43
2025-10-08,31,4336.798,2664.878,7001.676
2025-10-08,32,4432.432,2711.606,7144.038
2025-10-08,33,4387.294,2482.058,6869.352
2025-10-08,34,4288.248,2076.906,6365.154
2025-10-08,35,4125.146,1934.514,6059.66
2025-10-08,36,4202.846,1938.586,6141.432
2025-10-08,37,4145.092,1920.492,6065.584
2025-10-08,38,4184.336,1870.9,6055.236
2025-10-08,39,4260.486,1908.4,6168.886
2025-10-08,40,4221.63,1948.434,6170.064
2025-10-08,41,4240.198,1976.806,6217.004
2025-10-08,42,4305.914,2162.974,6468.888
2025-10-08,43,4247.538,2076.694,6324.232
2025-10-08,44,4155.422,2040.66,6196.082
2025-10-08,45,4434.468,2246.104,6680.572
2025-10-08,46,4458.794,2474.094,6932.888
2025-10-08,47,4524.978,2742.986,7267.964
2025-10-08,48,4386.17,2817.864,7204.034
2025-10-09,1,4269.896,2765.3,7035.196
2025-10-09,2,4061.002,2680.342,6741.344
2025-10-09,3,3889.02,2657.298,6546.318
2025-10-09,4,3820.272,2749.406,6569.678
2025-10-09,5,4041.818,2671.616,6713.434
2025-10-09,6,4126.744,2650.296,6777.04
2025-10-09,7,4168.692,3038.52,7207.212
2025-10-09,8,3962.226,3065.21,7027.436
2025-10-09,9,3716.03,2870.508,6586.538
2025-10-09,10,3910.108,2814.994,6725.102
2025-10-09,11,4063.226,2805.206,6868.432
2025-10-09,12,4262.654,2807.574,7070.228
2025-10-09,13,4280.43,3068.958,7349.388
2025-10-09,14,4338.528,3155.336,7493.864
2025-10-09,15,4418.134,3243.716,7661.85
2025-10-09,16,4366.652,3364.73,7731.382
2025-10-09,17,4368.978,3584.158,7953.136
2025-10-09,18,4515.568,3715.768,8231.336
2025-10-09,19,4548.542,3754.782,8303.324
2025-10-09,20,4596.41,3946.554,8542.964
2025-10-09,21,4632.252,3627.436,8259.688
2025-10-09,22,4733.316,3637.896,8371.212
2025-10-09,23,4824.088,3724.55,8548.638
2025-10-09,24,4900.214,3862.678,8762.892
2025-10-09,25,4882.57,4076.608,8959.178
2025-10-09,26,4741.638,4288.74,9030.378
2025-10-09,27,4618.748,4516.33,9135.078
2025-10-09,28,4606.014,4423.598,9029.612
2025-10-09,29,4503.086,4162.432,8665.518
2025-10-09,30,4445.392,3878.284,8323.676
2025-10-09,31,4391.74,3570.256,7961.996
2025-10-09,32,4534.93,3234.146,7769.076
2025-10-09,33,4519.156,2945.86,7465.016
2025-10-09,34,4305.438,2710.546,7015.984
2025-10-09,35,4191.118,2450.698,6641.816
2025-10-09,36,4038.866,2457.44,6496.306
2025-10-09,37,3989.052,2179.674,6168.726
2025-10-09,38,3718.824,1984.654,5703.478
2025-10-09,39,3411.056,2006.09,5417.146
2025-10-09,40,3354.168,2123.082,5477.25
2025-10-09,41,3428.576,2283.132,5711.708
2025-10-09,42,3521.156,2243.562,5764.718
2025-10-09,43,3419.008,2346.566,5765.574
2025-10-09,44,3537.98,2422.528,5960.508
2025-10-09,45,3523.412,2482.394,6005.806
2025-10-09,46,3543.842,2460.054,6003.896
2025-10-09,47,3613.478,2379.0,5992.478
2025-10-09,48,3630.89,2187.282,5818.172
2025-10-10,1,3547.62,1964.32,5511.94
2025-10-10,2,3388.39,1758.482,5146.872
2025-10-10,3,3283.252,1553.044,4836.296
2025-10-10,4,3332.066,1361.044,4693.11
2025-10-10,5,3385.89,1235.5,4621.39
2025-10-10,6,3543.672,1230.352,4774.024
2025-10-10,7,3561.096,1379.29,4940.386
2025-10-10,8,3538.46,1354.332,4892.792
2025-10-10,9,3591.762,1208.372,4800.134
2025-10-10,10,3507.104,1146.186,4653.29
2025-10-10,11,3524.12,1175.492,4699.612
2025-10-10,12,3534.268,1147.516,4681.784
2025-10-10,13,3592.594,1182.704,4775.298
2025-10-10,14,3705.084,1308.274,5013.358
2025-10-10,15,3597.846,1286.956,4884.802
2025-10-10,16,3720.264,1309.288,5029.552
2025-10-10,17,3852.804,1225.254,5078.058
2025-10-10,18,4043.766,1121.564,5165.33
2025-10-10,19,3841.66,1167.754,5009.414
2025-10-10,20,3757.636,1162.458,4920.094
2025-10-10,21,3687.978,1193.996,4881.974
2025-10-10,22,3697.61,1225.088,4922.698
2025-10-10,23,3816.828,1235.642,5052.47
2025-10-10,24,3883.048,1221.628,5104.676
2025-10-10,25,3800.824,1199.612,5000.436
2025-10-10,26,3850.982,1166.934,5017.916
2025-10-10,27,3863.91,995.36,4859.27
2025-10-10,28,3803.726,960.824,4764.55
2025-10-10,29,3789.338,1045.302,4834.64
2025-10-10,30,3898.11,1101.32,4999.43
2025-10-10,31,4141.652,1184.662,5326.314
2025-10-10,32,4275.472,1208.458,5483.93
2025-10-10,33,4309.76,1145.054,5454.814
2025-10-10,34,4226.416,1160.042,5386.458
2025-10-10,35,4076.362,1175.636,5251.998
2025-10-10,36,4013.936,1126.748,5140.684
2025-10-10,37,4098.702,1018.14,5116.842
2025-10-10,38,4212.002,1041.296,5253.298
2025-10-10,39,4044.1,1073.006,5117.106
2025-10-10,40,3909.206,1028.436,4937.642
2025-10-10,41,3970.008,1030.066,5000.074
2025-10-10,42,4083.534,1072.848,5156.382
2025-10-10,43,4105.77,1072.536,5178.306
2025-10-10,44,3782.42,1043.888,4826.308
2025-10-10,45,3757.046,1089.054,4846.1
2025-10-10,46,3550.232,1039.448,4589.68
2025-10-10,47,3417.3,958.942,4376.242
2025-10-10,48,3260.74,914.546,4175.286
2025-10-11,1,2938.168,851.398,3789.566
2025-10-11,2,2770.83,850.034,3620.864
2025-10-11,3,2878.02,790.774,3668.794
2025-10-11,4,3003.226,731.646,3734.872
2025-10-11,5,3150.37,652.64,3803.01
2025-10-11,6,3234.552,601.462,3836.014
2025-10-11,7,3133.8,509.784,3643.584
2025-10-11,8,3046.0,390.65,3436.65
2025-10-11,9,3030.226,353.63,3383.856
2025-10-11,10,3003.13,362.964,3366.094
2025-10-11,11,2848.464,273.82,3122.284
2025-10-11,12,2819.084,213.162,3032.246
2025-10-11,13,2856.326,206.562,3062.888
2025-10-11,14,2660.154,214.588,2874.742
2025-10-11,15,2708.656,198.446,2907.102
2025-10-11,16,2653.992,191.462,2845.454
2025-10-11,17,2447.082,211.32,2658.402
2025-10-11,18,2350.042,226.97,2577.012
2025-10-11,19,2318.482,215.98,2534.462
2025-10-11,20,2350.844,195.434,2546.278
2025-10-11,21,2408.168,208.12,2616.288
2025-10-11,22,2396.174,235.354,2631.528
2025-10-11,23,2455.9,266.746,2722.646
2025-10-11,24,2575.966,274.136,2850.102
2025-10-11,25,2602.74,282.58,2885.32
2025-10-11,26,2717.858,250.918,2968.776
2025-10-11,27,2833.058,255.596,3088.654
2025-10-11,28,2798.506,262.53,3061.036
2025-10-11,29,2690.786,283.38,2974.166
2025-10-11,30,2439.61,326.636,2766.246
2025-10-11,31,2363.938,346.222,2710.16
2025-10-11,32,2243.36,396.746,2640.106
2025-10-11,33,2019.732,395.796,2415.528
2025-10-11,34,2071.512,367.374,2438.886
2025-10-11,35,2247.438,337.37,2584.808
2025-10-11,36,2240.41,289.876,2530.286
2025-10-11,37,2158.314,263.044,2421.358
2025-10-11,38,2248.548,257.194,2505.742
2025-10-11,39,2280.02,217.464,2497.484
2025-10-11,40,2457.558,178.206,2635.764
2025-10-11,41,2380.412,157.25,2537.662
2025-10-11,42,2218.16,166.696,2384.856
2025-10-11,43,2149.658,147.486,2297.144
2025-10-11,44,2010.21,133.094,2143.304
2025-10-11,45,1770.862,139.652,1910.514
2025-10-11,46,1698.236,180.356,1878.592
2025-10-11,47,1655.556,165.78,1821.336
2025-10-11,48,1596.012,149.992,1746.004
2025-10-12,1,1626.574,155.218,1781.792
2025-10-12,2,1508.582,146.942,1655.524
2025-10-12,3,1373.018,145.03,1518.048
2025-10-12,4,1313.772,151.102,1464.874
2025-10-12,5,1154.376,168.728,1323.104
2025-10-12,6,1015.558,167.484,1183.042
2025-10-12,7,1017.772,147.538,1165.31
2025-10-12,8,1004.36,147.128,1151.488
2025-10-12,9,933.004,160.868,1093.872
2025-10-12,10,818.914,158.8,977.714
2025-10-12,11,741.698,151.534,893.232
2025-10-12,12,658.534,165.342,823.876
2025-10-12,13,552.9,182.39,735.29
2025-10-12,14,467.704,197.682,665.386
2025-10-12,15,416.388,208.462,624.85
2025-10-12,16,316.564,229.18,545.744
2025-10-12,17,241.822,237.962,479.784
2025-10-12,18,202.43,216.962,419.392
2025-10-12,19,164.542,225.688,390.23
2025-10-12,20,150.844,283.968,434.812
2025-10-12,21,142.686,340.02,482.706
2025-10-12,22,137.054,343.994,481.048
2025-10-12,23,137.138,370.862,508.0
2025-10-12,24,115.836,339.852,455.688
2025-10-12,25,111.12,321.388,432.508
2025-10-12,26,107.35,288.434,395.784
2025-10-12,27,122.356,282.264,404.62
2025-10-12,28,96.832,294.438,391.27
2025-10-12,29,108.438,356.178,464.616
2025-10-12,30,95.392,372.338,467.73
2025-10-12,31,89.48,419.414,508.894
2025-10-12,32,97.868,476.926,574.794
2025-10-12,33,113.768,457.018,570.786
2025-10-12,34,119.052,565.406,684.458
2025-10-12,35,146.096,658.966,805.062
2025-10-12,36,150.148,668.522,818.67
2025-10-12,37,141.246,736.878,878.124
2025-10-12,38,156.664,836.542,993.206
2025-10-12,39,207.306,949.766,1157.072
2025-10-12,40,220.884,960.93,1181.814
2025-10-12,41,193.016,1003.012,1196.028
2025-10-12,42,209.188,1103.64,1312.828
2025-10-12,43,219.598,1214.262,1433.86
2025-10-12,44,227.86,1238.842,1466.702
2025-10-12,45,227.81,1354.73,1582.54
2025-10-12,46,204.554,1589.646,1794.2
2025-10-12,47,216.892,1654.358,1871.25
2025-10-12,48,225.544,1623.286,1848.83
2025-10-13,1,262.508,1600.546,1863.054
2025-10-13,2,321.086,1734.392,2055.478
2025-10-13,3,319.372,1788.896,2108.268
2025-10-13,4,282.664,1976.074,2258.738
2025-10-13,5,222.764,1986.894,2209.658
2025-10-13,6,176.186,1907.396,2083.582
2025-10-13,7,169.626,1843.464,2013.09
2025-10-13,8,187.716,1875.752,2063.468
2025-10-13,9,148.354,1814.52,1962.874
2025-10-13,10,145.336,1700.712,1846.048
2025-10-13,11,185.702,1688.15,1873.852
2025-10-13,12,204.706,1602.686,1807.392
2025-10-13,13,249.858,1552.832,1802.69
2025-10-13,14,283.622,1587.418,1871.04
2025-10-13,15,302.228,1591.528,1893.756
2025-10-13,16,326.94,1590.606,1917.546
2025-10-13,17,300.344,1541.362,1841.706
2025-10-13,18,287.804,1473.424,1761.228
2025-10-13,19,226.026,1431.856,1657.882
2025-10-13,20,217.146,1374.796,1591.942
2025-10-13,21,219.42,1264.846,1484.266
2025-10-13,22,171.55,1147.332,1318.882
2025-10-13,23,155.624,1078.806,1234.43
2025-10-13,24,162.332,1024.328,1186.66
2025-10-13,25,144.054,977.194,1121.248
2025-10-13,26,139.018,948.288,1087.306
2025-10-13,27,136.484,912.324,1048.808
2025-10-13,28,130.618,854.018,984.636
2025-10-13,29,145.61,816.848,962.458
2025-10-13,30,134.444,885.688,1020.132
2025-10-13,31,129.042,910.256,1039.298
2025-10-13,32,117.562,950.502,1068.064
2025-10-13,33,118.366,924.212,1042.578
2025-10-13,34,124.076,914.194,1038.27
2025-10-13,35,132.116,963.866,1095.982
2025-10-13,36,135.54,1024.43,1159.97
2025-10-13,37,120.732,980.286,1101.018
2025-10-13,38,103.982,876.222,980.204
2025-10-13,39,116.518,799.034,915.552
2025-10-13,40,109.136,787.77,896.906
2025-10-13,41,113.256,766.342,879.598
2025-10-13,42,92.668,760.138,852.806
2025-10-13,43,77.66,740.116,817.776
2025-10-13,44,58.726,694.218,752.944
2025-10-13,45,45.126,698.152,743.278
2025-10-13,46,30.508,632.512,663.02
2025-10-13,47,34.624,669.892,704.516
2025-10-13,48,39.494,687.92,727.414
2025-10-14,1,37.428,694.062,731.49
2025-10-14,2,58.318,645.984,704.302
2025-10-14,3,59.082,783.848,842.93
2025-10-14,4,63.04,967.756,1030.796
2025-10-14,5,64.14,1011.39,1075.53
2025-10-14,6,84.784,1114.838,1199.622
2025-10-14,7,95.394,1097.58,1192.974
2025-10-14,8,107.676,1103.322,1210.998
2025-10-14,9,110.8,1198.184,1308.984
2025-10-14,10,104.668,1212.722,1317.39
2025-10-14,11,110.358,1214.442,1324.8
2025-10-14,12,131.474,1270.098,1401.572
2025-10-14,13,135.15,1430.622,1565.772
2025-10-14,14,153.638,1576.072,1729.71
2025-10-14,15,182.706,1705.388,1888.094
2025-10-14,16,238.058,1732.02,1970.078
2025-10-14,17,284.218,1765.398,2049.616
2025-10-14,18,253.8,1808.79,2062.59
2025-10-14,19,231.888,2057.71,2289.598
2025-10-14,20,207.766,2239.798,2447.564
2025-10-14,21,204.71,2286.038,2490.748
2025-10-14,22,197.92,2284.76,2482.68
2025-10-14,23,214.9,2250.994,2465.894
2025-10-14,24,245.842,2210.636,2456.478
2025-10-14,25,228.156,2205.058,2433.214
2025-10-14,26,196.608,2270.98,2467.588
2025-10-14,27,230.81,2427.736,2658.546
2025-10-14,28,244.088,2310.966,2555.054
2025-10-14,29,365.152,2387.708,2752.86
2025-10-14,30,356.492,2478.982,2835.474
2025-10-14,31,385.648,2604.724,2990.372
2025-10-14,32,427.364,2677.188,3104.552
2025-10-14,33,455.29,2705.672,3160.962
2025-10-14,34,526.692,2767.422,3294.114
2025-10-14,35,510.422,2886.268,3396.69
2025-10-14,36,473.844,2883.816,3357.66
2025-10-14,37,644.716,2977.804,3622.52
2025-10-14,38,690.152,2987.226,3677.378
2025-10-14,39,657.506,2887.026,3544.532
2025-10-14,40,739.62,2756.43,3496.05
2025-10-14,41,750.62,2710.674,3461.294
2025-10-14,42,706.75,2614.638,3321.388
2025-10-14,43,591.3,2660.686,3251.986
2025-10-14,44,440.186,2674.682,3114.868
2025-10-14,45,407.852,2529.03,2936.882
2025-10-14,46,396.974,2523.26,2920.234
2025-10-14,47,412.348,2509.216,2921.564
2025-10-14,48,422.626,2510.698,2933.324
2025-10-15,1,515.876,2495.682,3011.558
2025-10-15,2,562.898,2433.37,2996.268
2025-10-15,3,715.612,2409.452,3125.064
2025-10-15,4,815.738,2445.322,3261.06
2025-10-15,5,820.254,2379.504,3199.758
2025-10-15,6,809.698,2459.984,3269.682
2025-10-15,7,848.19,2355.924,3204.114
2025-10-15,8,871.552,2298.438,3169.99
2025-10-15,9,797.616,2345.01,3142.626
2025-10-15,10,826.596,2407.674,3234.27
2025-10-15,11,891.642,2306.29,3197.932
2025-10-15,12,906.536,2229.502,3136.038
2025-10-15,13,881.438,2257.674,3139.112
2025-10-15,14,892.924,2252.838,3145.762
2025-10-15,15,917.102,2352.67,3269.772
2025-10-15,16,935.64,2206.514,3142.154
2025-10-15,17,972.902,2105.008,3077.91
2025-10-15,18,1006.56,2023.754,3030.314
2025-10-15,19,1008.278,1874.71,2882.988
2025-10-15,20,1002.204,1786.348,2788.552
2025-10-15,21,1002.012,1748.628,2750.64
2025-10-15,22,978.718,1707.232,2685.95
2025-10-15,23,935.84,1609.374,2545.214
2025-10-15,24,972.252,1587.508,2559.76
2025-10-15,25,1050.466,1513.854,2564.32
2025-10-15,26,1065.076,1640.74,2705.816
2025-10-15,27,1101.808,1786.216,2888.024
2025-10-15,28,1116.614,1965.004,3081.618
2025-10-15,29,1138.974,2058.2,3197.174
2025-10-15,30,1093.51,2070.504,3164.014
2025-10-15,31,1014.546,2058.394,3072.94
2025-10-15,32,1001.308,2042.112,3043.42
2025-10-15,33,893.696,1865.624,2759.32
2025-10-15,34,843.928,1726.682,2570.61
2025-10-15,35,902.528,1595.57,2498.098
2025-10-15,36,855.748,1546.33,2402.078
2025-10-15,37,884.47,1393.768,2278.238
2025-10-15,38,895.688,1471.44,2367.128
2025-10-15,39,838.704,1588.384,2427.088
2025-10-15,40,804.7,1470.214,2274.914
2025-10-15,41,806.358,1485.412,2291.77
2025-10-15,42,819.726,1665.162,2484.888
2025-10-15,43,863.162,1614.796,2477.958
2025-10-15,44,922.33,1612.96,2535.29
2025-10-15,45,1040.148,1722.646,2762.794
2025-10-15,46,1082.842,1889.02,2971.862
2025-10-15,47,1086.364,2004.622,3090.986
2025-10-15,48,1069.272,2222.962,3292.234
2025-10-16,1,1024.208,2261.34,3285.548
2025-10-16,2,1052.2,2260.316,3312.516
2025-10-16,3,1127.582,2226.032,3353.614
2025-10-16,4,1297.864,2246.864,3544.728
2025-10-16,5,1277.822,2217.178,3495.0
2025-10-16,6,1211.12,2163.82,3374.94
2025-10-16,7,1162.126,2255.862,3417.988
2025-10-16,8,1222.776,2336.516,3559.292
2025-10-16,9,1276.27,2425.644,3701.914
2025-10-16,10,1196.02,2643.23,3839.25
2025-10-16,11,1330.286,2675.72,4006.006
2025-10-16,12,1264.712,2668.906,3933.618
2025-10-16,13,1046.99,2699.558,3746.548
2025-10-16,14,1025.47,2621.314,3646.784
2025-10-16,15,976.908,2564.142,3541.05
2025-10-16,16,989.948,2511.094,3501.042
2025-10-16,17,966.148,2320.796,3286.944
2025-10-16,18,898.73,2281.31,3180.04
2025-10-16,19,977.858,2210.504,3188.362
2025-10-16,20,917.148,2030.532,2947.68
2025-10-16,21,834.618,1885.41,2720.028
2025-10-16,22,784.604,1886.172,2670.776
2025-10-16,23,766.08,1815.288,2581.368
2025-10-16,24,834.25,1785.832,2620.082
2025-10-16,25,751.488,1758.75,2510.238
2025-10-16,26,743.62,1728.278,2471.898
2025-10-16,27,675.296,1708.212,2383.508
2025-10-16,28,652.73,1650.316,2303.046
2025-10-16,29,669.326,1523.246,2192.572
2025-10-16,30,710.936,1615.232,2326.168
2025-10-16,31,814.074,1507.536,2321.61
2025-10-16,32,758.23,1472.234,2230.464
2025-10-16,33,708.982,1451.594,2160.576
2025-10-16,34,660.108,1412.934,2073.042
2025-10-16,35,635.296,1348.902,1984.198
2025-10-16,36,573.73,1164.88,1738.61
2025-10-16,37,595.92,972.864,1568.784
2025-10-16,38,603.45,953.804,1557.254
2025-10-16,39,568.592,1016.518,1585.11
2025-10-16,40,518.816,1031.288,1550.104
2025-10-16,41,431.112,1002.476,1433.588
2025-10-16,42,381.298,1013.164,1394.462
2025-10-16,43,417.7,1004.012,1421.712
2025-10-16,44,495.08,1035.72,1530.8
2025-10-16,45,522.006,1023.534,1545.54
2025-10-16,46,544.122,1050.998,1595.12
2025-10-16,47,490.086,990.506,1480.592
2025-10-16,48,429.878,945.976,1375.854
2025-10-17,1,379.642,925.984,1305.626
2025-10-17,2,437.328,859.43,1296.758
2025-10-17,3,539.944,982.514,1522.458
2025-10-17,4,459.486,1120.39,1579.876
2025-10-17,5,401.542,1197.144,1598.686
2025-10-17,6,493.664,1133.546,1627.21
2025-10-17,7,569.704,1050.732,1620.436
2025-10-17,8,478.258,961.732,1439.99
2025-10-17,9,428.388,844.504,1272.892
2025-10-17,10,463.164,760.116,1223.28
2025-10-17,11,417.612,789.724,1207.336
2025-10-17,12,391.072,856.606,1247.678
2025-10-17,13,546.046,944.29,1490.336
2025-10-17,14,517.686,1106.502,1624.188
2025-10-17,15,483.97,1203.316,1687.286
2025-10-17,16,346.928,1262.018,1608.946
2025-10-17,17,304.964,1345.48,1650.444
2025-10-17,18,294.704,1237.644,1532.348
2025-10-17,19,283.15,1072.55,1355.7
2025-10-17,20,260.636,990.324,1250.96
2025-10-17,21,232.834,972.958,1205.792
2025-10-17,22,230.92,923.634,1154.554
2025-10-17,23,157.686,860.144,1017.83
2025-10-17,24,128.8,833.95,962.75
2025-10-17,25,127.908,820.696,948.604
2025-10-17,26,124.092,808.646,932.738
2025-10-17,27,113.704,829.292,942.996
2025-10-17,28,134.066,844.464,978.53
2025-10-17,29,186.008,852.048,1038.056
2025-10-17,30,174.842,939.862,1114.704
2025-10-17,31,159.098,880.638,1039.736
2025-10-17,32,162.992,897.512,1060.504
2025-10-17,33,192.032,926.904,1118.936
2025-10-17,34,224.1,845.04,1069.14
2025-10-17,35,264.562,827.182,1091.744
2025-10-17,36,306.256,821.848,1128.104
2025-10-17,37,372.46,799.522,1171.982
2025-10-17,38,460.44,772.222,1232.662
2025-10-17,39,511.168,721.862,1233.03
2025-10-17,40,577.252,630.828,1208.08
2025-10-17,41,700.322,606.786,1307.108
2025-10-17,42,872.054,622.726,1494.78
2025-10-17,43,1022.878,615.324,1638.202
2025-10-17,44,1131.28,599.31,1730.59
2025-10-17,45,1320.188,626.13,1946.318
2025-10-17,46,1444.008,622.498,2066.506
2025-10-17,47,1525.78,660.738,2186.518
2025-10-17,48,1467.594,704.464,2172.058
2025-10-18,1,1407.562,694.824,2102.386
2025-10-18,2,1401.666,707.436,2109.102
2025-10-18,3,1442.36,743.634,2185.994
2025-10-18,4,1490.546,767.744,2258.29
2025-10-18,5,1439.84,886.274,2326.114
2025-10-18,6,1491.836,1061.44,2553.276
2025-10-18,7,1581.834,1091.918,2673.752
2025-10-18,8,1580.318,1103.794,2684.112
2025-10-18,9,1633.938,1232.938,2866.876
2025-10-18,10,1578.14,1281.506,2859.646
2025-10-18,11,1392.85,1402.362,2795.212
2025-10-18,12,1228.358,1574.444,2802.802
2025-10-18,13,1271.834,1723.598,2995.432
2025-10-18,14,1353.19,1808.436,3161.626
2025-10-18,15,1430.162,1776.43,3206.592
2025-10-18,16,1495.536,1872.394,3367.93
2025-10-18,17,1553.834,2059.086,3612.92
2025-10-18,18,1652.302,2258.846,3911.148
2025-10-18,19,1778.424,2536.258,4314.682
2025-10-18,20,1918.728,2904.624,4823.352
2025-10-18,21,1921.712,3276.562,5198.274
2025-10-18,22,1969.058,3715.65,5684.708
2025-10-18,23,2087.51,3991.286,6078.796
2025-10-18,24,2268.834,3922.518,6191.352
2025-10-18,25,2427.348,3672.456,6099.804
2025-10-18,26,2391.446,3742.672,6134.118
2025-10-18,27,2520.252,3780.788,6301.04
2025-10-18,28,2547.862,3821.826,6369.688
2025-10-18,29,2609.668,4061.764,6671.432
2025-10-18,30,2672.318,4393.87,7066.188
2025-10-18,31,2690.894,4507.364,7198.258
2025-10-18,32,2709.252,4220.186,6929.438
2025-10-18,33,2747.782,4020.902,6768.684
2025-10-18,34,2775.848,4295.744,7071.592
2025-10-18,35,3000.148,4846.594,7846.742
2025-10-18,36,3286.61,5153.27,8439.88
2025-10-18,37,3762.244,5752.694,9514.938
2025-10-18,38,3924.224,6288.802,10213.026
2025-10-18,39,3910.476,7007.002,10917.478
2025-10-18,40,3849.804,7201.908,11051.712
2025-10-18,41,4073.098,7364.504,11437.602
2025-10-18,42,4210.438,7611.756,11822.194
2025-10-18,43,4193.514,7669.228,11862.742
2025-10-18,44,4212.596,7694.344,11906.94
2025-10-18,45,4356.506,7434.36,11790.866
2025-10-18,46,4297.738,7357.222,11654.96
2025-10-18,47,4328.826,7433.64,11762.466
2025-10-18,48,4294.376,7462.55,11756.926
2025-10-19,1,4357.078,7196.568,11553.646
2025-10-19,2,4639.886,7075.458,11715.344
2025-10-19,3,4537.142,6854.32,11391.462
2025-10-19,4,4611.452,6777.79,11389.242
2025-10-19,5,4504.578,6866.374,11370.952
2025-10-19,6,4621.634,7123.134,11744.768
2025-10-19,7,4558.036,7068.466,11626.502
2025-10-19,8,4554.7,7027.802,11582.502
2025-10-19,9,4844.04,7217.548,12061.588
2025-10-19,10,4877.91,7217.896,12095.806
2025-10-19,11,5019.132,7022.502,12041.634
2025-10-19,12,5086.084,6878.076,11964.16
2025-10-19,13,5206.722,7007.908,12214.63
2025-10-19,14,5311.262,6954.64,12265.902
2025-10-19,15,5371.11,7052.468,12423.578
2025-10-19,16,5531.46,7119.08,12650.54
2025-10-19,17,5814.61,7275.876,13090.486
2025-10-19,18,5983.664,7636.424,13620.088
2025-10-19,19,6137.49,8145.158,14282.648
2025-10-19,20,6317.048,8374.232,14691.28
2025-10-19,21,6337.034,8518.726,14855.76
2025-10-19,22,6356.0,8556.502,14912.502
2025-10-19,23,6358.738,8655.602,15014.34
2025-10-19,24,6304.034,8947.462,15251.496
2025-10-19,25,6153.11,9187.3,15340.41
2025-10-19,26,6082.39,9440.372,15522.762
2025-10-19,27,5976.132,9392.312,15368.444
2025-10-19,28,5992.97,9473.862,15466.832
2025-10-19,29,6019.946,9829.026,15848.972
2025-10-19,30,6048.716,9833.054,15881.77
2025-10-19,31,6006.134,10094.316,16100.45
2025-10-19,32,6027.534,10256.102,16283.636
2025-10-19,33,5945.932,10219.818,16165.75
2025-10-19,34,5805.522,9954.036,15759.558
2025-10-19,35,5722.082,9887.024,15609.106
2025-10-19,36,5677.024,9901.636,15578.66
2025-10-19,37,5519.962,9858.526,15378.488
2025-10-19,38,5361.944,9504.516,14866.46
2025-10-19,39,5308.386,8967.416,14275.802
2025-10-19,40,5128.088,8830.714,13958.802
2025-10-19,41,4779.254,8935.91,13715.164
2025-10-19,42,4684.408,8925.332,13609.74
2025-10-19,43,4372.85,9056.894,13429.744
2025-10-19,44,4157.784,9170.958,13328.742
2025-10-19,45,3876.168,9057.912,12934.08
2025-10-19,46,3513.058,8797.724,12310.782
2025-10-19,47,2970.44,8832.474,11802.914
2025-10-19,48,2758.176,8581.112,11339.288
2025-10-20,1,2622.686,8208.406,10831.092
2025-10-20,2,2561.616,7990.686,10552.302
2025-10-20,3,2511.036,7871.078,10382.114
2025-10-20,4,2497.77,7565.43,10063.2
2025-10-20,5,2311.43,7399.198,9710.628
2025-10-20,6,2374.852,7046.046,9420.898
2025-10-20,7,2440.906,6714.85,9155.756
2025-10-20,8,2412.686,6772.092,9184.778
2025-10-20,9,2388.078,6861.182,9249.26
2025-10-20,10,2268.552,6747.634,9016.186
2025-10-20,11,2146.576,6478.596,8625.172
2025-10-20,12,2055.83,7005.76,9061.59
2025-10-20,13,1963.102,7122.158,9085.26
2025-10-20,14,1891.036,7249.008,9140.044
2025-10-20,15,1882.706,6807.338,8690.044
2025-10-20,16,1796.368,6583.43,8379.798
2025-10-20,17,1643.874,6595.6,8239.474
2025-10-20,18,1343.408,6304.916,7648.324
2025-10-20,19,1537.318,6185.404,7722.722
2025-10-20,20,1358.566,6275.456,7634.022
2025-10-20,21,1182.186,6324.548,7506.734
2025-10-20,22,961.11,6741.862,7702.972
2025-10-20,23,782.052,7016.096,7798.148
2025-10-20,24,670.658,6969.952,7640.61
2025-10-20,25,568.43,6622.456,7190.886
2025-10-20,26,513.422,6816.584,7330.006
2025-10-20,27,482.038,6879.65,7361.688
2025-10-20,28,510.07,6978.758,7488.828
2025-10-20,29,553.912,6866.8,7420.712
2025-10-20,30,537.606,6770.472,7308.078
2025-10-20,31,594.476,6491.87,7086.346
2025-10-20,32,599.33,6502.826,7102.156
2025-10-20,33,436.216,6486.71,6922.926
2025-10-20,34,406.384,6514.17,6920.554
2025-10-20,35,382.67,6544.194,6926.864
2025-10-20,36,376.3,6240.31,6616.61
2025-10-20,37,359.994,6061.058,6421.052
2025-10-20,38,397.792,5671.446,6069.238
2025-10-20,39,423.986,5302.078,5726.064
2025-10-20,40,401.134,5057.308,5458.442
2025-10-20,41,378.366,5025.686,5404.052
2025-10-20,42,389.508,4835.002,5224.51
2025-10-20,43,363.766,4149.074,4512.84
2025-10-20,44,329.36,3982.914,4312.274
2025-10-20,45,265.254,3684.342,3949.596
2025-10-20,46,226.102,3367.658,3593.76
2025-10-20,47,224.906,3042.108,3267.014
2025-10-20,48,236.244,3145.402,3381.646
2025-10-21,1,260.606,3437.432,3698.038
2025-10-21,2,246.888,3318.176,3565.064
2025-10-21,3,283.92,3695.676,3979.596
2025-10-21,4,319.942,3984.898,4304.84
2025-10-21,5,404.988,4073.926,4478.914
2025-10-21,6,390.686,4179.384,4570.07
2025-10-21,7,419.314,4472.912,4892.226
2025-10-21,8,490.968,5087.89,5578.858
2025-10-21,9,535.712,5279.376,5815.088
2025-10-21,10,544.858,5408.594,5953.452
2025-10-21,11,594.8,6009.798,6604.598
2025-10-21,12,691.066,6637.338,7328.404
2025-10-21,13,698.592,6959.548,7658.14
2025-10-21,14,644.606,6975.516,7620.122
2025-10-21,15,656.57,7092.114,7748.684
2025-10-21,16,780.744,6718.204,7498.948
2025-10-21,17,824.188,6601.976,7426.164
2025-10-21,18,753.548,6751.672,7505.22
2025-10-21,19,757.002,7431.468,8188.47
2025-10-21,20,786.248,7412.892,8199.14
2025-10-21,21,891.862,7568.644,8460.506
2025-10-21,22,915.198,7787.362,8702.56
2025-10-21,23,974.638,8215.04,9189.678
2025-10-21,24,1010.326,8153.036,9163.362
2025-10-21,25,1076.266,7957.196,9033.462
2025-10-21,26,1307.504,8121.598,9429.102
2025-10-21,27,1547.252,8159.14,9706.392
2025-10-21,28,1850.48,8427.51,10277.99
2025-10-21,29,2101.306,8415.198,10516.504
2025-10-21,30,2422.796,8125.322,10548.118
2025-10-21,31,2867.596,8042.482,10910.078
2025-10-21,32,3283.728,8116.106,11399.834
2025-10-21,33,3734.544,7994.22,11728.764
2025-10-21,34,4043.054,8094.81,12137.864
2025-10-21,35,4349.382,8281.954,12631.336
2025-10-21,36,4518.328,8356.2,12874.528
2025-10-21,37,4658.996,8645.076,13304.072
2025-10-21,38,4610.27,8738.964,13349.234
2025-10-21,39,4849.778,8930.168,13779.946
2025-10-21,40,4845.332,9203.828,14049.16
2025-10-21,41,5069.16,9472.136,14541.296
2025-10-21,42,5222.724,9618.874,14841.598
2025-10-21,43,5044.03,9646.876,14690.906
2025-10-21,44,4760.0,9673.338,14433.338
2025-10-21,45,4634.408,9714.942,14349.35
2025-10-21,46,4359.356,9676.978,14036.334
2025-10-21,47,4159.608,9710.626,13870.234
2025-10-21,48,4037.168,9590.334,13627.502
2025-10-22,1,4198.996,9476.74,13675.736
2025-10-22,2,4319.084,9295.542,13614.626
2025-10-22,3,4490.976,8877.48,13368.456
2025-10-22,4,4464.046,8544.15,13008.196
2025-10-22,5,4442.874,8357.386,12800.26
2025-10-22,6,4337.182,7971.7,12308.882
2025-10-22,7,4286.062,7806.41,12092.472
2025-10-22,8,4208.762,7576.746,11785.508
2025-10-22,9,4099.326,7155.842,11255.168
2025-10-22,10,4033.554,6941.692,10975.246
2025-10-22,11,3983.978,6419.562,10403.54
2025-10-22,12,3832.206,6070.302,9902.508
2025-10-22,13,3747.232,5557.242,9304.474
2025-10-22,14,3730.116,5365.474,9095.59
2025-10-22,15,3544.594,5103.874,8648.468
2025-10-22,16,3500.604,4761.932,8262.536
2025-10-22,17,3216.554,4318.492,7535.046
2025-10-22,18,3167.67,3838.052,7005.722
2025-10-22,19,3400.912,3479.112,6880.024
2025-10-22,20,3466.586,3203.214,6669.8
2025-10-22,21,3360.706,2826.252,6186.958
2025-10-22,22,3413.672,2656.004,6069.676
2025-10-22,23,3301.786,2565.938,5867.724
2025-10-22,24,3306.28,2295.054,5601.334
2025-10-22,25,3199.502,1889.904,5089.406
2025-10-22,26,3062.65,1548.038,4610.688
2025-10-22,27,2913.576,1251.608,4165.184
2025-10-22,28,2839.752,1039.834,3879.586
2025-10-22,29,2625.666,821.742,3447.408
2025-10-22,30,2665.58,701.312,3366.892
2025-10-22,31,2627.392,698.826,3326.218
2025-10-22,32,2604.894,692.77,3297.664
2025-10-22,33,2207.012,626.702,2833.714
2025-10-22,34,1792.938,545.436,2338.374
2025-10-22,35,1614.666,563.338,2178.004
2025-10-22,36,1516.452,506.568,2023.02
2025-10-22,37,1440.572,583.908,2024.48
2025-10-22,38,1317.492,645.908,1963.4
2025-10-22,39,1090.182,725.314,1815.496
2025-10-22,40,936.268,978.258,1914.526
2025-10-22,41,614.118,1121.276,1735.394
2025-10-22,42,543.196,1257.164,1800.36
2025-10-22,43,489.084,1694.098,2183.182
2025-10-22,44,393.758,2273.602,2667.36
2025-10-22,45,467.34,2739.832,3207.172
2025-10-22,46,335.982,3317.686,3653.668
2025-10-22,47,282.716,3697.388,3980.104
2025-10-22,48,256.63,4090.208,4346.838
2025-10-23,1,170.9,4405.376,4576.276
2025-10-23,2,162.972,4884.094,5047.066
2025-10-23,3,129.106,5143.138,5272.244
2025-10-23,4,83.308,5329.794,5413.102
2025-10-23,5,110.26,5842.156,5952.416
2025-10-23,6,138.414,5928.414,6066.828
2025-10-23,7,228.996,6156.174,6385.17
2025-10-23,8,235.542,6829.772,7065.314
2025-10-23,9,309.28,7435.102,7744.382
2025-10-23,10,413.82,7950.51,8364.33
2025-10-23,11,562.222,8249.37,8811.592
2025-10-23,12,727.018,8419.244,9146.262
2025-10-23,13,832.74,8592.312,9425.052
2025-10-23,14,925.962,8873.658,9799.62
2025-10-23,15,1339.518,8805.63,10145.148
2025-10-23,16,1560.688,8800.928,10361.616
2025-10-23,17,1657.944,9037.444,10695.388
2025-10-23,18,2074.928,9271.358,11346.286
2025-10-23,19,2185.534,9533.526,11719.06
2025-10-23,20,2242.974,9703.74,11946.714
2025-10-23,21,2318.206,9956.458,12274.664
2025-10-23,22,2668.694,10081.264,12749.958
2025-10-23,23,2838.064,10328.712,13166.776
2025-10-23,24,3021.086,10839.456,13860.542
2025-10-23,25,3224.958,11175.802,14400.76
2025-10-23,26,3647.512,11249.2,14896.712
2025-10-23,27,3649.73,11318.81,14968.54
2025-10-23,28,3427.37,11299.212,14726.582
2025-10-23,29,3376.522,11244.46,14620.982
2025-10-23,30,3485.368,11255.256,14740.624
2025-10-23,31,3412.514,11269.414,14681.928
2025-10-23,32,3157.954,11245.172,14403.126
2025-10-23,33,3044.158,11218.198,14262.356
2025-10-23,34,3167.518,11155.104,14322.622
2025-10-23,35,3077.978,11195.282,14273.26
2025-10-23,36,3102.542,11189.498,14292.04
2025-10-23,37,3170.218,11190.832,14361.05
2025-10-23,38,3289.116,11179.822,14468.938
2025-10-23,39,3395.392,11188.302,14583.694
2025-10-23,40,3598.716,11206.342,14805.058
2025-10-23,41,3792.384,11237.582,15029.966
2025-10-23,42,3800.3,11208.976,15009.276
2025-10-23,43,3967.812,11223.542,15191.354
2025-10-23,44,3933.806,11234.632,15168.438
2025-10-23,45,3928.138,11195.148,15123.286
2025-10-23,46,3858.854,11152.774,15011.628
2025-10-23,47,3876.114,11058.3,14934.414
2025-10-23,48,3945.088,11125.522,15070.61
2025-10-24,1,4222.044,11033.33,15255.374
2025-10-24,2,4215.35,11065.326,15280.676
2025-10-24,3,3686.122,10995.55,14681.672
2025-10-24,4,3439.318,11012.912,14452.23
2025-10-24,5,3399.842,10958.396,14358.238
2025-10-24,6,3421.126,10729.606,14150.732
2025-10-24,7,3521.974,10631.258,14153.232
2025-10-24,8,3324.148,10562.97,13887.118
2025-10-24,9,3237.518,10546.492,13784.01
2025-10-24,10,3047.888,10526.138,13574.026
2025-10-24,11,2967.038,10551.874,13518.912
2025-10-24,12,2991.012,10477.648,13468.66
2025-10-24,13,3048.908,10426.962,13475.87
2025-10-24,14,2945.384,10482.944,13428.328
2025-10-24,15,2931.812,10460.956,13392.768
2025-10-24,16,2972.842,10335.648,13308.49
2025-10-24,17,3071.906,10387.298,13459.204
2025-10-24,18,3252.906,10382.188,13635.094
2025-10-24,19,3478.988,10357.96,13836.948
2025-10-24,20,3437.134,10171.992,13609.126
2025-10-24,21,3412.652,10051.626,13464.278
2025-10-24,22,3370.664,9809.55,13180.214
2025-10-24,23,3393.88,9623.052,13016.932
2025-10-24,24,3532.01,9594.966,13126.976
2025-10-24,25,3627.946,9516.546,13144.492
2025-10-24,26,3865.942,9313.496,13179.438
2025-10-24,27,3980.826,9128.6,13109.426
2025-10-24,28,4149.476,9170.478,13319.954
2025-10-24,29,4280.51,9184.908,13465.418
2025-10-24,30,4404.408,9132.702,13537.11
2025-10-24,31,4464.1,9174.872,13638.972
2025-10-24,32,4673.842,9214.684,13888.526
2025-10-24,33,4753.532,9260.33,14013.862
2025-10-24,34,4939.71,9263.984,14203.694
2025-10-24,35,4928.75,9421.73,14350.48
2025-10-24,36,4958.412,9557.41,14515.822
2025-10-24,37,5247.368,10097.968,15345.336
2025-10-24,38,5521.018,10204.97,15725.988
2025-10-24,39,5615.306,10032.658,15647.964
2025-10-24,40,5747.172,9969.646,15716.818
2025-10-24,41,5804.688,10308.138,16112.826
2025-10-24,42,5919.998,10334.07,16254.068
2025-10-24,43,5851.148,10517.77,16368.918
2025-10-24,44,5903.998,10662.78,16566.778
2025-10-24,45,5738.674,10879.762,16618.436
2025-10-24,46,5615.86,10988.96,16604.82
2025-10-24,47,5168.99,11082.352,16251.342
2025-10-24,48,5242.796,11096.164,16338.96
2025-10-25,1,5365.532,11030.328,16395.86
2025-10-25,2,5409.152,10984.664,16393.816
2025-10-25,3,5360.452,10926.848,16287.3
2025-10-25,4,5086.338,10824.412,15910.75
2025-10-25,5,5185.586,10389.176,15574.762
2025-10-25,6,5270.754,10284.266,15555.02
2025-10-25,7,5202.424,10508.212,15710.636
2025-10-25,8,4990.336,10791.27,15781.606
2025-10-25,9,5093.45,10829.854,15923.304
2025-10-25,10,5187.452,10866.906,16054.358
2025-10-25,11,5200.822,10888.82,16089.642
2025-10-25,12,5261.548,10948.13,16209.678
2025-10-25,13,5366.144,10933.428,16299.572
2025-10-25,14,5564.35,10937.198,16501.548
2025-10-25,15,5595.648,11001.11,16596.758
2025-10-25,16,5462.62,11030.078,16492.698
2025-10-25,17,5461.69,10990.218,16451.908
2025-10-25,18,5641.94,11059.434,16701.374
2025-10-25,19,5560.558,11074.884,16635.442
2025-10-25,20,5679.59,11055.914,16735.504
2025-10-25,21,5636.23,11084.784,16721.014
2025-10-25,22,5603.658,11022.044,16625.702
2025-10-25,23,5718.476,10909.124,16627.6
2025-10-25,24,5835.912,10748.546,16584.458
2025-10-25,25,5948.826,10624.894,16573.72
2025-10-25,26,5831.45,10644.414,16475.864
2025-10-25,27,5915.222,10737.334,16652.556
2025-10-25,28,5937.096,10698.412,16635.508
2025-10-25,29,5975.338,10585.866,16561.204
2025-10-25,30,5989.252,10498.586,16487.838
2025-10-25,31,6026.59,10441.63,16468.22
2025-10-25,32,5919.24,10269.66,16188.9
2025-10-25,33,5659.77,10125.142,15784.912
2025-10-25,34,5554.362,10241.836,15796.198
2025-10-25,35,5543.71,10402.328,15946.038
2025-10-25,36,5320.636,10556.854,15877.49
2025-10-25,37,5234.336,10618.184,15852.52
2025-10-25,38,5230.362,10660.948,15891.31
2025-10-25,39,5224.858,10647.496,15872.354
2025-10-25,40,5157.642,10926.966,16084.608
2025-10-25,41,4956.528,10956.812,15913.34
2025-10-25,42,4997.704,10836.472,15834.176
2025-10-25,43,5052.908,10772.656,15825.564
2025-10-25,44,5185.318,10857.864,16043.182
2025-10-25,45,5325.092,10829.616,16154.708
2025-10-25,46,5406.874,10907.752,16314.626
2025-10-25,47,5409.31,11031.05,16440.36
2025-10-25,48,5265.062,10947.062,16212.124
2025-10-26,1,5054.554,10856.982,15911.536
2025-10-26,2,4967.118,10654.66,15621.778
2025-10-26,3,4855.088,10617.844,15472.932
2025-10-26,5,4601.392,10585.874,15187.266
2025-10-26,4,4897.57,10700.354,15597.924
2025-10-26,6,4628.726,10595.11,15223.836
2025-10-26,7,4841.422,10750.05,15591.472
2025-10-26,8,4850.044,10754.824,15604.868
2025-10-26,9,4921.366,10752.318,15673.684
2025-10-26,10,4638.28,10654.124,15292.404
2025-10-26,11,4453.108,10688.788,15141.896
2025-10-26,12,4365.758,10744.748,15110.506
2025-10-26,13,4386.046,10587.446,14973.492
2025-10-26,14,4523.088,10385.224,14908.312
2025-10-26,15,4280.906,10026.652,14307.558
2025-10-26,16,4153.356,10223.666,14377.022
2025-10-26,17,4079.156,10585.928,14665.084
2025-10-26,18,3707.982,10712.298,14420.28
2025-10-26,19,3493.104,10484.136,13977.24
2025-10-26,20,3299.21,10544.14,13843.35
2025-10-26,21,3595.628,10430.662,14026.29
2025-10-26,22,3666.48,10302.57,13969.05
2025-10-26,23,3550.106,10088.506,13638.612
2025-10-26,24,2998.906,10568.038,13566.944
2025-10-26,25,2705.566,10692.58,13398.146
2025-10-26,26,2972.464,10442.108,13414.572
2025-10-26,27,3950.506,10035.86,13986.366
2025-10-26,28,4472.852,10318.226,14791.078
2025-10-26,29,4642.298,10791.236,15433.534
2025-10-26,30,4474.352,10977.956,15452.308
2025-10-26,31,4628.718,10801.758,15430.476
2025-10-26,32,4767.126,10759.068,15526.194
2025-10-26,33,5204.4,10815.55,16019.95
2025-10-26,34,5422.948,10973.576,16396.524
2025-10-26,35,5559.72,11109.22,16668.94
2025-10-26,36,5628.708,11194.214,16822.922
2025-10-26,37,5896.962,11256.638,17153.6
2025-10-26,38,5711.088,11307.056,17018.144
2025-10-26,39,5864.184,11276.03,17140.214
2025-10-26,40,5810.136,11333.584,17143.72
2025-10-26,41,5769.84,11325.428,17095.268
2025-10-26,42,5777.692,11343.558,17121.25
2025-10-26,43,5938.272,11327.136,17265.408
2025-10-26,44,5778.164,11307.27,17085.434
2025-10-26,45,5552.914,11290.862,16843.776
2025-10-26,46,5151.512,11233.42,16384.932
2025-10-26,47,5101.218,11257.08,16358.298
2025-10-26,48,5206.172,11260.642,16466.814
2025-10-26,49,5482.452,11239.68,16722.132
2025-10-26,50,5654.236,11234.178,16888.414
2025-10-27,1,5961.97,11253.39,17215.36
2025-10-27,2,5949.07,11248.08,17197.15
2025-10-27,3,6250.188,11244.632,17494.82
2025-10-27,4,6205.37,11211.836,17417.206
2025-10-27,5,6166.81,11253.694,17420.504
2025-10-27,6,5808.974,11248.022,17056.996
2025-10-27,7,5529.242,11237.428,16766.67
2025-10-27,8,5152.716,11226.438,16379.154
2025-10-27,9,4900.864,11165.044,16065.908
2025-10-27,10,4525.87,11071.744,15597.614
2025-10-27,11,4264.312,11060.454,15324.766
2025-10-27,12,4175.958,11039.23,15215.188
2025-10-27,13,4091.782,11065.598,15157.38
2025-10-27,14,4232.236,11048.696,15280.932
2025-10-27,15,4192.716,10977.118,15169.834
2025-10-27,16,4128.272,11088.474,15216.746
2025-10-27,17,4023.784,11038.08,15061.864
2025-10-27,18,3710.906,10987.1,14698.006
2025-10-27,19,3555.012,10962.67,14517.682
2025-10-27,20,3456.796,10917.074,14373.87
2025-10-27,21,3526.966,10719.172,14246.138
2025-10-27,22,3653.652,10729.572,14383.224
2025-10-27,23,3559.082,10546.674,14105.756
2025-10-27,24,3359.116,10369.714,13728.83
2025-10-27,25,3398.214,10236.096,13634.31
2025-10-27,26,3190.966,10015.976,13206.942
2025-10-27,27,3154.42,9662.848,12817.268
2025-10-27,28,3249.676,8957.406,12207.082
2025-10-27,29,3131.562,8190.834,11322.396
2025-10-27,30,2938.732,7892.988,10831.72
2025-10-27,31,2726.222,7278.916,10005.138
2025-10-27,32,1985.598,6817.462,8803.06
2025-10-27,33,1598.812,6433.714,8032.526
2025-10-27,34,1197.228,6269.364,7466.592
2025-10-27,35,1060.074,6224.406,7284.48
2025-10-27,36,1089.476,6269.852,7359.328
2025-10-27,37,1145.27,6092.796,7238.066
2025-10-27,38,1236.634,5754.406,6991.04
2025-10-27,39,1382.948,5232.486,6615.434
2025-10-27,40,1582.378,5057.304,6639.682
2025-10-27,41,1735.164,5619.268,7354.432
2025-10-27,42,1976.238,5933.484,7909.722
2025-10-27,43,2290.15,6177.92,8468.07
2025-10-27,44,2370.684,6430.788,8801.472
2025-10-27,45,2875.506,6984.562,9860.068
2025-10-27,46,3172.612,7591.706,10764.318
2025-10-27,47,3357.718,8301.976,11659.694
2025-10-27,48,3580.268,9134.362,12714.63
2025-10-28,1,3806.652,9861.25,13667.902
2025-10-28,2,4212.128,10335.638,14547.766
2025-10-28,3,4301.426,10560.302,14861.728
2025-10-28,4,4304.372,10642.846,14947.218
2025-10-28,5,4255.184,10735.12,14990.304
2025-10-28,6,4259.412,10954.416,15213.828
2025-10-28,7,4501.936,11010.684,15512.62
2025-10-28,8,4499.592,10861.196,15360.788
2025-10-28,9,4481.312,10888.718,15370.03
2025-10-28,10,4571.474,10894.736,15466.21
2025-10-28,11,4604.234,10861.302,15465.536
2025-10-28,12,4278.884,10840.388,15119.272
2025-10-28,13,4674.546,10831.782,15506.328
2025-10-28,14,5418.476,10725.74,16144.216
2025-10-28,15,5824.542,10672.62,16497.162
2025-10-28,16,5879.408,10724.026,16603.434
2025-10-28,17,6107.358,10740.724,16848.082
2025-10-28,18,6094.902,10715.5,16810.402
2025-10-28,19,5999.46,10777.06,16776.52
2025-10-28,20,6107.72,10878.922,16986.642
2025-10-28,21,6128.714,10883.51,17012.224
2025-10-28,22,6092.748,10873.224,16965.972
2025-10-28,23,6125.334,10829.508,16954.842
2025-10-28,24,6135.556,10848.668,16984.224
2025-10-28,25,6090.594,10763.958,16854.552
2025-10-28,26,5897.0,10751.644,16648.644
2025-10-28,27,5322.472,10801.65,16124.122
2025-10-28,28,4907.398,10734.318,15641.716
2025-10-28,29,4948.872,10616.114,15564.986
2025-10-28,30,5209.002,10470.664,15679.666
2025-10-28,31,5306.43,10355.862,15662.292
2025-10-28,32,5246.798,10289.966,15536.764
2025-10-28,33,5091.9,10042.192,15134.092
2025-10-28,34,4729.154,10187.654,14916.808
2025-10-28,35,4496.416,10077.394,14573.81
2025-10-28,36,4032.112,9910.0,13942.112
2025-10-28,37,3779.868,9746.82,13526.688
2025-10-28,38,3728.288,9944.348,13672.636
2025-10-28,39,3681.126,10196.764,13877.89
2025-10-28,40,3921.376,10246.506,14167.882
2025-10-28,41,4068.55,10276.36,14344.91
2025-10-28,42,4085.084,10174.358,14259.442
2025-10-28,43,4557.102,9906.332,14463.434
2025-10-28,44,4788.3,9940.212,14728.512
2025-10-28,45,4911.876,10054.3,14966.176
2025-10-28,46,5166.672,10151.504,15318.176
2025-10-28,47,4673.018,10241.578,14914.596
2025-10-28,48,4360.532,10171.344,14531.876
2025-10-29,1,4263.86,10166.89,14430.75
2025-10-29,2,3879.372,10187.284,14066.656
2025-10-29,3,3803.632,10322.132,14125.764
2025-10-29,4,4020.524,10032.022,14052.546
2025-10-29,5,3748.622,9602.84,13351.462
2025-10-29,6,3770.596,9436.43,13207.026
2025-10-29,7,3418.404,9459.994,12878.398
2025-10-29,8,3330.84,9439.118,12769.958
2025-10-29,9,3076.01,9115.342,12191.352
2025-10-29,10,3354.848,8369.956,11724.804
2025-10-29,11,3640.374,8221.074,11861.448
2025-10-29,12,4043.046,8135.314,12178.36
2025-10-29,13,4415.242,8093.758,12509.0
2025-10-29,14,4273.47,7639.586,11913.056
2025-10-29,15,4665.136,7347.004,12012.14
2025-10-29,16,4809.952,7150.648,11960.6
2025-10-29,17,4883.656,6987.432,11871.088
2025-10-29,18,4813.272,7223.974,12037.246
2025-10-29,19,4757.162,7166.694,11923.856
2025-10-29,20,4861.378,7022.522,11883.9
2025-10-29,21,4650.584,6836.37,11486.954
2025-10-29,22,4634.066,6704.7,11338.766
2025-10-29,23,4361.142,6292.362,10653.504
2025-10-29,24,3861.436,6046.732,9908.168
2025-10-29,25,3586.326,5930.99,9517.316
2025-10-29,26,3440.614,5726.45,9167.064
2025-10-29,27,3697.152,5680.538,9377.69
2025-10-29,28,3723.132,5489.876,9213.008
2025-10-29,29,3754.952,5576.964,9331.916
2025-10-29,30,3497.5,5607.414,9104.914
2025-10-29,31,3553.97,5486.132,9040.102
2025-10-29,32,3205.406,5353.66,8559.066
2025-10-29,33,2960.068,5093.304,8053.372
2025-10-29,34,2878.214,4767.078,7645.292
2025-10-29,35,2867.376,4679.99,7547.366
2025-10-29,36,3027.894,4655.57,7683.464
2025-10-29,37,2808.894,4712.55,7521.444
2025-10-29,38,3043.272,4962.992,8006.264
2025-10-29,39,2877.604,5018.924,7896.528
2025-10-29,40,2891.858,5063.648,7955.506
2025-10-29,41,2973.544,5250.898,8224.442
2025-10-29,42,2989.372,5630.58,8619.952
2025-10-29,43,2796.812,6485.978,9282.79
2025-10-29,44,2866.81,7213.844,10080.654
2025-10-29,45,2884.27,7096.762,9981.032
2025-10-29,46,3101.434,6499.51,9600.944
2025-10-29,47,2960.08,6442.508,9402.588
2025-10-29,48,2740.884,6094.08,8834.964
2025-10-30,1,2560.854,6126.818,8687.672
2025-10-30,2,2160.238,6536.28,8696.518
2025-10-30,3,2070.676,6742.88,8813.556
2025-10-30,4,2154.6,6524.62,8679.22
2025-10-30,5,2097.93,6438.758,8536.688
2025-10-30,6,2033.904,6484.372,8518.276
2025-10-30,7,1875.538,6242.248,8117.786
2025-10-30,8,1670.386,5966.188,7636.574
2025-10-30,9,1302.132,5696.016,6998.148
2025-10-30,10,1022.348,5532.574,6554.922
2025-10-30,11,1120.816,5226.68,6347.496
2025-10-30,12,1001.786,5048.912,6050.698
2025-10-30,13,1065.634,4712.39,5778.024
2025-10-30,14,1185.018,4619.788,5804.806
2025-10-30,15,1216.74,4167.598,5384.338
2025-10-30,16,1251.032,3818.474,5069.506
2025-10-30,17,1386.978,3488.04,4875.018
2025-10-30,18,1524.554,3394.048,4918.602
2025-10-30,19,1695.274,3147.478,4842.752
2025-10-30,20,1958.024,2635.444,4593.468
2025-10-30,21,2262.91,2533.376,4796.286
2025-10-30,22,2538.138,2684.806,5222.944
2025-10-30,23,2798.118,2879.118,5677.236
2025-10-30,24,3260.306,3049.37,6309.676
2025-10-30,25,3776.252,3243.778,7020.03
2025-10-30,26,4299.496,3473.354,7772.85
2025-10-30,27,4729.112,3669.058,8398.17
2025-10-30,28,4974.458,3746.548,8721.006
2025-10-30,29,5039.332,3782.036,8821.368
2025-10-30,30,5371.53,4102.42,9473.95
2025-10-30,31,5459.086,4628.504,10087.59
2025-10-30,32,5687.182,5142.024,10829.206
2025-10-30,33,5735.492,5803.158,11538.65
2025-10-30,34,5912.11,6447.158,12359.268
2025-10-30,35,5938.486,7223.994,13162.48
2025-10-30,36,5963.034,7961.108,13924.142
2025-10-30,37,5780.872,8773.476,14554.348
2025-10-30,38,5957.356,9441.008,15398.364
2025-10-30,39,6150.396,10244.198,16394.594
2025-10-30,40,6163.37,10651.346,16814.716
2025-10-30,41,5784.694,10961.108,16745.802
2025-10-30,42,5597.314,11116.1,16713.414
2025-10-30,43,5379.068,11169.82,16548.888
2025-10-30,44,5294.758,11168.93,16463.688
2025-10-30,45,5337.932,11254.302,16592.234
2025-10-30,46,5568.626,11176.856,16745.482
2025-10-30,47,5233.598,11252.006,16485.604
2025-10-30,48,5237.858,11203.632,16441.49
2025-10-31,1,5347.698,11048.23,16395.928
2025-10-31,2,5343.652,11131.66,16475.312
2025-10-31,3,5213.58,11114.334,16327.914
2025-10-31,4,4956.148,11017.014,15973.162
2025-10-31,5,5127.128,10887.946,16015.074
2025-10-31,6,5064.878,10721.964,15786.842
2025-10-31,7,5085.186,10672.542,15757.728
2025-10-31,8,5135.654,10750.276,15885.93
2025-10-31,9,5333.616,10706.546,16040.162
2025-10-31,10,5384.894,10705.982,16090.876
2025-10-31,11,5258.7,10749.586,16008.286
2025-10-31,12,5198.296,10845.63,16043.926
2025-10-31,13,5099.07,10832.846,15931.916
2025-10-31,14,5096.72,10740.28,15837.0
2025-10-31,15,5157.506,10593.242,15750.748
2025-10-31,16,5395.368,10435.814,15831.182
2025-10-31,17,5639.402,10553.896,16193.298
2025-10-31,18,5719.554,10884.37,16603.924
2025-10-31,19,5619.076,10884.608,16503.684
2025-10-31,20,5807.13,10793.528,16600.658
2025-10-31,21,6084.186,10753.166,16837.352
2025-10-31,22,6091.31,10816.264,16907.574
2025-10-31,23,5930.712,10898.11,16828.822
2025-10-31,24,5984.07,10903.694,16887.764
2025-10-31,25,5781.394,10904.332,16685.726
2025-10-31,26,5672.648,11095.442,16768.09
2025-10-31,27,5645.3,10963.75,16609.05
2025-10-31,28,5638.868,10971.734,16610.602
2025-10-31,29,5747.93,11141.592,16889.522
2025-10-31,30,5836.308,11188.178,17024.486
2025-10-31,31,5770.792,11108.9,16879.692
2025-10-31,32,5659.438,11019.164,16678.602
2025-10-31,33,5362.878,11056.874,16419.752
2025-10-31,34,5342.268,10972.894,16315.162
2025-10-31,35,5464.154,11021.22,16485.374
2025-10-31,36,5277.898,11020.438,16298.336
2025-10-31,37,4915.302,11073.63,15988.932
2025-10-31,38,4569.436,10968.836,15538.272
2025-10-31,39,4431.702,10720.846,15152.548
2025-10-31,40,4506.062,10640.334,15146.396
2025-10-31,41,4886.566,10334.032,15220.598
2025-10-31,42,5102.952,10405.638,15508.59
2025-10-31,43,5004.032,10814.198,15818.23
2025-10-31,44,4951.158,10895.66,15846.818
2025-10-31,45,4896.55,11120.408,16016.958
2025-10-31,46,4539.832,11047.636,15587.468
2025-10-31,47,4233.01,11071.654,15304.664
2025-10-31,48,4232.084,11050.372,15282.456
2025-11-01,1,4255.21,11044.968,15300.178
2025-11-01,2,4727.342,11085.064,15812.406
2025-11-01,3,4978.19,11187.958,16166.148
2025-11-01,4,5311.786,11288.422,16600.208
2025-11-01,5,5293.62,11284.796,16578.416
2025-11-01,6,4944.748,11250.672,16195.42
2025-11-01,7,4839.006,11243.722,16082.728
2025-11-01,8,4831.47,11239.592,16071.062
2025-11-01,9,4447.55,11118.45,15566.0
2025-11-01,10,3761.084,10898.654,14659.738
2025-11-01,11,3741.772,11074.658,14816.43
2025-11-01,12,3802.504,11040.956,14843.46
2025-11-01,13,3670.082,10736.894,14406.976
2025-11-01,14,4512.714,10453.364,14966.078
2025-11-01,15,5215.486,10401.026,15616.512
2025-11-01,16,4888.828,10667.434,15556.262
2025-11-01,17,5275.62,10226.436,15502.056
2025-11-01,18,5288.138,10107.848,15395.986
2025-11-01,19,5233.064,10482.288,15715.352
2025-11-01,20,5249.128,10488.662,15737.79
2025-11-01,21,5770.24,11001.428,16771.668
2025-11-01,22,5449.23,11072.71,16521.94
2025-11-01,23,5447.222,11081.726,16528.948
2025-11-01,24,5385.38,10989.698,16375.078
2025-11-01,25,5389.496,10990.2,16379.696
2025-11-01,26,5491.064,10993.266,16484.33
2025-11-01,27,5787.726,10806.644,16594.37
2025-11-01,28,5649.632,10499.558,16149.19
2025-11-01,29,5585.224,10258.996,15844.22
2025-11-01,30,5539.026,9738.254,15277.28
2025-11-01,31,5156.342,8887.062,14043.404
2025-11-01,32,5054.148,8183.992,13238.14
2025-11-01,33,4746.998,7956.41,12703.408
2025-11-01,34,4580.888,7763.802,12344.69
2025-11-01,35,4235.27,7390.236,11625.506
2025-11-01,36,3990.332,7181.994,11172.326
2025-11-01,37,3952.746,7301.186,11253.932
2025-11-01,38,4050.886,7740.876,11791.762
2025-11-01,39,4404.944,7901.34,12306.284
2025-11-01,40,4487.744,8146.892,12634.636
2025-11-01,41,4540.426,8364.082,12904.508
2025-11-01,42,4332.334,8843.364,13175.698
2025-11-01,43,4187.316,8238.478,12425.794
2025-11-01,44,4235.626,7952.878,12188.504
2025-11-01,45,4259.952,7359.564,11619.516
2025-11-01,46,4208.59,7433.706,11642.296
2025-11-01,47,4339.696,7815.384,12155.08
2025-11-01,48,4092.186,8008.17,12100.356
2025-11-02,1,3817.962,7821.5,11639.462
2025-11-02,2,3736.748,8247.498,11984.246
2025-11-02,3,3391.292,7893.48,11284.772
2025-11-02,4,3243.056,7561.842,10804.898
2025-11-02,5,3280.45,7164.754,10445.204
2025-11-02,6,3228.508,6679.824,9908.332
2025-11-02,7,3111.82,6416.382,9528.202
2025-11-02,8,3165.06,6285.774,9450.834
2025-11-02,9,3263.262,6398.982,9662.244
2025-11-02,10,3287.02,6348.316,9635.336
2025-11-02,11,3282.282,6097.766,9380.048
2025-11-02,12,3226.172,6286.266,9512.438
2025-11-02,13,3135.71,6781.718,9917.428
2025-11-02,14,3239.09,7217.576,10456.666
2025-11-02,15,3448.93,7246.762,10695.692
2025-11-02,16,3619.086,7409.406,11028.492
2025-11-02,17,3843.172,7519.426,11362.598
2025-11-02,18,3968.57,7404.608,11373.178
2025-11-02,19,4150.082,7472.988,11623.07
2025-11-02,20,4482.664,7450.228,11932.892
2025-11-02,21,4780.262,7560.966,12341.228
2025-11-02,22,4950.316,7250.752,12201.068
2025-11-02,23,5084.854,7159.288,12244.142
2025-11-02,24,5369.35,7091.368,12460.718
2025-11-02,25,5469.866,6958.448,12428.314
2025-11-02,26,5482.962,6831.262,12314.224
2025-11-02,27,5348.386,6889.48,12237.866
2025-11-02,28,5382.138,6654.814,12036.952
2025-11-02,29,5287.818,6699.908,11987.726
2025-11-02,30,5203.034,6680.312,11883.346
2025-11-02,31,4985.596,6740.712,11726.308
2025-11-02,32,4852.866,6869.552,11722.418
2025-11-02,33,4656.53,6627.134,11283.664
2025-11-02,34,4610.09,7096.61,11706.7
2025-11-02,35,4692.088,7442.362,12134.45
2025-11-02,36,4873.202,7572.292,12445.494
2025-11-02,37,5020.956,7644.334,12665.29
2025-11-02,38,4975.482,7555.4,12530.882
2025-11-02,39,4928.396,7662.8,12591.196
2025-11-02,40,4855.444,8010.678,12866.122
2025-11-02,41,4902.874,8277.482,13180.356
2025-11-02,42,4801.358,8437.502,13238.86
2025-11-02,43,4840.798,8829.912,13670.71
2025-11-02,44,4689.066,8874.412,13563.478
2025-11-02,45,4790.758,8786.856,13577.614
2025-11-02,46,5023.94,8459.192,13483.132
2025-11-02,47,5008.572,8485.988,13494.56
2025-11-02,48,4968.576,8711.902,13680.478
2025-11-03,1,4719.016,8871.716,13590.732
2025-11-03,2,4713.192,9268.578,13981.77
2025-11-03,3,4391.634,9657.38,14049.014
2025-11-03,4,4122.012,9917.248,14039.26
2025-11-03,5,4166.304,10155.248,14321.552
2025-11-03,6,4051.136,10319.276,14370.412
2025-11-03,7,4261.204,10306.798,14568.002
2025-11-03,8,4759.792,10473.438,15233.23
2025-11-03,9,4916.276,10620.626,15536.902
2025-11-03,10,4861.842,10753.898,15615.74
2025-11-03,11,4855.324,10889.546,15744.87
2025-11-03,12,4782.416,10995.236,15777.652
2025-11-03,13,4603.86,11032.426,15636.286
2025-11-03,14,4722.11,11105.244,15827.354
2025-11-03,15,5023.894,11073.14,16097.034
2025-11-03,16,4903.31,11177.144,16080.454
2025-11-03,17,4922.322,11241.576,16163.898
2025-11-03,18,4771.394,11218.86,15990.254
2025-11-03,19,4760.65,11150.856,15911.506
2025-11-03,20,4617.052,11153.096,15770.148
2025-11-03,21,4575.43,11149.726,15725.156
2025-11-03,22,4574.96,11199.67,15774.63
2025-11-03,23,4491.42,11189.274,15680.694
2025-11-03,24,4429.472,11205.004,15634.476
2025-11-03,25,4567.948,11187.626,15755.574
2025-11-03,26,4550.102,11218.424,15768.526
2025-11-03,27,4446.55,11256.994,15703.544
2025-11-03,28,4485.284,11228.784,15714.068
2025-11-03,29,4448.54,11205.8,15654.34
2025-11-03,30,4381.854,11239.728,15621.582
2025-11-03,31,4238.492,11248.756,15487.248
2025-11-03,32,4205.32,11276.976,15482.296
2025-11-03,33,4419.328,11212.586,15631.914
2025-11-03,34,4418.152,11156.632,15574.784
2025-11-03,35,4308.826,11165.348,15474.174
2025-11-03,36,4627.4,11163.308,15790.708
2025-11-03,37,4838.174,11205.258,16043.432
2025-11-03,38,5015.214,11248.5,16263.714
2025-11-03,39,4845.522,11201.078,16046.6
2025-11-03,40,4754.398,11175.942,15930.34
2025-11-03,41,4843.066,11157.886,16000.952
2025-11-03,42,4800.344,11157.144,15957.488
2025-11-03,43,4714.704,11245.486,15960.19
2025-11-03,44,4607.744,11235.186,15842.93
2025-11-03,45,4653.626,11229.576,15883.202
2025-11-03,46,4598.336,11197.634,15795.97
2025-11-03,47,4531.134,11154.158,15685.292
2025-11-03,48,4440.668,11120.742,15561.41
2025-11-04,1,4284.83,11105.774,15390.604
2025-11-04,2,4242.622,11041.828,15284.45
2025-11-04,3,4214.202,11038.44,15252.642
2025-11-04,4,4145.842,11140.888,15286.73
2025-11-04,5,3986.136,11090.878,15077.014
2025-11-04,6,3886.964,10953.024,14839.988
2025-11-04,7,3794.672,10704.15,14498.822
2025-11-04,8,3867.068,10598.72,14465.788
2025-11-04,9,3729.354,10694.492,14423.846
2025-11-04,10,3754.836,10824.514,14579.35
2025-11-04,11,3693.668,10808.498,14502.166
2025-11-04,12,3415.94,10776.882,14192.822
2025-11-04,13,3030.038,10690.528,13720.566
2025-11-04,14,3606.168,10690.922,14297.09
2025-11-04,15,3739.79,10587.256,14327.046
2025-11-04,16,4016.65,10773.404,14790.054
2025-11-04,17,3991.492,10841.814,14833.306
2025-11-04,18,3674.904,10654.74,14329.644
2025-11-04,19,3427.71,10611.494,14039.204
2025-11-04,20,3172.568,10449.508,13622.076
2025-11-04,21,2880.372,10542.47,13422.842
2025-11-04,22,3014.218,10600.114,13614.332
2025-11-04,23,3001.818,10574.356,13576.174
2025-11-04,24,2864.882,10429.892,13294.774
2025-11-04,25,2818.5,10325.274,13143.774
2025-11-04,26,2717.004,10145.982,12862.986
2025-11-04,27,2718.29,9909.504,12627.794
2025-11-04,28,2940.7,9653.324,12594.024
2025-11-04,29,2874.278,9457.976,12332.254
2025-11-04,30,2807.91,9334.438,12142.348
2025-11-04,31,2720.216,9108.458,11828.674
2025-11-04,32,2577.91,9003.884,11581.794
2025-11-04,33,2792.966,8979.324,11772.29
2025-11-04,34,3141.308,9314.478,12455.786
2025-11-04,35,3135.07,9362.782,12497.852
2025-11-04,36,3161.28,9531.734,12693.014
2025-11-04,37,3099.15,9773.128,12872.278
2025-11-04,38,3246.194,10006.928,13253.122
2025-11-04,39,3091.758,10119.452,13211.21
2025-11-04,40,3029.994,9968.28,12998.274
2025-11-04,41,2789.428,9783.604,12573.032
2025-11-04,42,2545.912,9633.092,12179.004
2025-11-04,43,2187.048,9580.304,11767.352
2025-11-04,44,2040.146,9684.572,11724.718
2025-11-04,45,1935.07,9346.726,11281.796
2025-11-04,46,2027.594,9263.336,11290.93
2025-11-04,47,1996.378,9293.092,11289.47
2025-11-04,48,1884.366,9299.54,11183.906
2025-11-05,1,1692.072,9176.484,10868.556
2025-11-05,2,1489.524,9108.016,10597.54
2025-11-05,3,1390.958,9134.958,10525.916
2025-11-05,4,992.144,9307.804,10299.948
2025-11-05,5,970.804,9216.932,10187.736
2025-11-05,6,886.384,8980.06,9866.444
2025-11-05,7,757.834,9163.448,9921.282
2025-11-05,8,699.11,9120.77,9819.88
2025-11-05,9,817.652,9088.278,9905.93
2025-11-05,10,1057.65,9291.616,10349.266
2025-11-05,11,1128.202,9342.916,10471.118
2025-11-05,12,1226.758,9329.532,10556.29
2025-11-05,13,1305.342,9335.028,10640.37
2025-11-05,14,1365.716,9180.858,10546.574
2025-11-05,15,1441.278,9002.738,10444.016
2025-11-05,16,1549.85,8824.482,10374.332
2025-11-05,17,1756.192,8929.702,10685.894
2025-11-05,18,1729.784,9073.78,10803.564
2025-11-05,19,1829.4,9008.228,10837.628
2025-11-05,20,2025.7,8470.182,10495.882
2025-11-05,21,2202.324,8174.212,10376.536
2025-11-05,22,2348.39,8330.488,10678.878
2025-11-05,23,2410.24,8802.654,11212.894
2025-11-05,24,2644.506,8883.408,11527.914
2025-11-05,25,2788.578,8925.13,11713.708
2025-11-05,26,2857.246,9150.844,12008.09
2025-11-05,27,2802.854,8979.174,11782.028
2025-11-05,28,2880.53,8735.786,11616.316
2025-11-05,29,2975.058,8676.406,11651.464
2025-11-05,30,2990.05,8702.356,11692.406
2025-11-05,31,3091.672,8634.438,11726.11
2025-11-05,32,3112.74,8767.872,11880.612
2025-11-05,33,2990.686,9082.76,12073.446
2025-11-05,34,2856.052,9060.528,11916.58
2025-11-05,35,2993.264,9126.184,12119.448
2025-11-05,36,2968.17,9046.462,12014.632
2025-11-05,37,2766.762,9103.364,11870.126
2025-11-05,38,2614.334,8951.444,11565.778
2025-11-05,39,2576.512,8899.248,11475.76
2025-11-05,40,2481.038,8786.594,11267.632
2025-11-05,41,2301.822,8222.838,10524.66
2025-11-05,42,2215.24,7724.344,9939.584
2025-11-05,43,2123.682,7444.992,9568.674
2025-11-05,44,2009.968,7363.812,9373.78
2025-11-05,45,2068.848,7160.236,9229.084
2025-11-05,46,2193.552,6867.438,9060.99
2025-11-05,47,2110.538,6867.148,8977.686
2025-11-05,48,2213.666,6642.468,8856.134
2025-11-06,1,2440.634,6167.406,8608.04
2025-11-06,2,2177.782,5839.364,8017.146
2025-11-06,3,1854.182,5613.012,7467.194
2025-11-06,4,1595.744,5160.804,6756.548
2025-11-06,5,1415.31,4961.738,6377.048
2025-11-06,6,1364.638,4754.73,6119.368
2025-11-06,7,1291.752,4390.388,5682.14
2025-11-06,8,1231.754,4621.828,5853.582
2025-11-06,9,1279.688,4318.5,5598.188
2025-11-06,10,1328.37,3925.062,5253.432
2025-11-06,11,1433.128,3679.31,5112.438
2025-11-06,12,1511.014,3248.06,4759.074
2025-11-06,13,1545.874,2801.218,4347.092
2025-11-06,14,1606.036,2407.58,4013.616
2025-11-06,15,1600.474,2052.91,3653.384
2025-11-06,16,1643.188,2042.518,3685.706
2025-11-06,17,1554.412,2239.566,3793.978
2025-11-06,18,1596.696,2533.142,4129.838
2025-11-06,19,1619.97,2430.066,4050.036
2025-11-06,20,1537.128,2080.748,3617.876
2025-11-06,21,1669.288,1934.99,3604.278
2025-11-06,22,1704.962,1883.826,3588.788
2025-11-06,23,1704.43,1839.148,3543.578
2025-11-06,24,1603.612,1462.386,3065.998
2025-11-06,25,1615.898,1285.064,2900.962
2025-11-06,26,1539.958,950.916,2490.874
2025-11-06,27,1510.428,608.824,2119.252
2025-11-06,28,1396.116,496.828,1892.944
2025-11-06,29,1485.772,405.634,1891.406
2025-11-06,30,1637.674,305.968,1943.642
2025-11-06,31,1607.854,317.916,1925.77
2025-11-06,32,1623.078,285.396,1908.474
2025-11-06,33,1666.106,359.416,2025.522
2025-11-06,34,1784.622,548.882,2333.504
2025-11-06,35,1608.728,647.732,2256.46
2025-11-06,36,1689.544,834.308,2523.852
2025-11-06,37,1756.224,1023.698,2779.922
2025-11-06,38,1896.394,1040.254,2936.648
2025-11-06,39,1666.458,1185.028,2851.486
2025-11-06,40,1478.764,1142.466,2621.23
2025-11-06,41,1416.92,1080.476,2497.396
2025-11-06,42,1279.008,1045.592,2324.6
2025-11-06,43,1280.836,1101.57,2382.406
2025-11-06,44,1278.35,1147.008,2425.358
2025-11-06,45,1292.854,1107.886,2400.74
2025-11-06,46,1311.732,1209.828,2521.56
2025-11-06,47,1273.368,1260.806,2534.174
2025-11-06,48,1243.126,1294.728,2537.854
2025-11-07,1,1188.086,1270.898,2458.984
2025-11-07,2,1056.706,1363.156,2419.862
2025-11-07,3,1060.256,1605.79,2666.046
2025-11-07,4,1095.844,1578.948,2674.792
2025-11-07,5,1042.22,1872.242,2914.462
2025-11-07,6,922.242,2013.582,2935.824
2025-11-07,7,910.59,1789.634,2700.224
2025-11-07,8,900.296,1860.548,2760.844
2025-11-07,9,939.764,1727.006,2666.77
2025-11-07,10,1009.342,1847.584,2856.926
2025-11-07,11,1025.354,1837.594,2862.948
2025-11-07,12,1095.934,1677.918,2773.852
2025-11-07,13,1190.656,1970.012,3160.668
2025-11-07,14,1283.168,2080.596,3363.764
2025-11-07,15,1256.852,1918.146,3174.998
2025-11-07,16,1380.408,1899.968,3280.376
2025-11-07,17,1291.844,2215.952,3507.796
2025-11-07,18,1154.598,2341.0,3495.598
2025-11-07,19,1191.766,2498.64,3690.406
2025-11-07,20,1273.378,2702.298,3975.676
2025-11-07,21,1249.44,2736.908,3986.348
2025-11-07,22,1280.286,2970.3,4250.586
2025-11-07,23,1355.39,3153.58,4508.97
2025-11-07,24,1438.036,3353.6,4791.636
2025-11-07,25,1424.616,3666.502,5091.118
2025-11-07,26,1351.97,3838.324,5190.294
2025-11-07,27,1318.418,4054.876,5373.294
2025-11-07,28,1357.562,4212.578,5570.14
2025-11-07,29,1349.164,4409.406,5758.57
2025-11-07,30,1423.878,4553.656,5977.534
2025-11-07,31,1489.308,4694.632,6183.94
2025-11-07,32,1590.328,4528.362,6118.69
2025-11-07,33,1694.676,4181.99,5876.666
2025-11-07,34,1645.484,4418.106,6063.59
2025-11-07,35,1573.612,4513.622,6087.234
2025-11-07,36,1607.086,4739.004,6346.09
2025-11-07,37,1661.592,5281.066,6942.658
2025-11-07,38,1684.93,5609.776,7294.706
2025-11-07,39,1777.75,5642.996,7420.746
2025-11-07,40,1817.374,5233.684,7051.058
2025-11-07,41,1758.678,4978.142,6736.82
2025-11-07,42,1677.806,4959.476,6637.282
2025-11-07,43,1632.106,4950.36,6582.466
2025-11-07,44,1654.558,4978.098,6632.656
2025-11-07,45,1688.964,4804.77,6493.734
2025-11-07,46,1593.104,4427.674,6020.778
2025-11-07,47,1488.688,4077.78,5566.468
2025-11-07,48,1581.0,3821.986,5402.986
2025-11-08,1,1515.076,3490.062,5005.138
2025-11-08,2,1559.28,3390.612,4949.892
2025-11-08,3,1834.444,3392.68,5227.124
2025-11-08,4,1944.91,3276.196,5221.106
2025-11-08,5,1790.684,3077.82,4868.504
2025-11-08,6,1635.496,2940.568,4576.064
2025-11-08,7,1388.654,2745.272,4133.926
2025-11-08,8,1306.554,2541.99,3848.544
2025-11-08,9,1427.324,2701.306,4128.63
2025-11-08,10,1448.58,2828.664,4277.244
2025-11-08,11,1445.11,2679.958,4125.068
2025-11-08,12,1495.362,2443.096,3938.458
2025-11-08,13,1406.58,2387.748,3794.328
2025-11-08,14,1330.292,2694.652,4024.944
2025-11-08,15,1309.892,3096.898,4406.79
2025-11-08,16,1306.722,3185.5,4492.222
2025-11-08,17,1514.948,2953.658,4468.606
2025-11-08,18,1586.268,2729.596,4315.864
2025-11-08,19,1451.932,2398.418,3850.35
2025-11-08,20,1430.794,2159.824,3590.618
2025-11-08,21,1339.058,2120.996,3460.054
2025-11-08,22,1312.012,1989.142,3301.154
2025-11-08,23,1333.654,2075.012,3408.666
2025-11-08,24,1381.366,2126.024,3507.39
2025-11-08,25,1315.688,1993.42,3309.108
2025-11-08,26,1424.22,1731.494,3155.714
2025-11-08,27,1462.07,1636.076,3098.146
2025-11-08,28,1478.952,1572.478,3051.43
2025-11-08,29,1377.598,1678.072,3055.67
2025-11-08,30,1404.788,1662.748,3067.536
2025-11-08,31,1371.84,1721.748,3093.588
2025-11-08,32,1221.344,1743.376,2964.72
2025-11-08,33,1430.648,1705.652,3136.3
2025-11-08,34,1698.034,1783.91,3481.944
2025-11-08,35,1823.754,1900.334,3724.088
2025-11-08,36,2049.336,1820.022,3869.358
2025-11-08,37,2155.898,2024.098,4179.996
2025-11-08,38,2430.8,2207.338,4638.138
2025-11-08,39,2667.076,2391.864,5058.94
2025-11-08,40,2536.172,2411.818,4947.99
2025-11-08,41,2326.32,2323.03,4649.35
2025-11-08,42,2351.304,2145.428,4496.732
2025-11-08,43,2335.676,2165.916,4501.592
2025-11-08,44,2433.658,2338.082,4771.74
2025-11-08,45,2598.554,2524.998,5123.552
2025-11-08,46,2566.308,2570.53,5136.838
2025-11-08,47,2462.398,2784.814,5247.212
2025-11-08,48,2272.016,2861.596,5133.612
2025-11-09,1,2357.008,2622.552,4979.56
2025-11-09,2,2363.764,2538.174,4901.938
2025-11-09,3,2349.74,2403.46,4753.2
2025-11-09,4,2323.716,2169.876,4493.592
2025-11-09,5,2261.852,2061.014,4322.866
2025-11-09,6,2411.536,2070.804,4482.34
2025-11-09,7,2554.71,2064.504,4619.214
2025-11-09,8,2477.572,2023.006,4500.578
2025-11-09,9,2679.13,2022.434,4701.564
2025-11-09,10,3018.03,2133.23,5151.26
2025-11-09,11,3269.174,2210.704,5479.878
2025-11-09,12,3663.728,2305.284,5969.012
2025-11-09,13,4018.988,2381.594,6400.582
2025-11-09,14,4367.536,2516.708,6884.244
2025-11-09,15,4753.742,2796.758,7550.5
2025-11-09,16,4818.77,3191.784,8010.554
2025-11-09,17,4921.89,3342.82,8264.71
2025-11-09,18,4967.064,3342.804,8309.868
2025-11-09,19,5106.384,3494.322,8600.706
2025-11-09,20,5338.5,3652.606,8991.106
2025-11-09,21,5412.474,3761.782,9174.256
2025-11-09,22,5224.87,3903.534,9128.404
2025-11-09,23,5087.822,4208.346,9296.168
2025-11-09,24,4784.256,4424.116,9208.372
2025-11-09,25,4376.61,4512.08,8888.69
2025-11-09,26,4001.73,4821.596,8823.326
2025-11-09,27,3379.702,5014.538,8394.24
2025-11-09,28,3297.126,4963.166,8260.292
2025-11-09,29,3231.792,4786.01,8017.802
2025-11-09,30,2973.81,4926.314,7900.124
2025-11-09,31,2639.794,4684.924,7324.718
2025-11-09,32,2647.034,4580.236,7227.27
2025-11-09,33,2396.98,4827.15,7224.13
2025-11-09,34,2140.594,5115.502,7256.096
2025-11-09,35,2057.486,5243.384,7300.87
2025-11-09,36,1948.22,5556.502,7504.722
2025-11-09,37,1754.002,5905.038,7659.04
2025-11-09,38,1623.442,6329.536,7952.978
2025-11-09,39,1521.594,6748.74,8270.334
2025-11-09,40,1470.76,7189.57,8660.33
2025-11-09,41,1401.708,7437.718,8839.426
2025-11-09,42,1339.952,7496.038,8835.99
2025-11-09,43,1230.02,7584.666,8814.686
2025-11-09,44,992.828,7587.4,8580.228
2025-11-09,45,840.178,7730.912,8571.09
2025-11-09,46,769.406,8009.364,8778.77
2025-11-09,47,627.338,8200.09,8827.428
2025-11-09,48,465.388,8554.42,9019.808
2025-11-10,1,381.812,8668.766,9050.578
2025-11-10,2,358.184,8782.536,9140.72
2025-11-10,3,393.866,8930.99,9324.856
2025-11-10,4,435.336,9254.89,9690.226
2025-11-10,5,466.778,9579.814,10046.592
2025-11-10,6,502.67,9802.602,10305.272
2025-11-10,7,568.016,9815.492,10383.508
2025-11-10,8,638.884,9856.818,10495.702
2025-11-10,9,750.84,9424.012,10174.852
2025-11-10,10,1000.548,9361.002,10361.55
2025-11-10,11,1188.1,9876.98,11065.08
2025-11-10,12,1593.56,9827.762,11421.322
2025-11-10,13,2054.012,9781.378,11835.39
2025-11-10,14,2463.72,9849.464,12313.184
2025-11-10,15,2843.266,9969.956,12813.222
2025-11-10,16,3278.152,10040.244,13318.396
2025-11-10,17,3487.89,9967.218,13455.108
2025-11-10,18,3619.934,9709.498,13329.432
2025-11-10,19,3859.082,9302.52,13161.602
2025-11-10,20,4203.772,9016.038,13219.81
2025-11-10,21,4566.854,8967.554,13534.408
2025-11-10,22,4684.626,8593.562,13278.188
2025-11-10,23,4889.662,8178.216,13067.878
2025-11-10,24,4825.86,7994.302,12820.162
2025-11-10,25,4875.232,7972.9,12848.132
2025-11-10,26,4552.664,7608.03,12160.694
2025-11-10,27,4006.036,7588.674,11594.71
2025-11-10,28,3384.562,7831.182,11215.744
2025-11-10,29,3221.552,8480.192,11701.744
2025-11-10,30,3093.926,8810.464,11904.39
2025-11-10,31,3154.69,8584.31,11739.0
2025-11-10,32,2809.932,8508.818,11318.75
2025-11-10,33,2427.98,8224.51,10652.49
2025-11-10,34,2379.712,8046.472,10426.184
2025-11-10,35,2372.96,7833.116,10206.076
2025-11-10,36,2422.514,8004.044,10426.558
2025-11-10,37,2432.498,8028.226,10460.724
2025-11-10,38,2273.232,7873.32,10146.552
2025-11-10,39,2132.466,7942.126,10074.592
2025-11-10,40,2081.364,7897.892,9979.256
2025-11-10,41,2040.058,7821.018,9861.076
2025-11-10,42,2011.828,7858.208,9870.036
2025-11-10,43,1931.112,7629.662,9560.774
2025-11-10,44,1835.122,7322.72,9157.842
2025-11-10,45,1792.262,7430.948,9223.21
2025-11-10,46,1688.992,7209.504,8898.496
2025-11-10,47,1589.62,7158.454,8748.074
2025-11-10,48,1585.886,7270.748,8856.634
2025-11-11,1,1569.986,7375.612,8945.598
2025-11-11,2,1585.032,7250.904,8835.936
2025-11-11,3,1618.38,7518.002,9136.382
2025-11-11,4,1657.08,7420.834,9077.914
2025-11-11,5,1737.974,7168.444,8906.418
2025-11-11,6,1801.148,6466.682,8267.83
2025-11-11,7,2005.224,6184.468,8189.692
2025-11-11,8,2146.932,5909.598,8056.53
2025-11-11,9,2258.124,5707.918,7966.042
2025-11-11,10,2339.842,5856.37,8196.212
2025-11-11,11,2471.334,6159.388,8630.722
2025-11-11,12,2203.534,6470.946,8674.48
2025-11-11,13,2119.646,6427.894,8547.54
2025-11-11,14,2185.206,6120.482,8305.688
2025-11-11,15,2364.384,6257.996,8622.38
2025-11-11,16,2497.93,6876.676,9374.606
2025-11-11,17,2979.356,7544.264,10523.62
2025-11-11,18,3158.3,7920.838,11079.138
2025-11-11,19,3437.214,8060.928,11498.142
2025-11-11,20,3500.226,8380.23,11880.456
2025-11-11,21,3558.238,8933.732,12491.97
2025-11-11,22,3799.996,9237.776,13037.772
2025-11-11,23,3476.918,9632.718,13109.636
2025-11-11,24,3091.928,10417.414,13509.342
2025-11-11,25,3232.696,10960.52,14193.216
2025-11-11,26,3400.91,11053.836,14454.746
2025-11-11,27,3914.808,11030.38,14945.188
2025-11-11,28,4414.424,11096.048,15510.472
2025-11-11,29,4815.994,11207.654,16023.648
2025-11-11,30,5037.516,11304.376,16341.892
2025-11-11,31,5128.58,11277.7,16406.28
2025-11-11,32,5145.366,11328.616,16473.982
2025-11-11,33,4976.088,11341.334,16317.422
2025-11-11,34,5131.8,11355.52,16487.32
2025-11-11,35,5454.394,11420.632,16875.026
2025-11-11,36,5755.704,11544.826,17300.53
2025-11-11,37,5999.336,11500.074,17499.41
2025-11-11,38,6149.468,11471.644,17621.112
2025-11-11,39,6451.1,11149.662,17600.762
2025-11-11,40,6617.878,11122.998,17740.876
2025-11-11,41,6305.82,11089.572,17395.392
2025-11-11,42,5710.566,11070.632,16781.198
2025-11-11,43,5203.11,11028.906,16232.016
2025-11-11,44,5100.328,10974.626,16074.954
2025-11-11,45,5246.56,10983.152,16229.712
2025-11-11,46,5258.664,10951.664,16210.328
2025-11-11,47,5156.476,10824.024,15980.5
2025-11-11,48,4736.5,10671.082,15407.582
2025-11-12,1,4862.762,10500.288,15363.05
2025-11-12,2,4905.322,10495.71,15401.032
2025-11-12,3,4980.732,10343.02,15323.752
2025-11-12,4,5180.06,10220.172,15400.232
2025-11-12,5,4720.826,10078.792,14799.618
2025-11-12,6,4726.336,9878.13,14604.466
2025-11-12,7,4647.802,9940.786,14588.588
2025-11-12,8,4540.878,9920.974,14461.852
2025-11-12,9,4774.728,9806.802,14581.53
2025-11-12,10,4857.352,9774.752,14632.104
2025-11-12,11,4867.784,9602.22,14470.004
2025-11-12,12,5085.744,9527.942,14613.686
2025-11-12,13,5514.988,9182.264,14697.252
2025-11-12,14,5632.31,9192.44,14824.75
2025-11-12,15,5597.076,9236.77,14833.846
2025-11-12,16,5363.298,9317.532,14680.83
2025-11-12,17,5156.882,9298.896,14455.778
2025-11-12,18,5027.344,9199.506,14226.85
2025-11-12,19,4525.724,8983.872,13509.596
2025-11-12,20,4751.454,8694.684,13446.138
2025-11-12,21,4968.61,8377.268,13345.878
2025-11-12,22,4942.924,8099.83,13042.754
2025-11-12,23,4812.034,7971.966,12784.0
2025-11-12,24,4721.6,7717.042,12438.642
2025-11-12,25,4449.586,7760.874,12210.46
2025-11-12,26,4217.618,7590.366,11807.984
2025-11-12,27,4013.738,7477.054,11490.792
2025-11-12,28,3563.77,7547.096,11110.866
2025-11-12,29,3122.022,7490.302,10612.324
2025-11-12,30,2868.728,7224.518,10093.246
2025-11-12,31,2710.654,7011.514,9722.168
2025-11-12,32,2523.288,7072.008,9595.296
2025-11-12,33,2505.884,6997.824,9503.708
2025-11-12,34,2540.02,6877.79,9417.81
2025-11-12,35,2491.488,6670.772,9162.26
2025-11-12,36,2785.96,6914.838,9700.798
2025-11-12,37,3031.008,7295.676,10326.684
2025-11-12,38,3087.854,7293.45,10381.304
2025-11-12,39,3288.26,6887.408,10175.668
2025-11-12,40,3542.338,6927.748,10470.086
2025-11-12,41,3939.186,7487.764,11426.95
2025-11-12,42,4182.036,7977.04,12159.076
2025-11-12,43,4367.83,8201.098,12568.928
2025-11-12,44,4538.714,7939.64,12478.354
2025-11-12,45,4548.558,8163.118,12711.676
2025-11-12,46,4462.874,8531.614,12994.488
2025-11-12,47,4730.44,8901.714,13632.154
2025-11-12,48,4637.728,8564.848,13202.576
2025-11-13,1,4700.748,8443.14,13143.888
2025-11-13,2,4937.386,8218.076,13155.462
2025-11-13,3,4928.192,8693.248,13621.44
2025-11-13,4,4984.476,8619.568,13604.044
2025-11-13,5,5021.248,9298.9,14320.148
2025-11-13,6,5093.322,9234.966,14328.288
2025-11-13,7,5153.612,9621.952,14775.564
2025-11-13,8,5354.772,10079.102,15433.874
2025-11-13,9,5363.552,10298.114,15661.666
2025-11-13,10,5344.456,10118.684,15463.14
2025-11-13,11,5312.342,10083.138,15395.48
2025-11-13,12,5281.27,10023.352,15304.622
2025-11-13,13,5296.546,9999.084,15295.63
2025-11-13,14,5160.164,10035.142,15195.306
2025-11-13,15,5316.98,9730.922,15047.902
2025-11-13,16,5333.87,9470.222,14804.092
2025-11-13,17,5287.002,8963.394,14250.396
2025-11-13,18,5152.188,8508.63,13660.818
2025-11-13,19,5276.858,8277.808,13554.666
2025-11-13,20,5511.446,7929.6,13441.046
2025-11-13,21,5521.324,7714.784,13236.108
2025-11-13,22,5373.936,7139.026,12512.962
2025-11-13,23,5282.48,6841.544,12124.024
2025-11-13,24,5149.43,6554.76,11704.19
2025-11-13,25,5144.318,6375.45,11519.768
2025-11-13,26,5035.184,5950.634,10985.818
2025-11-13,27,4851.382,5206.158,10057.54
2025-11-13,28,4786.49,4365.27,9151.76
2025-11-13,29,4795.064,3553.368,8348.432
2025-11-13,30,4431.41,2766.182,7197.592
2025-11-13,31,4751.176,2279.186,7030.362
2025-11-13,32,4987.864,2015.054,7002.918
2025-11-13,33,4913.12,2118.32,7031.44
2025-11-13,34,5046.59,1973.358,7019.948
2025-11-13,35,5105.466,1864.036,6969.502
2025-11-13,36,5277.474,1912.962,7190.436
2025-11-13,37,5383.158,2166.098,7549.256
2025-11-13,38,5475.694,2448.336,7924.03
2025-11-13,39,5239.14,2672.024,7911.164
2025-11-13,40,5379.828,3232.15,8611.978
2025-11-13,41,5461.43,3818.022,9279.452
2025-11-13,42,5355.356,4205.236,9560.592
2025-11-13,43,5534.094,4445.198,9979.292
2025-11-13,44,5740.836,4628.474,10369.31
2025-11-13,45,5475.036,4930.5,10405.536
2025-11-13,46,5027.458,5138.66,10166.118
2025-11-13,47,5026.392,5482.698,10509.09
2025-11-13,48,4807.202,5835.452,10642.654
2025-11-14,1,4988.262,6498.342,11486.604
2025-11-14,2,5135.828,7498.38,12634.208
2025-11-14,3,5289.65,8014.504,13304.154
2025-11-14,4,5218.84,8430.266,13649.106
2025-11-14,5,5054.204,8608.278,13662.482
2025-11-14,6,5079.348,8600.572,13679.92
2025-11-14,7,5134.062,8514.416,13648.478
2025-11-14,8,5072.1,8702.064,13774.164
2025-11-14,9,4978.852,9067.824,14046.676
2025-11-14,10,4989.088,9175.682,14164.77
2025-11-14,11,4656.49,9185.686,13842.176
2025-11-14,12,4895.122,9212.444,14107.566
2025-11-14,13,5112.888,9347.86,14460.748
2025-11-14,14,5399.986,9414.998,14814.984
2025-11-14,15,5564.502,9442.742,15007.244
2025-11-14,16,5947.154,9547.164,15494.318
2025-11-14,17,5783.556,9731.072,15514.628
2025-11-14,18,5923.338,9508.38,15431.718
2025-11-14,19,5982.578,9311.96,15294.538
2025-11-14,20,6131.588,9117.462,15249.05
2025-11-14,21,5986.812,9192.426,15179.238
2025-11-14,22,5896.862,9344.296,15241.158
2025-11-14,23,6095.48,9356.028,15451.508
2025-11-14,24,6395.292,9346.416,15741.708
2025-11-14,25,6398.328,9575.692,15974.02
2025-11-14,26,6229.976,9792.028,16022.004
2025-11-14,27,6338.25,9888.314,16226.564
2025-11-14,28,6254.87,10014.264,16269.134
2025-11-14,29,6414.22,10033.446,16447.666
2025-11-14,30,6514.72,10095.634,16610.354
2025-11-14,31,6589.106,10216.118,16805.224
2025-11-14,32,6552.374,10172.566,16724.94
2025-11-14,33,6327.054,10155.54,16482.594
2025-11-14,34,6286.082,10196.876,16482.958
2025-11-14,35,6319.598,10211.306,16530.904
2025-11-14,36,6530.876,10001.726,16532.602
2025-11-14,37,6527.654,9969.36,16497.014
2025-11-14,38,6398.334,10113.858,16512.192
2025-11-14,39,6281.77,10071.762,16353.532
2025-11-14,40,6251.138,10119.518,16370.656
2025-11-14,41,6172.732,10099.568,16272.3
2025-11-14,42,6060.198,10125.762,16185.96
2025-11-14,43,5961.886,9990.6,15952.486
2025-11-14,44,6056.912,9997.332,16054.244
2025-11-14,45,5772.798,9885.906,15658.704
2025-11-14,46,5579.556,9793.462,15373.018
2025-11-14,47,5492.174,9736.86,15229.034
2025-11-14,48,5471.646,9686.116,15157.762
2025-11-15,1,5290.406,9621.894,14912.3
2025-11-15,2,5114.672,9484.588,14599.26
2025-11-15,3,5228.502,9414.392,14642.894
2025-11-15,4,5327.05,9409.648,14736.698
2025-11-15,5,5264.634,9383.864,14648.498
2025-11-15,6,5400.07,9213.006,14613.076
2025-11-15,7,5782.646,9174.592,14957.238
2025-11-15,8,5902.822,9173.694,15076.516
2025-11-15,9,5896.506,9180.538,15077.044
2025-11-15,10,5765.18,9166.55,14931.73
2025-11-15,11,5772.778,9156.322,14929.1
2025-11-15,12,5634.924,9001.104,14636.028
2025-11-15,13,5663.782,8918.342,14582.124
2025-11-15,14,5828.026,8820.662,14648.688
2025-11-15,15,6024.448,8721.242,14745.69
2025-11-15,16,5856.052,8531.388,14387.44
2025-11-15,17,6013.154,8399.216,14412.37
2025-11-15,18,5616.282,8188.454,13804.736
2025-11-15,19,5176.482,8007.184,13183.666
2025-11-15,20,4976.274,7990.746,12967.02
2025-11-15,21,4698.936,7959.424,12658.36
2025-11-15,22,4776.492,7898.712,12675.204
2025-11-15,23,4703.372,7778.222,12481.594
2025-11-15,24,4361.762,7765.032,12126.794
2025-11-15,25,3900.442,7675.972,11576.414
2025-11-15,26,3700.658,7618.546,11319.204
2025-11-15,27,3375.704,7533.83,10909.534
2025-11-15,28,3089.398,7481.334,10570.732
2025-11-15,29,2756.28,7400.776,10157.056
2025-11-15,30,2533.06,7318.142,9851.202
2025-11-15,31,2394.12,7261.1,9655.22
2025-11-15,32,2248.53,7150.36,9398.89
2025-11-15,33,2259.608,6959.602,9219.21
2025-11-15,34,2214.018,6835.622,9049.64
2025-11-15,35,2235.738,6725.594,8961.332
2025-11-15,36,2168.956,6610.734,8779.69
2025-11-15,37,1865.088,6504.216,8369.304
2025-11-15,38,1759.992,6520.748,8280.74
2025-11-15,39,1616.068,6873.944,8490.012
2025-11-15,40,1508.074,6959.108,8467.182
2025-11-15,41,1366.824,7020.052,8386.876
2025-11-15,42,1295.506,6932.082,8227.588
2025-11-15,43,1148.256,6602.43,7750.686
2025-11-15,44,1112.37,6358.226,7470.596
2025-11-15,45,1038.176,6183.232,7221.408
2025-11-15,46,1021.666,6118.152,7139.818
2025-11-15,47,1021.322,6485.438,7506.76
2025-11-15,48,1013.818,6840.096,7853.914
2025-11-16,1,1020.43,6764.626,7785.056
2025-11-16,2,998.546,6574.182,7572.728
2025-11-16,3,972.402,5997.568,6969.97
2025-11-16,4,978.824,5465.988,6444.812
2025-11-16,5,1019.696,5275.648,6295.344
2025-11-16,6,1137.982,5400.018,6538.0
2025-11-16,7,1423.634,5288.388,6712.022
2025-11-16,8,1683.06,5282.748,6965.808
2025-11-16,9,1637.204,5055.138,6692.342
2025-11-16,10,1769.328,4751.458,6520.786
2025-11-16,11,1960.084,5002.63,6962.714
2025-11-16,12,2087.078,5080.712,7167.79
2025-11-16,13,2326.554,5160.45,7487.004
2025-11-16,14,2630.082,5300.056,7930.138
2025-11-16,15,2613.016,5310.3,7923.316
2025-11-16,16,2546.492,5235.694,7782.186
2025-11-16,17,2507.784,4972.67,7480.454
2025-11-16,18,2440.656,4585.192,7025.848
2025-11-16,19,2689.822,4304.116,6993.938
2025-11-16,20,2675.352,4138.558,6813.91
2025-11-16,21,2556.426,3865.634,6422.06
2025-11-16,22,2368.638,3845.252,6213.89
2025-11-16,23,2317.944,3866.64,6184.584
2025-11-16,24,2391.424,3788.134,6179.558
2025-11-16,25,2559.33,3853.798,6413.128
2025-11-16,26,2648.182,3886.866,6535.048
2025-11-16,27,2796.144,4023.36,6819.504
2025-11-16,28,2527.444,4305.626,6833.07
2025-11-16,29,2632.254,4497.44,7129.694
2025-11-16,30,2814.13,4506.528,7320.658
2025-11-16,31,2903.014,4354.046,7257.06
2025-11-16,32,3010.898,4260.37,7271.268
2025-11-16,33,3238.548,4275.88,7514.428
2025-11-16,34,3238.362,4420.406,7658.768
2025-11-16,35,3277.44,4612.452,7889.892
2025-11-16,36,3462.558,4697.764,8160.322
2025-11-16,37,3536.31,5381.826,8918.136
2025-11-16,38,3452.91,6106.824,9559.734
2025-11-16,39,3348.506,6296.614,9645.12
2025-11-16,40,3229.156,6419.51,9648.666
2025-11-16,41,3263.75,6697.598,9961.348
2025-11-16,42,3318.822,6832.094,10150.916
2025-11-16,43,3348.014,7017.82,10365.834
2025-11-16,44,3441.16,7394.898,10836.058
2025-11-16,45,3602.246,7557.576,11159.822
2025-11-16,46,3685.832,7899.646,11585.478
2025-11-16,47,3747.226,8372.916,12120.142
2025-11-16,48,3862.904,8612.674,12475.578
2025-11-17,1,3938.876,8827.592,12766.468
2025-11-17,2,3853.804,9136.766,12990.57
2025-11-17,3,3907.992,9107.56,13015.552
2025-11-17,4,3785.428,9275.468,13060.896
2025-11-17,5,3857.876,9381.156,13239.032
2025-11-17,6,4166.274,9855.194,14021.468
2025-11-17,7,4538.284,10037.798,14576.082
2025-11-17,8,4434.992,10198.322,14633.314
2025-11-17,9,4134.756,10160.412,14295.168
2025-11-17,10,4253.274,10236.736,14490.01
2025-11-17,11,3984.196,10129.95,14114.146
2025-11-17,12,3621.344,10199.852,13821.196
2025-11-17,13,3923.212,10009.766,13932.978
2025-11-17,14,3956.672,9971.626,13928.298
2025-11-17,15,3883.118,9899.606,13782.724
2025-11-17,16,3947.716,9825.708,13773.424
2025-11-17,17,3853.5,9758.82,13612.32
2025-11-17,18,3830.538,9447.464,13278.002
2025-11-17,19,3801.314,9334.27,13135.584
2025-11-17,20,3591.302,9154.638,12745.94
2025-11-17,21,3461.958,9149.958,12611.916
2025-11-17,22,3321.17,9132.078,12453.248
2025-11-17,23,2886.382,8802.164,11688.546
2025-11-17,24,2734.418,8600.348,11334.766
2025-11-17,25,2964.912,8291.824,11256.736
2025-11-17,26,2920.016,7753.426,10673.442
2025-11-17,27,2907.68,7309.81,10217.49
2025-11-17,28,2931.686,6803.458,9735.144
2025-11-17,29,2902.454,6351.468,9253.922
2025-11-17,30,2834.026,5951.614,8785.64
2025-11-17,31,2773.31,5054.392,7827.702
2025-11-17,32,2696.826,4648.718,7345.544
2025-11-17,33,2639.622,4329.414,6969.036
2025-11-17,34,2490.766,4434.164,6924.93
2025-11-17,35,2593.638,4848.62,7442.258
2025-11-17,36,2709.012,4647.47,7356.482
2025-11-17,37,2561.062,4797.634,7358.696
2025-11-17,38,2181.124,5182.616,7363.74
2025-11-17,39,2001.112,5221.802,7222.914
2025-11-17,40,2023.04,4771.048,6794.088
2025-11-17,41,2050.604,4526.344,6576.948
2025-11-17,42,2202.49,4788.742,6991.232
2025-11-17,43,1943.306,4579.704,6523.01
2025-11-17,44,1821.996,4460.56,6282.556
2025-11-17,45,1781.452,4487.088,6268.54
2025-11-17,46,1749.71,4779.482,6529.192
2025-11-17,47,1609.278,4874.142,6483.42
2025-11-17,48,1730.834,4677.37,6408.204
2025-11-18,1,1726.152,4837.14,6563.292
2025-11-18,2,1655.218,4890.966,6546.184
2025-11-18,3,1590.498,4710.834,6301.332
2025-11-18,4,1617.114,4627.69,6244.804
2025-11-18,5,1587.536,4080.436,5667.972
2025-11-18,6,1488.768,4230.342,5719.11
2025-11-18,7,1465.344,4427.592,5892.936
2025-11-18,8,1562.196,4448.906,6011.102
2025-11-18,9,1721.356,4822.652,6544.008
2025-11-18,10,1807.442,5083.51,6890.952
2025-11-18,11,1857.806,5804.81,7662.616
2025-11-18,12,1938.642,6666.06,8604.702
2025-11-18,13,1771.412,6555.42,8326.832
2025-11-18,14,1710.774,6383.932,8094.706
2025-11-18,15,1659.332,6405.476,8064.808
2025-11-18,16,1450.57,6482.432,7933.002
2025-11-18,17,1442.248,6583.962,8026.21
2025-11-18,18,1313.438,6415.472,7728.91
2025-11-18,19,1270.322,6064.048,7334.37
2025-11-18,20,1365.588,6003.724,7369.312
2025-11-18,21,1239.382,5976.812,7216.194
2025-11-18,22,1308.756,5729.186,7037.942
2025-11-18,23,1502.462,5534.042,7036.504
2025-11-18,24,1661.52,5726.86,7388.38
2025-11-18,25,1798.732,6223.932,8022.664
2025-11-18,26,1860.09,6414.038,8274.128
2025-11-18,27,1938.304,6905.096,8843.4
2025-11-18,28,2030.566,7276.66,9307.226
2025-11-18,29,2118.97,7054.534,9173.504
2025-11-18,30,2195.454,6699.52,8894.974
2025-11-18,31,2305.576,6489.0,8794.576
2025-11-18,32,2498.544,7159.208,9657.752
2025-11-18,33,2873.248,7499.814,10373.062
2025-11-18,34,3054.104,7839.958,10894.062
2025-11-18,35,3227.664,7612.268,10839.932
2025-11-18,36,3407.676,6700.764,10108.44
2025-11-18,37,3739.454,6498.624,10238.078
2025-11-18,38,4243.14,6231.38,10474.52
2025-11-18,39,4456.358,5684.0,10140.358
2025-11-18,40,4449.85,5667.792,10117.642
2025-11-18,41,4534.528,5752.874,10287.402
2025-11-18,42,4723.164,6101.422,10824.586
2025-11-18,43,4879.084,6062.376,10941.46
2025-11-18,44,5160.008,6229.27,11389.278
2025-11-18,45,4954.332,6119.924,11074.256
2025-11-18,46,5030.5,6350.4,11380.9
2025-11-18,47,5186.258,6516.362,11702.62
2025-11-18,48,5377.342,6417.518,11794.86
2025-11-19,1,5290.268,6705.168,11995.436
2025-11-19,2,5298.78,7390.388,12689.168
2025-11-19,3,5440.348,8152.84,13593.188
2025-11-19,4,5331.578,8311.652,13643.23
2025-11-19,5,5360.52,8550.516,13911.036
2025-11-19,6,5331.618,8743.702,14075.32
2025-11-19,7,5317.19,9131.878,14449.068
2025-11-19,8,5128.008,9208.21,14336.218
2025-11-19,9,4955.93,9127.83,14083.76
2025-11-19,10,4928.484,9357.568,14286.052
2025-11-19,11,4892.288,9400.192,14292.48
2025-11-19,12,4780.132,9382.44,14162.572
2025-11-19,13,4903.062,9316.03,14219.092
2025-11-19,14,4963.798,9440.26,14404.058
2025-11-19,15,4956.912,9401.888,14358.8
2025-11-19,16,4668.492,9300.936,13969.428
2025-11-19,17,4466.788,9174.228,13641.016
2025-11-19,18,4252.37,9492.906,13745.276
2025-11-19,19,4244.576,10395.108,14639.684
2025-11-19,20,4296.052,10891.602,15187.654
2025-11-19,21,4301.17,10980.49,15281.66
2025-11-19,22,4127.316,10955.838,15083.154
2025-11-19,23,4299.0,10977.822,15276.822
2025-11-19,24,4437.884,10978.71,15416.594
2025-11-19,25,4387.022,10979.154,15366.176
2025-11-19,26,4515.996,11073.17,15589.166
2025-11-19,27,4461.486,11064.33,15525.816
2025-11-19,28,4260.404,10995.6,15256.004
2025-11-19,29,4080.452,10988.026,15068.478
2025-11-19,30,4269.236,10820.124,15089.36
2025-11-19,31,4211.232,10842.162,15053.394
2025-11-19,32,4239.04,10834.814,15073.854
2025-11-19,33,4137.522,10786.094,14923.616
2025-11-19,34,4146.568,10447.066,14593.634
2025-11-19,35,4107.764,10608.028,14715.792
2025-11-19,36,4012.122,10578.52,14590.642
2025-11-19,37,3946.232,10266.656,14212.888
2025-11-19,38,3842.258,10138.06,13980.318
2025-11-19,39,3865.436,10076.996,13942.432
2025-11-19,40,4023.458,9784.584,13808.042
2025-11-19,41,4272.408,9896.04,14168.448
2025-11-19,42,4255.29,9929.364,14184.654
2025-11-19,43,4252.464,9788.498,14040.962
2025-11-19,44,4301.278,9731.564,14032.842
2025-11-19,45,4479.724,9894.152,14373.876
2025-11-19,46,4356.672,9789.074,14145.746
2025-11-19,47,4541.954,9644.578,14186.532
2025-11-19,48,4573.5,10023.704,14597.204
2025-11-20,1,4553.076,9668.652,14221.728
2025-11-20,2,4684.006,9696.482,14380.488
2025-11-20,3,4759.268,9628.24,14387.508
2025-11-20,4,4716.67,9493.384,14210.054
2025-11-20,5,4954.758,9733.02,14687.778
2025-11-20,6,4859.108,10013.568,14872.676
2025-11-20,7,4748.614,9716.238,14464.852
2025-11-20,8,4850.296,9552.796,14403.092
2025-11-20,9,5079.4,9164.95,14244.35
2025-11-20,10,5025.902,9247.654,14273.556
2025-11-20,11,4910.426,9318.288,14228.714
2025-11-20,12,4898.954,9228.996,14127.95
2025-11-20,13,4986.348,8918.646,13904.994
2025-11-20,14,4843.106,8836.438,13679.544
2025-11-20,15,4807.198,8425.79,13232.988
2025-11-20,16,4682.814,8593.642,13276.456
2025-11-20,17,4432.194,8191.064,12623.258
2025-11-20,18,4285.08,8097.664,12382.744
2025-11-20,19,4274.316,8281.808,12556.124
2025-11-20,20,4409.606,7975.704,12385.31
2025-11-20,21,4474.46,7462.698,11937.158
2025-11-20,22,4428.382,7378.75,11807.132
2025-11-20,23,4640.08,7438.278,12078.358
2025-11-20,24,4906.904,7378.504,12285.408
2025-11-20,25,4970.036,7659.81,12629.846
2025-11-20,26,4940.776,7748.554,12689.33
2025-11-20,27,4923.732,7353.008,12276.74
2025-11-20,28,4832.034,7395.41,12227.444
2025-11-20,29,4737.416,7643.758,12381.174
2025-11-20,30,4386.826,7445.82,11832.646
2025-11-20,31,4428.906,7403.772,11832.678
2025-11-20,32,4359.25,7719.474,12078.724
2025-11-20,33,4157.512,7953.992,12111.504
2025-11-20,34,3860.52,7328.484,11189.004
2025-11-20,35,3851.526,7575.25,11426.776
2025-11-20,36,3695.59,7677.774,11373.364
2025-11-20,37,3566.624,7520.304,11086.928
2025-11-20,38,3478.364,7559.992,11038.356
2025-11-20,39,3259.842,8163.694,11423.536
2025-11-20,40,3495.874,8570.432,12066.306
2025-11-20,41,3279.836,8365.844,11645.68
2025-11-20,42,3266.95,8260.544,11527.494
2025-11-20,43,2700.452,8038.81,10739.262
2025-11-20,44,2609.612,7928.998,10538.61
2025-11-20,45,2379.43,7827.496,10206.926
2025-11-20,46,1820.302,7513.742,9334.044
2025-11-20,47,1462.144,7431.294,8893.438
2025-11-20,48,1390.076,7225.306,8615.382
2025-11-21,1,1390.242,6678.506,8068.748
2025-11-21,2,1402.794,6418.242,7821.036
2025-11-21,3,1435.842,6268.846,7704.688
2025-11-21,4,1339.1,5631.492,6970.592
2025-11-21,5,1125.854,4980.536,6106.39
2025-11-21,6,1089.328,4726.336,5815.664
2025-11-21,7,1108.904,4461.536,5570.44
2025-11-21,8,1083.684,4384.114,5467.798
2025-11-21,9,1016.954,4016.178,5033.132
2025-11-21,10,1039.984,3829.032,4869.016
2025-11-21,11,1233.442,3687.184,4920.626
2025-11-21,12,1402.928,3317.15,4720.078
2025-11-21,13,1395.826,3464.948,4860.774
2025-11-21,14,1541.694,3504.778,5046.472
2025-11-21,15,1798.892,2997.166,4796.058
2025-11-21,16,2001.262,2729.71,4730.972
2025-11-21,17,2087.99,2137.926,4225.916
2025-11-21,18,2278.754,1946.268,4225.022
2025-11-21,19,2454.054,1868.714,4322.768
2025-11-21,20,2818.512,1586.904,4405.416
2025-11-21,21,3055.632,1244.702,4300.334
2025-11-21,22,2991.224,1065.134,4056.358
2025-11-21,23,3101.4,1019.108,4120.508
2025-11-21,24,3161.142,1008.898,4170.04
2025-11-21,25,3596.976,1240.982,4837.958
2025-11-21,26,3720.65,1476.264,5196.914
2025-11-21,27,4022.446,1699.566,5722.012
2025-11-21,28,4260.796,1721.712,5982.508
2025-11-21,29,4490.04,1884.612,6374.652
2025-11-21,30,4592.952,2100.454,6693.406
2025-11-21,31,4673.938,2782.446,7456.384
2025-11-21,32,4743.074,2959.964,7703.038
2025-11-21,33,4425.138,2897.666,7322.804
2025-11-21,34,4675.718,2920.868,7596.586
2025-11-21,35,4634.896,3309.874,7944.77
2025-11-21,36,4666.414,3489.762,8156.176
2025-11-21,37,4666.432,3783.18,8449.612
2025-11-21,38,4734.834,4357.11,9091.944
2025-11-21,39,5081.664,4796.826,9878.49
2025-11-21,40,5422.708,4923.366,10346.074
2025-11-21,41,5360.264,5247.088,10607.352
2025-11-21,42,5499.056,5683.588,11182.644
2025-11-21,43,5566.094,6113.188,11679.282
2025-11-21,44,5482.316,6680.644,12162.96
2025-11-21,45,5788.624,6934.794,12723.418
2025-11-21,46,5716.104,7209.122,12925.226
2025-11-21,47,5376.376,7809.612,13185.988
2025-11-21,48,5163.346,8335.39,13498.736
2025-11-22,1,5051.79,8900.478,13952.268
2025-11-22,2,4995.91,9458.886,14454.796
2025-11-22,3,4842.25,9815.012,14657.262
2025-11-22,4,4490.924,9914.592,14405.516
2025-11-22,5,4027.202,9976.378,14003.58
2025-11-22,6,3608.552,10065.872,13674.424
2025-11-22,7,3355.39,10281.532,13636.922
2025-11-22,8,2959.518,10332.982,13292.5
2025-11-22,9,2614.258,10332.224,12946.482
2025-11-22,10,2221.472,10103.21,12324.682
2025-11-22,11,2032.464,9437.636,11470.1
2025-11-22,12,1913.61,9233.522,11147.132
2025-11-22,13,1612.236,9135.698,10747.934
2025-11-22,14,1417.206,9106.734,10523.94
2025-11-22,15,1399.194,9022.06,10421.254
2025-11-22,16,1338.694,8949.372,10288.066
2025-11-22,17,1592.904,8871.914,10464.818
2025-11-22,18,1750.88,8881.77,10632.65
2025-11-22,19,1742.428,8861.344,10603.772
2025-11-22,20,1520.148,8883.196,10403.344
2025-11-22,21,1384.938,8884.332,10269.27
2025-11-22,22,1356.056,8831.172,10187.228
2025-11-22,23,1367.306,8754.906,10122.212
2025-11-22,24,1359.454,8733.21,10092.664
2025-11-22,25,1292.562,8685.698,9978.26
2025-11-22,26,1114.858,8604.666,9719.524
2025-11-22,27,1120.79,8608.486,9729.276
2025-11-22,28,1093.43,8552.786,9646.216
2025-11-22,29,1074.702,8547.444,9622.146
2025-11-22,30,1116.58,8498.57,9615.15
2025-11-22,31,1125.492,8473.086,9598.578
2025-11-22,32,1142.91,8472.272,9615.182
2025-11-22,33,1176.614,8427.994,9604.608
2025-11-22,34,1049.644,8372.874,9422.518
2025-11-22,35,914.462,8253.646,9168.108
2025-11-22,36,850.222,8178.272,9028.494
2025-11-22,37,733.092,8074.666,8807.758
2025-11-22,38,705.136,8107.712,8812.848
2025-11-22,39,680.866,8025.432,8706.298
2025-11-22,40,716.3,7902.786,8619.086
2025-11-22,41,684.018,7822.522,8506.54
2025-11-22,42,659.972,7749.994,8409.966
2025-11-22,43,770.014,7531.474,8301.488
2025-11-22,44,882.074,7195.544,8077.618
2025-11-22,45,909.034,6862.18,7771.214
2025-11-22,46,1008.948,6574.97,7583.918
2025-11-22,47,1254.532,6236.334,7490.866
2025-11-22,48,1492.632,6148.132,7640.764
2025-11-23,1,1806.38,6277.206,8083.586
2025-11-23,2,2072.796,6412.522,8485.318
2025-11-23,3,2577.09,6449.022,9026.112
2025-11-23,4,2854.02,6487.388,9341.408
2025-11-23,5,3189.412,6534.382,9723.794
2025-11-23,6,3330.212,6743.054,10073.266
2025-11-23,7,3437.468,6844.57,10282.038
2025-11-23,8,3539.34,6790.612,10329.952
2025-11-23,9,3772.126,7073.458,10845.584
2025-11-23,10,4211.434,7161.362,11372.796
2025-11-23,11,4862.836,6828.444,11691.28
2025-11-23,12,4807.896,7156.428,11964.324
2025-11-23,13,4637.2,8075.382,12712.582
2025-11-23,14,4684.706,8521.376,13206.082
2025-11-23,15,4334.804,9255.282,13590.086
2025-11-23,16,4096.1,9096.436,13192.536
2025-11-23,17,4046.638,9292.044,13338.682
2025-11-23,18,3937.514,9521.318,13458.832
2025-11-23,19,3848.966,10082.514,13931.48
2025-11-23,20,3770.42,10306.34,14076.76
2025-11-23,21,4116.188,10398.614,14514.802
2025-11-23,22,4332.602,10578.808,14911.41
2025-11-23,23,4809.066,10467.362,15276.428
2025-11-23,24,4760.904,10326.094,15086.998
2025-11-23,25,4137.132,10197.55,14334.682
2025-11-23,26,3826.864,10443.528,14270.392
2025-11-23,27,3627.69,10215.5,13843.19
2025-11-23,28,3238.918,10581.674,13820.592
2025-11-23,29,2888.726,10749.392,13638.118
2025-11-23,30,2628.68,10783.702,13412.382
2025-11-23,31,2719.364,10767.582,13486.946
2025-11-23,32,2886.39,10644.574,13530.964
2025-11-23,33,3157.612,10524.702,13682.314
2025-11-23,34,3234.738,10479.282,13714.02
2025-11-23,35,3365.35,10294.392,13659.742
2025-11-23,36,3176.002,10238.752,13414.754
2025-11-23,37,3343.058,10395.106,13738.164
2025-11-23,38,3257.864,10642.884,13900.748
2025-11-23,39,3125.704,10692.952,13818.656
2025-11-23,40,3048.58,10666.518,13715.098
2025-11-23,41,3017.886,10622.428,13640.314
2025-11-23,42,2878.538,10635.916,13514.454
2025-11-23,43,2889.482,10492.198,13381.68
2025-11-23,44,3020.606,10380.932,13401.538
2025-11-23,45,3332.144,10290.034,13622.178
2025-11-23,46,3590.046,9959.724,13549.77
2025-11-23,47,3738.328,9592.344,13330.672
2025-11-23,48,3935.364,9121.68,13057.044
2025-11-24,1,4054.428,8628.614,12683.042
2025-11-24,2,3886.094,8563.858,12449.952
2025-11-24,3,3933.226,8318.478,12251.704
2025-11-24,4,4095.294,8108.206,12203.5
2025-11-24,5,4064.6,7998.094,12062.694
2025-11-24,6,3935.428,7817.734,11753.162
2025-11-24,7,4109.678,7329.306,11438.984
2025-11-24,8,4109.732,6923.184,11032.916
2025-11-24,9,4060.12,6732.666,10792.786
2025-11-24,10,4310.508,6359.414,10669.922
2025-11-24,11,4561.228,5738.614,10299.842
2025-11-24,12,4612.152,5234.212,9846.364
2025-11-24,13,4576.764,4721.66,9298.424
2025-11-24,14,4861.152,4449.978,9311.13
2025-11-24,15,4890.378,4145.706,9036.084
2025-11-24,16,5268.616,3932.968,9201.584
2025-11-24,17,5363.482,3621.902,8985.384
2025-11-24,18,5206.378,3413.602,8619.98
2025-11-24,19,5187.542,3559.006,8746.548
2025-11-24,20,5465.174,3378.53,8843.704
2025-11-24,21,5200.992,3422.712,8623.704
2025-11-24,22,5137.128,3481.454,8618.582
2025-11-24,23,5289.3,3658.044,8947.344
2025-11-24,24,5462.856,3761.726,9224.582
2025-11-24,25,5280.166,3794.332,9074.498
2025-11-24,26,5311.564,3905.982,9217.546
2025-11-24,27,5333.666,4110.318,9443.984
2025-11-24,28,5499.13,4635.412,10134.542
2025-11-24,29,5649.8,5807.854,11457.654
2025-11-24,30,5583.604,7277.132,12860.736
2025-11-24,31,5451.956,8364.784,13816.74
2025-11-24,32,5370.318,8707.074,14077.392
2025-11-24,33,5248.098,8816.88,14064.978
2025-11-24,34,5197.758,8980.968,14178.726
2025-11-24,35,5098.432,9223.484,14321.916
2025-11-24,36,4906.14,9231.634,14137.774
2025-11-24,37,4966.856,9414.688,14381.544
2025-11-24,38,4940.888,9551.772,14492.66
2025-11-24,39,4677.81,9408.208,14086.018
2025-11-24,40,4464.842,9493.882,13958.724
2025-11-24,41,4487.112,9558.252,14045.364
2025-11-24,42,4663.104,9765.668,14428.772
2025-11-24,43,4796.106,9983.198,14779.304
2025-11-24,44,4683.172,10272.004,14955.176
2025-11-24,45,4675.492,10401.438,15076.93
2025-11-24,46,4330.004,10543.206,14873.21
2025-11-24,47,3959.504,10732.152,14691.656
2025-11-24,48,3985.194,10656.378,14641.572
2025-11-25,1,4035.706,10609.474,14645.18
2025-11-25,2,3512.336,10523.332,14035.668
2025-11-25,3,3727.676,10461.0,14188.676
2025-11-25,4,3388.962,10278.16,13667.122
2025-11-25,5,3015.786,10037.544,13053.33
2025-11-25,6,2992.054,9864.008,12856.062
2025-11-25,7,3209.232,9775.498,12984.73
2025-11-25,8,3316.674,9515.552,12832.226
2025-11-25,9,3402.022,9322.732,12724.754
2025-11-25,10,3254.07,9348.156,12602.226
2025-11-25,11,3143.088,9252.32,12395.408
2025-11-25,12,3105.278,8916.59,12021.868
2025-11-25,13,2869.114,8568.984,11438.098
2025-11-25,14,2783.708,8397.882,11181.59
2025-11-25,15,2410.748,8179.304,10590.052
2025-11-25,16,2370.386,7646.134,10016.52
2025-11-25,17,1977.828,7199.986,9177.814
2025-11-25,18,1779.29,6918.892,8698.182
2025-11-25,19,1667.852,6919.424,8587.276
2025-11-25,20,1458.224,6013.876,7472.1
2025-11-25,21,1218.512,5812.924,7031.436
2025-11-25,22,1290.888,5749.622,7040.51
2025-11-25,23,1019.124,5826.316,6845.44
2025-11-25,24,872.176,5753.262,6625.438
2025-11-25,25,767.68,5522.104,6289.784
2025-11-25,26,803.796,5629.494,6433.29
2025-11-25,27,907.028,5523.204,6430.232
2025-11-25,28,751.638,5547.064,6298.702
2025-11-25,29,687.62,5640.472,6328.092
2025-11-25,30,749.462,5754.206,6503.668
2025-11-25,31,764.804,5826.262,6591.066
2025-11-25,32,806.922,5792.556,6599.478
2025-11-25,33,804.638,5278.58,6083.218
2025-11-25,34,789.8,5081.348,5871.148
2025-11-25,35,739.53,5111.896,5851.426
2025-11-25,36,774.538,5095.454,5869.992
2025-11-25,37,715.384,4905.224,5620.608
2025-11-25,38,744.944,4935.748,5680.692
2025-11-25,39,845.378,5407.358,6252.736
2025-11-25,40,977.074,5183.904,6160.978
2025-11-25,41,932.796,4846.024,5778.82
2025-11-25,42,943.43,4670.882,5614.312
2025-11-25,43,1165.696,4153.724,5319.42
2025-11-25,44,1344.03,3750.966,5094.996
2025-11-25,45,1542.844,3581.896,5124.74
2025-11-25,46,1735.684,3422.9,5158.584
2025-11-25,47,1903.466,3131.174,5034.64
2025-11-25,48,2118.824,2922.664,5041.488
2025-11-26,1,2462.834,2706.198,5169.032
2025-11-26,2,2669.418,2410.168,5079.586
2025-11-26,3,2998.342,2369.016,5367.358
2025-11-26,4,3284.182,2614.218,5898.4
2025-11-26,5,3352.442,2621.968,5974.41
2025-11-26,6,3486.012,2495.51,5981.522
2025-11-26,7,3494.266,2513.188,6007.454
2025-11-26,8,3679.94,2734.768,6414.708
2025-11-26,9,3796.966,2534.06,6331.026
2025-11-26,10,4044.298,2291.744,6336.042
2025-11-26,11,4115.332,2041.474,6156.806
2025-11-26,12,4138.52,2055.838,6194.358
2025-11-26,13,4394.616,2003.328,6397.944
2025-11-26,14,4675.796,1925.592,6601.388
2025-11-26,15,4778.872,1835.95,6614.822
2025-11-26,16,5091.418,1846.166,6937.584
2025-11-26,17,5224.632,1937.908,7162.54
2025-11-26,18,5314.866,2030.528,7345.394
2025-11-26,19,5476.858,2187.46,7664.318
2025-11-26,20,5579.73,2308.082,7887.812
2025-11-26,21,5592.722,2503.646,8096.368
2025-11-26,22,5540.378,2724.916,8265.294
2025-11-26,23,5742.284,2946.518,8688.802
2025-11-26,24,5960.484,2972.312,8932.796
2025-11-26,25,5889.66,2990.57,8880.23
2025-11-26,26,5696.974,3467.422,9164.396
2025-11-26,27,5686.568,4063.294,9749.862
2025-11-26,28,5555.936,4429.092,9985.028
2025-11-26,29,5494.62,4940.694,10435.314
2025-11-26,30,5266.722,5503.048,10769.77
2025-11-26,31,5166.95,6049.702,11216.652
2025-11-26,32,5208.13,6549.598,11757.728
2025-11-26,33,5066.374,7162.826,12229.2
2025-11-26,34,4956.554,7543.74,12500.294
2025-11-26,35,4808.648,7839.04,12647.688
2025-11-26,36,4631.358,8054.264,12685.622
2025-11-26,37,4677.25,8231.876,12909.126
2025-11-26,38,4718.934,8523.972,13242.906
2025-11-26,39,4906.194,8597.002,13503.196
2025-11-26,40,5052.022,8506.308,13558.33
2025-11-26,41,5189.954,8964.652,14154.606
2025-11-26,42,5283.448,9225.158,14508.606
2025-11-26,43,5188.624,9562.224,14750.848
2025-11-26,44,5143.19,9890.638,15033.828
2025-11-26,45,4934.912,10142.6,15077.512
2025-11-26,46,4494.8,10585.266,15080.066
2025-11-26,47,3709.61,10995.264,14704.874
2025-11-26,48,3618.896,11097.754,14716.65
2025-11-27,1,3534.022,11075.35,14609.372
2025-11-27,2,3371.648,11017.078,14388.726
2025-11-27,3,3349.254,11002.072,14351.326
2025-11-27,4,3471.902,10996.904,14468.806
2025-11-27,5,3447.314,11070.754,14518.068
2025-11-27,6,3716.032,11063.192,14779.224
2025-11-27,7,3736.576,11084.948,14821.524
2025-11-27,8,3875.27,11082.638,14957.908
2025-11-27,9,3831.614,10973.934,14805.548
2025-11-27,10,3789.77,10915.722,14705.492
2025-11-27,11,3766.762,10804.81,14571.572
2025-11-27,12,3537.814,10897.476,14435.29
2025-11-27,13,3230.052,10810.84,14040.892
2025-11-27,14,3207.134,10704.204,13911.338
2025-11-27,15,3381.062,10588.734,13969.796
2025-11-27,16,3849.34,10514.702,14364.042
2025-11-27,17,4457.952,10447.008,14904.96
2025-11-27,18,4626.548,10544.42,15170.968
2025-11-27,19,4749.972,10584.306,15334.278
2025-11-27,20,4890.718,10832.636,15723.354
2025-11-27,21,4823.81,10924.74,15748.55
2025-11-27,22,4993.4,10916.63,15910.03
2025-11-27,23,4993.4,10916.63,15910.03
2025-11-27,24,5068.604,10955.428,16024.032
2025-11-27,25,4919.664,11012.194,15931.858
2025-11-27,26,4759.712,11085.412,15845.124
2025-11-27,27,4984.78,11167.328,16152.108
2025-11-27,28,5487.322,11160.036,16647.358
2025-11-27,29,5512.632,11123.804,16636.436
2025-11-27,30,5515.148,11122.32,16637.468
2025-11-27,31,5381.326,11092.108,16473.434
2025-11-27,32,5471.008,11094.934,16565.942
2025-11-27,33,5623.434,11185.808,16809.242
2025-11-27,34,5308.84,11299.504,16608.344
2025-11-27,35,5414.23,11281.268,16695.498
2025-11-27,36,5495.474,11365.188,16860.662
2025-11-27,37,5450.8,11251.246,16702.046
2025-11-27,38,5460.378,11190.068,16650.446
2025-11-27,39,4735.998,11230.074,15966.072
2025-11-27,40,4537.424,11233.154,15770.578
2025-11-27,41,4412.038,11162.638,15574.676
2025-11-27,42,4208.52,11221.192,15429.712
2025-11-27,43,4312.534,11223.468,15536.002
2025-11-27,44,4043.562,11194.286,15237.848
2025-11-27,45,3901.736,11179.66,15081.396
2025-11-27,46,3710.522,11083.75,14794.272
2025-11-27,47,3916.052,11076.804,14992.856
2025-11-27,48,3967.932,11116.398,15084.33
2025-11-28,1,3947.904,11194.696,15142.6
2025-11-28,2,4168.692,11134.054,15302.746
2025-11-28,3,4155.236,11005.14,15160.376
2025-11-28,4,4018.95,10780.528,14799.478
2025-11-28,5,4075.916,10699.076,14774.992
2025-11-28,6,4083.294,10391.802,14475.096
2025-11-28,7,4232.398,10152.464,14384.862
2025-11-28,8,4241.292,9940.092,14181.384
2025-11-28,9,4275.654,9874.638,14150.292
2025-11-28,10,4109.38,9799.956,13909.336
2025-11-28,11,4057.84,9887.606,13945.446
2025-11-28,12,3912.218,9919.356,13831.574
2025-11-28,13,3865.898,10118.242,13984.14
2025-11-28,14,3690.852,10143.96,13834.812
2025-11-28,15,3853.216,10205.598,14058.814
2025-11-28,16,4086.244,10311.174,14397.418
2025-11-28,17,4357.518,10429.816,14787.334
2025-11-28,18,4427.274,10552.124,14979.398
2025-11-28,19,4454.424,10551.842,15006.266
2025-11-28,20,4466.324,10411.758,14878.082
2025-11-28,21,4506.258,10525.292,15031.55
2025-11-28,22,4565.832,10482.542,15048.374
2025-11-28,23,4657.578,10663.146,15320.724
2025-11-28,24,4632.666,10836.488,15469.154
2025-11-28,25,4790.108,10808.06,15598.168
2025-11-28,26,5051.412,10910.304,15961.716
2025-11-28,27,5128.904,11066.57,16195.474
2025-11-28,28,4847.198,11264.356,16111.554
2025-11-28,29,4921.24,11251.63,16172.87
2025-11-28,30,4936.424,11233.676,16170.1
2025-11-28,31,5047.338,11224.222,16271.56
2025-11-28,32,5127.958,11178.408,16306.366
2025-11-28,33,5208.14,11302.73,16510.87
2025-11-28,34,5426.21,11322.566,16748.776
2025-11-28,35,5358.542,11359.832,16718.374
2025-11-28,36,5344.724,11366.936,16711.66
2025-11-28,37,5573.112,11278.032,16851.144
2025-11-28,38,5369.096,11190.904,16560.0
2025-11-28,39,5202.736,11123.12,16325.856
2025-11-28,40,5183.844,11095.39,16279.234
2025-11-28,41,5015.894,10770.406,15786.3
2025-11-28,42,4850.712,10354.816,15205.528
2025-11-28,43,4740.138,10200.598,14940.736
2025-11-28,44,4435.658,10270.772,14706.43
2025-11-28,45,4182.79,10140.318,14323.108
2025-11-28,46,3948.942,10114.152,14063.094
2025-11-28,47,3696.166,9887.108,13583.274
2025-11-28,48,3655.632,9284.274,12939.906
2025-11-29,1,3382.724,8765.424,12148.148
2025-11-29,2,3637.314,8776.788,12414.102
2025-11-29,3,3394.928,8440.158,11835.086
2025-11-29,4,3133.628,7977.576,11111.204
2025-11-29,5,3046.722,7492.158,10538.88
2025-11-29,6,2879.826,7451.938,10331.764
2025-11-29,7,2830.552,7231.832,10062.384
2025-11-29,8,2739.952,6792.218,9532.17
2025-11-29,9,2929.042,6582.974,9512.016
2025-11-29,10,2877.296,6918.874,9796.17
2025-11-29,11,2727.786,7017.42,9745.206
2025-11-29,12,2374.306,6998.538,9372.844
2025-11-29,13,2532.912,7439.45,9972.362
2025-11-29,14,2518.62,7948.26,10466.88
2025-11-29,15,3202.81,8087.932,11290.742
2025-11-29,16,3866.49,8062.902,11929.392
2025-11-29,17,4035.136,7990.588,12025.724
2025-11-29,18,4197.886,8032.79,12230.676
2025-11-29,19,4353.05,8079.404,12432.454
2025-11-29,20,4482.64,8111.676,12594.316
2025-11-29,21,4339.228,8037.468,12376.696
2025-11-29,22,4381.174,8138.632,12519.806
2025-11-29,23,4391.904,8277.516,12669.42
2025-11-29,24,4699.26,8263.918,12963.178
2025-11-29,25,4923.632,8170.878,13094.51
2025-11-29,26,4877.64,8279.782,13157.422
2025-11-29,27,4795.256,8372.256,13167.512
2025-11-29,28,4949.424,8507.79,13457.214
2025-11-29,29,5019.76,8757.16,13776.92
2025-11-29,30,5072.23,8944.83,14017.06
2025-11-29,31,5037.294,8885.89,13923.184
2025-11-29,32,4873.56,9229.358,14102.918
2025-11-29,33,4986.4,9688.554,14674.954
2025-11-29,34,4978.162,9827.094,14805.256
2025-11-29,35,5031.682,10464.05,15495.732
2025-11-29,36,4828.492,10510.082,15338.574
2025-11-29,37,4779.84,10413.138,15192.978
2025-11-29,38,4765.68,10350.572,15116.252
2025-11-29,39,4556.666,10210.802,14767.468
2025-11-29,40,4429.146,10532.31,14961.456
2025-11-29,41,4435.516,10700.844,15136.36
2025-11-29,42,4553.822,10777.972,15331.794
2025-11-29,43,4386.856,10832.986,15219.842
2025-11-29,44,4378.51,10896.1,15274.61
2025-11-29,45,4334.27,10865.754,15200.024
2025-11-29,46,4307.276,10596.112,14903.388
2025-11-29,47,4448.132,9832.938,14281.07
2025-11-29,48,4509.774,9282.83,13792.604
2025-11-30,1,4545.524,9144.098,13689.622
2025-11-30,2,4550.23,8919.966,13470.196
2025-11-30,3,4364.154,8894.622,13258.776
2025-11-30,4,4380.61,8910.446,13291.056
2025-11-30,5,4242.684,9067.714,13310.398
2025-11-30,6,4424.818,9033.41,13458.228
2025-11-30,7,4322.964,9269.61,13592.574
2025-11-30,8,4275.97,9741.572,14017.542
2025-11-30,9,4218.3,10037.086,14255.386
2025-11-30,10,4036.742,10318.108,14354.85
2025-11-30,11,3884.188,10509.892,14394.08
2025-11-30,12,3650.642,10522.132,14172.774
2025-11-30,13,3601.076,10550.948,14152.024
2025-11-30,14,3567.466,10404.058,13971.524
2025-11-30,15,3262.468,10130.846,13393.314
2025-11-30,16,3064.526,9774.7,12839.226
2025-11-30,17,3176.462,9318.112,12494.574
2025-11-30,18,3261.266,9069.856,12331.122
2025-11-30,19,2819.6,8969.496,11789.096
2025-11-30,20,2695.722,8770.796,11466.518
2025-11-30,21,2552.492,8488.74,11041.232
2025-11-30,22,2212.418,8400.576,10612.994
2025-11-30,23,1879.578,8271.212,10150.79
2025-11-30,24,1750.974,8201.168,9952.142
2025-11-30,25,1704.152,8124.218,9828.37
2025-11-30,26,1301.408,8029.016,9330.424
2025-11-30,27,1054.794,7548.466,8603.26
2025-11-30,28,1022.734,7167.392,8190.126
2025-11-30,29,910.486,6958.452,7868.938
2025-11-30,30,905.4,6298.864,7204.264
2025-11-30,31,1019.124,5629.614,6648.738
2025-11-30,32,1075.332,5337.678,6413.01
2025-11-30,33,1267.376,5554.736,6822.112
2025-11-30,34,1564.052,6227.324,7791.376
2025-11-30,35,1851.448,6412.266,8263.714
2025-11-30,36,2194.998,6212.804,8407.802
2025-11-30,37,2743.032,5962.872,8705.904
2025-11-30,38,3250.388,6195.006,9445.394
2025-11-30,39,3825.368,6704.952,10530.32
2025-11-30,40,4345.57,7105.146,11450.716
2025-11-30,41,4878.522,7598.266,12476.788
2025-11-30,42,4989.418,8275.408,13264.826
2025-11-30,43,5317.926,8645.75,13963.676
2025-11-30,44,5505.156,9178.196,14683.352
2025-11-30,45,5687.936,9507.404,15195.34
2025-11-30,46,5511.08,9640.368,15151.448
2025-11-30,47,5611.59,9847.102,15458.692
2025-11-30,48,5418.44,10267.79,15686.23
2025-12-01,1,5063.778,10616.422,15680.2
2025-12-01,2,5025.542,10786.536,15812.078
2025-12-01,3,4960.746,10969.684,15930.43
2025-12-01,4,4953.99,11036.368,15990.358
2025-12-01,5,5027.996,11208.158,16236.154
2025-12-01,6,5106.268,11237.264,16343.532
2025-12-01,7,5115.998,11257.248,16373.246
2025-12-01,8,4782.772,11257.716,16040.488
2025-12-01,9,4371.326,11264.164,15635.49
2025-12-01,10,4096.844,11238.78,15335.624
2025-12-01,11,3640.424,11198.018,14838.442
2025-12-01,12,3193.06,11017.28,14210.34
2025-12-01,13,3016.476,10811.354,13827.83
2025-12-01,14,3225.874,10359.636,13585.51
2025-12-01,15,3225.684,9807.412,13033.096
2025-12-01,16,2926.112,9352.306,12278.418
2025-12-01,17,2314.55,9142.902,11457.452
2025-12-01,18,2342.416,9001.426,11343.842
2025-12-01,19,2148.816,8888.874,11037.69
2025-12-01,20,2145.564,8888.646,11034.21
2025-12-01,21,2050.258,8875.556,10925.814
2025-12-01,22,1867.454,9049.91,10917.364
2025-12-01,23,1786.222,9315.896,11102.118
2025-12-01,24,1465.024,9336.194,10801.218
2025-12-01,25,1184.44,9462.762,10647.202
2025-12-01,26,1030.484,9614.096,10644.58
2025-12-01,27,813.024,9569.264,10382.288
2025-12-01,28,624.004,9697.048,10321.052
2025-12-01,29,526.138,10013.016,10539.154
2025-12-01,30,568.802,10463.378,11032.18
2025-12-01,31,500.562,10852.072,11352.634
2025-12-01,32,503.202,10940.79,11443.992
2025-12-01,33,438.048,10941.676,11379.724
2025-12-01,34,257.24,10897.564,11154.804
2025-12-01,35,239.334,10986.58,11225.914
2025-12-01,36,283.238,11195.146,11478.384
2025-12-01,37,301.716,11134.986,11436.702
2025-12-01,38,381.418,11057.766,11439.184
2025-12-01,39,454.914,10890.422,11345.336
2025-12-01,40,510.002,10842.156,11352.158
2025-12-01,41,701.712,10860.406,11562.118
2025-12-01,42,916.448,10719.878,11636.326
2025-12-01,43,1042.832,10688.828,11731.66
2025-12-01,44,1040.858,10865.146,11906.004
2025-12-01,45,1014.198,10747.52,11761.718
2025-12-01,46,1223.784,10778.342,12002.126
2025-12-01,47,1710.398,10818.772,12529.17
2025-12-01,48,2235.078,10913.288,13148.366
2025-12-02,1,2617.564,10882.508,13500.072
2025-12-02,2,2877.11,10846.388,13723.498
2025-12-02,3,2999.584,10593.8,13593.384
2025-12-02,4,3146.08,10367.454,13513.534
2025-12-02,5,3243.668,10142.882,13386.55
2025-12-02,6,3592.69,9872.832,13465.522
2025-12-02,7,3393.56,9698.972,13092.532
2025-12-02,8,3149.13,9482.684,12631.814
2025-12-02,9,3297.252,9025.978,12323.23
2025-12-02,10,3467.726,8588.462,12056.188
2025-12-02,11,4043.612,8270.884,12314.496
2025-12-02,12,3994.588,8271.51,12266.098
2025-12-02,13,4301.488,8257.482,12558.97
2025-12-02,14,4404.38,8154.43,12558.81
2025-12-02,15,4422.706,7952.356,12375.062
2025-12-02,16,4541.67,7715.086,12256.756
2025-12-02,17,4445.8,7662.612,12108.412
2025-12-02,18,4446.21,7508.564,11954.774
2025-12-02,19,4320.588,7315.578,11636.166
2025-12-02,20,4326.352,7009.43,11335.782
2025-12-02,21,4426.942,6844.05,11270.992
2025-12-02,22,4675.734,6451.418,11127.152
2025-12-02,23,4789.34,6380.342,11169.682
2025-12-02,24,4968.138,5997.782,10965.92
2025-12-02,25,4842.224,5462.08,10304.304
2025-12-02,26,5018.984,5200.062,10219.046
2025-12-02,27,5042.174,4875.198,9917.372
2025-12-02,28,5205.148,4561.404,9766.552
2025-12-02,29,5138.334,4561.968,9700.302
2025-12-02,30,5180.04,4620.86,9800.9
2025-12-02,31,5127.524,4704.632,9832.156
2025-12-02,32,5278.3,4777.236,10055.536
2025-12-02,33,5114.582,5066.316,10180.898
2025-12-02,34,4867.962,5541.532,10409.494
2025-12-02,35,4817.782,5874.074,10691.856
2025-12-02,36,4539.188,6280.832,10820.02
2025-12-02,37,4289.29,6171.344,10460.634
2025-12-02,38,4264.304,5977.976,10242.28
2025-12-02,39,4291.406,6078.878,10370.284
2025-12-02,40,4286.978,6306.524,10593.502
2025-12-02,41,4090.592,6285.392,10375.984
2025-12-02,42,4084.886,6343.442,10428.328
2025-12-02,43,3912.716,6278.318,10191.034
2025-12-02,44,3666.98,6232.578,9899.558
2025-12-02,45,3663.6,6321.122,9984.722
2025-12-02,46,3548.256,6195.73,9743.986
2025-12-02,47,3498.47,6429.712,9928.182
2025-12-02,48,3708.786,6332.778,10041.564
2025-12-03,1,3662.35,6114.89,9777.24
2025-12-03,2,3611.334,5669.22,9280.554
2025-12-03,3,3462.336,5178.584,8640.92
2025-12-03,4,3476.478,4806.348,8282.826
2025-12-03,5,3746.94,4835.858,8582.798
2025-12-03,6,3562.798,4931.55,8494.348
2025-12-03,7,3685.03,4743.234,8428.264
2025-12-03,8,3715.698,4359.012,8074.71
2025-12-03,9,3679.446,4014.676,7694.122
2025-12-03,10,3799.276,3914.104,7713.38
2025-12-03,11,3791.988,3641.216,7433.204
2025-12-03,12,3980.24,3563.658,7543.898
2025-12-03,13,3960.512,3526.504,7487.016
2025-12-03,14,4074.606,3315.426,7390.032
2025-12-03,15,4202.584,3110.93,7313.514
2025-12-03,16,4380.752,3245.444,7626.196
2025-12-03,17,4622.666,3360.502,7983.168
2025-12-03,18,4548.116,3614.604,8162.72
2025-12-03,19,4597.628,3865.07,8462.698
2025-12-03,20,4685.988,3979.468,8665.456
2025-12-03,21,3997.67,4260.928,8258.598
2025-12-03,22,4679.238,3790.594,8469.832
2025-12-03,23,4571.882,3977.884,8549.766
2025-12-03,24,4400.978,4135.502,8536.48
2025-12-03,25,4368.256,4322.088,8690.344
2025-12-03,26,4274.55,4312.018,8586.568
2025-12-03,27,4257.902,4288.838,8546.74
2025-12-03,28,4414.564,4350.768,8765.332
2025-12-03,29,4434.69,4283.472,8718.162
2025-12-03,30,4349.192,4216.628,8565.82
2025-12-03,31,4142.248,4271.078,8413.326
2025-12-03,32,4065.738,4391.92,8457.658
2025-12-03,33,4318.114,4440.994,8759.108
2025-12-03,34,4192.104,4565.458,8757.562
2025-12-03,35,4229.81,4598.14,8827.95
2025-12-03,36,4162.468,4867.4,9029.868
2025-12-03,37,3903.936,5124.566,9028.502
2025-12-03,38,3790.856,5476.586,9267.442
2025-12-03,39,3702.488,5820.556,9523.044
2025-12-03,40,3623.732,6278.014,9901.746
2025-12-03,41,3869.25,6354.762,10224.012
2025-12-03,42,4147.886,6429.448,10577.334
2025-12-03,43,4325.664,6607.788,10933.452
2025-12-03,44,4472.182,6725.524,11197.706
2025-12-03,45,4563.11,6999.978,11563.088
2025-12-03,46,4554.714,7121.496,11676.21
2025-12-03,47,4665.076,7523.526,12188.602
2025-12-03,48,4726.826,7751.46,12478.286
2025-12-04,1,4654.936,7685.538,12340.474
2025-12-04,2,4652.07,7777.952,12430.022
2025-12-04,3,4511.686,7723.45,12235.136
2025-12-04,4,4445.352,7744.652,12190.004
2025-12-04,5,4858.592,7862.926,12721.518
2025-12-04,6,4855.748,8205.818,13061.566
2025-12-04,7,4922.914,8388.132,13311.046
2025-12-04,8,4999.708,8619.044,13618.752
2025-12-04,9,4874.346,9024.48,13898.826
2025-12-04,10,5053.438,9174.06,14227.498
2025-12-04,11,5043.794,9418.52,14462.314
2025-12-04,12,4943.132,9475.828,14418.96
2025-12-04,13,4943.986,9878.22,14822.206
2025-12-04,14,4998.836,10186.38,15185.216
2025-12-04,15,4923.87,10445.428,15369.298
2025-12-04,16,4781.044,10611.89,15392.934
2025-12-04,17,4813.446,10367.108,15180.554
2025-12-04,18,4860.402,10043.948,14904.35
2025-12-04,19,4609.848,10042.112,14651.96
2025-12-04,20,4388.872,9925.284,14314.156
2025-12-04,21,4301.992,9462.884,13764.876
2025-12-04,22,4206.922,8934.076,13140.998
2025-12-04,23,4227.102,9017.604,13244.706
2025-12-04,24,4437.56,9016.116,13453.676
2025-12-04,25,4207.674,9112.636,13320.31
2025-12-04,26,4130.39,9174.684,13305.074
2025-12-04,27,4290.454,9259.808,13550.262
2025-12-04,28,4348.728,8731.692,13080.42
2025-12-04,29,4161.382,8355.982,12517.364
2025-12-04,30,3860.246,8406.496,12266.742
2025-12-04,31,3528.858,8546.192,12075.05
2025-12-04,32,3581.192,8486.46,12067.652
2025-12-04,33,3879.264,8261.338,12140.602
2025-12-04,34,3929.01,7914.16,11843.17
2025-12-04,35,3905.014,7549.116,11454.13
2025-12-04,36,3745.128,7235.486,10980.614
2025-12-04,37,3723.776,6934.968,10658.744
2025-12-04,38,3721.518,6593.124,10314.642
2025-12-04,39,3736.656,6042.382,9779.038
2025-12-04,40,3658.148,5533.63,9191.778
2025-12-04,41,3219.182,5665.382,8884.564
2025-12-04,42,3076.686,6108.148,9184.834
2025-12-04,43,3039.158,6085.26,9124.418
2025-12-04,44,2987.044,6354.404,9341.448
2025-12-04,45,2857.716,6516.654,9374.37
2025-12-04,46,2642.616,6491.674,9134.29
2025-12-04,47,2813.696,6362.284,9175.98
2025-12-04,48,2718.812,6355.746,9074.558
2025-12-05,1,2757.944,6319.744,9077.688
2025-12-05,2,2798.544,6290.468,9089.012
2025-12-05,3,2834.008,6178.198,9012.206
2025-12-05,4,2785.204,6026.676,8811.88
2025-12-05,5,2761.164,5605.546,8366.71
2025-12-05,6,2771.144,5286.816,8057.96
2025-12-05,7,2812.564,5202.328,8014.892
2025-12-05,8,2873.34,4899.954,7773.294
2025-12-05,9,2898.662,4599.856,7498.518
2025-12-05,10,2934.986,4212.02,7147.006
2025-12-05,11,2899.396,3914.68,6814.076
2025-12-05,12,2874.06,3911.374,6785.434
2025-12-05,13,2900.078,3903.644,6803.722
2025-12-05,14,3227.644,3665.142,6892.786
2025-12-05,15,3595.808,3774.194,7370.002
2025-12-05,16,3394.524,3798.346,7192.87
2025-12-05,17,3570.928,4123.374,7694.302
2025-12-05,18,3671.682,4507.596,8179.278
2025-12-05,19,4127.152,5066.55,9193.702
2025-12-05,20,4354.716,5618.664,9973.38
2025-12-05,21,4846.432,6114.258,10960.69
2025-12-05,22,5201.084,6580.774,11781.858
2025-12-05,23,5492.054,7159.512,12651.566
2025-12-05,24,5514.096,7544.294,13058.39
2025-12-05,25,5498.012,8082.284,13580.296
2025-12-05,26,5793.978,8663.464,14457.442
2025-12-05,27,6004.828,9253.336,15258.164
2025-12-05,28,6413.466,9833.11,16246.576
2025-12-05,29,6693.526,10275.042,16968.568
2025-12-05,30,6603.83,10745.228,17349.058
2025-12-05,31,6484.502,11045.06,17529.562
2025-12-05,32,6530.586,11157.208,17687.794
2025-12-05,33,6764.272,11233.34,17997.612
2025-12-05,34,6711.93,11232.416,17944.346
2025-12-05,35,7018.14,11229.514,18247.654
2025-12-05,36,7063.958,11307.7,18371.658
2025-12-05,37,6732.77,11272.052,18004.822
2025-12-05,38,6614.266,11325.368,17939.634
2025-12-05,39,6663.412,11349.966,18013.378
2025-12-05,40,6636.282,11346.396,17982.678
2025-12-05,41,6411.97,11288.138,17700.108
2025-12-05,42,6107.702,11214.42,17322.122
2025-12-05,43,5917.762,11227.66,17145.422
2025-12-05,44,5588.904,11181.362,16770.266
2025-12-05,45,5255.368,10974.768,16230.136
2025-12-05,46,5010.294,10870.058,15880.352
2025-12-05,47,4976.67,10876.122,15852.792
2025-12-05,48,4993.7,10684.848,15678.548
2025-12-06,1,5014.754,10779.84,15794.594
2025-12-06,2,5079.856,10728.92,15808.776
2025-12-06,3,4838.472,10623.032,15461.504
2025-12-06,4,4607.7,10550.358,15158.058
2025-12-06,5,4254.286,10394.996,14649.282
2025-12-06,6,3915.876,10318.696,14234.572
2025-12-06,7,3719.19,10148.136,13867.326
2025-12-06,8,3541.39,10180.194,13721.584
2025-12-06,9,3280.728,10146.72,13427.448
2025-12-06,10,3253.716,10204.068,13457.784
2025-12-06,11,3189.552,10496.564,13686.116
2025-12-06,12,3130.076,10282.794,13412.87
2025-12-06,13,3097.684,9674.362,12772.046
2025-12-06,14,3070.52,9505.678,12576.198
2025-12-06,15,3030.298,9654.336,12684.634
2025-12-06,16,3072.698,9579.732,12652.43
2025-12-06,17,2942.108,9603.428,12545.536
2025-12-06,18,2848.28,9398.054,12246.334
2025-12-06,19,2926.474,9291.332,12217.806
2025-12-06,20,2908.278,9417.984,12326.262
2025-12-06,21,2936.554,9416.59,12353.144
2025-12-06,22,3017.788,9680.43,12698.218
2025-12-06,23,2987.788,9663.792,12651.58
2025-12-06,24,3034.262,9798.708,12832.97
2025-12-06,25,2779.248,9944.356,12723.604
2025-12-06,26,2367.394,10074.432,12441.826
2025-12-06,27,2181.528,10135.37,12316.898
2025-12-06,28,2032.302,10048.342,12080.644
2025-12-06,29,1914.284,10046.478,11960.762
2025-12-06,30,1875.63,9936.046,11811.676
2025-12-06,31,1892.1,10044.362,11936.462
2025-12-06,32,1848.426,10339.296,12187.722
2025-12-06,33,1748.588,10533.166,12281.754
2025-12-06,34,1708.044,10596.754,12304.798
2025-12-06,35,1593.254,10551.264,12144.518
2025-12-06,36,1512.78,10472.63,11985.41
2025-12-06,37,1348.254,10322.324,11670.578
2025-12-06,38,1254.258,10488.832,11743.09
2025-12-06,39,1211.54,10669.75,11881.29
2025-12-06,40,1165.002,10744.296,11909.298
2025-12-06,41,1074.18,10754.272,11828.452
2025-12-06,42,1005.586,10846.644,11852.23
2025-12-06,43,918.98,10924.622,11843.602
2025-12-06,44,820.118,10826.206,11646.324
2025-12-06,45,819.984,10788.302,11608.286
2025-12-06,46,829.412,10718.62,11548.032
2025-12-06,47,831.07,10536.99,11368.06
2025-12-06,48,874.86,10513.162,11388.022
2025-12-07,1,1011.418,10430.734,11442.152
2025-12-07,2,1138.498,10077.594,11216.092
2025-12-07,3,1228.358,9592.022,10820.38
2025-12-07,4,1170.382,9157.77,10328.152
2025-12-07,5,1077.122,8401.512,9478.634
2025-12-07,6,1013.872,7852.706,8866.578
2025-12-07,7,900.28,7624.63,8524.91
2025-12-07,8,814.724,7204.956,8019.68
2025-12-07,9,849.448,6494.448,7343.896
2025-12-07,10,831.578,5829.174,6660.752
2025-12-07,11,799.488,5411.812,6211.3
2025-12-07,12,904.622,4777.87,5682.492
2025-12-07,13,1006.292,4434.434,5440.726
2025-12-07,14,1063.594,4227.678,5291.272
2025-12-07,15,1231.322,4250.412,5481.734
2025-12-07,16,1345.168,4294.796,5639.964
2025-12-07,17,1537.838,4107.944,5645.782
2025-12-07,18,1737.012,4029.902,5766.914
2025-12-07,19,1984.698,4075.664,6060.362
2025-12-07,20,2365.53,4047.676,6413.206
2025-12-07,21,2614.496,4537.766,7152.262
2025-12-07,22,2811.576,5298.688,8110.264
2025-12-07,23,2884.84,5400.766,8285.606
2025-12-07,24,2988.704,6185.348,9174.052
2025-12-07,25,2878.162,7377.556,10255.718
2025-12-07,26,3105.642,7875.786,10981.428
2025-12-07,27,3589.66,8559.888,12149.548
2025-12-07,28,3746.586,9490.398,13236.984
2025-12-07,29,4173.536,10203.676,14377.212
2025-12-07,30,4634.826,10548.266,15183.092
2025-12-07,31,4513.104,10605.242,15118.346
2025-12-07,32,4177.748,10988.362,15166.11
2025-12-07,33,4131.786,11106.782,15238.568
2025-12-07,34,4109.388,11154.006,15263.394
2025-12-07,35,4007.262,11153.532,15160.794
2025-12-07,36,4101.752,11219.394,15321.146
2025-12-07,37,4400.378,11344.49,15744.868
2025-12-07,38,5150.128,11381.52,16531.648
2025-12-07,39,5679.85,11346.468,17026.318
2025-12-07,40,5561.28,11375.876,16937.156
2025-12-07,41,5416.246,11360.044,16776.29
2025-12-07,42,5219.018,11277.494,16496.512
2025-12-07,43,5036.116,11151.33,16187.446
2025-12-07,44,4880.806,10771.446,15652.252
2025-12-07,45,5136.416,10671.798,15808.214
2025-12-07,46,5007.464,10812.888,15820.352
2025-12-07,47,4635.202,10953.998,15589.2
2025-12-07,48,4515.028,10734.358,15249.386
2025-12-08,1,4506.146,10493.574,14999.72
2025-12-08,2,4369.584,10327.294,14696.878
2025-12-08,3,4184.344,10044.494,14228.838
2025-12-08,4,4261.618,9851.146,14112.764
2025-12-08,5,4141.76,9403.732,13545.492
2025-12-08,6,4252.376,9578.952,13831.328
2025-12-08,7,4198.504,9882.306,14080.81
2025-12-08,8,4247.824,10151.342,14399.166
2025-12-08,9,4522.014,10102.302,14624.316
2025-12-08,10,3732.738,10324.064,14056.802
2025-12-08,11,3238.298,10442.896,13681.194
2025-12-08,12,3356.044,10536.642,13892.686
2025-12-08,13,3005.646,10635.246,13640.892
2025-12-08,14,2980.778,10594.82,13575.598
2025-12-08,15,3098.318,10870.882,13969.2
2025-12-08,16,3625.808,10910.278,14536.086
2025-12-08,17,3870.44,10746.964,14617.404
2025-12-08,18,4110.368,10585.252,14695.62
2025-12-08,19,4477.434,10509.646,14987.08
2025-12-08,20,4555.17,10558.126,15113.296
2025-12-08,21,5130.706,10824.454,15955.16
2025-12-08,22,5371.768,10779.948,16151.716
2025-12-08,23,5496.566,10595.662,16092.228
2025-12-08,24,5683.236,10566.39,16249.626
2025-12-08,25,5934.754,10483.054,16417.808
2025-12-08,26,5979.47,10450.502,16429.972
2025-12-08,27,5986.898,10289.49,16276.388
2025-12-08,28,6032.29,10023.592,16055.882
2025-12-08,29,5759.662,9720.868,15480.53
2025-12-08,30,5553.716,9426.554,14980.27
2025-12-08,31,5519.518,9237.474,14756.992
2025-12-08,32,5615.498,9493.36,15108.858
2025-12-08,33,5274.62,9657.568,14932.188
2025-12-08,34,4942.512,9434.626,14377.138
2025-12-08,35,4705.05,9537.108,14242.158
2025-12-08,36,4443.596,9564.134,14007.73
2025-12-08,37,4399.316,9372.994,13772.31
2025-12-08,38,4131.864,9269.432,13401.296
2025-12-08,39,3844.064,9031.678,12875.742
2025-12-08,40,3685.416,8786.584,12472.0
2025-12-08,41,3664.488,8902.782,12567.27
2025-12-08,42,3583.944,8845.124,12429.068
2025-12-08,43,3463.72,8861.172,12324.892
2025-12-08,44,3094.4,8555.798,11650.198
2025-12-08,45,2855.558,8223.634,11079.192
2025-12-08,46,2710.596,7987.906,10698.502
2025-12-08,47,2666.072,8062.324,10728.396
2025-12-08,48,2590.59,8078.848,10669.438
2025-12-09,1,2516.862,8333.238,10850.1
2025-12-09,2,2384.534,9008.946,11393.48
2025-12-09,3,2436.598,9411.45,11848.048
2025-12-09,4,2677.144,9677.926,12355.07
2025-12-09,5,2999.816,9949.558,12949.374
2025-12-09,6,3155.008,10260.142,13415.15
2025-12-09,7,3132.542,10537.914,13670.456
2025-12-09,8,3530.668,10701.104,14231.772
2025-12-09,9,4052.774,10766.68,14819.454
2025-12-09,10,4235.282,10885.516,15120.798
2025-12-09,11,4531.94,10916.552,15448.492
2025-12-09,12,5072.988,11078.568,16151.556
2025-12-09,13,5662.962,11118.14,16781.102
2025-12-09,14,6242.082,11141.438,17383.52
2025-12-09,15,6232.994,11183.286,17416.28
2025-12-09,16,6389.92,11208.708,17598.628
2025-12-09,17,6212.686,11178.826,17391.512
2025-12-09,18,6283.526,11003.836,17287.362
2025-12-09,19,6229.108,10923.66,17152.768
2025-12-09,20,6245.426,11017.094,17262.52
2025-12-09,21,6226.746,11103.586,17330.332
2025-12-09,22,6315.868,11144.332,17460.2
2025-12-09,23,6453.894,11167.918,17621.812
2025-12-09,24,6664.986,11226.31,17891.296
2025-12-09,25,6584.0,11242.224,17826.224
2025-12-09,26,6524.414,11174.81,17699.224
2025-12-09,27,6604.208,11031.018,17635.226
2025-12-09,28,6597.242,11048.622,17645.864
2025-12-09,29,6458.616,11143.996,17602.612
2025-12-09,30,6098.928,11077.524,17176.452
2025-12-09,31,5588.878,10868.106,16456.984
2025-12-09,32,5081.818,10794.43,15876.248
2025-12-09,33,4628.944,10679.354,15308.298
2025-12-09,34,4701.532,10780.196,15481.728
2025-12-09,35,4813.008,10800.658,15613.666
2025-12-09,36,4774.502,10817.084,15591.586
2025-12-09,37,4344.822,10947.588,15292.41
2025-12-09,38,4575.58,11030.446,15606.026
2025-12-09,39,4780.914,10999.988,15780.902
2025-12-09,40,5092.682,10963.866,16056.548
2025-12-09,41,5367.736,11030.298,16398.034
2025-12-09,42,5558.882,10997.06,16555.942
2025-12-09,43,5586.154,10977.834,16563.988
2025-12-09,44,5646.218,11132.428,16778.646
2025-12-09,45,5588.75,11195.474,16784.224
2025-12-09,46,5442.112,11187.944,16630.056
2025-12-09,47,5393.416,11150.268,16543.684
2025-12-09,48,5397.67,11098.776,16496.446
2025-12-10,1,5612.262,11047.362,16659.624
2025-12-10,2,5605.736,11135.632,16741.368
2025-12-10,3,5687.106,11085.542,16772.648
2025-12-10,4,5656.738,10958.93,16615.668
2025-12-10,5,5905.286,10856.202,16761.488
2025-12-10,6,5880.436,10717.616,16598.052
2025-12-10,7,5804.576,10582.464,16387.04
2025-12-10,8,5904.932,10469.018,16373.95
2025-12-10,9,5865.218,10535.0,16400.218
2025-12-10,10,5747.018,10632.724,16379.742
2025-12-10,11,5451.934,10763.064,16214.998
2025-12-10,12,5459.692,10798.036,16257.728
2025-12-10,13,5491.864,10664.442,16156.306
2025-12-10,14,5617.186,10811.094,16428.28
2025-12-10,15,5818.812,10883.284,16702.096
2025-12-10,16,5817.78,10866.054,16683.834
2025-12-10,17,5738.334,10906.836,16645.17
2025-12-10,18,5403.842,10988.556,16392.398
2025-12-10,19,5346.792,11007.51,16354.302
2025-12-10,20,5414.474,11042.568,16457.042
2025-12-10,21,5475.894,11042.194,16518.088
2025-12-10,22,5589.998,11080.8,16670.798
2025-12-10,23,5651.332,11022.344,16673.676
2025-12-10,24,5719.414,10999.62,16719.034
2025-12-10,25,5983.756,11059.282,17043.038
2025-12-10,26,6271.982,11037.902,17309.884
2025-12-10,27,5823.584,11007.608,16831.192
2025-12-10,28,5773.172,10911.012,16684.184
2025-12-10,29,5838.446,10880.114,16718.56
2025-12-10,30,5754.662,10808.712,16563.374
2025-12-10,31,5889.348,10731.47,16620.818
2025-12-10,32,5959.492,10677.728,16637.22
2025-12-10,33,6199.17,10597.174,16796.344
2025-12-10,34,6244.346,10317.406,16561.752
2025-12-10,35,6245.358,9990.368,16235.726
2025-12-10,36,6178.234,10154.91,16333.144
2025-12-10,37,6269.544,10188.082,16457.626
2025-12-10,38,6260.168,10263.612,16523.78
2025-12-10,39,6118.716,10409.698,16528.414
2025-12-10,40,5991.032,10438.442,16429.474
2025-12-10,41,5891.128,10563.45,16454.578
2025-12-10,42,5756.934,10470.05,16226.984
2025-12-10,43,5365.232,10310.82,15676.052
2025-12-10,44,4874.29,10358.608,15232.898
2025-12-10,45,4503.726,10139.894,14643.62
2025-12-10,46,4404.83,10120.612,14525.442
2025-12-10,47,4333.078,10162.05,14495.128
2025-12-10,48,4199.806,10150.998,14350.804
2025-12-11,1,4150.41,10221.908,14372.318
2025-12-11,2,4130.124,10121.208,14251.332
2025-12-11,3,4081.608,10063.584,14145.192
2025-12-11,4,4081.258,10001.934,14083.192
2025-12-11,5,4105.008,9900.636,14005.644
2025-12-11,6,4171.466,9915.622,14087.088
2025-12-11,7,4530.394,9856.716,14387.11
2025-12-11,8,4666.632,9855.608,14522.24
2025-12-11,9,4789.948,9973.454,14763.402
2025-12-11,10,4457.18,9985.15,14442.33
2025-12-11,11,4112.876,9854.206,13967.082
2025-12-11,12,3817.472,9598.414,13415.886
2025-12-11,13,3714.38,9599.76,13314.14
2025-12-11,14,4293.216,9572.884,13866.1
2025-12-11,15,4888.938,9638.522,14527.46
2025-12-11,16,5404.474,9831.738,15236.212
2025-12-11,17,5476.052,9590.31,15066.362
2025-12-11,18,5586.752,9271.884,14858.636
2025-12-11,19,5764.836,9321.796,15086.632
2025-12-11,20,5864.478,9574.262,15438.74
2025-12-11,21,5861.856,9560.512,15422.368
2025-12-11,22,5783.606,9364.06,15147.666
2025-12-11,23,5745.142,9402.848,15147.99
2025-12-11,24,5873.282,9622.284,15495.566
2025-12-11,25,6085.202,9679.762,15764.964
2025-12-11,26,5348.674,9505.492,14854.166
2025-12-11,27,5671.5,9456.718,15128.218
2025-12-11,28,5752.526,9236.408,14988.934
2025-12-11,29,5693.806,9112.302,14806.108
2025-12-11,30,5726.58,8753.974,14480.554
2025-12-11,31,5760.336,8538.166,14298.502
2025-12-11,32,5817.934,8429.518,14247.452
2025-12-11,33,5666.726,8197.12,13863.846
2025-12-11,34,5371.576,7762.796,13134.372
2025-12-11,35,5155.452,7582.856,12738.308
2025-12-11,36,5600.066,7556.08,13156.146
2025-12-11,37,5438.566,7789.318,13227.884
2025-12-11,38,5325.294,8230.964,13556.258
2025-12-11,39,5017.64,8725.042,13742.682
2025-12-11,40,4664.908,8934.27,13599.178
2025-12-11,41,4646.29,8619.978,13266.268
2025-12-11,42,4647.456,8378.044,13025.5
2025-12-11,43,4406.656,8491.564,12898.22
2025-12-11,44,4291.922,8522.564,12814.486
2025-12-11,45,4218.746,8553.498,12772.244
2025-12-11,46,3878.252,8259.052,12137.304
2025-12-11,47,3682.474,8181.852,11864.326
2025-12-11,48,3563.42,8119.91,11683.33
2025-12-12,1,3322.234,7717.584,11039.818
2025-12-12,2,3135.358,7552.764,10688.122
2025-12-12,3,3076.93,7224.5,10301.43
2025-12-12,4,2983.672,6758.156,9741.828
2025-12-12,5,2657.36,6567.186,9224.546
2025-12-12,6,2488.892,6076.656,8565.548
2025-12-12,7,2384.34,5654.628,8038.968
2025-12-12,8,2263.142,5517.128,7780.27
2025-12-12,9,2058.838,5438.884,7497.722
2025-12-12,10,1948.93,5245.68,7194.61
2025-12-12,11,1713.912,5071.994,6785.906
2025-12-12,12,1321.664,4670.444,5992.108
2025-12-12,13,1361.996,4552.726,5914.722
2025-12-12,14,1638.788,4323.286,5962.074
2025-12-12,15,1921.034,4049.022,5970.056
2025-12-12,16,2068.428,3904.94,5973.368
2025-12-12,17,2317.506,3645.152,5962.658
2025-12-12,18,2636.826,3628.522,6265.348
2025-12-12,19,2738.72,3793.152,6531.872
2025-12-12,20,2706.094,4075.152,6781.246
2025-12-12,21,2837.516,4326.39,7163.906
2025-12-12,22,2868.258,4258.834,7127.092
2025-12-12,23,3028.89,4451.458,7480.348
2025-12-12,24,3209.73,4443.288,7653.018
2025-12-12,25,3345.994,4870.578,8216.572
2025-12-12,26,3364.762,4999.37,8364.132
2025-12-12,27,3511.016,5213.032,8724.048
2025-12-12,28,3725.162,4991.778,8716.94
2025-12-12,29,4001.908,4494.166,8496.074
2025-12-12,30,4207.02,4427.914,8634.934
2025-12-12,31,4398.324,4553.896,8952.22
2025-12-12,32,4353.534,4719.762,9073.296
2025-12-12,33,4405.356,4804.01,9209.366
2025-12-12,34,4536.028,4890.762,9426.79
2025-12-12,35,4559.71,4999.334,9559.044
2025-12-12,36,4663.73,5355.534,10019.264
2025-12-12,37,4739.118,5388.222,10127.34
2025-12-12,38,4544.218,4963.48,9507.698
2025-12-12,39,4591.366,5034.944,9626.31
2025-12-12,40,4582.16,4793.348,9375.508
2025-12-12,41,4606.038,4342.126,8948.164
2025-12-12,42,4801.694,3964.22,8765.914
2025-12-12,43,4711.98,3887.156,8599.136
2025-12-12,44,4621.996,3937.61,8559.606
2025-12-12,45,4589.992,3778.822,8368.814
2025-12-12,46,4635.66,3895.27,8530.93
2025-12-12,47,4432.86,3768.692,8201.552
2025-12-12,48,4434.05,3595.504,8029.554
2025-12-13,1,4480.91,3536.118,8017.028
2025-12-13,2,4494.072,3693.098,8187.17
2025-12-13,3,4450.498,3744.674,8195.172
2025-12-13,4,4466.19,3730.124,8196.314
2025-12-13,5,4492.382,3354.338,7846.72
2025-12-13,6,4711.812,3278.634,7990.446
2025-12-13,7,4836.672,3550.59,8387.262
2025-12-13,8,4665.132,3604.574,8269.706
2025-12-13,9,4634.982,3604.74,8239.722
2025-12-13,10,4623.248,3787.442,8410.69
2025-12-13,11,4700.288,3777.776,8478.064
2025-12-13,12,4599.622,3702.368,8301.99
2025-12-13,13,4509.83,3573.37,8083.2
2025-12-13,14,4521.094,3641.2,8162.294
2025-12-13,15,4354.198,3675.822,8030.02
2025-12-13,16,4466.904,3750.958,8217.862
2025-12-13,17,4606.0,3734.958,8340.958
2025-12-13,18,4812.862,3808.92,8621.782
2025-12-13,19,4862.952,4011.446,8874.398
2025-12-13,20,5144.902,4195.598,9340.5
2025-12-13,21,5422.712,4371.654,9794.366
2025-12-13,22,5635.626,4653.082,10288.708
2025-12-13,23,5658.394,4836.594,10494.988
2025-12-13,24,5495.086,5149.5,10644.586
2025-12-13,25,5471.152,5380.004,10851.156
2025-12-13,26,5377.13,5468.364,10845.494
2025-12-13,27,5426.514,5419.498,10846.012
2025-12-13,28,5425.152,5677.258,11102.41
2025-12-13,29,5410.298,6213.708,11624.006
2025-12-13,30,5294.692,6642.618,11937.31
2025-12-13,31,5104.982,7090.266,12195.248
2025-12-13,32,5051.826,7515.206,12567.032
2025-12-13,33,5033.502,7891.918,12925.42
2025-12-13,34,5632.688,8319.462,13952.15
2025-12-13,35,5814.016,8585.392,14399.408
2025-12-13,36,5721.234,8688.088,14409.322
2025-12-13,37,5660.536,8796.804,14457.34
2025-12-13,38,5336.338,8908.564,14244.902
2025-12-13,39,5166.12,9073.29,14239.41
2025-12-13,40,5121.826,9237.704,14359.53
2025-12-13,41,5151.624,9319.55,14471.174
2025-12-13,42,5191.764,9562.56,14754.324
2025-12-13,43,4813.774,9687.768,14501.542
2025-12-13,44,4676.398,9738.32,14414.718
2025-12-13,45,4428.332,9831.858,14260.19
2025-12-13,46,4182.562,9963.414,14145.976
2025-12-13,47,3876.81,10150.224,14027.034
2025-12-13,48,3848.332,10198.358,14046.69
2025-12-14,1,3784.502,10187.466,13971.968
2025-12-14,2,3740.46,10201.318,13941.778
2025-12-14,3,3694.344,10182.526,13876.87
2025-12-14,4,3643.918,10200.238,13844.156
2025-12-14,5,3867.304,10256.95,14124.254
2025-12-14,6,3893.888,10119.84,14013.728
2025-12-14,7,3924.906,10103.82,14028.726
2025-12-14,8,4212.83,10103.236,14316.066
2025-12-14,9,3903.9,10010.34,13914.24
2025-12-14,10,3873.128,9964.614,13837.742
2025-12-14,11,3800.952,9948.94,13749.892
2025-12-14,12,3583.822,10097.54,13681.362
2025-12-14,13,3294.506,10232.774,13527.28
2025-12-14,14,3048.206,10325.516,13373.722
2025-12-14,15,3094.31,10245.324,13339.634
2025-12-14,16,3602.84,10232.798,13835.638
2025-12-14,17,3770.172,10363.876,14134.048
2025-12-14,18,3910.172,10485.122,14395.294
2025-12-14,19,4157.836,10627.698,14785.534
2025-12-14,20,4491.778,10726.616,15218.394
2025-12-14,21,4669.878,10706.894,15376.772
2025-12-14,22,4963.274,10588.062,15551.336
2025-12-14,23,4890.67,10573.428,15464.098
2025-12-14,24,4807.768,10671.236,15479.004
2025-12-14,25,5246.534,10774.014,16020.548
2025-12-14,26,5630.724,10828.052,16458.776
2025-12-14,27,5699.006,10801.918,16500.924
2025-12-14,28,5724.652,10770.012,16494.664
2025-12-14,29,5555.266,10901.11,16456.376
2025-12-14,30,5169.006,10967.948,16136.954
2025-12-14,31,5055.066,10965.906,16020.972
2025-12-14,32,5166.88,11097.4,16264.28
2025-12-14,33,5219.672,11156.18,16375.852
2025-12-14,34,5331.844,11133.482,16465.326
2025-12-14,35,5414.542,11145.63,16560.172
2025-12-14,36,5450.048,11155.968,16606.016
2025-12-14,37,5541.556,11100.204,16641.76
2025-12-14,38,5752.708,11067.726,16820.434
2025-12-14,39,5636.166,11127.912,16764.078
2025-12-14,40,5554.69,11119.696,16674.386
2025-12-14,41,5420.322,11118.118,16538.44
2025-12-14,42,5399.162,11151.624,16550.786
2025-12-14,43,5289.848,11148.808,16438.656
2025-12-14,44,4648.976,11045.678,15694.654
2025-12-14,45,4431.24,11065.666,15496.906
2025-12-14,46,4049.258,11043.374,15092.632
2025-12-14,47,3940.394,10972.394,14912.788
2025-12-14,48,3643.344,10849.898,14493.242
2025-12-15,1,3846.81,10755.792,14602.602
2025-12-15,2,4232.53,10429.646,14662.176
2025-12-15,3,3809.656,10054.476,13864.132
2025-12-15,4,3944.976,9695.764,13640.74
2025-12-15,5,3717.582,9504.288,13221.87
2025-12-15,6,3270.58,9134.512,12405.092
2025-12-15,7,2730.894,8799.174,11530.068
2025-12-15,8,2418.392,8656.41,11074.802
2025-12-15,9,2489.034,8567.9,11056.934
2025-12-15,10,2454.114,8511.158,10965.272
2025-12-15,11,2534.682,8509.162,11043.844
2025-12-15,12,2377.288,8532.16,10909.448
2025-12-15,13,2336.25,8553.976,10890.226
2025-12-15,14,2375.412,8537.282,10912.694
2025-12-15,15,2455.62,8503.402,10959.022
2025-12-15,16,2444.008,8496.524,10940.532
2025-12-15,17,2424.352,8469.434,10893.786
2025-12-15,18,2259.984,8413.564,10673.548
2025-12-15,19,2169.518,8350.106,10519.624
2025-12-15,20,2020.676,8330.818,10351.494
2025-12-15,21,1885.22,8378.742,10263.962
2025-12-15,22,1863.83,8388.688,10252.518
2025-12-15,23,1914.156,8340.346,10254.502
2025-12-15,24,1948.278,8295.79,10244.068
2025-12-15,25,2014.284,8302.142,10316.426
2025-12-15,26,2044.178,8301.41,10345.588
2025-12-15,27,1889.194,8289.71,10178.904
2025-12-15,28,1779.052,8294.534,10073.586
2025-12-15,29,1640.058,8319.08,9959.138
2025-12-15,30,1522.932,8227.042,9749.974
2025-12-15,31,1482.7,8198.308,9681.008
2025-12-15,32,1425.986,8137.338,9563.324
2025-12-15,33,1332.764,7920.54,9253.304
2025-12-15,34,1322.804,7828.464,9151.268
2025-12-15,35,1359.828,7798.86,9158.688
2025-12-15,36,1340.364,7882.832,9223.196
2025-12-15,37,1355.764,8114.11,9469.874
2025-12-15,38,1478.654,8106.942,9585.596
2025-12-15,39,1616.754,8016.106,9632.86
2025-12-15,40,1630.396,7691.82,9322.216
2025-12-15,41,1662.968,7496.272,9159.24
2025-12-15,42,1617.682,7524.866,9142.548
2025-12-15,43,1736.536,7501.682,9238.218
2025-12-15,44,1879.852,7437.818,9317.67
2025-12-15,45,1849.202,7120.54,8969.742
2025-12-15,46,1812.886,6777.546,8590.432
2025-12-15,47,1817.85,6779.64,8597.49
2025-12-15,48,1925.204,6837.356,8762.56
2025-12-16,1,2019.598,6558.414,8578.012
2025-12-16,2,2134.516,6467.906,8602.422
2025-12-16,3,2251.64,6199.67,8451.31
2025-12-16,4,2310.79,5478.656,7789.446
2025-12-16,5,2429.666,4726.8,7156.466
2025-12-16,6,2524.58,4589.494,7114.074
2025-12-16,7,2674.5,4420.908,7095.408
2025-12-16,8,2698.118,3896.368,6594.486
2025-12-16,9,2836.398,3594.798,6431.196
2025-12-16,10,2809.136,3514.764,6323.9
2025-12-16,11,2679.144,3222.376,5901.52
2025-12-16,12,2704.74,2752.096,5456.836
2025-12-16,13,2631.746,2562.096,5193.842
2025-12-16,14,2577.184,2478.418,5055.602
2025-12-16,15,2578.16,2414.658,4992.818
2025-12-16,16,2559.366,2312.98,4872.346
2025-12-16,17,2556.648,2152.61,4709.258
2025-12-16,18,2645.562,2185.834,4831.396
2025-12-16,19,2657.642,2296.346,4953.988
2025-12-16,20,2475.056,2574.556,5049.612
2025-12-16,21,2769.698,3205.588,5975.286
2025-12-16,22,2748.188,3194.238,5942.426
2025-12-16,23,2675.664,3117.106,5792.77
2025-12-16,24,2646.968,3141.518,5788.486
2025-12-16,25,2680.36,3627.288,6307.648
2025-12-16,26,2852.904,3725.662,6578.566
2025-12-16,27,3046.988,3550.096,6597.084
2025-12-16,28,3116.604,3379.75,6496.354
2025-12-16,29,3400.086,3485.22,6885.306
2025-12-16,30,3476.854,3405.894,6882.748
2025-12-16,31,3403.422,3385.282,6788.704
2025-12-16,32,3593.864,3156.208,6750.072
2025-12-16,33,3617.536,2633.912,6251.448
2025-12-16,34,3840.604,1965.712,5806.316
2025-12-16,35,4245.888,1393.326,5639.214
2025-12-16,36,4202.456,1214.882,5417.338
2025-12-16,37,4193.59,1107.106,5300.696
2025-12-16,38,4586.618,1075.426,5662.044
2025-12-16,39,4619.036,1020.822,5639.858
2025-12-16,40,4659.102,972.036,5631.138
2025-12-16,41,4709.956,990.096,5700.052
2025-12-16,42,4709.966,1038.414,5748.38
2025-12-16,43,4991.288,1283.982,6275.27
2025-12-16,44,5082.144,1526.836,6608.98
2025-12-16,45,5199.226,1491.898,6691.124
2025-12-16,46,5184.796,1515.892,6700.688
2025-12-16,47,4974.606,1564.052,6538.658
2025-12-16,48,4997.692,1698.716,6696.408
2025-12-17,1,4769.082,1929.46,6698.542
2025-12-17,2,4606.552,2058.84,6665.392
2025-12-17,3,4409.05,2048.93,6457.98
2025-12-17,4,4662.024,1960.724,6622.748
2025-12-17,5,4602.046,2013.382,6615.428
2025-12-17,6,4635.806,2079.292,6715.098
2025-12-17,7,4407.684,2226.0,6633.684
2025-12-17,8,4100.388,2355.81,6456.198
2025-12-17,9,4008.438,2507.952,6516.39
2025-12-17,10,3969.804,2846.39,6816.194
2025-12-17,11,4050.616,3169.606,7220.222
2025-12-17,12,4199.426,3476.228,7675.654
2025-12-17,13,4731.472,3820.1,8551.572
2025-12-17,14,5424.172,4268.148,9692.32
2025-12-17,15,5465.218,4648.91,10114.128
2025-12-17,16,5611.892,5155.338,10767.23
2025-12-17,17,5553.468,5668.448,11221.916
2025-12-17,18,5417.638,6131.818,11549.456
2025-12-17,19,5503.154,6768.952,12272.106
2025-12-17,20,5756.888,7376.792,13133.68
2025-12-17,21,6037.546,7896.33,13933.876
2025-12-17,22,6060.708,8290.39,14351.098
2025-12-17,23,5819.308,8764.654,14583.962
2025-12-17,24,5599.932,9158.24,14758.172
2025-12-17,25,5611.916,9353.138,14965.054
2025-12-17,26,5728.212,9542.652,15270.864
2025-12-17,27,5863.302,9862.032,15725.334
2025-12-17,28,6242.63,10188.098,16430.728
2025-12-17,29,6388.436,10365.78,16754.216
2025-12-17,30,6196.632,10771.638,16968.27
2025-12-17,31,5827.808,11034.256,16862.064
2025-12-17,32,5356.608,11175.972,16532.58
2025-12-17,33,5513.704,11150.476,16664.18
2025-12-17,34,5889.196,11123.16,17012.356
2025-12-17,35,5582.376,11159.91,16742.286
2025-12-17,36,5960.058,11227.32,17187.378
2025-12-17,37,5832.044,11127.54,16959.584
2025-12-17,38,5227.538,10930.916,16158.454
2025-12-17,39,5255.932,10699.392,15955.324
2025-12-17,40,5138.798,10581.608,15720.406
2025-12-17,41,4970.198,10491.284,15461.482
2025-12-17,42,4658.158,10375.45,15033.608
2025-12-17,43,4814.086,10111.762,14925.848
2025-12-17,44,4814.254,10418.388,15232.642
2025-12-17,45,4724.664,10772.424,15497.088
2025-12-17,46,4663.434,10864.646,15528.08
2025-12-17,47,4521.222,10876.722,15397.944
2025-12-17,48,4444.368,10923.936,15368.304
2025-12-18,1,4615.53,10997.97,15613.5
2025-12-18,2,4541.288,10962.382,15503.67
2025-12-18,3,4725.856,11032.302,15758.158
2025-12-18,4,5207.616,10979.46,16187.076
2025-12-18,5,5292.536,10911.852,16204.388
2025-12-18,6,5296.826,10753.178,16050.004
2025-12-18,7,5225.838,10454.766,15680.604
2025-12-18,8,5411.238,10683.802,16095.04
2025-12-18,9,5049.008,10641.892,15690.9
2025-12-18,10,4926.552,10277.8,15204.352
2025-12-18,11,4408.83,9524.706,13933.536
2025-12-18,12,4286.92,9211.538,13498.458
2025-12-18,13,4142.854,9266.062,13408.916
2025-12-18,14,4201.204,9124.754,13325.958
2025-12-18,15,4077.864,9056.002,13133.866
2025-12-18,16,3922.188,9129.618,13051.806
2025-12-18,17,4280.872,9000.84,13281.712
2025-12-18,18,5135.328,8727.736,13863.064
2025-12-18,19,5395.686,8498.142,13893.828
2025-12-18,20,5370.202,8336.632,13706.834
2025-12-18,21,4960.002,8538.148,13498.15
2025-12-18,22,5402.832,8177.064,13579.896
2025-12-18,23,5069.05,7722.958,12792.008
2025-12-18,24,5155.894,7612.07,12767.964
2025-12-18,25,4967.494,7890.622,12858.116
2025-12-18,26,4983.108,8043.916,13027.024
2025-12-18,27,4892.288,8081.512,12973.8
2025-12-18,28,4901.758,9157.774,14059.532
2025-12-18,29,5114.28,9757.83,14872.11
2025-12-18,30,5228.548,10086.55,15315.098
2025-12-18,31,5458.06,9926.422,15384.482
2025-12-18,32,5601.25,10029.478,15630.728
2025-12-18,33,5405.054,10164.502,15569.556
2025-12-18,34,5179.266,10196.228,15375.494
2025-12-18,35,5211.08,10159.734,15370.814
2025-12-18,36,5346.232,10219.042,15565.274
2025-12-18,37,5264.212,10229.062,15493.274
2025-12-18,38,4733.204,10512.048,15245.252
2025-12-18,39,4503.436,10815.22,15318.656
2025-12-18,40,4453.178,10391.656,14844.834
2025-12-18,41,4174.922,10716.968,14891.89
2025-12-18,42,4631.454,10885.122,15516.576
2025-12-18,43,4584.052,10963.156,15547.208
2025-12-18,44,4437.748,11027.648,15465.396
2025-12-18,45,4486.898,11009.576,15496.474
2025-12-18,46,4359.606,10885.328,15244.934
2025-12-18,47,3906.628,10856.92,14763.548
2025-12-18,48,3716.85,10781.44,14498.29
2025-12-19,1,3700.858,10604.982,14305.84
2025-12-19,2,3695.192,10466.714,14161.906
2025-12-19,3,3905.076,10327.998,14233.074
2025-12-19,4,3898.756,10002.924,13901.68
2025-12-19,5,3867.468,9867.682,13735.15
2025-12-19,6,3570.906,9842.816,13413.722
2025-12-19,7,3497.952,9687.366,13185.318
2025-12-19,8,3526.076,9594.314,13120.39
2025-12-19,9,3281.33,9534.384,12815.714
2025-12-19,10,3091.202,9295.16,12386.362
2025-12-19,11,2875.846,9217.126,12092.972
2025-12-19,12,2691.022,9229.99,11921.012
2025-12-19,13,2586.746,9361.69,11948.436
2025-12-19,14,2581.032,9438.538,12019.57
2025-12-19,15,3154.732,9597.35,12752.082
2025-12-19,16,3684.684,9846.346,13531.03
2025-12-19,17,3993.266,10039.308,14032.574
2025-12-19,18,4193.176,10209.954,14403.13
2025-12-19,19,4218.832,10309.058,14527.89
2025-12-19,20,4219.536,10312.16,14531.696
2025-12-19,21,4372.526,10422.856,14795.382
2025-12-19,22,4386.264,10378.628,14764.892
2025-12-19,23,4287.188,10301.614,14588.802
2025-12-19,24,4139.154,10343.336,14482.49
2025-12-19,25,4154.98,10327.688,14482.668
2025-12-19,26,4183.956,10362.26,14546.216
2025-12-19,27,3990.058,10285.182,14275.24
2025-12-19,28,4045.202,10231.264,14276.466
2025-12-19,29,4125.388,10063.774,14189.162
2025-12-19,30,4390.92,10075.96,14466.88
2025-12-19,31,4380.312,9830.576,14210.888
2025-12-19,32,4449.552,9747.022,14196.574
2025-12-19,33,4602.554,9583.772,14186.326
2025-12-19,34,4638.136,9357.17,13995.306
2025-12-19,35,4568.558,9296.104,13864.662
2025-12-19,36,4624.442,9501.776,14126.218
2025-12-19,37,4616.338,9719.49,14335.828
2025-12-19,38,4499.154,9513.348,14012.502
2025-12-19,39,4493.8,9142.17,13635.97
2025-12-19,40,4428.314,8750.65,13178.964
2025-12-19,41,4466.902,8427.298,12894.2
2025-12-19,42,4510.298,8027.314,12537.612
2025-12-19,43,4232.098,7837.922,12070.02
2025-12-19,44,3853.654,7580.9,11434.554
2025-12-19,45,3911.46,7512.084,11423.544
2025-12-19,46,3825.804,7097.942,10923.746
2025-12-19,47,3804.26,6511.546,10315.806
2025-12-19,48,3554.006,6031.108,9585.114
2025-12-20,1,3188.69,5697.316,8886.006
2025-12-20,2,3777.526,5068.804,8846.33
2025-12-20,3,3909.504,4615.636,8525.14
2025-12-20,4,3639.476,4410.332,8049.808
2025-12-20,5,3659.52,4269.718,7929.238
2025-12-20,6,3517.586,4201.63,7719.216
2025-12-20,7,3425.034,3998.91,7423.944
2025-12-20,8,3220.022,3832.6,7052.622
2025-12-20,9,3032.688,3645.42,6678.108
2025-12-20,10,2718.392,3460.018,6178.41
2025-12-20,11,3023.852,3370.596,6394.448
2025-12-20,12,3275.028,3417.27,6692.298
2025-12-20,13,3186.924,3532.766,6719.69
2025-12-20,14,3030.314,3732.098,6762.412
2025-12-20,15,3038.124,3701.97,6740.094
2025-12-20,16,3408.066,3603.092,7011.158
2025-12-20,17,3399.802,3613.152,7012.954
2025-12-20,18,3502.608,3615.004,7117.612
2025-12-20,19,3708.27,3628.306,7336.576
2025-12-20,20,3834.782,3538.266,7373.048
2025-12-20,21,3718.302,3612.286,7330.588
2025-12-20,22,3774.168,3710.324,7484.492
2025-12-20,23,3922.622,3674.152,7596.774
2025-12-20,24,3738.55,3729.272,7467.822
2025-12-20,25,3706.95,3827.236,7534.186
2025-12-20,26,3861.846,4025.41,7887.256
2025-12-20,27,4219.158,4196.944,8416.102
2025-12-20,28,4524.916,4238.518,8763.434
2025-12-20,29,4596.812,4446.626,9043.438
2025-12-20,30,4452.334,4741.818,9194.152
2025-12-20,31,4412.282,5039.466,9451.748
2025-12-20,32,4422.362,5135.598,9557.96
2025-12-20,33,4565.674,5532.026,10097.7
2025-12-20,34,5077.784,5733.404,10811.188
2025-12-20,35,5245.468,5894.448,11139.916
2025-12-20,36,5289.784,5966.098,11255.882
2025-12-20,37,5175.656,6308.96,11484.616
2025-12-20,38,4972.214,6453.094,11425.308
2025-12-20,39,5038.136,6580.884,11619.02
2025-12-20,40,4930.34,6933.104,11863.444
2025-12-20,41,4918.636,7244.626,12163.262
2025-12-20,42,4913.806,7387.846,12301.652
2025-12-20,43,4583.064,7514.744,12097.808
2025-12-20,44,4447.57,7536.228,11983.798
2025-12-20,45,4079.312,7582.722,11662.034
2025-12-20,46,4048.27,7540.33,11588.6
2025-12-20,47,4000.95,7576.028,11576.978
2025-12-20,48,3889.48,7520.794,11410.274
2025-12-21,1,3732.88,7325.356,11058.236
2025-12-21,2,3630.41,6843.162,10473.572
2025-12-21,3,3664.616,6257.622,9922.238
2025-12-21,4,3812.088,5858.62,9670.708
2025-12-21,5,3735.278,5684.268,9419.546
2025-12-21,6,3528.866,5502.676,9031.542
2025-12-21,7,3322.562,5319.534,8642.096
2025-12-21,8,3423.818,4967.266,8391.084
2025-12-21,9,3453.568,4781.582,8235.15
2025-12-21,10,3511.388,4486.31,7997.698
2025-12-21,11,3429.178,4298.994,7728.172
2025-12-21,12,3478.468,4036.84,7515.308
2025-12-21,13,3505.064,4010.442,7515.506
2025-12-21,14,3739.434,3889.9,7629.334
2025-12-21,15,4102.178,3813.162,7915.34
2025-12-21,16,4387.028,3820.71,8207.738
2025-12-21,17,4779.852,3815.134,8594.986
2025-12-21,18,4935.222,3791.11,8726.332
2025-12-21,19,4695.04,3460.942,8155.982
2025-12-21,20,4650.038,3451.972,8102.01
2025-12-21,21,4940.768,3479.428,8420.196
2025-12-21,22,5130.476,3274.72,8405.196
2025-12-21,23,5078.2,3172.306,8250.506
2025-12-21,24,4912.458,3308.196,8220.654
2025-12-21,25,4878.714,3708.522,8587.236
2025-12-21,26,4736.592,3790.086,8526.678
2025-12-21,27,4635.88,4019.064,8654.944
2025-12-21,28,4425.536,4276.29,8701.826
2025-12-21,29,4209.19,4601.158,8810.348
2025-12-21,30,3996.418,5337.182,9333.6
2025-12-21,31,4062.81,5593.792,9656.602
2025-12-21,32,4180.056,5503.2,9683.256
2025-12-21,33,4073.074,5656.186,9729.26
2025-12-21,34,4052.826,5911.752,9964.578
2025-12-21,35,3861.912,6147.914,10009.826
2025-12-21,36,3552.062,6309.476,9861.538
2025-12-21,37,3010.388,6437.916,9448.304
2025-12-21,38,2812.676,6625.132,9437.808
2025-12-21,39,2684.28,6846.908,9531.188
2025-12-21,40,2885.338,7179.326,10064.664
2025-12-21,41,3003.692,7471.246,10474.938
2025-12-21,42,2868.3,7505.536,10373.836
2025-12-21,43,2957.914,7130.336,10088.25
2025-12-21,44,3042.624,7029.934,10072.558
2025-12-21,45,3158.454,6980.028,10138.482
2025-12-21,46,3561.566,6865.026,10426.592
2025-12-21,47,3939.696,7124.506,11064.202
2025-12-21,48,4153.544,7889.526,12043.07
2025-12-22,1,4112.484,8402.716,12515.2
2025-12-22,2,4128.252,8700.604,12828.856
2025-12-22,3,4049.704,8752.196,12801.9
2025-12-22,4,3824.602,8674.006,12498.608
2025-12-22,5,3720.64,8484.71,12205.35
2025-12-22,6,3886.406,8600.082,12486.488
2025-12-22,7,4045.376,9054.424,13099.8
2025-12-22,8,3702.922,8901.67,12604.592
2025-12-22,9,3405.1,8386.236,11791.336
2025-12-22,10,3816.458,8116.232,11932.69
2025-12-22,11,4043.366,7997.916,12041.282
2025-12-22,12,4091.166,7606.16,11697.326
2025-12-22,13,4028.946,7229.92,11258.866
2025-12-22,14,4129.952,7389.456,11519.408
2025-12-22,15,4283.622,7247.74,11531.362
2025-12-22,16,4396.94,6835.442,11232.382
2025-12-22,17,4775.132,6628.236,11403.368
2025-12-22,18,5230.914,6396.514,11627.428
2025-12-22,19,5346.652,5896.628,11243.28
2025-12-22,20,5019.03,5333.474,10352.504
2025-12-22,21,4834.202,5221.958,10056.16
2025-12-22,22,4577.764,4937.504,9515.268
2025-12-22,23,5135.924,4849.28,9985.204
2025-12-22,24,4599.04,4667.28,9266.32
2025-12-22,25,4200.496,4519.754,8720.25
2025-12-22,26,3940.01,4669.948,8609.958
2025-12-22,27,3690.356,4673.274,8363.63
2025-12-22,28,3583.06,4432.53,8015.59
2025-12-22,29,3614.204,4288.016,7902.22
2025-12-22,30,3609.432,4402.332,8011.764
2025-12-22,31,3727.376,4484.956,8212.332
2025-12-22,32,3928.21,4232.918,8161.128
2025-12-22,33,3437.66,4110.25,7547.91
2025-12-22,34,3285.956,4213.11,7499.066
2025-12-22,35,3362.626,4253.02,7615.646
2025-12-22,36,3831.578,4356.234,8187.812
2025-12-22,37,3892.178,4583.29,8475.468
2025-12-22,38,3917.338,4838.964,8756.302
2025-12-22,39,4073.654,5046.816,9120.47
2025-12-22,40,3997.166,5162.498,9159.664
2025-12-22,41,3943.016,5205.198,9148.214
2025-12-22,42,4005.09,5061.374,9066.464
2025-12-22,43,4221.744,5102.816,9324.56
2025-12-22,44,4175.858,5218.1,9393.958
2025-12-22,45,4139.086,5126.392,9265.478
2025-12-22,46,4065.836,5074.902,9140.738
2025-12-22,47,4136.63,5082.636,9219.266
2025-12-22,48,3982.092,5140.516,9122.608
2025-12-23,1,3916.646,5289.24,9205.886
2025-12-23,2,3784.908,5337.038,9121.946
2025-12-23,3,3528.706,5181.958,8710.664
2025-12-23,4,3164.2,5337.614,8501.814
2025-12-23,5,2981.27,5640.576,8621.846
2025-12-23,6,2858.796,5698.886,8557.682
2025-12-23,7,2811.7,5605.704,8417.404
2025-12-23,8,2788.306,5579.006,8367.312
2025-12-23,9,2738.912,5627.802,8366.714
2025-12-23,10,2788.276,5778.938,8567.214
2025-12-23,11,2826.004,5906.31,8732.314
2025-12-23,12,2856.956,6243.908,9100.864
2025-12-23,13,2830.266,6643.988,9474.254
2025-12-23,14,2886.518,6919.144,9805.662
2025-12-23,15,3033.47,7369.756,10403.226
2025-12-23,16,3305.506,7736.312,11041.818
2025-12-23,17,3422.656,7746.94,11169.596
2025-12-23,18,3536.858,7978.952,11515.81
2025-12-23,19,3520.712,8058.382,11579.094
2025-12-23,20,3396.052,8007.316,11403.368
2025-12-23,21,3614.128,8003.7,11617.828
2025-12-23,22,3671.744,8056.674,11728.418
2025-12-23,23,3643.612,8215.876,11859.488
2025-12-23,24,3713.074,8295.692,12008.766
2025-12-23,25,3638.726,8322.534,11961.26
2025-12-23,26,3479.896,8282.446,11762.342
2025-12-23,27,3437.402,8390.232,11827.634
2025-12-23,28,3136.256,8429.218,11565.474
2025-12-23,29,3133.63,8701.182,11834.812
2025-12-23,30,3093.356,8815.314,11908.67
2025-12-23,31,2964.372,8928.472,11892.844
2025-12-23,32,2981.972,9109.322,12091.294
2025-12-23,33,3113.4,9172.014,12285.414
2025-12-23,34,3131.13,9231.806,12362.936
2025-12-23,35,2961.998,9346.608,12308.606
2025-12-23,36,2984.68,9345.84,12330.52
2025-12-23,37,2751.746,9444.3,12196.046
2025-12-23,38,2662.48,9514.608,12177.088
2025-12-23,39,2834.298,9579.08,12413.378
2025-12-23,40,2836.562,9793.184,12629.746
2025-12-23,41,2895.744,9773.756,12669.5
2025-12-23,42,2974.048,9690.42,12664.468
2025-12-23,43,2793.224,9697.938,12491.162
2025-12-23,44,2976.386,10082.936,13059.322
2025-12-23,45,3196.628,10158.384,13355.012
2025-12-23,46,3126.18,10046.386,13172.566
2025-12-23,47,2870.754,9989.476,12860.23
2025-12-23,48,2473.31,9640.412,12113.722
2025-12-24,1,2420.146,9439.118,11859.264
2025-12-24,2,2277.196,9756.746,12033.942
2025-12-24,3,2207.814,10186.424,12394.238
2025-12-24,4,2249.548,10510.822,12760.37
2025-12-24,5,2023.588,10411.612,12435.2
2025-12-24,6,2024.052,10544.766,12568.818
2025-12-24,7,2057.15,10492.686,12549.836
2025-12-24,8,2255.346,10303.458,12558.804
2025-12-24,9,2445.692,10202.366,12648.058
2025-12-24,10,2484.028,10161.38,12645.408
2025-12-24,11,2477.108,10220.35,12697.458
2025-12-24,12,2664.268,10427.072,13091.34
2025-12-24,13,2684.588,10472.302,13156.89
2025-12-24,14,2544.98,10438.378,12983.358
2025-12-24,15,2402.444,10142.446,12544.89
2025-12-24,16,2499.934,9771.602,12271.536
2025-12-24,17,2544.304,9534.752,12079.056
2025-12-24,18,2362.196,9450.31,11812.506
2025-12-24,19,2136.858,9447.044,11583.902
2025-12-24,20,1999.61,9500.078,11499.688
2025-12-24,21,1933.202,9497.152,11430.354
2025-12-24,22,1699.88,9322.558,11022.438
2025-12-24,23,1406.51,9038.84,10445.35
2025-12-24,24,1194.692,8979.706,10174.398
2025-12-24,25,1161.014,8759.17,9920.184
2025-12-24,26,1105.558,8754.86,9860.418
2025-12-24,27,892.876,8295.464,9188.34
2025-12-24,28,814.92,8229.682,9044.602
2025-12-24,29,743.28,8416.992,9160.272
2025-12-24,30,668.824,8682.0,9350.824
2025-12-24,31,729.584,9214.558,9944.142
2025-12-24,32,910.764,9553.052,10463.816
2025-12-24,33,847.034,9823.472,10670.506
2025-12-24,34,848.918,9783.906,10632.824
2025-12-24,35,829.552,9746.224,10575.776
2025-12-24,36,846.204,9497.126,10343.33
2025-12-24,37,755.586,9357.866,10113.452
2025-12-24,38,807.44,9470.956,10278.396
2025-12-24,39,886.22,9909.494,10795.714
2025-12-24,40,842.694,10208.028,11050.722
2025-12-24,41,686.084,10054.918,10741.002
2025-12-24,42,579.462,10005.912,10585.374
2025-12-24,43,515.634,9672.066,10187.7
2025-12-24,44,521.126,9933.246,10454.372
2025-12-24,45,572.39,9801.124,10373.514
2025-12-24,46,684.26,9826.47,10510.73
2025-12-24,47,716.668,9852.426,10569.094
2025-12-24,48,729.396,9856.244,10585.64
2025-12-25,1,695.164,9752.694,10447.858
2025-12-25,2,680.786,9810.21,10490.996
2025-12-25,3,657.96,9892.446,10550.406
2025-12-25,4,707.294,9986.592,10693.886
2025-12-25,5,759.61,10153.292,10912.902
2025-12-25,6,796.138,10168.98,10965.118
2025-12-25,7,922.578,10214.416,11136.994
2025-12-25,8,925.284,10263.456,11188.74
2025-12-25,9,996.62,10422.206,11418.826
2025-12-25,10,1077.894,10459.608,11537.502
2025-12-25,11,1154.09,10496.118,11650.208
2025-12-25,12,1216.294,10564.886,11781.18
2025-12-25,13,1168.952,10433.084,11602.036
2025-12-25,14,1074.132,10536.048,11610.18
2025-12-25,15,1115.442,10556.99,11672.432
2025-12-25,16,1109.128,10569.888,11679.016
2025-12-25,17,1076.662,10366.672,11443.334
2025-12-25,18,1068.296,10419.92,11488.216
2025-12-25,19,1039.264,10420.168,11459.432
2025-12-25,20,1131.07,10404.62,11535.69
2025-12-25,21,1306.364,10416.458,11722.822
2025-12-25,22,1412.17,10539.078,11951.248
2025-12-25,23,1353.894,10667.48,12021.374
2025-12-25,24,1296.15,10781.538,12077.688
2025-12-25,25,1308.414,10889.51,12197.924
2025-12-25,26,1279.434,10939.174,12218.608
2025-12-25,27,1235.45,10889.458,12124.908
2025-12-25,28,1145.376,10859.38,12004.756
2025-12-25,29,1133.058,10843.06,11976.118
2025-12-25,30,1281.552,10840.64,12122.192
2025-12-25,31,1342.108,10812.62,12154.728
2025-12-25,32,1477.348,10725.742,12203.09
2025-12-25,33,1559.678,10710.65,12270.328
2025-12-25,34,1691.244,10784.364,12475.608
2025-12-25,35,1807.966,10824.99,12632.956
2025-12-25,36,1847.366,10873.412,12720.778
2025-12-25,37,1833.046,10871.558,12704.604
2025-12-25,38,1851.816,10831.154,12682.97
2025-12-25,39,1757.698,10724.246,12481.944
2025-12-25,40,1705.48,10725.698,12431.178
2025-12-25,41,1758.788,10694.772,12453.56
2025-12-25,42,1758.272,10662.292,12420.564
2025-12-25,43,1833.128,10615.918,12449.046
2025-12-25,44,1915.81,10489.354,12405.164
2025-12-25,45,2130.138,10177.772,12307.91
2025-12-25,46,2273.376,9716.404,11989.78
2025-12-25,47,2180.824,9234.028,11414.852
2025-12-25,48,2262.652,8838.604,11101.256
2025-12-26,1,2114.182,8932.632,11046.814
2025-12-26,2,2102.76,9089.198,11191.958
2025-12-26,3,1951.67,8872.296,10823.966
2025-12-26,4,1710.008,8737.868,10447.876
2025-12-26,5,1636.978,8777.662,10414.64
2025-12-26,6,1654.968,8867.702,10522.67
2025-12-26,7,1819.43,8636.648,10456.078
2025-12-26,8,1921.4,8137.998,10059.398
2025-12-26,9,1733.018,7932.746,9665.764
2025-12-26,10,1615.664,7850.272,9465.936
2025-12-26,11,1435.882,7888.714,9324.596
2025-12-26,12,1495.972,8028.06,9524.032
2025-12-26,13,1369.37,8222.882,9592.252
2025-12-26,14,1111.394,8004.528,9115.922
2025-12-26,15,889.72,7932.846,8822.566
2025-12-26,16,897.47,8091.882,8989.352
2025-12-26,17,1036.12,8219.632,9255.752
2025-12-26,18,919.75,8107.654,9027.404
2025-12-26,19,837.022,8103.442,8940.464
2025-12-26,20,877.298,8173.418,9050.716
2025-12-26,21,763.128,8073.084,8836.212
2025-12-26,22,724.486,8004.236,8728.722
2025-12-26,23,752.54,8049.13,8801.67
2025-12-26,24,777.444,8003.464,8780.908
2025-12-26,25,812.122,7942.792,8754.914
2025-12-26,26,765.668,7675.786,8441.454
2025-12-26,27,651.04,7495.866,8146.906
2025-12-26,28,625.682,7546.18,8171.862
2025-12-26,29,658.362,7421.422,8079.784
2025-12-26,30,618.132,7275.704,7893.836
2025-12-26,31,643.384,7365.69,8009.074
2025-12-26,32,681.826,7663.072,8344.898
2025-12-26,33,767.52,7786.76,8554.28
2025-12-26,34,861.224,7781.076,8642.3
2025-12-26,35,893.55,7880.356,8773.906
2025-12-26,36,831.64,8009.822,8841.462
2025-12-26,37,710.628,8062.914,8773.542
2025-12-26,38,656.098,7897.682,8553.78
2025-12-26,39,613.006,7547.618,8160.624
2025-12-26,40,728.418,7218.046,7946.464
2025-12-26,41,690.128,6773.82,7463.948
2025-12-26,42,660.734,6281.528,6942.262
2025-12-26,43,608.978,5857.042,6466.02
2025-12-26,44,560.184,5590.666,6150.85
2025-12-26,45,565.954,5341.63,5907.584
2025-12-26,46,601.322,5355.928,5957.25
2025-12-26,47,669.998,5208.87,5878.868
2025-12-26,48,715.146,5242.84,5957.986
2025-12-27,1,795.694,5446.26,6241.954
2025-12-27,2,893.25,5525.198,6418.448
2025-12-27,3,1089.076,5626.472,6715.548
2025-12-27,4,1209.736,5678.678,6888.414
2025-12-27,5,1163.774,5904.426,7068.2
2025-12-27,6,1241.348,5834.458,7075.806
2025-12-27,7,1361.198,5439.904,6801.102
2025-12-27,8,1622.924,5607.852,7230.776
2025-12-27,9,1897.316,5798.136,7695.452
2025-12-27,10,1808.864,6393.356,8202.22
2025-12-27,11,1684.148,6792.954,8477.102
2025-12-27,12,1609.422,7310.866,8920.288
2025-12-27,13,1679.764,7819.748,9499.512
2025-12-27,14,1907.388,8206.542,10113.93
2025-12-27,15,2066.63,7850.14,9916.77
2025-12-27,16,2001.944,8091.646,10093.59
2025-12-27,17,2454.768,8150.346,10605.114
2025-12-27,18,3056.62,8261.088,11317.708
2025-12-27,19,3371.512,8327.412,11698.924
2025-12-27,20,3353.682,7662.45,11016.132
2025-12-27,21,3217.218,7261.036,10478.254
2025-12-27,22,3100.844,7261.822,10362.666
2025-12-27,23,2862.55,7454.26,10316.81
2025-12-27,24,2628.616,7432.53,10061.146
2025-12-27,25,2531.884,7554.182,10086.066
2025-12-27,26,2529.424,7762.334,10291.758
2025-12-27,27,2754.87,8211.046,10965.916
2025-12-27,28,3044.71,8470.71,11515.42
2025-12-27,29,3049.962,8250.87,11300.832
2025-12-27,30,3010.838,8376.348,11387.186
2025-12-27,31,3023.526,8585.84,11609.366
2025-12-27,32,3104.866,8821.424,11926.29
2025-12-27,33,3240.176,8577.8,11817.976
2025-12-27,34,3323.778,8741.332,12065.11
2025-12-27,35,3235.914,8840.106,12076.02
2025-12-27,36,3318.6,8606.228,11924.828
2025-12-27,37,3547.794,8455.348,12003.142
2025-12-27,38,3610.764,8308.876,11919.64
2025-12-27,39,3585.922,8388.206,11974.128
2025-12-27,40,3448.436,8163.828,11612.264
2025-12-27,41,3332.484,8144.81,11477.294
2025-12-27,42,3054.842,8226.888,11281.73
2025-12-27,43,2678.504,8227.74,10906.244
2025-12-27,44,2542.472,7953.384,10495.856
2025-12-27,45,2400.814,7648.228,10049.042
2025-12-27,46,2211.586,7172.5,9384.086
2025-12-27,47,1987.842,6438.996,8426.838
2025-12-27,48,1689.078,5929.866,7618.944
2025-12-28,1,1569.062,5730.954,7300.016
2025-12-28,2,1566.74,5647.76,7214.5
2025-12-28,3,1448.768,5463.686,6912.454
2025-12-28,4,1307.436,5381.57,6689.006
2025-12-28,5,1092.37,5358.634,6451.004
2025-12-28,6,1014.284,5294.03,6308.314
2025-12-28,7,935.916,5118.22,6054.136
2025-12-28,8,900.446,4731.228,5631.674
2025-12-28,9,804.394,4313.764,5118.158
2025-12-28,10,786.836,3961.798,4748.634
2025-12-28,11,741.884,3688.41,4430.294
2025-12-28,12,683.172,3494.274,4177.446
2025-12-28,13,596.67,3366.76,3963.43
2025-12-28,14,597.014,3265.804,3862.818
2025-12-28,15,576.33,3171.73,3748.06
2025-12-28,16,568.168,3078.958,3647.126
2025-12-28,17,549.216,2945.764,3494.98
2025-12-28,18,548.628,2729.88,3278.508
2025-12-28,19,578.108,2555.2,3133.308
2025-12-28,20,582.498,2545.238,3127.736
2025-12-28,21,559.114,2776.604,3335.718
2025-12-28,22,557.43,2919.508,3476.938
2025-12-28,23,562.268,3125.034,3687.302
2025-12-28,24,599.84,3202.89,3802.73
2025-12-28,25,672.0,3302.026,3974.026
2025-12-28,26,672.89,3378.832,4051.722
2025-12-28,27,706.564,3564.55,4271.114
2025-12-28,28,640.64,3774.828,4415.468
2025-12-28,29,609.124,3905.848,4514.972
2025-12-28,30,583.582,3893.54,4477.122
2025-12-28,31,595.68,3825.328,4421.008
2025-12-28,32,522.0,3591.27,4113.27
2025-12-28,33,488.246,3456.246,3944.492
2025-12-28,34,484.12,3237.854,3721.974
2025-12-28,35,485.862,3073.67,3559.532
2025-12-28,36,508.924,2720.226,3229.15
2025-12-28,37,518.926,2495.392,3014.318
2025-12-28,38,576.734,2302.584,2879.318
2025-12-28,39,528.606,2098.768,2627.374
2025-12-28,40,552.814,1955.708,2508.522
2025-12-28,41,643.114,1804.894,2448.008
2025-12-28,42,673.602,1756.896,2430.498
2025-12-28,43,742.504,1731.584,2474.088
2025-12-28,44,778.0,1751.542,2529.542
2025-12-28,45,804.462,1687.028,2491.49
2025-12-28,46,918.454,1721.244,2639.698
2025-12-28,47,951.094,1863.642,2814.736
2025-12-28,48,948.442,2002.392,2950.834
2025-12-29,1,946.136,2159.59,3105.726
2025-12-29,2,893.49,2298.102,3191.592
2025-12-29,3,889.84,2495.388,3385.228
2025-12-29,4,907.358,2590.01,3497.368
2025-12-29,5,818.894,2705.986,3524.88
2025-12-29,6,768.66,3003.56,3772.22
2025-12-29,7,828.37,3075.228,3903.598
2025-12-29,8,1056.244,3217.13,4273.374
2025-12-29,9,1102.988,3254.742,4357.73
2025-12-29,10,1078.2,3114.906,4193.106
2025-12-29,11,1092.92,3231.386,4324.306
2025-12-29,12,1106.748,3353.396,4460.144
2025-12-29,13,1186.684,3306.178,4492.862
2025-12-29,14,1191.444,3137.07,4328.514
2025-12-29,15,1263.142,3034.624,4297.766
2025-12-29,16,1522.494,2810.948,4333.442
2025-12-29,17,1895.154,2698.074,4593.228
2025-12-29,18,2022.856,2599.046,4621.902
2025-12-29,19,1993.798,2529.418,4523.216
2025-12-29,20,1920.326,2400.304,4320.63
2025-12-29,21,1701.994,2337.72,4039.714
2025-12-29,22,1592.78,2294.498,3887.278
2025-12-29,23,1503.396,2334.33,3837.726
2025-12-29,24,1466.138,2862.812,4328.95
2025-12-29,25,1370.996,3130.464,4501.46
2025-12-29,26,1388.42,3395.396,4783.816
2025-12-29,27,1659.046,3516.312,5175.358
2025-12-29,28,1744.366,4024.976,5769.342
2025-12-29,29,2011.626,4538.796,6550.422
2025-12-29,30,2301.704,4909.73,7211.434
2025-12-29,31,2487.812,5077.274,7565.086
2025-12-29,32,2842.056,4987.78,7829.836
2025-12-29,33,2862.668,4971.756,7834.424
2025-12-29,34,3130.156,4979.246,8109.402
2025-12-29,35,3312.846,5459.816,8772.662
2025-12-29,36,3432.848,5797.098,9229.946
2025-12-29,37,3406.304,5811.792,9218.096
2025-12-29,38,3209.06,5655.344,8864.404
2025-12-29,39,3032.358,6149.904,9182.262
2025-12-29,40,3007.838,6104.572,9112.41
2025-12-29,41,2935.824,6472.564,9408.388
2025-12-29,42,2885.342,6504.308,9389.65
2025-12-29,43,2643.882,6731.348,9375.23
2025-12-29,44,2420.248,6617.45,9037.698
2025-12-29,45,2406.366,7079.174,9485.54
2025-12-29,46,2249.022,7054.41,9303.432
2025-12-29,47,2104.736,7041.312,9146.048
2025-12-29,48,2159.394,6847.38,9006.774
2025-12-30,1,2186.436,6638.2,8824.636
2025-12-30,2,2196.21,6853.298,9049.508
2025-12-30,3,2071.392,6968.042,9039.434
2025-12-30,4,1967.44,7021.14,8988.58
2025-12-30,5,1972.006,7068.848,9040.854
2025-12-30,6,1962.284,7278.486,9240.77
2025-12-30,7,1919.28,7142.178,9061.458
2025-12-30,8,1886.724,6785.344,8672.068
2025-12-30,9,1754.902,6337.188,8092.09
2025-12-30,10,2095.758,6348.56,8444.318
2025-12-30,11,2058.2,6264.136,8322.336
2025-12-30,12,2038.614,6254.73,8293.344
2025-12-30,13,1857.26,6091.994,7949.254
2025-12-30,14,1642.058,5867.734,7509.792
2025-12-30,15,1479.73,5451.154,6930.884
2025-12-30,16,1470.864,5324.574,6795.438
2025-12-30,17,1313.51,5140.38,6453.89
2025-12-30,18,1416.93,4879.706,6296.636
2025-12-30,19,1325.614,4642.488,5968.102
2025-12-30,20,1265.834,4469.63,5735.464
2025-12-30,21,1222.204,3993.216,5215.42
2025-12-30,22,1228.232,3831.83,5060.062
2025-12-30,23,1313.866,3365.772,4679.638
2025-12-30,24,1436.334,2683.926,4120.26
2025-12-30,25,1602.742,2999.342,4602.084
2025-12-30,26,1699.54,2892.624,4592.164
2025-12-30,27,1740.492,2899.478,4639.97
2025-12-30,28,1818.336,3043.764,4862.1
2025-12-30,29,1901.024,2969.43,4870.454
2025-12-30,30,1931.564,3570.838,5502.402
2025-12-30,31,2035.266,3749.572,5784.838
2025-12-30,32,2133.858,3820.964,5954.822
2025-12-30,33,2233.39,3349.868,5583.258
2025-12-30,34,2363.076,3813.924,6177.0
2025-12-30,35,2456.99,3501.29,5958.28
2025-12-30,36,2645.02,3836.108,6481.128
2025-12-30,37,2909.056,3825.824,6734.88
2025-12-30,38,2927.294,4021.648,6948.942
2025-12-30,39,2989.612,3820.074,6809.686
2025-12-30,40,2960.79,4125.438,7086.228
2025-12-30,41,2999.778,4047.736,7047.514
2025-12-30,42,3173.408,3902.502,7075.91
2025-12-30,43,3288.074,3814.154,7102.228
2025-12-30,44,3450.896,3924.826,7375.722
2025-12-30,45,3841.39,3561.788,7403.178
2025-12-30,46,4150.294,3358.61,7508.904
2025-12-30,47,4393.73,3119.974,7513.704
2025-12-30,48,4578.89,3058.994,7637.884
2025-12-31,1,4824.316,2944.418,7768.734
2025-12-31,2,5014.46,3274.036,8288.496
2025-12-31,3,5172.914,3732.568,8905.482
2025-12-31,4,5072.98,3825.398,8898.378
2025-12-31,5,5037.614,4221.97,9259.584
2025-12-31,6,5120.46,4505.944,9626.404
2025-12-31,7,5060.726,4878.264,9938.99
2025-12-31,8,4742.502,5399.798,10142.3
2025-12-31,9,4760.03,5665.574,10425.604
2025-12-31,10,4804.658,5507.972,10312.63
2025-12-31,11,4790.766,5671.982,10462.748
2025-12-31,12,4732.24,5698.454,10430.694
2025-12-31,13,4757.414,5469.278,10226.692
2025-12-31,14,4925.62,5256.31,10181.93
2025-12-31,15,5135.684,4988.514,10124.198
2025-12-31,16,5216.162,4872.504,10088.666
2025-12-31,17,5429.46,4756.66,10186.12
2025-12-31,18,5604.416,4852.638,10457.054
2025-12-31,19,5868.152,5042.022,10910.174
2025-12-31,20,5768.578,5001.162,10769.74
2025-12-31,21,5738.414,4656.526,10394.94
2025-12-31,22,5798.694,4437.686,10236.38
2025-12-31,23,5880.324,4589.01,10469.334
2025-12-31,24,5991.876,4937.974,10929.85
2025-12-31,25,5990.832,5293.394,11284.226
2025-12-31,26,5900.002,5550.926,11450.928
2025-12-31,27,5872.85,5850.176,11723.026
2025-12-31,28,5596.358,5872.872,11469.23
2025-12-31,29,5585.31,6094.492,11679.802
2025-12-31,30,5578.76,6592.522,12171.282
2025-12-31,31,5551.618,7078.58,12630.198
2025-12-31,32,5395.592,7362.006,12757.598
2025-12-31,33,5406.394,7816.29,13222.684
2025-12-31,34,5421.208,8320.386,13741.594
2025-12-31,35,5349.24,8846.078,14195.318
2025-12-31,36,5253.994,9173.038,14427.032
2025-12-31,37,5072.744,9379.202,14451.946
2025-12-31,38,4945.768,9498.842,14444.61
2025-12-31,39,4615.334,9763.472,14378.806
2025-12-31,40,4264.73,9976.568,14241.298
2025-12-31,41,3757.424,10076.008,13833.432
2025-12-31,42,3501.512,10167.304,13668.816
2025-12-31,43,3311.648,10246.59,13558.238
2025-12-31,44,3154.838,10416.2,13571.038
2025-12-31,45,3170.642,10578.292,13748.934
2025-12-31,46,3150.856,10623.916,13774.772
2025-12-31,47,3130.628,10647.406,13778.034
2025-12-31,48,3110.108,10608.916,13719.024
2026-01-01,1,3192.22,10549.772,13741.992
2026-01-01,2,3179.93,10678.768,13858.698
2026-01-01,3,3218.582,10803.78,14022.362
2026-01-01,4,3262.394,10800.366,14062.76
2026-01-01,5,3395.516,10775.182,14170.698
2026-01-01,6,3674.046,10887.118,14561.164
2026-01-01,7,3965.612,10962.352,14927.964
2026-01-01,8,4351.374,10898.28,15249.654
2026-01-01,9,4456.956,10832.978,15289.934
2026-01-01,10,4499.288,10883.118,15382.406
2026-01-01,11,4527.436,10900.31,15427.746
2026-01-01,12,4486.42,10863.692,15350.112
2026-01-01,13,4405.928,10943.064,15348.992
2026-01-01,14,4473.026,10958.63,15431.656
2026-01-01,15,4659.874,10674.45,15334.324
2026-01-01,16,4769.5,10570.574,15340.074
2026-01-01,17,4884.53,10697.054,15581.584
2026-01-01,18,4923.592,10665.88,15589.472
2026-01-01,19,4848.506,10693.048,15541.554
2026-01-01,20,4850.384,10651.186,15501.57
2026-01-01,21,5006.046,10770.45,15776.496
2026-01-01,22,5199.284,10845.998,16045.282
2026-01-01,23,5405.792,10825.826,16231.618
2026-01-01,24,5489.822,10849.14,16338.962
2026-01-01,25,5543.824,10850.598,16394.422
2026-01-01,26,5484.868,10755.228,16240.096
2026-01-01,27,5415.004,10762.344,16177.348
2026-01-01,28,5416.836,10700.786,16117.622
2026-01-01,29,5339.396,10710.308,16049.704
2026-01-01,30,5125.256,10651.804,15777.06
2026-01-01,31,4566.386,10676.608,15242.994
2026-01-01,32,4408.424,10667.264,15075.688
2026-01-01,33,4473.804,10713.606,15187.41
2026-01-01,34,4428.246,10745.248,15173.494
2026-01-01,35,4306.942,10818.982,15125.924
2026-01-01,36,4371.112,10711.012,15082.124
2026-01-01,37,4554.218,10702.59,15256.808
2026-01-01,38,4720.83,10755.422,15476.252
2026-01-01,39,4642.014,10728.612,15370.626
2026-01-01,40,4806.698,10734.938,15541.636
2026-01-01,41,4592.656,10714.066,15306.722
2026-01-01,42,4443.872,10716.766,15160.638
2026-01-01,43,4863.492,10690.392,15553.884
2026-01-01,44,4909.976,10681.052,15591.028
2026-01-01,45,4906.642,10711.722,15618.364
2026-01-01,46,5027.97,10502.634,15530.604
2026-01-01,47,5111.434,10456.128,15567.562
2026-01-01,48,5084.638,10442.144,15526.782
2026-01-02,1,5026.138,10188.886,15215.024
2026-01-02,2,5117.874,10373.716,15491.59
2026-01-02,3,5114.448,10473.276,15587.724
2026-01-02,4,5102.448,10649.746,15752.194
2026-01-02,5,5067.012,10727.732,15794.744
2026-01-02,6,5135.052,10797.332,15932.384
2026-01-02,7,5198.17,10885.146,16083.316
2026-01-02,8,5228.042,10883.164,16111.206
2026-01-02,9,5182.046,10854.024,16036.07
2026-01-02,10,5177.194,10882.134,16059.328
2026-01-02,11,5022.558,10871.616,15894.174
2026-01-02,12,4986.346,10883.704,15870.05
2026-01-02,13,4627.534,10696.104,15323.638
2026-01-02,14,4442.66,10532.772,14975.432
2026-01-02,15,4478.296,10641.118,15119.414
2026-01-02,16,4504.946,10548.382,15053.328
2026-01-02,17,5054.298,10534.238,15588.536
2026-01-02,18,5298.03,10432.736,15730.766
2026-01-02,19,5234.046,10506.036,15740.082
2026-01-02,20,4662.286,10679.884,15342.17
2026-01-02,21,4905.19,10487.108,15392.298
2026-01-02,22,5092.534,10231.064,15323.598
2026-01-02,23,5540.062,9944.94,15485.002
2026-01-02,24,5368.934,10073.048,15441.982
2026-01-02,25,5332.074,9689.092,15021.166
2026-01-02,26,4843.672,9646.256,14489.928
2026-01-02,27,5429.852,10126.224,15556.076
2026-01-02,28,5649.054,9458.788,15107.842
2026-01-02,29,6116.044,9087.328,15203.372
2026-01-02,30,5774.69,10012.076,15786.766
2026-01-02,31,6263.518,9726.098,15989.616
2026-01-02,32,6100.206,9030.474,15130.68
2026-01-02,33,6005.038,8511.808,14516.846
2026-01-02,34,6142.134,8507.526,14649.66
2026-01-02,35,6210.558,8730.826,14941.384
2026-01-02,36,6267.396,8675.18,14942.576
2026-01-02,37,6085.114,8538.784,14623.898
2026-01-02,38,5909.242,8390.478,14299.72
2026-01-02,39,5769.966,8871.328,14641.294
2026-01-02,40,5647.216,9018.07,14665.286
2026-01-02,41,5538.324,8790.272,14328.596
2026-01-02,42,5390.938,8813.218,14204.156
2026-01-02,43,5056.464,9590.932,14647.396
2026-01-02,44,4673.628,9711.382,14385.01
2026-01-02,45,4388.822,9561.476,13950.298
2026-01-02,46,4243.052,9729.324,13972.376
2026-01-02,47,4208.082,9918.906,14126.988
2026-01-02,48,4345.046,9848.384,14193.43
2026-01-03,1,4499.764,9873.276,14373.04
2026-01-03,2,4474.158,10148.786,14622.944
2026-01-03,3,4373.954,10279.428,14653.382
2026-01-03,4,4367.694,10378.312,14746.006
2026-01-03,5,4441.358,10230.764,14672.122
2026-01-03,6,4514.664,10157.934,14672.598
2026-01-03,7,4374.38,10416.546,14790.926
2026-01-03,8,4450.888,10570.478,15021.366
2026-01-03,9,4485.972,10519.152,15005.124
2026-01-03,10,4497.742,10550.524,15048.266
2026-01-03,11,4816.308,10611.576,15427.884
2026-01-03,12,4799.31,10123.01,14922.32
2026-01-03,13,4918.05,10562.996,15481.046
2026-01-03,14,5107.714,10275.768,15383.482
2026-01-03,15,4922.908,10251.562,15174.47
2026-01-03,16,4701.248,10544.692,15245.94
2026-01-03,17,4682.728,10491.572,15174.3
2026-01-03,18,4828.586,10377.584,15206.17
2026-01-03,19,4877.984,10298.6,15176.584
2026-01-03,20,4899.682,10286.53,15186.212
2026-01-03,21,5319.604,10511.156,15830.76
2026-01-03,22,5594.122,10318.508,15912.63
2026-01-03,23,5664.578,10003.294,15667.872
2026-01-03,24,5881.324,10122.28,16003.604
2026-01-03,25,6048.596,9503.534,15552.13
2026-01-03,26,5831.792,9576.85,15408.642
2026-01-03,27,5721.154,9694.818,15415.972
2026-01-03,28,5718.528,9615.074,15333.602
2026-01-03,29,5647.974,9371.72,15019.694
2026-01-03,30,5645.804,9422.28,15068.084
2026-01-03,31,5860.712,9927.754,15788.466
2026-01-03,32,5948.336,9845.256,15793.592
2026-01-03,33,5980.626,9850.722,15831.348
2026-01-03,34,5845.496,9747.04,15592.536
2026-01-03,35,5841.562,9676.936,15518.498
2026-01-03,36,5775.156,9586.786,15361.942
2026-01-03,37,5838.426,9734.076,15572.502
2026-01-03,38,5952.738,9623.03,15575.768
2026-01-03,39,5791.584,9473.496,15265.08
2026-01-03,40,5773.676,9089.384,14863.06
2026-01-03,41,5537.026,9546.39,15083.416
2026-01-03,42,5541.712,9418.002,14959.714
2026-01-03,43,5503.802,9156.296,14660.098
2026-01-03,44,5427.87,9726.466,15154.336
2026-01-03,45,5346.312,10079.16,15425.472
2026-01-03,46,5325.258,10003.958,15329.216
2026-01-03,47,5295.376,10013.152,15308.528
2026-01-03,48,5165.78,10117.09,15282.87
2026-01-04,1,5035.128,9931.466,14966.594
2026-01-04,2,5046.286,9964.028,15010.314
2026-01-04,3,5037.49,9835.95,14873.44
2026-01-04,4,5195.94,9786.222,14982.162
2026-01-04,5,5207.568,9665.022,14872.59
2026-01-04,6,5175.816,9545.548,14721.364
2026-01-04,7,5115.52,9487.514,14603.034
2026-01-04,8,5116.256,9304.486,14420.742
2026-01-04,9,5274.348,9168.47,14442.818
2026-01-04,10,5377.938,9081.696,14459.634
2026-01-04,11,5494.052,9025.944,14519.996
2026-01-04,12,5445.112,8994.952,14440.064
2026-01-04,13,5259.308,8939.854,14199.162
2026-01-04,14,5183.4,8984.594,14167.994
2026-01-04,15,5206.448,8799.712,14006.16
2026-01-04,16,5204.502,8685.474,13889.976
2026-01-04,17,5257.846,8526.076,13783.922
2026-01-04,18,5412.134,8476.802,13888.936
2026-01-04,19,5251.31,8606.396,13857.706
2026-01-04,20,5031.27,8489.73,13521.0
2026-01-04,21,5101.218,8547.572,13648.79
2026-01-04,22,5159.802,8592.724,13752.526
2026-01-04,23,4983.2,8519.652,13502.852
2026-01-04,24,5123.562,8400.554,13524.116
2026-01-04,25,5270.39,8423.282,13693.672
2026-01-04,26,5193.364,8377.762,13571.126
2026-01-04,27,5223.716,8233.442,13457.158
2026-01-04,28,5241.714,8061.43,13303.144
2026-01-04,29,5142.632,8139.978,13282.61
2026-01-04,30,5071.008,7941.744,13012.752
2026-01-04,31,4872.33,7756.274,12628.604
2026-01-04,32,5227.828,7500.068,12727.896
2026-01-04,33,5342.13,7350.3,12692.43
2026-01-04,34,5141.602,7234.706,12376.308
2026-01-04,35,4769.706,7123.026,11892.732
2026-01-04,36,4737.108,7368.974,12106.082
2026-01-04,37,4607.256,7448.386,12055.642
2026-01-04,38,4695.394,7238.196,11933.59
2026-01-04,39,5075.494,7413.2,12488.694
2026-01-04,40,5072.612,7435.964,12508.576
2026-01-04,41,5013.924,7344.298,12358.222
2026-01-04,42,4837.096,7164.54,12001.636
2026-01-04,43,4933.198,6939.742,11872.94
2026-01-04,44,4876.016,6921.904,11797.92
2026-01-04,45,4723.872,7038.698,11762.57
2026-01-04,46,4797.682,6968.194,11765.876
2026-01-04,47,4669.224,6618.92,11288.144
2026-01-04,48,4554.026,6255.876,10809.902
2026-01-05,1,4416.94,6151.002,10567.942
2026-01-05,2,4413.602,6248.074,10661.676
2026-01-05,3,4454.388,6255.48,10709.868
2026-01-05,4,4432.268,6116.196,10548.464
2026-01-05,5,4190.626,6038.788,10229.414
2026-01-05,6,4081.854,6163.708,10245.562
2026-01-05,7,3977.324,6463.982,10441.306
2026-01-05,8,3992.83,6483.938,10476.768
2026-01-05,9,3847.35,6617.754,10465.104
2026-01-05,10,3662.306,6647.916,10310.222
2026-01-05,11,3666.274,6681.058,10347.332
2026-01-05,12,4142.216,6717.076,10859.292
2026-01-05,13,4190.678,6581.32,10771.998
2026-01-05,14,4399.622,6158.28,10557.902
2026-01-05,15,4515.574,5435.542,9951.116
2026-01-05,16,4179.496,4994.372,9173.868
2026-01-05,17,3999.78,5554.812,9554.592
2026-01-05,18,3770.46,5454.196,9224.656
2026-01-05,19,3933.67,5630.168,9563.838
2026-01-05,20,4121.326,5542.098,9663.424
2026-01-05,21,4018.866,5601.312,9620.178
2026-01-05,22,3402.784,6516.466,9919.25
2026-01-05,23,2764.496,7584.232,10348.728
2026-01-05,24,2453.818,7849.452,10303.27
2026-01-05,25,2345.368,8204.158,10549.526
2026-01-05,26,2439.772,8071.736,10511.508
2026-01-05,27,2546.788,7993.238,10540.026
2026-01-05,28,2659.266,7839.04,10498.306
2026-01-05,29,2472.176,7657.96,10130.136
2026-01-05,30,2488.582,7261.066,9749.648
2026-01-05,31,2793.714,7087.838,9881.552
2026-01-05,32,2886.706,7003.15,9889.856
2026-01-05,33,2733.81,6549.63,9283.44
2026-01-05,34,2897.64,6963.588,9861.228
2026-01-05,35,3231.994,6353.936,9585.93
2026-01-05,36,3326.042,5723.672,9049.714
2026-01-05,37,2984.356,5453.88,8438.236
2026-01-05,38,2781.634,5412.192,8193.826
2026-01-05,39,2938.916,5090.786,8029.702
2026-01-05,40,2827.942,5001.824,7829.766
2026-01-05,41,2636.992,5397.99,8034.982
2026-01-05,42,2529.662,5463.218,7992.88
2026-01-05,43,2535.94,5389.386,7925.326
2026-01-05,44,2178.132,4875.274,7053.406
2026-01-05,45,1955.31,4687.242,6642.552
2026-01-05,46,1907.63,4353.05,6260.68
2026-01-05,47,1731.198,4373.77,6104.968
2026-01-05,48,1508.874,4590.608,6099.482
2026-01-06,1,1319.164,4424.72,5743.884
2026-01-06,2,1223.226,4455.172,5678.398
2026-01-06,3,1113.514,4265.418,5378.932
2026-01-06,4,1022.93,3625.538,4648.468
2026-01-06,5,898.818,3367.64,4266.458
2026-01-06,6,787.476,3045.79,3833.266
2026-01-06,7,785.5,2590.738,3376.238
2026-01-06,8,841.622,2998.88,3840.502
2026-01-06,9,970.584,3431.018,4401.602
2026-01-06,10,1164.556,3313.604,4478.16
2026-01-06,11,1322.928,3013.776,4336.704
2026-01-06,12,1582.024,3220.29,4802.314
2026-01-06,13,1752.358,3551.19,5303.548
2026-01-06,14,1891.756,3663.24,5554.996
2026-01-06,15,2051.622,3586.726,5638.348
2026-01-06,16,2188.988,3317.102,5506.09
2026-01-06,17,2702.952,3149.616,5852.568
2026-01-06,18,2957.088,3191.242,6148.33
2026-01-06,19,3119.372,3147.572,6266.944
2026-01-06,20,3102.568,3285.62,6388.188
2026-01-06,21,3118.986,3518.552,6637.538
2026-01-06,22,2951.864,3931.094,6882.958
2026-01-06,23,2861.136,4374.17,7235.306
2026-01-06,24,3411.704,4850.116,8261.82
2026-01-06,25,4135.742,5072.046,9207.788
2026-01-06,26,4432.068,5329.624,9761.692
2026-01-06,27,4658.276,5544.574,10202.85
2026-01-06,28,4517.546,5865.392,10382.938
2026-01-06,29,4409.208,6034.372,10443.58
2026-01-06,30,4497.644,6094.864,10592.508
2026-01-06,31,4564.412,6475.458,11039.87
2026-01-06,32,4709.838,6827.38,11537.218
2026-01-06,33,5111.224,7090.81,12202.034
2026-01-06,34,5240.072,7439.954,12680.026
2026-01-06,35,5508.554,7682.932,13191.486
2026-01-06,36,5520.604,8116.264,13636.868
2026-01-06,37,5401.01,8703.542,14104.552
2026-01-06,38,5456.314,9212.23,14668.544
2026-01-06,39,5322.812,9768.67,15091.482
2026-01-06,40,5274.91,10336.938,15611.848
2026-01-06,41,5431.86,10486.164,15918.024
2026-01-06,42,5380.082,10581.906,15961.988
2026-01-06,43,5824.126,10681.902,16506.028
2026-01-06,44,6024.304,10727.332,16751.636
2026-01-06,45,5594.676,10779.168,16373.844
2026-01-06,46,5433.664,10863.278,16296.942
2026-01-06,47,4537.734,10897.4,15435.134
2026-01-06,48,4288.738,10904.934,15193.672
2026-01-07,1,3916.022,10829.682,14745.704
2026-01-07,2,4010.46,10757.612,14768.072
2026-01-07,3,4053.992,10799.914,14853.906
2026-01-07,4,4148.84,10769.86,14918.7
2026-01-07,5,4096.984,10736.658,14833.642
2026-01-07,6,4024.982,10810.864,14835.846
2026-01-07,7,3951.204,10749.342,14700.546
2026-01-07,8,3937.552,10607.824,14545.376
2026-01-07,9,4058.958,10491.056,14550.014
2026-01-07,10,4235.35,10367.398,14602.748
2026-01-07,11,4194.676,9668.33,13863.006
2026-01-07,12,4032.022,9364.112,13396.134
2026-01-07,13,4089.556,9060.098,13149.654
2026-01-07,14,4142.73,8767.842,12910.572
2026-01-07,15,4211.756,9009.724,13221.48
2026-01-07,16,4523.492,9344.212,13867.704
2026-01-07,17,4932.746,9468.216,14400.962
2026-01-07,18,5521.396,9587.364,15108.76
2026-01-07,19,5611.502,9599.124,15210.626
2026-01-07,20,5578.09,9624.128,15202.218
2026-01-07,21,5281.172,9623.44,14904.612
2026-01-07,22,5033.9,9631.408,14665.308
2026-01-07,23,4520.07,9863.142,14383.212
2026-01-07,24,3967.134,10062.624,14029.758
2026-01-07,25,3475.746,10168.642,13644.388
2026-01-07,26,2561.546,10280.632,12842.178
2026-01-07,27,2067.496,10401.242,12468.738
2026-01-07,28,1855.8,10282.418,12138.218
2026-01-07,29,1679.754,10266.548,11946.302
2026-01-07,30,1686.998,10194.592,11881.59
2026-01-07,31,1342.614,10204.858,11547.472
2026-01-07,32,1199.796,9957.656,11157.452
2026-01-07,33,1373.7,9732.706,11106.406
2026-01-07,34,1640.15,9417.998,11058.148
2026-01-07,35,1737.102,9425.254,11162.356
2026-01-07,36,1605.308,9099.434,10704.742
2026-01-07,37,1751.598,8813.546,10565.144
2026-01-07,38,1655.928,8307.432,9963.36
2026-01-07,39,1521.102,7895.634,9416.736
2026-01-07,40,1497.932,7601.732,9099.664
2026-01-07,41,1310.818,7401.984,8712.802
2026-01-07,42,1099.336,7010.05,8109.386
2026-01-07,43,1032.098,6512.508,7544.606
2026-01-07,44,928.37,6339.342,7267.712
2026-01-07,45,794.27,6063.454,6857.724
2026-01-07,46,565.232,5745.036,6310.268
2026-01-07,47,431.706,5459.438,5891.144
2026-01-07,48,417.002,5273.428,5690.43
2026-01-08,1,401.152,4646.944,5048.096
2026-01-08,2,402.642,4451.126,4853.768
2026-01-08,3,429.86,3843.362,4273.222
2026-01-08,4,387.266,3183.554,3570.82
2026-01-08,5,378.532,2656.654,3035.186
2026-01-08,6,374.496,2389.846,2764.342
2026-01-08,7,362.816,2019.066,2381.882
2026-01-08,8,355.97,1865.336,2221.306
2026-01-08,9,404.99,1908.268,2313.258
2026-01-08,10,438.512,1817.094,2255.606
2026-01-08,11,490.768,1788.13,2278.898
2026-01-08,12,539.808,1619.54,2159.348
2026-01-08,13,619.75,1380.432,2000.182
2026-01-08,14,725.326,1011.812,1737.138
2026-01-08,15,922.288,895.064,1817.352
2026-01-08,16,1033.972,849.416,1883.388
2026-01-08,17,1052.592,849.88,1902.472
2026-01-08,18,1070.67,834.476,1905.146
2026-01-08,19,1330.702,813.81,2144.512
2026-01-08,20,1429.014,810.1,2239.114
2026-01-08,21,1382.846,708.378,2091.224
2026-01-08,22,1418.764,535.948,1954.712
2026-01-08,23,1343.652,451.544,1795.196
2026-01-08,24,1274.004,417.26,1691.264
2026-01-08,25,1242.946,410.324,1653.27
2026-01-08,26,1096.77,524.498,1621.268
2026-01-08,27,1095.01,625.514,1720.524
2026-01-08,28,1108.298,745.356,1853.654
2026-01-08,29,1071.058,941.664,2012.722
2026-01-08,30,979.126,1190.402,2169.528
2026-01-08,31,984.942,1525.306,2510.248
2026-01-08,32,932.114,2207.182,3139.296
2026-01-08,33,862.33,3010.056,3872.386
2026-01-08,34,819.324,3787.116,4606.44
2026-01-08,35,817.38,4763.542,5580.922
2026-01-08,36,777.282,5893.89,6671.172
2026-01-08,37,779.81,7151.322,7931.132
2026-01-08,38,772.578,8343.508,9116.086
2026-01-08,39,802.896,9009.434,9812.33
2026-01-08,40,828.738,9305.866,10134.604
2026-01-08,41,800.08,9743.208,10543.288
2026-01-08,42,774.478,9859.046,10633.524
2026-01-08,43,802.298,9753.18,10555.478
2026-01-08,44,774.992,9422.7,10197.692
2026-01-08,45,809.702,9084.556,9894.258
2026-01-08,46,869.972,9005.562,9875.534
2026-01-08,47,851.606,8889.728,9741.334
2026-01-08,48,893.486,8280.398,9173.884
2026-01-09,1,923.478,8243.328,9166.806
2026-01-09,2,902.35,8647.338,9549.688
2026-01-09,3,872.608,8767.462,9640.07
2026-01-09,4,1090.052,8719.252,9809.304
2026-01-09,5,1052.986,9172.742,10225.728
2026-01-09,6,1007.698,9449.34,10457.038
2026-01-09,7,983.502,9166.012,10149.514
2026-01-09,8,986.612,8661.14,9647.752
2026-01-09,9,994.674,8478.058,9472.732
2026-01-09,10,873.416,8578.548,9451.964
2026-01-09,11,793.564,8669.918,9463.482
2026-01-09,12,697.532,8972.416,9669.948
2026-01-09,13,730.794,8972.114,9702.908
2026-01-09,14,867.218,8785.932,9653.15
2026-01-09,15,1141.536,8840.046,9981.582
2026-01-09,16,1230.302,8839.804,10070.106
2026-01-09,17,1179.032,9033.762,10212.794
2026-01-09,18,1320.434,9086.414,10406.848
2026-01-09,19,1679.858,9298.468,10978.326
2026-01-09,20,1647.65,9550.716,11198.366
2026-01-09,21,1576.516,9732.936,11309.452
2026-01-09,22,1579.81,9716.562,11296.372
2026-01-09,23,1690.534,9712.122,11402.656
2026-01-09,24,1729.834,9502.912,11232.746
2026-01-09,25,1838.102,9508.438,11346.54
2026-01-09,26,1698.188,9549.32,11247.508
2026-01-09,27,1696.132,9277.106,10973.238
2026-01-09,28,1690.334,9059.764,10750.098
2026-01-09,29,2062.794,8935.108,10997.902
2026-01-09,30,2104.116,8595.074,10699.19
2026-01-09,31,2172.804,8510.038,10682.842
2026-01-09,32,2234.474,8461.844,10696.318
2026-01-09,33,2183.512,8462.708,10646.22
2026-01-09,34,2409.86,8386.322,10796.182
2026-01-09,35,2430.296,8360.306,10790.602
2026-01-09,36,2655.068,8352.444,11007.512
2026-01-09,37,2666.722,8364.398,11031.12
2026-01-09,38,2877.878,8329.468,11207.346
2026-01-09,39,3047.788,8296.602,11344.39
2026-01-09,40,3304.258,8290.538,11594.796
2026-01-09,41,3379.722,8318.856,11698.578
2026-01-09,42,3355.476,8319.718,11675.194
2026-01-09,43,3519.834,8353.53,11873.364
2026-01-09,44,3594.076,8426.39,12020.466
2026-01-09,45,3336.87,8483.154,11820.024
2026-01-09,46,3341.238,8421.424,11762.662
2026-01-09,47,3405.41,8301.972,11707.382
2026-01-09,48,3144.692,8171.384,11316.076
2026-01-10,1,3126.732,8157.556,11284.288
2026-01-10,2,3219.226,8030.36,11249.586
2026-01-10,3,3233.76,7723.95,10957.71
2026-01-10,4,3350.376,7459.994,10810.37
2026-01-10,5,3415.5,7060.552,10476.052
2026-01-10,6,3396.968,6975.956,10372.924
2026-01-10,7,3385.47,6729.254,10114.724
2026-01-10,8,3514.438,6693.352,10207.79
2026-01-10,9,3486.642,6489.306,9975.948
2026-01-10,10,3460.37,6093.618,9553.988
2026-01-10,11,3539.238,5612.18,9151.418
2026-01-10,12,3644.882,5424.972,9069.854
2026-01-10,13,3541.85,5462.524,9004.374
2026-01-10,14,3545.536,5387.098,8932.634
2026-01-10,15,3603.018,5394.504,8997.522
2026-01-10,16,3660.026,5157.32,8817.346
2026-01-10,17,3786.312,4873.53,8659.842
2026-01-10,18,4195.042,4403.804,8598.846
2026-01-10,19,4304.398,4004.146,8308.544
2026-01-10,20,4278.286,3817.822,8096.108
2026-01-10,21,4408.82,3696.596,8105.416
2026-01-10,22,4456.124,3565.91,8022.034
2026-01-10,23,4488.334,3239.378,7727.712
2026-01-10,24,4496.414,3172.314,7668.728
2026-01-10,25,4538.676,3228.988,7767.664
2026-01-10,26,4683.548,3303.932,7987.48
2026-01-10,27,4767.66,3361.198,8128.858
2026-01-10,28,4832.146,3297.268,8129.414
2026-01-10,29,4798.84,3226.632,8025.472
2026-01-10,30,4802.794,3286.602,8089.396
2026-01-10,31,4723.688,3374.712,8098.4
2026-01-10,32,4720.9,3312.492,8033.392
2026-01-10,33,4960.654,3252.17,8212.824
2026-01-10,34,5198.832,2911.822,8110.654
2026-01-10,35,5310.046,2628.28,7938.326
2026-01-10,36,5415.334,2736.282,8151.616
2026-01-10,37,5596.768,2997.446,8594.214
2026-01-10,38,5664.392,3010.192,8674.584
2026-01-10,39,5719.586,2941.3,8660.886
2026-01-10,40,5597.532,3009.296,8606.828
2026-01-10,41,5381.236,3098.224,8479.46
2026-01-10,42,5237.462,3270.14,8507.602
2026-01-10,43,4371.734,3600.132,7971.866
2026-01-10,44,4331.072,3792.05,8123.122
2026-01-10,45,4455.962,3708.63,8164.592
2026-01-10,46,4364.072,3814.424,8178.496
2026-01-10,47,4042.438,4035.224,8077.662
2026-01-10,48,3857.312,4184.704,8042.016
2026-01-11,1,3734.504,4460.236,8194.74
2026-01-11,2,3548.202,4668.144,8216.346
2026-01-11,3,3382.632,4866.938,8249.57
2026-01-11,4,3298.548,5209.116,8507.664
2026-01-11,5,3292.266,5550.434,8842.7
2026-01-11,6,3331.874,5957.27,9289.144
2026-01-11,7,3325.954,6490.106,9816.06
2026-01-11,8,3544.218,7032.876,10577.094
2026-01-11,9,3636.75,7277.864,10914.614
2026-01-11,10,3641.168,7544.212,11185.38
2026-01-11,11,3610.632,7837.058,11447.69
2026-01-11,12,3790.872,8027.406,11818.278
2026-01-11,13,3947.776,8187.426,12135.202
2026-01-11,14,3946.814,8319.456,12266.27
2026-01-11,15,3945.33,8465.398,12410.728
2026-01-11,16,3933.214,8921.032,12854.246
2026-01-11,17,3935.284,9559.808,13495.092
2026-01-11,18,3951.846,9680.696,13632.542
2026-01-11,19,4100.266,9876.84,13977.106
2026-01-11,20,4350.664,10183.968,14534.632
2026-01-11,21,4573.698,10206.934,14780.632
2026-01-11,22,4629.394,10370.256,14999.65
2026-01-11,23,4850.12,10574.2,15424.32
2026-01-11,24,5042.334,10480.316,15522.65
2026-01-11,25,5004.616,10387.458,15392.074
2026-01-11,26,4987.268,10400.528,15387.796
2026-01-11,27,4986.832,10650.326,15637.158
2026-01-11,28,4993.39,10713.146,15706.536
2026-01-11,29,5049.272,10763.65,15812.922
2026-01-11,30,5173.202,10836.282,16009.484
2026-01-11,31,5074.9,10881.152,15956.052
2026-01-11,32,4879.606,10877.154,15756.76
2026-01-11,33,4861.114,10884.802,15745.916
2026-01-11,34,5036.564,10816.246,15852.81
2026-01-11,35,5027.12,10854.512,15881.632
2026-01-11,36,5034.276,10815.462,15849.738
2026-01-11,37,5154.02,10809.688,15963.708
2026-01-11,38,5232.118,10750.61,15982.728
2026-01-11,39,4858.966,10737.58,15596.546
2026-01-11,40,4556.114,10717.072,15273.186
2026-01-11,41,4291.844,10622.152,14913.996
2026-01-11,42,3833.832,10603.312,14437.144
2026-01-11,43,3713.91,10764.382,14478.292
2026-01-11,44,3587.66,10829.816,14417.476
2026-01-11,45,3593.212,10892.124,14485.336
2026-01-11,46,3593.152,10889.882,14483.034
2026-01-11,47,3498.738,10885.69,14384.428
2026-01-11,48,2960.054,10878.764,13838.818
2026-01-12,1,3008.842,10936.37,13945.212
2026-01-12,2,3227.878,10873.374,14101.252
2026-01-12,3,3171.98,10869.29,14041.27
2026-01-12,4,3198.1,10889.288,14087.388
2026-01-12,5,3221.614,10892.994,14114.608
2026-01-12,6,3245.412,10863.586,14108.998
2026-01-12,7,3332.714,10829.746,14162.46
2026-01-12,8,3347.486,10799.068,14146.554
2026-01-12,9,3395.434,10788.402,14183.836
2026-01-12,10,3520.17,10727.198,14247.368
2026-01-12,11,3388.702,10693.52,14082.222
2026-01-12,12,3275.018,10668.922,13943.94
2026-01-12,13,3408.968,10571.458,13980.426
2026-01-12,14,3515.398,10564.018,14079.416
2026-01-12,15,3921.766,10505.626,14427.392
2026-01-12,16,4176.444,10435.32,14611.764
2026-01-12,17,4442.946,10239.87,14682.816
2026-01-12,18,4733.072,10141.202,14874.274
2026-01-12,19,4982.26,9992.11,14974.37
2026-01-12,20,4750.974,10004.41,14755.384
2026-01-12,21,4673.708,10004.798,14678.506
2026-01-12,22,4809.044,10179.144,14988.188
2026-01-12,23,4487.472,10191.226,14678.698
2026-01-12,24,4705.72,9977.138,14682.858
2026-01-12,25,4686.804,9833.502,14520.306
2026-01-12,26,4621.904,9850.158,14472.062
2026-01-12,27,4540.09,9574.314,14114.404
2026-01-12,28,4491.784,9629.92,14121.704
2026-01-12,29,4411.438,9933.224,14344.662
2026-01-12,30,4252.74,9976.678,14229.418
2026-01-12,31,4246.162,9884.11,14130.272
2026-01-12,32,4266.662,10025.95,14292.612
2026-01-12,33,4259.662,10053.654,14313.316
2026-01-12,34,4556.482,10151.736,14708.218
2026-01-12,35,4500.13,10240.45,14740.58
2026-01-12,36,4523.834,10327.346,14851.18
2026-01-12,37,4563.0,10379.51,14942.51
2026-01-12,38,4476.808,10419.138,14895.946
2026-01-12,39,4566.008,10544.17,15110.178
2026-01-12,40,4849.806,10609.524,15459.33
2026-01-12,41,4807.856,10602.954,15410.81
2026-01-12,42,4737.798,10556.09,15293.888
2026-01-12,43,4632.596,10372.526,15005.122
2026-01-12,44,4163.098,10243.468,14406.566
2026-01-12,45,4089.338,10039.492,14128.83
2026-01-12,46,3988.928,9918.924,13907.852
2026-01-12,47,3937.182,9819.202,13756.384
2026-01-12,48,3819.126,9732.116,13551.242
2026-01-13,1,3531.616,9702.556,13234.172
2026-01-13,2,3175.7,9543.01,12718.71
2026-01-13,3,2939.86,9326.046,12265.906
2026-01-13,4,2632.77,9101.11,11733.88
2026-01-13,5,2297.664,8914.72,11212.384
2026-01-13,6,1988.25,8681.872,10670.122
2026-01-13,7,1733.464,8578.198,10311.662
2026-01-13,8,1335.168,8418.69,9753.858
2026-01-13,9,1131.91,8217.552,9349.462
2026-01-13,10,801.328,7944.024,8745.352
2026-01-13,11,669.452,7469.888,8139.34
2026-01-13,12,552.32,6712.244,7264.564
2026-01-13,13,478.104,6315.784,6793.888
2026-01-13,14,456.47,6526.36,6982.83
2026-01-13,15,518.064,6973.346,7491.41
2026-01-13,16,640.55,7108.504,7749.054
2026-01-13,17,1071.912,7087.718,8159.63
2026-01-13,18,1359.382,6815.016,8174.398
2026-01-13,19,1454.378,6718.412,8172.79
2026-01-13,20,1534.074,6968.86,8502.934
2026-01-13,21,1416.402,7509.636,8926.038
2026-01-13,22,1444.656,8428.53,9873.186
2026-01-13,23,1648.856,8606.062,10254.918
2026-01-13,24,1972.642,8149.384,10122.026
2026-01-13,25,2577.754,7874.292,10452.046
2026-01-13,26,2856.134,7691.02,10547.154
2026-01-13,27,2788.284,7768.206,10556.49
2026-01-13,28,2602.466,7602.674,10205.14
2026-01-13,29,2602.928,7480.124,10083.052
2026-01-13,30,2994.964,7779.612,10774.576
2026-01-13,31,3416.496,7970.524,11387.02
2026-01-13,32,3711.368,7607.52,11318.888
2026-01-13,33,4133.144,7009.25,11142.394
2026-01-13,34,4460.766,7073.572,11534.338
2026-01-13,35,4380.248,7203.498,11583.746
2026-01-13,36,4309.512,7066.32,11375.832
2026-01-13,37,4300.076,6929.392,11229.468
2026-01-13,38,4619.014,6957.042,11576.056
2026-01-13,39,4825.302,6753.662,11578.964
2026-01-13,40,4946.508,6195.542,11142.05
2026-01-13,41,5169.792,5681.074,10850.866
2026-01-13,42,5243.28,5171.434,10414.714
2026-01-13,43,5150.974,4831.82,9982.794
2026-01-13,44,5224.41,4725.78,9950.19
2026-01-13,45,5218.29,4652.166,9870.456
2026-01-13,46,5066.346,4791.388,9857.734
2026-01-13,47,4936.138,4602.684,9538.822
2026-01-13,48,4955.902,4459.306,9415.208
2026-01-14,1,5088.232,4365.162,9453.394
2026-01-14,2,4931.83,4121.45,9053.28
2026-01-14,3,5011.752,4285.194,9296.946
2026-01-14,4,4881.592,4215.14,9096.732
2026-01-14,5,4726.124,4146.42,8872.544
2026-01-14,6,4710.186,4007.444,8717.63
2026-01-14,7,4476.14,4139.626,8615.766
2026-01-14,8,4497.782,4099.696,8597.478
2026-01-14,9,4181.898,3834.594,8016.492
2026-01-14,10,3936.25,3674.346,7610.596
2026-01-14,11,3762.154,3482.864,7245.018
2026-01-14,12,3582.934,3460.652,7043.586
2026-01-14,13,3961.324,3057.82,7019.144
2026-01-14,14,4709.314,2780.088,7489.402
2026-01-14,15,5042.296,2656.208,7698.504
2026-01-14,16,4945.35,2644.648,7589.998
2026-01-14,17,4943.324,2637.922,7581.246
2026-01-14,18,4920.736,2889.564,7810.3
2026-01-14,19,4907.148,2904.944,7812.092
2026-01-14,20,4858.762,3048.354,7907.116
2026-01-14,21,5105.672,2740.836,7846.508
2026-01-14,22,5265.094,2588.106,7853.2
2026-01-14,23,5399.848,2527.706,7927.554
2026-01-14,24,5462.776,2304.124,7766.9
2026-01-14,25,5395.808,2431.934,7827.742
2026-01-14,26,5626.162,2641.77,8267.932
2026-01-14,27,5346.08,2740.756,8086.836
2026-01-14,28,5516.128,2886.25,8402.378
2026-01-14,29,5769.186,2893.902,8663.088
2026-01-14,30,5950.934,3122.618,9073.552
2026-01-14,31,6021.998,3084.586,9106.584
2026-01-14,32,5937.192,3423.032,9360.224
2026-01-14,33,5815.056,4070.958,9886.014
2026-01-14,34,5810.878,4609.742,10420.62
2026-01-14,35,5536.942,5124.41,10661.352
2026-01-14,36,5565.642,5592.794,11158.436
2026-01-14,37,5756.232,5792.164,11548.396
2026-01-14,38,6009.288,6056.454,12065.742
2026-01-14,39,5954.49,6475.322,12429.812
2026-01-14,40,5767.042,6651.028,12418.07
2026-01-14,41,5731.996,7121.422,12853.418
2026-01-14,42,5705.928,7778.024,13483.952
2026-01-14,43,5564.014,8273.976,13837.99
2026-01-14,44,5429.964,8469.016,13898.98
2026-01-14,45,5483.268,8797.048,14280.316
2026-01-14,46,5399.548,8927.238,14326.786
2026-01-14,47,5009.148,8958.142,13967.29
2026-01-14,48,4919.628,9538.938,14458.566
2026-01-15,1,4671.502,9923.798,14595.3
2026-01-15,2,4407.638,9896.24,14303.878
2026-01-15,3,4427.186,9764.83,14192.016
2026-01-15,4,4925.058,9583.202,14508.26
2026-01-15,5,4803.536,9721.926,14525.462
2026-01-15,6,4657.68,9537.63,14195.31
2026-01-15,7,4602.26,9416.206,14018.466
2026-01-15,8,4664.958,9577.298,14242.256
2026-01-15,9,4586.194,9290.588,13876.782
2026-01-15,10,4528.118,9181.198,13709.316
2026-01-15,11,4592.034,9106.86,13698.894
2026-01-15,12,4405.114,8979.634,13384.748
2026-01-15,13,4406.276,8846.844,13253.12
2026-01-15,14,4732.306,8783.768,13516.074
2026-01-15,15,4846.742,8550.664,13397.406
2026-01-15,16,4869.466,8060.22,12929.686
2026-01-15,17,4979.082,7733.39,12712.472
2026-01-15,18,4729.488,7569.81,12299.298
2026-01-15,19,4686.432,7552.71,12239.142
2026-01-15,20,4613.482,7525.512,12138.994
2026-01-15,21,4438.666,7254.716,11693.382
2026-01-15,22,4317.93,6982.12,11300.05
2026-01-15,23,4205.978,5717.794,9923.772
2026-01-15,24,4279.678,5316.414,9596.092
2026-01-15,25,4334.732,5493.808,9828.54
2026-01-15,26,4160.278,5675.798,9836.076
2026-01-15,27,3669.606,5167.982,8837.588
2026-01-15,28,3781.244,4984.13,8765.374
2026-01-15,29,3633.792,4742.62,8376.412
2026-01-15,30,3688.97,4568.506,8257.476
2026-01-15,31,3479.128,5000.326,8479.454
2026-01-15,32,3327.922,5274.072,8601.994
2026-01-15,33,3217.25,5311.728,8528.978
2026-01-15,34,2976.926,5393.122,8370.048
2026-01-15,35,2880.336,5378.868,8259.204
2026-01-15,36,2635.538,5358.426,7993.964
2026-01-15,37,2244.31,5415.84,7660.15
2026-01-15,38,2158.732,5424.752,7583.484
2026-01-15,39,2258.18,5367.858,7626.038
2026-01-15,40,2117.484,5490.3,7607.784
2026-01-15,41,1850.868,5697.038,7547.906
2026-01-15,42,1654.706,5521.962,7176.668
2026-01-15,43,1654.244,5941.968,7596.212
2026-01-15,44,1552.082,6378.348,7930.43
2026-01-15,45,1244.712,6424.406,7669.118
2026-01-15,46,1062.456,6351.954,7414.41
2026-01-15,47,1031.842,6217.692,7249.534
2026-01-15,48,937.054,6457.762,7394.816
2026-01-16,1,877.848,6585.57,7463.418
2026-01-16,2,851.204,6337.788,7188.992
2026-01-16,3,741.544,6458.868,7200.412
2026-01-16,4,673.67,6214.514,6888.184
2026-01-16,5,675.646,6196.182,6871.828
2026-01-16,6,631.254,6367.574,6998.828
2026-01-16,7,685.658,6501.456,7187.114
2026-01-16,8,754.74,6381.394,7136.134
2026-01-16,9,853.538,6167.05,7020.588
2026-01-16,10,922.014,5827.918,6749.932
2026-01-16,11,895.95,5519.16,6415.11
2026-01-16,12,936.024,4738.772,5674.796
2026-01-16,13,1020.932,4102.614,5123.546
2026-01-16,14,1211.736,4118.692,5330.428
2026-01-16,15,1409.484,4543.366,5952.85
2026-01-16,16,1406.43,4303.292,5709.722
2026-01-16,17,1396.65,4387.896,5784.546
2026-01-16,18,1478.084,4240.422,5718.506
2026-01-16,19,1535.736,4587.374,6123.11
2026-01-16,20,1524.894,5210.106,6735.0
2026-01-16,21,1618.014,5932.804,7550.818
2026-01-16,22,1910.532,6168.72,8079.252
2026-01-16,23,1912.102,6512.888,8424.99
2026-01-16,24,2081.098,6631.514,8712.612
2026-01-16,25,2080.416,6693.104,8773.52
2026-01-16,26,1965.182,6764.922,8730.104
2026-01-16,27,1984.346,6736.108,8720.454
2026-01-16,28,2050.576,6741.92,8792.496
2026-01-16,29,1985.416,6356.424,8341.84
2026-01-16,30,1875.674,6104.588,7980.262
2026-01-16,31,1910.702,5726.302,7637.004
2026-01-16,32,1951.064,5315.586,7266.65
2026-01-16,33,2049.612,5264.634,7314.246
2026-01-16,34,2229.388,5009.888,7239.276
2026-01-16,35,2453.22,4751.046,7204.266
2026-01-16,36,2703.798,4781.606,7485.404
2026-01-16,37,3008.992,4985.344,7994.336
2026-01-16,38,3379.15,5363.204,8742.354
2026-01-16,39,3505.624,5596.382,9102.006
2026-01-16,40,3716.84,5540.002,9256.842
2026-01-16,41,3775.464,5403.802,9179.266
2026-01-16,42,3721.114,5086.09,8807.204
2026-01-16,43,3449.936,4817.542,8267.478
2026-01-16,44,3241.828,4977.568,8219.396
2026-01-16,45,3348.052,5265.662,8613.714
2026-01-16,46,3535.832,5439.994,8975.826
2026-01-16,47,3500.306,5684.752,9185.058
2026-01-16,48,3465.198,5617.388,9082.586
2026-01-17,1,3560.99,5408.088,8969.078
2026-01-17,2,3541.35,5233.226,8774.576
2026-01-17,3,3533.304,5122.742,8656.046
2026-01-17,4,3456.88,5039.356,8496.236
2026-01-17,5,3680.096,4550.204,8230.3
2026-01-17,6,3662.78,4122.906,7785.686
2026-01-17,7,3719.568,3950.238,7669.806
2026-01-17,8,3576.522,4060.138,7636.66
2026-01-17,9,3758.864,4122.554,7881.418
2026-01-17,10,3694.252,4157.934,7852.186
2026-01-17,11,3795.142,3939.354,7734.496
2026-01-17,12,3967.948,3965.578,7933.526
2026-01-17,13,3923.416,4114.942,8038.358
2026-01-17,14,3824.548,4132.144,7956.692
2026-01-17,15,3626.076,4055.648,7681.724
2026-01-17,16,3369.788,4164.676,7534.464
2026-01-17,17,3222.07,3746.94,6969.01
2026-01-17,18,3010.154,3548.912,6559.066
2026-01-17,19,2681.19,3443.874,6125.064
2026-01-17,20,2866.366,2917.704,5784.07
2026-01-17,21,2745.432,2653.04,5398.472
2026-01-17,22,2859.346,2484.358,5343.704
2026-01-17,23,2942.504,2378.814,5321.318
2026-01-17,24,3014.992,2154.428,5169.42
2026-01-17,25,2990.5,2040.156,5030.656
2026-01-17,26,2706.42,1841.034,4547.454
2026-01-17,27,2502.484,1671.118,4173.602
2026-01-17,28,2305.926,1572.522,3878.448
2026-01-17,29,2473.282,1473.38,3946.662
2026-01-17,30,2487.312,1328.742,3816.054
2026-01-17,31,2511.654,1357.614,3869.268
2026-01-17,32,2479.106,1404.748,3883.854
2026-01-17,33,2486.604,1503.748,3990.352
2026-01-17,34,2414.798,1527.4,3942.198
2026-01-17,35,2414.468,1469.078,3883.546
2026-01-17,36,2410.152,1480.968,3891.12
2026-01-17,37,2500.078,1388.088,3888.166
2026-01-17,38,2536.068,1334.814,3870.882
2026-01-17,39,2475.978,1265.254,3741.232
2026-01-17,40,2364.322,1297.344,3661.666
2026-01-17,41,2374.394,1339.918,3714.312
2026-01-17,42,2426.416,1327.724,3754.14
2026-01-17,43,2460.45,1350.71,3811.16
2026-01-17,44,2247.252,1614.498,3861.75
2026-01-17,45,1962.43,1754.464,3716.894
2026-01-17,46,1793.784,1700.74,3494.524
2026-01-17,47,1917.594,1721.898,3639.492
2026-01-17,48,1855.112,1542.554,3397.666
2026-01-18,1,1695.242,1424.764,3120.006
2026-01-18,2,1697.152,1313.11,3010.262
2026-01-18,3,1640.546,1097.678,2738.224
2026-01-18,4,1603.478,1029.08,2632.558
2026-01-18,5,1540.99,1101.086,2642.076
2026-01-18,6,1647.938,1133.594,2781.532
2026-01-18,7,1739.996,1105.676,2845.672
2026-01-18,8,1816.434,1110.568,2927.002
2026-01-18,9,1870.106,1047.758,2917.864
2026-01-18,10,2201.042,1146.794,3347.836
2026-01-18,11,2355.758,1335.304,3691.062
2026-01-18,12,2256.032,1723.836,3979.868
2026-01-18,13,2057.236,1980.124,4037.36
2026-01-18,14,1918.448,2135.326,4053.774
2026-01-18,15,1997.038,2229.574,4226.612
2026-01-18,16,2181.976,2404.914,4586.89
2026-01-18,17,2323.72,2622.588,4946.308
2026-01-18,18,2549.498,2391.792,4941.29
2026-01-18,19,2460.466,2224.798,4685.264
2026-01-18,20,2362.728,2457.69,4820.418
2026-01-18,21,2331.32,2887.686,5219.006
2026-01-18,22,2361.116,2993.832,5354.948
2026-01-18,23,2454.528,3124.818,5579.346
2026-01-18,24,2448.576,3137.962,5586.538
2026-01-18,25,2447.194,3079.788,5526.982
2026-01-18,26,2499.08,3155.456,5654.536
2026-01-18,27,2661.326,3248.21,5909.536
2026-01-18,28,2676.74,2978.378,5655.118
2026-01-18,29,2606.064,2985.424,5591.488
2026-01-18,30,2594.512,3133.098,5727.61
2026-01-18,31,2759.928,3023.62,5783.548
2026-01-18,32,2908.692,2794.66,5703.352
2026-01-18,33,2905.382,2621.518,5526.9
2026-01-18,34,3047.08,2628.208,5675.288
2026-01-18,35,3146.914,2776.904,5923.818
2026-01-18,36,3135.132,2800.356,5935.488
2026-01-18,37,3150.424,2865.91,6016.334
2026-01-18,38,3046.634,2882.712,5929.346
2026-01-18,39,2976.694,2847.378,5824.072
2026-01-18,40,2887.41,2915.968,5803.378
2026-01-18,41,2833.5,2889.11,5722.61
2026-01-18,42,2972.746,2972.412,5945.158
2026-01-18,43,3234.142,3006.25,6240.392
2026-01-18,44,2970.49,3145.47,6115.96
2026-01-18,45,2837.706,3421.158,6258.864
2026-01-18,46,2879.34,3846.926,6726.266
2026-01-18,47,2927.34,3865.562,6792.902
2026-01-18,48,2825.568,3948.612,6774.18
2026-01-19,1,2759.848,4022.796,6782.644
2026-01-19,2,2654.498,3697.796,6352.294
2026-01-19,3,2430.752,3328.122,5758.874
2026-01-19,4,2265.622,3028.532,5294.154
2026-01-19,5,2314.91,3265.366,5580.276
2026-01-19,6,2312.372,3385.344,5697.716
2026-01-19,7,2396.76,3474.42,5871.18
2026-01-19,8,2331.378,3464.236,5795.614
2026-01-19,9,2332.568,3414.548,5747.116
2026-01-19,10,2317.188,3378.676,5695.864
2026-01-19,11,2297.298,3359.848,5657.146
2026-01-19,12,2303.228,3365.952,5669.18
2026-01-19,13,2371.502,3455.818,5827.32
2026-01-19,14,2360.256,3310.51,5670.766
2026-01-19,15,2584.178,3158.624,5742.802
2026-01-19,16,2698.246,2976.622,5674.868
2026-01-19,17,2637.174,2826.646,5463.82
2026-01-19,18,2618.75,2931.386,5550.136
2026-01-19,19,2633.13,2654.782,5287.912
2026-01-19,20,2921.646,2349.796,5271.442
2026-01-19,21,3078.434,2246.956,5325.39
2026-01-19,22,3207.868,2167.762,5375.63
2026-01-19,23,3231.162,2256.81,5487.972
2026-01-19,24,3032.104,2392.436,5424.54
2026-01-19,25,2896.548,2456.45,5352.998
2026-01-19,26,2807.072,2705.814,5512.886
2026-01-19,27,2550.778,2878.678,5429.456
2026-01-19,28,2335.166,2886.24,5221.406
2026-01-19,29,2275.274,2686.616,4961.89
2026-01-19,30,2327.058,2612.226,4939.284
2026-01-19,31,2448.376,2561.674,5010.05
2026-01-19,32,2530.914,2712.44,5243.354
2026-01-19,33,2615.508,3100.692,5716.2
2026-01-19,34,2596.702,3048.628,5645.33
2026-01-19,35,2738.248,3279.012,6017.26
2026-01-19,36,2993.948,3473.52,6467.468
2026-01-19,37,3028.492,3763.168,6791.66
2026-01-19,38,3106.632,4345.792,7452.424
2026-01-19,39,2944.642,4801.05,7745.692
2026-01-19,40,3009.414,5327.584,8336.998
2026-01-19,41,3047.262,5600.634,8647.896
2026-01-19,42,3110.61,5606.664,8717.274
2026-01-19,43,3103.208,5855.864,8959.072
2026-01-19,44,3051.734,6477.66,9529.394
2026-01-19,45,3181.306,7265.272,10446.578
2026-01-19,46,3246.11,7731.968,10978.078
2026-01-19,47,3340.77,7992.408,11333.178
2026-01-19,48,3580.306,8055.698,11636.004
2026-01-20,1,3872.578,8220.166,12092.744
2026-01-20,2,4318.274,8339.018,12657.292
2026-01-20,3,4457.618,8058.342,12515.96
2026-01-20,4,4602.132,8050.698,12652.83
2026-01-20,5,4755.526,7833.256,12588.782
2026-01-20,6,4810.12,7839.208,12649.328
2026-01-20,7,4730.302,8029.468,12759.77
2026-01-20,8,4751.318,8175.142,12926.46
2026-01-20,9,4587.08,8248.624,12835.704
2026-01-20,10,4641.34,8396.706,13038.046
2026-01-20,11,4632.752,8814.538,13447.29
2026-01-20,12,4622.474,9100.416,13722.89
2026-01-20,13,4355.22,9049.932,13405.152
2026-01-20,14,4527.614,9068.134,13595.748
2026-01-20,15,4774.436,9169.734,13944.17
2026-01-20,16,5087.494,9256.76,14344.254
2026-01-20,17,5566.908,9296.798,14863.706
2026-01-20,18,5452.102,9302.178,14754.28
2026-01-20,19,5330.54,9101.406,14431.946
2026-01-20,20,5438.142,8952.314,14390.456
2026-01-20,21,5666.712,8837.168,14503.88
2026-01-20,22,5957.022,8905.026,14862.048
2026-01-20,23,5945.552,9033.902,14979.454
2026-01-20,24,6204.544,9106.27,15310.814
2026-01-20,25,6436.966,9316.706,15753.672
2026-01-20,26,6692.558,9491.44,16183.998
2026-01-20,27,6554.534,9380.112,15934.646
2026-01-20,28,6442.046,9642.08,16084.126
2026-01-20,29,6706.898,9749.686,16456.584
2026-01-20,30,6576.772,10081.802,16658.574
2026-01-20,31,6547.874,10294.514,16842.388
2026-01-20,32,6424.068,10139.968,16564.036
2026-01-20,33,6180.72,10200.162,16380.882
2026-01-20,34,6189.914,10404.854,16594.768
2026-01-20,35,6325.802,10522.63,16848.432
2026-01-20,36,6299.004,10580.48,16879.484
2026-01-20,37,6316.53,10544.392,16860.922
2026-01-20,38,6431.69,10537.556,16969.246
2026-01-20,39,6432.28,10510.568,16942.848
2026-01-20,40,6305.9,10665.252,16971.152
2026-01-20,41,6292.26,10649.736,16941.996
2026-01-20,42,6296.062,10550.906,16846.968
2026-01-20,43,6292.106,10380.53,16672.636
2026-01-20,44,6178.776,10308.24,16487.016
2026-01-20,45,6239.616,10336.776,16576.392
2026-01-20,46,6190.686,10396.36,16587.046
2026-01-20,47,6040.942,10375.752,16416.694
2026-01-20,48,5942.09,10201.096,16143.186
2026-01-21,1,5814.344,10093.042,15907.386
2026-01-21,2,5849.152,9907.57,15756.722
2026-01-21,3,5856.432,9593.55,15449.982
2026-01-21,4,5907.834,9376.504,15284.338
2026-01-21,5,5887.81,9137.906,15025.716
2026-01-21,6,5862.34,9012.488,14874.828
2026-01-21,7,5549.436,8945.178,14494.614
2026-01-21,8,5224.748,9063.734,14288.482
2026-01-21,9,4974.816,8927.06,13901.876
2026-01-21,10,4696.492,8915.5,13611.992
2026-01-21,11,4439.91,8843.572,13283.482
2026-01-21,12,4272.67,9104.558,13377.228
2026-01-21,13,4107.718,9057.506,13165.224
2026-01-21,14,3888.534,9033.256,12921.79
2026-01-21,15,3746.612,8904.89,12651.502
2026-01-21,16,3660.224,9457.532,13117.756
2026-01-21,17,3816.344,9999.232,13815.576
2026-01-21,18,3895.064,10282.246,14177.31
2026-01-21,19,4081.638,10351.804,14433.442
2026-01-21,20,4381.572,10522.56,14904.132
2026-01-21,21,4902.486,10689.726,15592.212
2026-01-21,22,5231.914,10879.304,16111.218
2026-01-21,23,5269.25,10851.676,16120.926
2026-01-21,24,5508.868,10589.802,16098.67
2026-01-21,25,5742.494,10525.208,16267.702
2026-01-21,26,6161.548,10362.044,16523.592
2026-01-21,27,6469.562,10372.312,16841.874
2026-01-21,28,6699.816,10338.396,17038.212
2026-01-21,29,6684.692,10163.1,16847.792
2026-01-21,30,6458.45,10307.906,16766.356
2026-01-21,31,6474.802,10328.376,16803.178
2026-01-21,32,6408.78,10335.15,16743.93
2026-01-21,33,6116.578,10388.574,16505.152
2026-01-21,34,5965.69,10380.936,16346.626
2026-01-21,35,5929.308,10624.964,16554.272
2026-01-21,36,5947.09,10669.288,16616.378
2026-01-21,37,5991.992,10917.082,16909.074
2026-01-21,38,5940.06,11057.676,16997.736
2026-01-21,39,5932.896,11109.8,17042.696
2026-01-21,40,5830.682,11058.372,16889.054
2026-01-21,41,5946.13,10992.04,16938.17
2026-01-21,42,6329.48,11000.538,17330.018
2026-01-21,43,6403.378,11014.076,17417.454
2026-01-21,44,6566.736,11002.32,17569.056
2026-01-21,45,6477.648,10973.166,17450.814
2026-01-21,46,6352.252,10863.118,17215.37
2026-01-21,47,6376.31,10765.758,17142.068
2026-01-21,48,6307.834,10702.278,17010.112
2026-01-22,1,6240.344,10625.558,16865.902
2026-01-22,2,6161.246,10529.984,16691.23
2026-01-22,3,6159.536,10394.078,16553.614
2026-01-22,4,6268.81,10223.87,16492.68
2026-01-22,5,6258.038,9775.662,16033.7
2026-01-22,6,6329.78,9490.488,15820.268
2026-01-22,7,6254.124,9550.732,15804.856
2026-01-22,8,6207.898,9491.224,15699.122
2026-01-22,9,6096.934,9507.746,15604.68
2026-01-22,10,5946.56,9602.672,15549.232
2026-01-22,11,5966.556,9376.178,15342.734
2026-01-22,12,5986.196,9485.4,15471.596
2026-01-22,13,6054.31,9519.778,15574.088
2026-01-22,14,6081.658,9563.43,15645.088
2026-01-22,15,6078.54,9487.194,15565.734
2026-01-22,16,5873.552,9442.838,15316.39
2026-01-22,17,5895.092,9710.016,15605.108
2026-01-22,18,5832.586,9893.606,15726.192
2026-01-22,19,5861.384,9771.166,15632.55
2026-01-22,20,5625.366,9769.26,15394.626
2026-01-22,21,5588.672,9488.324,15076.996
2026-01-22,22,5472.748,9393.07,14865.818
2026-01-22,23,5518.538,9452.768,14971.306
2026-01-22,24,5650.576,9424.366,15074.942
2026-01-22,25,5847.382,9499.066,15346.448
2026-01-22,26,6007.858,9583.932,15591.79
2026-01-22,27,6060.404,9826.698,15887.102
2026-01-22,28,6119.334,9996.276,16115.61
2026-01-22,29,6128.966,10096.062,16225.028
2026-01-22,30,6261.836,10187.766,16449.602
2026-01-22,31,6371.168,10432.61,16803.778
2026-01-22,32,6475.458,10465.122,16940.58
2026-01-22,33,6555.294,10574.916,17130.21
2026-01-22,34,6572.21,10672.45,17244.66
2026-01-22,35,6591.264,10761.19,17352.454
2026-01-22,36,6640.236,10789.334,17429.57
2026-01-22,37,6676.194,10875.622,17551.816
2026-01-22,38,6661.89,10888.288,17550.178
2026-01-22,39,6491.426,10811.876,17303.302
2026-01-22,40,6425.69,10762.11,17187.8
2026-01-22,41,6365.008,10715.252,17080.26
2026-01-22,42,6304.466,10685.524,16989.99
2026-01-22,43,6265.706,10546.864,16812.57
2026-01-22,44,6113.72,10458.228,16571.948
2026-01-22,45,6093.142,10234.492,16327.634
2026-01-22,46,6046.744,10020.954,16067.698
2026-01-22,47,5995.57,9796.302,15791.872
2026-01-22,48,5919.4,9486.75,15406.15
2026-01-23,1,5839.698,9318.272,15157.97
2026-01-23,2,5905.552,9115.186,15020.738
2026-01-23,3,6032.352,8872.888,14905.24
2026-01-23,4,6143.762,8729.216,14872.978
2026-01-23,5,6229.262,8726.79,14956.052
2026-01-23,6,6151.382,8542.874,14694.256
2026-01-23,7,6133.28,8277.882,14411.162
2026-01-23,8,6174.988,8194.026,14369.014
2026-01-23,9,6146.336,8133.108,14279.444
2026-01-23,10,6178.284,8326.908,14505.192
2026-01-23,11,6104.88,8500.78,14605.66
2026-01-23,12,5981.582,8644.0,14625.582
2026-01-23,13,5990.15,8791.326,14781.476
2026-01-23,14,5877.58,9205.184,15082.764
2026-01-23,15,5766.166,9516.258,15282.424
2026-01-23,16,5673.522,9894.078,15567.6
2026-01-23,17,5581.014,10288.526,15869.54
2026-01-23,18,5494.654,10530.732,16025.386
2026-01-23,19,5325.392,10595.678,15921.07
2026-01-23,20,5249.736,10688.198,15937.934
2026-01-23,21,5250.848,10846.566,16097.414
2026-01-23,22,5385.434,10931.696,16317.13
2026-01-23,23,5434.974,10922.872,16357.846
2026-01-23,24,5516.988,10905.124,16422.112
2026-01-23,25,5630.682,10937.208,16567.89
2026-01-23,26,5576.296,10965.816,16542.112
2026-01-23,27,5493.984,10987.46,16481.444
2026-01-23,28,5681.488,10991.444,16672.932
2026-01-23,29,5764.852,11044.986,16809.838
2026-01-23,30,6030.818,11039.022,17069.84
2026-01-23,31,6119.462,11019.492,17138.954
2026-01-23,32,6338.034,11095.126,17433.16
2026-01-23,33,6278.074,11052.766,17330.84
2026-01-23,34,6304.174,10980.6,17284.774
2026-01-23,35,6190.36,11010.23,17200.59
2026-01-23,36,6239.994,11022.972,17262.966
2026-01-23,37,6424.458,11018.494,17442.952
2026-01-23,38,6482.494,11060.184,17542.678
2026-01-23,39,6333.198,11050.61,17383.808
2026-01-23,40,6394.092,11080.778,17474.87
2026-01-23,41,6426.61,11040.184,17466.794
2026-01-23,42,6448.336,10849.328,17297.664
2026-01-23,43,6348.904,10822.938,17171.842
2026-01-23,44,6239.158,10674.862,16914.02
2026-01-23,45,6099.182,10495.462,16594.644
2026-01-23,46,6045.09,10458.066,16503.156
2026-01-23,47,5808.83,10350.972,16159.802
2026-01-23,48,5572.276,10306.396,15878.672
2026-01-24,1,5263.278,10279.478,15542.756
2026-01-24,2,5029.868,10258.464,15288.332
2026-01-24,3,4906.334,10102.072,15008.406
2026-01-24,4,5204.668,10001.762,15206.43
2026-01-24,5,5175.382,9907.258,15082.64
2026-01-24,6,5214.132,9833.406,15047.538
2026-01-24,7,5402.022,9896.206,15298.228
2026-01-24,8,5524.874,9976.566,15501.44
2026-01-24,9,5536.252,9896.19,15432.442
2026-01-24,10,5614.026,9741.218,15355.244
2026-01-24,11,5428.69,9749.286,15177.976
2026-01-24,12,5261.914,9694.178,14956.092
2026-01-24,13,5083.778,9410.586,14494.364
2026-01-24,14,5098.362,9344.202,14442.564
2026-01-24,15,5133.582,9444.492,14578.074
2026-01-24,16,5202.958,9280.028,14482.986
2026-01-24,17,5277.906,8985.688,14263.594
2026-01-24,18,5394.668,8845.892,14240.56
2026-01-24,19,5521.416,8849.678,14371.094
2026-01-24,20,5756.286,8792.15,14548.436
2026-01-24,21,5999.924,8819.662,14819.586
2026-01-24,22,6203.254,8609.748,14813.002
2026-01-24,23,6403.882,8332.572,14736.454
2026-01-24,24,6470.36,8073.324,14543.684
2026-01-24,25,6538.246,7861.868,14400.114
2026-01-24,26,6581.566,8025.77,14607.336
2026-01-24,27,6471.086,8194.802,14665.888
2026-01-24,28,6332.62,8794.218,15126.838
2026-01-24,29,6301.212,9237.164,15538.376
2026-01-24,30,6393.088,9406.704,15799.792
2026-01-24,31,6529.646,9781.976,16311.622
2026-01-24,32,6396.072,10373.634,16769.706
2026-01-24,33,6377.166,10675.342,17052.508
2026-01-24,34,6457.508,10835.27,17292.778
2026-01-24,35,6570.206,10915.526,17485.732
2026-01-24,36,6568.972,11092.886,17661.858
2026-01-24,37,6634.774,11134.958,17769.732
2026-01-24,38,6556.008,11113.79,17669.798
2026-01-24,39,6516.446,11106.402,17622.848
2026-01-24,40,6561.28,11106.138,17667.418
2026-01-24,41,6621.916,11087.592,17709.508
2026-01-24,42,6639.95,11031.106,17671.056
2026-01-24,43,6585.032,10976.02,17561.052
2026-01-24,44,6466.08,10973.492,17439.572
2026-01-24,45,6364.226,10949.594,17313.82
2026-01-24,46,6315.232,10891.554,17206.786
2026-01-24,47,6223.73,10886.558,17110.288
2026-01-24,48,6259.386,10822.618,17082.004
2026-01-25,1,6286.136,10792.468,17078.604
2026-01-25,2,6287.072,10762.614,17049.686
2026-01-25,3,5924.932,10675.168,16600.1
2026-01-25,4,5805.29,10568.156,16373.446
2026-01-25,5,5682.312,10397.916,16080.228
2026-01-25,6,5726.766,10096.244,15823.01
2026-01-25,7,5754.954,9814.15,15569.104
2026-01-25,8,5718.068,9715.122,15433.19
2026-01-25,9,6099.546,9667.536,15767.082
2026-01-25,10,6179.96,9538.006,15717.966
2026-01-25,11,6100.982,9460.082,15561.064
2026-01-25,12,6107.016,9313.192,15420.208
2026-01-25,13,6107.198,9240.976,15348.174
2026-01-25,14,6133.874,9159.06,15292.934
2026-01-25,15,6054.254,9051.992,15106.246
2026-01-25,16,6189.97,8926.15,15116.12
2026-01-25,17,6201.48,8833.388,15034.868
2026-01-25,18,6074.692,8705.648,14780.34
2026-01-25,19,6006.954,8599.852,14606.806
2026-01-25,20,6029.84,8630.226,14660.066
2026-01-25,21,6024.932,8724.244,14749.176
2026-01-25,22,6147.93,8615.92,14763.85
2026-01-25,23,6320.904,8361.512,14682.416
2026-01-25,24,6295.892,8234.18,14530.072
2026-01-25,25,6300.068,8318.984,14619.052
2026-01-25,26,6240.93,8253.796,14494.726
2026-01-25,27,6250.394,8041.194,14291.588
2026-01-25,28,6165.818,7944.094,14109.912
2026-01-25,29,6084.994,7801.294,13886.288
2026-01-25,30,5997.498,7640.108,13637.606
2026-01-25,31,5854.118,7628.718,13482.836
2026-01-25,32,5806.922,7585.436,13392.358
2026-01-25,33,5637.62,7554.882,13192.502
2026-01-25,34,5522.676,7213.076,12735.752
2026-01-25,35,5654.006,6961.774,12615.78
2026-01-25,36,5653.984,6769.134,12423.118
2026-01-25,37,5623.102,6478.846,12101.948
2026-01-25,38,5424.224,6131.074,11555.298
2026-01-25,39,5173.75,5877.724,11051.474
2026-01-25,40,5165.128,5457.074,10622.202
2026-01-25,41,5130.13,5247.088,10377.218
2026-01-25,42,5164.208,4906.748,10070.956
2026-01-25,43,5109.224,4631.792,9741.016
2026-01-25,44,4949.118,4015.938,8965.056
2026-01-25,45,4902.45,3479.556,8382.006
2026-01-25,46,4864.286,3369.208,8233.494
2026-01-25,47,4770.126,3190.096,7960.222
2026-01-25,48,4806.152,3213.87,8020.022
2026-01-26,1,4832.204,3141.712,7973.916
2026-01-26,2,4767.838,3056.158,7823.996
2026-01-26,3,4730.38,2892.76,7623.14
2026-01-26,4,4692.892,2833.45,7526.342
2026-01-26,5,4791.302,2935.762,7727.064
2026-01-26,6,4701.586,3032.204,7733.79
2026-01-26,7,4866.422,3308.024,8174.446
2026-01-26,8,4887.876,3140.452,8028.328
2026-01-26,9,4844.996,3001.37,7846.366
2026-01-26,10,5017.974,2960.32,7978.294
2026-01-26,11,4641.636,2974.312,7615.948
2026-01-26,12,4688.73,3028.074,7716.804
2026-01-26,13,4745.212,2985.518,7730.73
2026-01-26,14,4778.038,2910.582,7688.62
2026-01-26,15,4788.974,3016.338,7805.312
2026-01-26,16,4905.322,3206.278,8111.6
2026-01-26,17,5019.084,3143.752,8162.836
2026-01-26,18,5209.568,3285.21,8494.778
2026-01-26,19,5267.27,3417.746,8685.016
2026-01-26,20,5137.616,3439.936,8577.552
2026-01-26,21,5217.118,3577.784,8794.902
2026-01-26,22,5344.604,3470.984,8815.588
2026-01-26,23,5407.612,3521.388,8929.0
2026-01-26,24,5500.206,3557.224,9057.43
2026-01-26,25,5594.236,3842.33,9436.566
2026-01-26,26,5807.914,4000.572,9808.486
2026-01-26,27,5568.228,4188.166,9756.394
2026-01-26,28,5371.326,4639.492,10010.818
2026-01-26,29,5363.926,5210.578,10574.504
2026-01-26,30,5409.902,5613.37,11023.272
2026-01-26,31,5503.65,6011.616,11515.266
2026-01-26,32,5670.724,6015.478,11686.202
2026-01-26,33,5671.4,5751.758,11423.158
2026-01-26,34,5840.726,5380.24,11220.966
2026-01-26,35,6014.206,5250.29,11264.496
2026-01-26,36,6285.316,5413.138,11698.454
2026-01-26,37,6395.822,5762.572,12158.394
2026-01-26,38,6379.564,6267.3,12646.864
2026-01-26,39,6328.822,6703.484,13032.306
2026-01-26,40,6213.678,7288.044,13501.722
2026-01-26,41,6238.852,7793.668,14032.52
2026-01-26,42,6367.874,8375.04,14742.914
2026-01-26,43,6378.178,8662.722,15040.9
2026-01-26,44,6344.004,9103.548,15447.552
2026-01-26,45,6224.86,9585.194,15810.054
2026-01-26,46,6163.91,9532.842,15696.752
2026-01-26,47,6203.108,9962.052,16165.16
2026-01-26,48,6278.458,10323.918,16602.376
2026-01-27,1,6309.436,10694.334,17003.77
2026-01-27,2,6122.218,10818.7,16940.918
2026-01-27,3,6067.806,10924.928,16992.734
2026-01-27,4,6188.968,10988.032,17177.0
2026-01-27,5,6270.596,11042.474,17313.07
2026-01-27,6,6229.602,11056.306,17285.908
2026-01-27,7,6256.682,11045.31,17301.992
2026-01-27,8,6064.884,11031.954,17096.838
2026-01-27,9,5998.216,11063.316,17061.532
2026-01-27,10,5848.938,11170.34,17019.278
2026-01-27,11,5812.214,11162.642,16974.856
2026-01-27,12,5783.156,11104.602,16887.758
2026-01-27,13,5737.154,11103.862,16841.016
2026-01-27,14,5843.686,11089.45,16933.136
2026-01-27,15,5944.618,11098.876,17043.494
2026-01-27,16,6186.946,11045.73,17232.676
2026-01-27,17,6198.4,10946.976,17145.376
2026-01-27,18,6133.898,10973.05,17106.948
2026-01-27,19,6489.77,10983.062,17472.832
2026-01-27,20,6346.226,11073.252,17419.478
2026-01-27,21,6328.864,11110.504,17439.368
2026-01-27,22,6424.586,11116.182,17540.768
2026-01-27,23,6165.384,11137.034,17302.418
2026-01-27,24,6220.254,11168.746,17389.0
2026-01-27,25,6286.022,11146.726,17432.748
2026-01-27,26,6407.468,11150.072,17557.54
2026-01-27,27,6432.166,11147.386,17579.552
2026-01-27,28,6432.048,11030.488,17462.536
2026-01-27,29,6375.484,10831.494,17206.978
2026-01-27,30,6433.054,10602.49,17035.544
2026-01-27,31,6500.308,10383.588,16883.896
2026-01-27,32,6641.06,10333.122,16974.182
2026-01-27,33,6459.432,10324.876,16784.308
2026-01-27,34,6663.998,10355.204,17019.202
2026-01-27,35,6561.918,10149.022,16710.94
2026-01-27,36,6489.492,9764.32,16253.812
2026-01-27,37,6440.758,9604.702,16045.46
2026-01-27,38,6396.462,9601.896,15998.358
2026-01-27,39,6057.708,9682.594,15740.302
2026-01-27,40,5864.11,9562.082,15426.192
2026-01-27,41,6160.418,9239.118,15399.536
2026-01-27,42,5777.95,8841.594,14619.544
2026-01-27,43,5677.288,8490.872,14168.16
2026-01-27,44,5630.026,8060.286,13690.312
2026-01-27,45,5416.498,7878.34,13294.838
2026-01-27,46,5125.268,7543.312,12668.58
2026-01-27,47,4818.774,6905.594,11724.368
2026-01-27,48,4991.46,6189.844,11181.304
2026-01-28,1,5131.812,5655.626,10787.438
2026-01-28,2,5130.446,4645.794,9776.24
2026-01-28,3,5197.912,3714.218,8912.13
2026-01-28,4,4973.418,3241.998,8215.416
2026-01-28,5,4486.462,3298.622,7785.084
2026-01-28,6,4078.69,3062.74,7141.43
2026-01-28,7,3846.458,2788.894,6635.352
2026-01-28,8,3665.956,2405.488,6071.444
2026-01-28,9,3487.514,2068.524,5556.038
2026-01-28,10,3338.518,2093.886,5432.404
2026-01-28,11,3321.808,2043.782,5365.59
2026-01-28,12,3565.8,1751.974,5317.774
2026-01-28,13,3584.456,1621.704,5206.16
2026-01-28,14,3711.184,1498.674,5209.858
2026-01-28,15,3446.58,1237.856,4684.436
2026-01-28,16,3423.314,1175.222,4598.536
2026-01-28,17,3540.092,1123.316,4663.408
2026-01-28,18,3454.77,1051.89,4506.66
2026-01-28,19,3336.81,1014.348,4351.158
2026-01-28,20,3287.726,1080.168,4367.894
2026-01-28,21,2933.178,3159.268,6092.446
2026-01-28,22,2993.41,1241.374,4234.784
2026-01-28,23,3050.788,1441.686,4492.474
2026-01-28,24,3120.136,1743.56,4863.696
2026-01-28,25,2936.78,1937.792,4874.572
2026-01-28,26,2768.682,2000.984,4769.666
2026-01-28,27,2622.302,1970.786,4593.088
2026-01-28,28,2488.184,1925.028,4413.212
2026-01-28,29,2448.74,2027.198,4475.938
2026-01-28,30,2464.876,1878.874,4343.75
2026-01-28,31,2434.762,1753.332,4188.094
2026-01-28,32,2481.004,2003.53,4484.534
2026-01-28,33,2604.668,2376.022,4980.69
2026-01-28,34,2665.372,2481.788,5147.16
2026-01-28,35,2563.49,2623.462,5186.952
2026-01-28,36,2590.858,2916.362,5507.22
2026-01-28,37,2707.22,3038.228,5745.448
2026-01-28,38,2836.764,2965.956,5802.72
2026-01-28,39,2859.294,2913.886,5773.18
2026-01-28,40,2929.652,3116.7,6046.352
2026-01-28,41,2949.962,3058.582,6008.544
2026-01-28,42,3251.222,2818.652,6069.874
2026-01-28,43,3291.892,2659.586,5951.478
2026-01-28,44,3226.144,2793.654,6019.798
2026-01-28,45,3386.68,3118.366,6505.046
2026-01-28,46,3492.214,3334.724,6826.938
2026-01-28,47,3530.56,3568.604,7099.164
2026-01-28,48,3588.346,3613.232,7201.578
2026-01-29,1,3712.132,3727.952,7440.084
2026-01-29,2,3805.524,3879.246,7684.77
2026-01-29,3,3908.782,3995.986,7904.768
2026-01-29,4,3984.024,3992.994,7977.018
2026-01-29,5,3942.91,3965.724,7908.634
2026-01-29,6,3803.976,3981.888,7785.864
2026-01-29,7,3830.538,3958.472,7789.01
2026-01-29,8,3926.384,3904.802,7831.186
2026-01-29,9,4032.268,4033.506,8065.774
2026-01-29,10,4025.442,4118.45,8143.892
2026-01-29,11,4084.36,4175.08,8259.44
2026-01-29,12,4273.784,4329.556,8603.34
2026-01-29,13,4392.694,4529.406,8922.1
2026-01-29,14,4445.638,4740.164,9185.802
2026-01-29,15,4579.224,4915.58,9494.804
2026-01-29,16,4791.8,4903.314,9695.114
2026-01-29,17,4863.284,5148.53,10011.814
2026-01-29,18,4887.504,5162.394,10049.898
2026-01-29,19,4817.962,5130.528,9948.49
2026-01-29,20,4763.744,4933.538,9697.282
2026-01-29,21,4595.878,4999.196,9595.074
2026-01-29,22,4607.65,5083.204,9690.854
2026-01-29,23,4614.578,5252.022,9866.6
2026-01-29,24,4771.88,5371.24,10143.12
2026-01-29,25,4781.764,5260.008,10041.772
2026-01-29,26,4754.468,5247.418,10001.886
2026-01-29,27,4739.884,5048.24,9788.124
2026-01-29,28,4744.742,5013.718,9758.46
2026-01-29,29,4747.566,5022.588,9770.154
2026-01-29,30,4790.582,4892.914,9683.496
2026-01-29,31,4855.1,4877.576,9732.676
2026-01-29,32,5281.284,4946.308,10227.592
2026-01-29,33,5548.916,5023.13,10572.046
2026-01-29,34,5552.524,5194.144,10746.668
2026-01-29,35,5806.396,5455.746,11262.142
2026-01-29,36,5904.948,5728.316,11633.264
2026-01-29,37,6053.418,5889.522,11942.94
2026-01-29,38,6082.046,5881.608,11963.654
2026-01-29,39,6109.576,6067.284,12176.86
2026-01-29,40,6145.37,6261.266,12406.636
2026-01-29,41,6252.984,6396.044,12649.028
2026-01-29,42,6265.344,6550.11,12815.454
2026-01-29,43,6131.584,6783.588,12915.172
2026-01-29,44,6028.012,6922.436,12950.448
2026-01-29,45,6021.522,7068.544,13090.066
2026-01-29,46,6114.18,7296.772,13410.952
2026-01-29,47,5992.294,7507.266,13499.56
2026-01-29,48,5863.348,7610.198,13473.546
2026-01-30,1,5829.492,7684.894,13514.386
2026-01-30,2,5731.214,7860.004,13591.218
2026-01-30,3,5679.666,8133.182,13812.848
2026-01-30,4,5893.746,8409.204,14302.95
2026-01-30,5,5916.522,8605.458,14521.98
2026-01-30,6,5962.35,8788.996,14751.346
2026-01-30,7,5847.8,8930.908,14778.708
2026-01-30,8,5985.202,9172.762,15157.964
2026-01-30,9,6065.228,9398.996,15464.224
2026-01-30,10,6018.584,9602.622,15621.206
2026-01-30,11,5595.494,9818.272,15413.766
2026-01-30,12,5549.986,10096.962,15646.948
2026-01-30,13,5634.85,10120.364,15755.214
2026-01-30,14,5668.084,10135.376,15803.46
2026-01-30,15,6111.928,10214.598,16326.526
2026-01-30,16,6397.51,10172.698,16570.208
2026-01-30,17,6389.848,10070.12,16459.968
2026-01-30,18,6392.84,10034.148,16426.988
2026-01-30,19,6282.056,10014.478,16296.534
2026-01-30,20,6274.348,9874.07,16148.418
2026-01-30,21,6278.53,9904.184,16182.714
2026-01-30,22,6336.708,9967.608,16304.316
2026-01-30,23,6324.112,9810.976,16135.088
2026-01-30,24,6506.962,9604.856,16111.818
2026-01-30,25,6422.674,9369.996,15792.67
2026-01-30,26,6234.464,9345.75,15580.214
2026-01-30,27,6202.336,9410.618,15612.954
2026-01-30,28,6078.578,9446.854,15525.432
2026-01-30,29,6059.256,9632.644,15691.9
2026-01-30,30,6066.968,9759.994,15826.962
2026-01-30,31,5981.066,9783.308,15764.374
2026-01-30,32,5953.158,9838.724,15791.882
2026-01-30,33,5884.084,10069.2,15953.284
2026-01-30,34,5925.658,10280.392,16206.05
2026-01-30,35,5991.748,10411.862,16403.61
2026-01-30,36,5876.42,10582.62,16459.04
2026-01-30,37,5785.004,10930.814,16715.818
2026-01-30,38,5802.98,10842.658,16645.638
2026-01-30,39,5872.712,10833.846,16706.558
2026-01-30,40,5861.628,10915.274,16776.902
2026-01-30,41,6015.052,10837.088,16852.14
2026-01-30,42,5731.244,10821.958,16553.202
2026-01-30,43,5598.894,11014.34,16613.234
2026-01-30,44,5702.61,11099.044,16801.654
2026-01-30,45,5639.242,11119.05,16758.292
2026-01-30,46,5511.484,10829.654,16341.138
2026-01-30,47,5566.52,10514.956,16081.476
2026-01-30,48,5568.852,10220.982,15789.834
2026-01-31,1,5672.262,9966.068,15638.33
2026-01-31,2,5688.782,9709.074,15397.856
2026-01-31,3,5505.954,9365.018,14870.972
2026-01-31,4,5549.376,9013.226,14562.602
2026-01-31,5,5539.172,8920.052,14459.224
2026-01-31,6,5507.404,8674.456,14181.86
2026-01-31,7,5425.25,7928.638,13353.888
2026-01-31,8,5435.382,7231.476,12666.858
2026-01-31,9,5294.844,7021.54,12316.384
2026-01-31,10,5203.882,6851.27,12055.152
2026-01-31,11,5131.778,6755.884,11887.662
2026-01-31,12,5271.286,6467.458,11738.744
2026-01-31,13,5318.522,6189.814,11508.336
2026-01-31,14,5395.782,6119.194,11514.976
2026-01-31,15,5660.322,5837.834,11498.156
2026-01-31,16,5765.0,5560.086,11325.086
2026-01-31,17,6122.14,5423.536,11545.676
2026-01-31,18,6042.694,5479.464,11522.158
2026-01-31,19,5865.412,5319.306,11184.718
2026-01-31,20,5647.074,5027.368,10674.442
2026-01-31,21,5420.24,4585.086,10005.326
2026-01-31,22,5231.638,4111.156,9342.794
2026-01-31,23,5154.986,3967.88,9122.866
2026-01-31,24,5094.078,3816.592,8910.67
2026-01-31,25,5014.22,3705.262,8719.482
2026-01-31,26,4970.838,3696.95,8667.788
2026-01-31,27,4925.466,3671.114,8596.58
2026-01-31,28,4796.578,3618.01,8414.588
2026-01-31,29,4409.138,3580.75,7989.888
2026-01-31,30,4237.72,3738.322,7976.042
2026-01-31,31,4360.79,4072.75,8433.54
2026-01-31,32,4265.926,4553.448,8819.374
2026-01-31,33,4141.64,4671.646,8813.286
2026-01-31,34,4108.6,4678.194,8786.794
2026-01-31,35,3995.524,4813.908,8809.432
2026-01-31,36,3976.426,4623.778,8600.204
2026-01-31,37,3907.062,4468.25,8375.312
2026-01-31,38,3756.17,4539.604,8295.774
2026-01-31,39,3741.916,4686.474,8428.39
2026-01-31,40,3940.406,4539.056,8479.462
2026-01-31,41,4127.034,4528.754,8655.788
2026-01-31,42,4258.846,4656.46,8915.306
2026-01-31,43,4329.716,4718.146,9047.862
2026-01-31,44,4346.638,4917.118,9263.756
2026-01-31,45,4263.48,5194.922,9458.402
2026-01-31,46,4166.166,5141.772,9307.938
2026-01-31,47,4019.798,5097.028,9116.826
2026-01-31,48,3930.314,4903.674,8833.988
2026-02-01,1,4083.142,4626.066,8709.208
2026-02-01,2,4012.886,4430.014,8442.9
2026-02-01,3,4008.7,4068.322,8077.022
2026-02-01,4,4001.954,4036.53,8038.484
2026-02-01,5,3925.034,3932.196,7857.23
2026-02-01,6,3870.208,4044.772,7914.98
2026-02-01,7,3911.664,4293.61,8205.274
2026-02-01,8,3915.862,4304.024,8219.886
2026-02-01,9,3916.72,4235.03,8151.75
2026-02-01,10,3812.724,4552.246,8364.97
2026-02-01,11,3648.4,4563.45,8211.85
2026-02-01,12,3613.014,4449.588,8062.602
2026-02-01,13,3517.42,4296.6,7814.02
2026-02-01,14,3368.986,4084.578,7453.564
2026-02-01,15,3306.022,3986.766,7292.788
2026-02-01,16,3258.138,3911.822,7169.96
2026-02-01,17,3088.222,4016.722,7104.944
2026-02-01,18,2926.418,3753.534,6679.952
2026-02-01,19,2944.714,3454.43,6399.144
2026-02-01,20,3014.848,3314.294,6329.142
2026-02-01,21,3114.308,3190.578,6304.886
2026-02-01,22,3146.466,3129.404,6275.87
2026-02-01,23,3100.488,2980.76,6081.248
2026-02-01,24,3056.644,2807.12,5863.764
2026-02-01,25,3053.734,2568.872,5622.606
2026-02-01,26,2956.776,2527.394,5484.17
2026-02-01,27,2848.37,2431.966,5280.336
2026-02-01,28,2772.152,2207.528,4979.68
2026-02-01,29,2735.71,1937.712,4673.422
2026-02-01,30,2711.258,1837.938,4549.196
2026-02-01,31,2692.946,1860.044,4552.99
2026-02-01,32,2683.538,1796.334,4479.872
2026-02-01,33,2677.558,1701.096,4378.654
2026-02-01,34,2670.634,1697.988,4368.622
2026-02-01,35,2707.124,1822.952,4530.076
2026-02-01,36,2732.332,1984.31,4716.642
2026-02-01,37,2717.212,2051.392,4768.604
2026-02-01,38,2770.626,2100.816,4871.442
2026-02-01,39,2732.246,2075.036,4807.282
2026-02-01,40,2725.48,1928.714,4654.194
2026-02-01,41,2737.348,1843.038,4580.386
2026-02-01,42,2622.67,1855.102,4477.772
2026-02-01,43,2533.584,1934.928,4468.512
2026-02-01,44,2531.284,2044.652,4575.936
2026-02-01,45,2591.38,2147.792,4739.172
2026-02-01,46,2597.342,2289.64,4886.982
2026-02-01,47,2616.07,2490.576,5106.646
2026-02-01,48,2644.57,2616.966,5261.536
2026-02-02,1,2753.9,2684.606,5438.506
2026-02-02,2,2883.28,2704.436,5587.716
2026-02-02,3,2980.918,2710.362,5691.28
2026-02-02,4,3018.152,2735.022,5753.174
2026-02-02,5,2988.456,2864.326,5852.782
2026-02-02,6,3046.81,3169.452,6216.262
2026-02-02,7,3102.892,3682.348,6785.24
2026-02-02,8,3226.864,4255.922,7482.786
2026-02-02,9,3423.004,4410.194,7833.198
2026-02-02,10,3565.748,4576.398,8142.146
2026-02-02,11,3671.034,4681.152,8352.186
2026-02-02,12,3741.276,5046.838,8788.114
2026-02-02,13,3832.5,5412.72,9245.22
2026-02-02,14,3999.746,5587.38,9587.126
2026-02-02,15,4324.376,5622.09,9946.466
2026-02-02,16,4415.3,6133.542,10548.842
2026-02-02,17,4420.54,6767.804,11188.344
2026-02-02,18,4442.084,6843.984,11286.068
2026-02-02,19,4409.156,6827.84,11236.996
2026-02-02,20,4455.082,6911.686,11366.768
2026-02-02,21,4612.666,7023.892,11636.558
2026-02-02,22,4658.29,7127.178,11785.468
2026-02-02,23,5109.68,7163.324,12273.004
2026-02-02,24,5391.462,7144.904,12536.366
2026-02-02,25,5399.972,7602.744,13002.716
2026-02-02,26,5431.162,8090.486,13521.648
2026-02-02,27,5574.448,8428.76,14003.208
2026-02-02,28,5624.014,8863.28,14487.294
2026-02-02,29,5825.55,9266.586,15092.136
2026-02-02,30,6000.27,9844.126,15844.396
2026-02-02,31,6053.514,10083.44,16136.954
2026-02-02,32,6191.316,10167.722,16359.038
2026-02-02,33,6366.91,10323.358,16690.268
2026-02-02,34,6531.0,10474.62,17005.62
2026-02-02,35,6637.96,10567.694,17205.654
2026-02-02,36,6678.92,10788.394,17467.314
2026-02-02,37,6495.448,11063.104,17558.552
2026-02-02,38,6219.004,11160.612,17379.616
2026-02-02,39,5615.488,11083.928,16699.416
2026-02-02,40,4652.834,10951.12,15603.954
2026-02-02,41,4086.11,10877.916,14964.026
2026-02-02,42,3832.1,10942.228,14774.328
2026-02-02,43,3793.116,10991.044,14784.16
2026-02-02,44,3817.922,10969.234,14787.156
2026-02-02,45,3684.486,10961.652,14646.138
2026-02-02,46,3894.11,11056.158,14950.268
2026-02-02,47,4100.988,11110.974,15211.962
2026-02-02,48,4091.862,11104.876,15196.738
2026-02-03,1,3968.094,11133.964,15102.058
2026-02-03,2,4285.73,11158.042,15443.772
2026-02-03,3,4521.436,11176.578,15698.014
2026-02-03,4,4041.524,11047.678,15089.202
2026-02-03,5,4389.04,11034.098,15423.138
2026-02-03,6,4902.658,11106.91,16009.568
2026-02-03,7,5331.288,11114.096,16445.384
2026-02-03,8,5435.846,11037.944,16473.79
2026-02-03,9,5284.106,11042.416,16326.522
2026-02-03,10,5232.416,11046.64,16279.056
2026-02-03,11,4471.526,11093.358,15564.884
2026-02-03,12,4229.01,11035.356,15264.366
2026-02-03,13,4275.338,10972.12,15247.458
2026-02-03,14,4290.034,11004.688,15294.722
2026-02-03,15,4400.552,11039.458,15440.01
2026-02-03,16,4602.398,11073.746,15676.144
2026-02-03,17,4793.21,11084.208,15877.418
2026-02-03,18,4833.536,11027.888,15861.424
2026-02-03,19,5043.874,11004.264,16048.138
2026-02-03,20,5293.29,10888.938,16182.228
2026-02-03,21,5491.23,10811.114,16302.344
2026-02-03,22,5357.194,10706.948,16064.142
2026-02-03,23,5439.592,10504.694,15944.286
2026-02-03,24,5605.328,10331.236,15936.564
2026-02-03,25,5761.862,10049.104,15810.966
2026-02-03,26,5676.088,9731.828,15407.916
2026-02-03,27,5464.42,9526.158,14990.578
2026-02-03,28,5287.168,9423.188,14710.356
2026-02-03,29,5226.62,9410.21,14636.83
2026-02-03,30,5211.606,9154.05,14365.656
2026-02-03,31,5135.308,9006.49,14141.798
2026-02-03,32,5208.286,8951.094,14159.38
2026-02-03,33,5116.978,8814.314,13931.292
2026-02-03,34,5038.948,8687.67,13726.618
2026-02-03,35,5088.552,8479.118,13567.67
2026-02-03,36,5017.67,8261.052,13278.722
2026-02-03,37,4949.986,7991.574,12941.56
2026-02-03,38,4959.814,7674.898,12634.712
2026-02-03,39,4882.816,7452.638,12335.454
2026-02-03,40,4801.588,7303.576,12105.164
2026-02-03,41,4664.352,7217.594,11881.946
2026-02-03,42,4904.852,7261.518,12166.37
2026-02-03,43,4806.524,7328.77,12135.294
2026-02-03,44,4698.59,7391.264,12089.854
2026-02-03,45,4562.358,7547.464,12109.822
2026-02-03,46,4497.042,7707.578,12204.62
2026-02-03,47,4409.238,7643.434,12052.672
2026-02-03,48,4413.438,7666.28,12079.718
2026-02-04,1,4448.498,7528.242,11976.74
2026-02-04,2,4405.204,7256.836,11662.04
2026-02-04,3,4406.906,7144.776,11551.682
2026-02-04,4,4542.144,7162.548,11704.692
2026-02-04,5,4823.236,7368.426,12191.662
2026-02-04,6,5033.546,7365.748,12399.294
2026-02-04,7,5124.052,7204.214,12328.266
2026-02-04,8,5297.962,6716.628,12014.59
2026-02-04,9,5366.876,6345.984,11712.86
2026-02-04,10,5300.826,6007.548,11308.374
2026-02-04,11,5066.756,5576.87,10643.626
2026-02-04,12,4916.676,4735.588,9652.264
2026-02-04,13,5140.012,3785.644,8925.656
2026-02-04,14,5242.464,3385.914,8628.378
2026-02-04,15,5276.622,3249.366,8525.988
2026-02-04,16,5341.636,3061.866,8403.502
2026-02-04,17,5409.176,2824.402,8233.578
2026-02-04,18,5301.47,2720.982,8022.452
2026-02-04,19,5302.276,2846.05,8148.326
2026-02-04,20,5229.594,2623.738,7853.332
2026-02-04,21,5276.706,2599.22,7875.926
2026-02-04,22,5206.07,2775.18,7981.25
2026-02-04,23,5274.436,2752.126,8026.562
2026-02-04,24,5331.56,3040.666,8372.226
2026-02-04,25,5229.596,3195.804,8425.4
2026-02-04,26,5118.73,3456.944,8575.674
2026-02-04,27,4926.834,3831.88,8758.714
2026-02-04,28,4628.76,4154.334,8783.094
2026-02-04,29,4374.416,4774.388,9148.804
2026-02-04,30,4226.968,5422.316,9649.284
2026-02-04,31,4148.306,6061.394,10209.7
2026-02-04,32,4326.196,6379.914,10706.11
2026-02-04,33,4316.008,6975.108,11291.116
2026-02-04,34,4143.17,7848.212,11991.382
2026-02-04,35,4071.562,8721.008,12792.57
2026-02-04,36,4269.794,9487.374,13757.168
2026-02-04,37,4434.792,9892.176,14326.968
2026-02-04,38,4628.14,9817.338,14445.478
2026-02-04,39,4690.506,9913.134,14603.64
2026-02-04,40,4870.634,10152.558,15023.192
2026-02-04,41,5199.994,10252.106,15452.1
2026-02-04,42,5343.496,10392.466,15735.962
2026-02-04,43,5094.972,10533.356,15628.328
2026-02-04,44,4818.038,10815.818,15633.856
2026-02-04,45,4649.71,10894.538,15544.248
2026-02-04,46,4519.826,10858.578,15378.404
2026-02-04,47,4405.596,10917.696,15323.292
2026-02-04,48,4099.896,10957.81,15057.706
2026-02-05,1,4278.606,11045.746,15324.352
2026-02-05,2,4403.358,11173.022,15576.38
2026-02-05,3,4480.812,11181.548,15662.36
2026-02-05,4,4576.104,11255.772,15831.876
2026-02-05,5,4553.226,11305.89,15859.116
2026-02-05,6,4657.556,11317.61,15975.166
2026-02-05,7,4937.494,11319.406,16256.9
2026-02-05,8,4975.988,11334.082,16310.07
2026-02-05,9,5029.64,11339.438,16369.078
2026-02-05,10,4953.02,11294.34,16247.36
2026-02-05,11,5052.634,11265.756,16318.39
2026-02-05,12,4901.9,11239.616,16141.516
2026-02-05,13,4641.106,11235.236,15876.342
2026-02-05,14,4801.948,11294.85,16096.798
2026-02-05,15,4980.496,11267.678,16248.174
2026-02-05,16,5333.852,11252.722,16586.574
2026-02-05,17,5466.682,11207.688,16674.37
2026-02-05,18,5689.916,11204.972,16894.888
2026-02-05,19,6074.05,11203.354,17277.404
2026-02-05,20,6196.822,11105.972,17302.794
2026-02-05,21,6194.146,11034.56,17228.706
2026-02-05,22,6283.334,10977.55,17260.884
2026-02-05,23,6308.136,10958.698,17266.834
2026-02-05,24,6087.826,10902.052,16989.878
2026-02-05,25,5877.108,10863.348,16740.456
2026-02-05,26,5777.636,10842.524,16620.16
2026-02-05,27,5960.908,10737.788,16698.696
2026-02-05,28,6050.046,10580.496,16630.542
2026-02-05,29,6067.382,10398.936,16466.318
2026-02-05,30,6272.958,10425.04,16697.998
2026-02-05,31,6217.782,10402.554,16620.336
2026-02-05,32,6174.148,10327.282,16501.43
2026-02-05,33,6097.806,10322.934,16420.74
2026-02-05,34,6044.186,10419.92,16464.106
2026-02-05,35,5958.686,10554.86,16513.546
2026-02-05,36,5946.406,10607.508,16553.914
2026-02-05,37,5908.346,10754.176,16662.522
2026-02-05,38,5548.58,10838.13,16386.71
2026-02-05,39,5469.77,10770.002,16239.772
2026-02-05,40,5341.7,10669.092,16010.792
2026-02-05,41,5254.75,10484.908,15739.658
2026-02-05,42,5238.112,10197.082,15435.194
2026-02-05,43,5143.796,10063.686,15207.482
2026-02-05,44,5098.564,9881.164,14979.728
2026-02-05,45,5144.358,9795.644,14940.002
2026-02-05,46,5015.49,9899.758,14915.248
2026-02-05,47,4790.43,9832.664,14623.094
2026-02-05,48,4758.602,9671.436,14430.038
2026-02-06,1,4469.204,9378.936,13848.14
2026-02-06,2,4267.844,9330.41,13598.254
2026-02-06,3,3961.234,9266.644,13227.878
2026-02-06,4,3934.618,9368.866,13303.484
2026-02-06,5,3931.184,9439.588,13370.772
2026-02-06,6,4136.2,9504.758,13640.958
2026-02-06,7,4051.64,9521.498,13573.138
2026-02-06,8,4093.464,9494.012,13587.476
2026-02-06,9,4002.848,9444.256,13447.104
2026-02-06,10,3951.84,9495.81,13447.65
2026-02-06,11,3885.77,9577.872,13463.642
2026-02-06,12,4302.008,9495.036,13797.044
2026-02-06,13,4625.098,9522.062,14147.16
2026-02-06,14,5040.22,9555.904,14596.124
2026-02-06,15,5373.162,9494.846,14868.008
2026-02-06,16,5517.342,9404.39,14921.732
2026-02-06,17,5727.666,9261.148,14988.814
2026-02-06,18,6243.968,8983.11,15227.078
2026-02-06,19,6405.448,8821.362,15226.81
2026-02-06,20,6457.644,8861.036,15318.68
2026-02-06,21,6547.668,8962.31,15509.978
2026-02-06,22,6470.046,8906.272,15376.318
2026-02-06,23,6392.876,8814.798,15207.674
2026-02-06,24,6360.016,8683.376,15043.392
2026-02-06,25,6350.788,8525.092,14875.88
2026-02-06,26,6509.96,8243.826,14753.786
2026-02-06,27,6353.45,8145.41,14498.86
2026-02-06,28,6414.146,8021.126,14435.272
2026-02-06,29,6475.422,7810.562,14285.984
2026-02-06,30,6480.308,7641.222,14121.53
2026-02-06,31,6463.252,7712.488,14175.74
2026-02-06,32,6317.562,7831.472,14149.034
2026-02-06,33,6448.618,7946.976,14395.594
2026-02-06,34,6447.026,8265.242,14712.268
2026-02-06,35,6210.39,8610.68,14821.07
2026-02-06,36,6084.904,8803.124,14888.028
2026-02-06,37,6133.968,8781.28,14915.248
2026-02-06,38,6142.012,8632.996,14775.008
2026-02-06,39,6000.534,8501.866,14502.4
2026-02-06,40,5850.318,8210.2,14060.518
2026-02-06,41,5586.644,7967.584,13554.228
2026-02-06,42,5444.21,7889.826,13334.036
2026-02-06,43,5362.94,7584.362,12947.302
2026-02-06,44,5198.51,6971.884,12170.394
2026-02-06,45,5106.572,6624.848,11731.42
2026-02-06,46,5192.584,6318.122,11510.706
2026-02-06,47,5133.594,6109.364,11242.958
2026-02-06,48,4890.452,6236.974,11127.426
2026-02-07,1,4716.768,6235.62,10952.388
2026-02-07,2,4629.864,6242.842,10872.706
2026-02-07,3,4598.202,6055.376,10653.578
2026-02-07,4,4659.988,5787.038,10447.026
2026-02-07,5,4816.014,5415.206,10231.22
2026-02-07,6,4756.02,5083.788,9839.808
2026-02-07,7,5004.626,5106.128,10110.754
2026-02-07,8,5110.114,5189.38,10299.494
2026-02-07,9,5178.208,5439.4,10617.608
2026-02-07,10,5215.846,5364.368,10580.214
2026-02-07,11,5161.078,5208.604,10369.682
2026-02-07,12,5066.824,4972.928,10039.752
2026-02-07,13,4917.308,5000.32,9917.628
2026-02-07,14,4743.356,4884.314,9627.67
2026-02-07,15,4618.09,4979.764,9597.854
2026-02-07,16,4505.108,5143.042,9648.15
2026-02-07,17,4405.748,5211.886,9617.634
2026-02-07,18,4271.138,5613.354,9884.492
2026-02-07,19,4154.958,5890.402,10045.36
2026-02-07,20,4103.148,5941.528,10044.676
2026-02-07,21,3843.032,6285.154,10128.186
2026-02-07,22,3820.23,6848.792,10669.022
2026-02-07,23,3778.92,7089.378,10868.298
2026-02-07,24,3753.316,7542.786,11296.102
2026-02-07,25,3720.516,8102.182,11822.698
2026-02-07,26,3651.134,8261.116,11912.25
2026-02-07,27,3574.418,8504.908,12079.326
2026-02-07,28,3563.554,8759.408,12322.962
2026-02-07,29,3664.644,8767.622,12432.266
2026-02-07,30,3620.498,8879.726,12500.224
2026-02-07,31,3489.168,8906.288,12395.456
2026-02-07,32,3451.304,8872.8,12324.104
2026-02-07,33,3527.094,8904.214,12431.308
2026-02-07,34,3735.818,8809.588,12545.406
2026-02-07,35,3877.28,8664.182,12541.462
2026-02-07,36,4001.91,8541.464,12543.374
2026-02-07,37,3957.438,8398.306,12355.744
2026-02-07,38,3908.654,8579.2,12487.854
2026-02-07,39,3981.576,8576.884,12558.46
2026-02-07,40,3978.242,8444.072,12422.314
2026-02-07,41,4010.8,8258.958,12269.758
2026-02-07,42,3957.46,8021.906,11979.366
2026-02-07,43,3914.604,7758.922,11673.526
2026-02-07,44,3895.014,7512.18,11407.194
2026-02-07,45,3894.472,7421.382,11315.854
2026-02-07,46,4198.986,7373.132,11572.118
2026-02-07,47,4219.826,7216.472,11436.298
2026-02-07,48,4133.604,7254.296,11387.9
2026-02-08,1,4091.436,7438.012,11529.448
2026-02-08,2,3836.386,7451.396,11287.782
2026-02-08,3,3761.718,7434.392,11196.11
2026-02-08,4,3645.65,7238.876,10884.526
2026-02-08,5,3487.09,6848.484,10335.574
2026-02-08,6,3394.752,6671.762,10066.514
2026-02-08,7,3227.688,6056.06,9283.748
2026-02-08,8,3198.238,5698.282,8896.52
2026-02-08,9,3179.538,5764.752,8944.29
2026-02-08,10,3213.586,5807.028,9020.614
2026-02-08,11,3378.796,5646.398,9025.194
2026-02-08,12,3397.272,5451.308,8848.58
2026-02-08,13,3430.008,5074.726,8504.734
2026-02-08,14,3560.59,4883.732,8444.322
2026-02-08,15,3613.872,4639.358,8253.23
2026-02-08,16,3807.734,4335.724,8143.458
2026-02-08,17,3757.004,3975.386,7732.39
2026-02-08,18,3628.558,3466.14,7094.698
2026-02-08,19,3676.046,3110.67,6786.716
2026-02-08,20,3656.038,3039.262,6695.3
2026-02-08,21,3676.652,2635.038,6311.69
2026-02-08,22,3797.978,2395.034,6193.012
2026-02-08,23,3875.278,2664.308,6539.586
2026-02-08,24,3871.736,2792.962,6664.698
2026-02-08,25,3938.024,2740.878,6678.902
2026-02-08,26,3964.028,2722.916,6686.944
2026-02-08,27,3987.582,2546.008,6533.59
2026-02-08,28,3994.608,2618.636,6613.244
2026-02-08,29,3953.102,2686.044,6639.146
2026-02-08,30,3764.874,2629.982,6394.856
2026-02-08,31,3541.308,2612.828,6154.136
2026-02-08,32,3445.802,2802.338,6248.14
2026-02-08,33,3347.168,2859.942,6207.11
2026-02-08,34,3364.514,2960.18,6324.694
2026-02-08,35,3553.374,2990.868,6544.242
2026-02-08,36,3637.01,3280.332,6917.342
2026-02-08,37,3512.198,3111.592,6623.79
2026-02-08,38,3471.634,3235.3,6706.934
2026-02-08,39,3520.464,3648.946,7169.41
2026-02-08,40,3585.634,3929.792,7515.426
2026-02-08,41,3534.292,4177.164,7711.456
2026-02-08,42,3564.12,4333.762,7897.882
2026-02-08,43,3520.162,4316.638,7836.8
2026-02-08,44,3456.086,4501.868,7957.954
2026-02-08,45,3421.914,4814.788,8236.702
2026-02-08,46,3316.632,4810.946,8127.578
2026-02-08,47,3277.028,4656.702,7933.73
2026-02-08,48,3413.27,4751.67,8164.94
2026-02-09,1,3263.9,4763.976,8027.876
2026-02-09,2,3548.298,4742.75,8291.048
2026-02-09,3,3481.922,4720.012,8201.934
2026-02-09,4,3472.464,4645.926,8118.39
2026-02-09,5,3317.136,4422.056,7739.192
2026-02-09,6,3366.308,4266.624,7632.932
2026-02-09,7,3241.018,4198.538,7439.556
2026-02-09,8,3314.536,4424.612,7739.148
2026-02-09,9,3252.832,4690.648,7943.48
2026-02-09,10,3438.692,4800.288,8238.98
2026-02-09,11,3701.086,4827.8,8528.886
2026-02-09,12,3573.904,4817.066,8390.97
2026-02-09,13,3729.048,4849.43,8578.478
2026-02-09,14,3897.892,4819.648,8717.54
2026-02-09,15,3906.984,4816.692,8723.676
2026-02-09,16,3837.45,4788.01,8625.46
2026-02-09,17,3802.202,4935.438,8737.64
2026-02-09,18,3730.324,4984.938,8715.262
2026-02-09,19,3649.824,4970.92,8620.744
2026-02-09,20,3589.022,4944.436,8533.458
2026-02-09,21,3444.904,5074.086,8518.99
2026-02-09,22,3338.354,5175.018,8513.372
2026-02-09,23,3317.734,5164.908,8482.642
2026-02-09,24,3369.96,5060.622,8430.582
2026-02-09,25,3298.72,5074.308,8373.028
2026-02-09,26,3320.978,5058.44,8379.418
2026-02-09,27,3347.506,4996.542,8344.048
2026-02-09,28,3312.038,5296.928,8608.966
2026-02-09,29,3273.862,5430.194,8704.056
2026-02-09,30,3162.472,5549.536,8712.008
2026-02-09,31,3162.506,5884.98,9047.486
2026-02-09,32,3192.482,6062.686,9255.168
2026-02-09,33,3172.626,6439.332,9611.958
2026-02-09,34,3233.814,6901.804,10135.618
2026-02-09,35,3387.73,7073.52,10461.25
2026-02-09,36,3618.386,7358.846,10977.232
2026-02-09,37,3593.308,7603.318,11196.626
2026-02-09,38,3837.242,7824.666,11661.908
2026-02-09,39,3824.584,7857.932,11682.516
2026-02-09,40,3898.102,7753.28,11651.382
2026-02-09,41,3918.442,7789.834,11708.276
2026-02-09,42,3945.996,7583.046,11529.042
2026-02-09,43,3958.738,7561.442,11520.18
2026-02-09,44,4081.854,7681.14,11762.994
2026-02-09,45,4132.764,7516.278,11649.042
2026-02-09,46,4173.39,7128.582,11301.972
2026-02-09,47,4095.974,6671.312,10767.286
2026-02-09,48,4180.01,6294.676,10474.686
2026-02-10,1,4239.248,5917.056,10156.304
2026-02-10,2,4552.304,5898.662,10450.966
2026-02-10,3,4574.06,6304.02,10878.08
2026-02-10,4,4487.62,6792.8,11280.42
2026-02-10,5,4516.14,6950.762,11466.902
2026-02-10,6,4608.84,7166.078,11774.918
2026-02-10,7,4602.008,7253.068,11855.076
2026-02-10,8,4668.088,7184.928,11853.016
2026-02-10,9,4649.576,7131.47,11781.046
2026-02-10,10,4603.272,7160.428,11763.7
2026-02-10,11,4604.11,7253.66,11857.77
2026-02-10,12,4764.31,7059.684,11823.994
2026-02-10,13,5091.658,6775.628,11867.286
2026-02-10,14,5424.04,6476.422,11900.462
2026-02-10,15,5551.824,6249.426,11801.25
2026-02-10,16,5627.102,6133.714,11760.816
2026-02-10,17,5836.372,5868.616,11704.988
2026-02-10,18,5922.772,5717.348,11640.12
2026-02-10,19,5889.638,5530.286,11419.924
2026-02-10,20,5868.03,5272.798,11140.828
2026-02-10,21,5991.744,5038.014,11029.758
2026-02-10,22,6094.672,4999.016,11093.688
2026-02-10,23,6000.13,4962.534,10962.664
2026-02-10,24,6061.94,4925.648,10987.588
2026-02-10,25,6130.59,5086.136,11216.726
2026-02-10,26,6023.818,5135.502,11159.32
2026-02-10,27,6028.434,4993.848,11022.282
2026-02-10,28,6084.97,4817.982,10902.952
2026-02-10,29,5916.774,4929.288,10846.062
2026-02-10,30,5943.98,5395.838,11339.818
2026-02-10,31,6089.654,5604.018,11693.672
2026-02-10,32,6177.69,5594.89,11772.58
2026-02-10,33,6329.172,5561.988,11891.16
2026-02-10,34,6369.914,5577.738,11947.652
2026-02-10,35,6456.15,5609.302,12065.452
2026-02-10,36,6400.39,5581.71,11982.1
2026-02-10,37,6379.68,5646.632,12026.312
2026-02-10,38,6379.626,5695.71,12075.336
2026-02-10,39,6310.634,5591.81,11902.444
2026-02-10,40,6345.912,5554.338,11900.25
2026-02-10,41,6289.614,5435.48,11725.094
2026-02-10,42,6304.006,5370.068,11674.074
2026-02-10,43,6013.232,5281.692,11294.924
2026-02-10,44,5726.95,5089.084,10816.034
2026-02-10,45,5641.698,4934.168,10575.866
2026-02-10,46,5570.746,4898.08,10468.826
2026-02-10,47,5577.642,4750.336,10327.978
2026-02-10,48,5480.208,4629.84,10110.048
2026-02-11,1,5369.412,4574.202,9943.614
2026-02-11,2,5219.594,4460.53,9680.124
2026-02-11,3,5023.576,4368.752,9392.328
2026-02-11,4,4913.478,4300.568,9214.046
2026-02-11,5,4978.714,4157.694,9136.408
2026-02-11,6,5042.782,4078.232,9121.014
2026-02-11,7,5270.852,4008.354,9279.206
2026-02-11,8,5348.928,4015.906,9364.834
2026-02-11,9,5296.074,4028.392,9324.466
2026-02-11,10,5369.886,3816.7,9186.586
2026-02-11,11,5461.518,3617.616,9079.134
2026-02-11,12,5371.286,3500.51,8871.796
2026-02-11,13,5439.592,3434.424,8874.016
2026-02-11,14,5768.568,3524.148,9292.716
2026-02-11,15,5842.898,3574.072,9416.97
2026-02-11,16,5743.784,3667.702,9411.486
2026-02-11,17,5577.982,3808.128,9386.11
2026-02-11,18,5609.944,3946.848,9556.792
2026-02-11,19,5506.618,4206.768,9713.386
2026-02-11,20,5596.068,4421.628,10017.696
2026-02-11,21,5821.042,4472.178,10293.22
2026-02-11,22,5841.74,4510.336,10352.076
2026-02-11,23,5849.214,4479.616,10328.83
2026-02-11,24,6026.462,4713.386,10739.848
2026-02-11,25,6046.876,5075.728,11122.604
2026-02-11,26,5876.546,5021.73,10898.276
2026-02-11,27,5853.466,5030.224,10883.69
2026-02-11,28,5955.298,5105.184,11060.482
2026-02-11,29,5978.28,5108.424,11086.704
2026-02-11,30,5960.068,5257.408,11217.476
2026-02-11,31,6006.92,5232.002,11238.922
2026-02-11,32,6039.77,5382.232,11422.002
2026-02-11,33,6029.35,5295.562,11324.912
2026-02-11,34,6017.504,5202.514,11220.018
2026-02-11,35,5951.936,5170.126,11122.062
2026-02-11,36,5942.084,5234.128,11176.212
2026-02-11,37,5909.04,5145.874,11054.914
2026-02-11,38,5946.0,5255.14,11201.14
2026-02-11,39,5953.262,5265.066,11218.328
2026-02-11,40,5949.586,5109.454,11059.04
2026-02-11,41,5964.334,4914.452,10878.786
2026-02-11,42,5988.438,4246.542,10234.98
2026-02-11,43,5963.672,3567.476,9531.148
2026-02-11,44,5989.112,2907.554,8896.666
2026-02-11,45,6185.638,2572.244,8757.882
2026-02-11,46,6144.968,2343.252,8488.22
2026-02-11,47,6082.512,2283.28,8365.792
2026-02-11,48,6116.016,2267.772,8383.788
2026-02-12,1,6015.274,2317.336,8332.61
2026-02-12,2,6085.24,2385.948,8471.188
2026-02-12,3,6054.396,2303.856,8358.252
2026-02-12,4,5890.318,2237.508,8127.826
2026-02-12,5,6147.834,2310.288,8458.122
2026-02-12,6,6343.576,2482.426,8826.002
2026-02-12,7,6671.302,2658.514,9329.816
2026-02-12,8,6770.84,2787.022,9557.862
2026-02-12,9,6691.766,2943.422,9635.188
2026-02-12,10,6686.778,3337.854,10024.632
2026-02-12,11,6437.806,3615.152,10052.958
2026-02-12,12,5998.458,3716.484,9714.942
2026-02-12,13,5937.928,3723.166,9661.094
2026-02-12,14,6018.352,4000.568,10018.92
2026-02-12,15,5929.136,4409.242,10338.378
2026-02-12,16,5793.966,4487.242,10281.208
2026-02-12,17,5456.852,4658.902,10115.754
2026-02-12,18,5216.812,5016.268,10233.08
2026-02-12,19,5067.238,5345.624,10412.862
2026-02-12,20,5024.716,5625.46,10650.176
2026-02-12,21,4863.052,5936.726,10799.778
2026-02-12,22,4539.792,6084.392,10624.184
2026-02-12,23,4481.05,6078.378,10559.428
2026-02-12,24,4144.146,6099.262,10243.408
2026-02-12,25,3913.516,5958.418,9871.934
2026-02-12,26,3779.244,5943.888,9723.132
2026-02-12,27,3726.204,5967.616,9693.82
2026-02-12,28,3571.916,5726.874,9298.79
2026-02-12,29,3589.832,5632.392,9222.224
2026-02-12,30,3698.414,5327.324,9025.738
2026-02-12,31,3562.686,5195.92,8758.606
2026-02-12,32,3648.526,5094.638,8743.164
2026-02-12,33,3264.854,5041.034,8305.888
2026-02-12,34,3229.83,5205.806,8435.636
2026-02-12,35,2825.176,5437.074,8262.25
2026-02-12,36,2659.844,5363.946,8023.79
2026-02-12,37,2795.336,5239.612,8034.948
2026-02-12,38,2865.586,5080.636,7946.222
2026-02-12,39,2677.63,4947.822,7625.452
2026-02-12,40,2767.712,4687.48,7455.192
2026-02-12,41,2772.638,4649.52,7422.158
2026-02-12,42,2744.416,4736.256,7480.672
2026-02-12,43,3066.792,4780.72,7847.512
2026-02-12,44,3232.282,4715.508,7947.79
2026-02-12,45,3160.76,4559.682,7720.442
2026-02-12,46,2978.684,4557.256,7535.94
2026-02-12,47,2950.36,4472.598,7422.958
2026-02-12,48,3008.028,4454.966,7462.994
2026-02-13,1,2883.762,4385.626,7269.388
2026-02-13,2,2919.82,4327.466,7247.286
2026-02-13,3,2793.77,4256.668,7050.438
2026-02-13,4,2513.014,4323.612,6836.626
2026-02-13,5,2409.76,4351.722,6761.482
2026-02-13,6,2536.4,4430.666,6967.066
2026-02-13,7,2675.11,4414.568,7089.678
2026-02-13,8,2918.304,4543.08,7461.384
2026-02-13,9,2930.192,4612.092,7542.284
2026-02-13,10,2833.826,4816.982,7650.808
2026-02-13,11,2675.592,5080.716,7756.308
2026-02-13,12,2700.042,5329.72,8029.762
2026-02-13,13,2611.944,5595.944,8207.888
2026-02-13,14,2619.426,5931.658,8551.084
2026-02-13,15,2651.238,6097.914,8749.152
2026-02-13,16,2527.082,6274.44,8801.522
2026-02-13,17,2744.744,6328.532,9073.276
2026-02-13,18,3084.668,6303.382,9388.05
2026-02-13,19,2963.094,6248.376,9211.47
2026-02-13,20,2663.8,6392.282,9056.082
2026-02-13,21,2496.918,6389.442,8886.36
2026-02-13,22,2204.522,6350.8,8555.322
2026-02-13,23,2458.73,6465.81,8924.54
2026-02-13,24,2500.71,6416.17,8916.88
2026-02-13,25,2734.73,6523.52,9258.25
2026-02-13,26,2823.324,6707.098,9530.422
2026-02-13,27,2749.832,6750.258,9500.09
2026-02-13,28,2781.608,6993.088,9774.696
2026-02-13,29,2676.214,6858.706,9534.92
2026-02-13,30,2641.786,7093.974,9735.76
2026-02-13,31,2390.412,7511.464,9901.876
2026-02-13,32,2116.07,7434.424,9550.494
2026-02-13,33,2157.484,7900.208,10057.692
2026-02-13,34,2114.76,8121.218,10235.978
2026-02-13,35,1929.918,8224.37,10154.288
2026-02-13,36,1913.346,8213.282,10126.628
2026-02-13,37,2375.34,8474.592,10849.932
2026-02-13,38,2281.282,8566.344,10847.626
2026-02-13,39,2358.02,8518.124,10876.144
2026-02-13,40,2495.07,8531.234,11026.304
2026-02-13,41,2246.21,8297.292,10543.502
2026-02-13,42,2285.62,8318.926,10604.546
2026-02-13,43,2514.384,8276.38,10790.764
2026-02-13,44,2253.028,8054.488,10307.516
2026-02-13,45,2235.006,7813.742,10048.748
2026-02-13,46,2134.476,7492.714,9627.19
2026-02-13,47,2205.856,7310.764,9516.62
2026-02-13,48,2334.728,7279.086,9613.814
2026-02-14,1,2501.376,7085.932,9587.308
2026-02-14,2,2321.086,6903.13,9224.216
2026-02-14,3,2180.476,6827.782,9008.258
2026-02-14,4,2035.224,6537.164,8572.388
2026-02-14,5,1956.594,6263.096,8219.69
2026-02-14,6,1787.036,5964.878,7751.914
2026-02-14,7,1862.562,5742.64,7605.202
2026-02-14,8,1777.508,5348.74,7126.248
2026-02-14,9,1767.038,5052.976,6820.014
2026-02-14,10,1795.842,4896.622,6692.464
2026-02-14,11,1681.93,4588.344,6270.274
2026-02-14,12,1568.962,4363.962,5932.924
2026-02-14,13,1426.156,4265.846,5692.002
2026-02-14,14,1350.062,4100.136,5450.198
2026-02-14,15,1150.228,3924.014,5074.242
2026-02-14,16,988.726,3263.456,4252.182
2026-02-14,17,868.51,3019.572,3888.082
2026-02-14,18,866.08,2897.976,3764.056
2026-02-14,19,756.646,2564.204,3320.85
2026-02-14,20,673.644,2165.556,2839.2
2026-02-14,21,649.35,1953.716,2603.066
2026-02-14,22,742.782,1779.042,2521.824
2026-02-14,23,743.046,1719.222,2462.268
2026-02-14,24,738.922,1675.312,2414.234
2026-02-14,25,782.756,1498.926,2281.682
2026-02-14,26,986.376,1332.26,2318.636
2026-02-14,27,1288.008,1147.566,2435.574
2026-02-14,28,1614.52,966.24,2580.76
2026-02-14,29,1824.964,868.278,2693.242
2026-02-14,30,2070.808,669.412,2740.22
2026-02-14,31,2537.778,541.874,3079.652
2026-02-14,32,3105.796,510.048,3615.844
2026-02-14,33,3611.614,665.7,4277.314
2026-02-14,34,3907.028,836.568,4743.596
2026-02-14,35,4028.266,1014.196,5042.462
2026-02-14,36,4251.434,1286.95,5538.384
2026-02-14,37,4572.562,1485.328,6057.89
2026-02-14,38,4965.52,1742.71,6708.23
2026-02-14,39,5100.21,1994.726,7094.936
2026-02-14,40,4993.368,2444.85,7438.218
2026-02-14,41,5313.54,2858.596,8172.136
2026-02-14,42,5620.9,3263.642,8884.542
2026-02-14,43,5834.778,3982.288,9817.066
2026-02-14,44,6017.332,4627.318,10644.65
2026-02-14,45,6322.126,5190.32,11512.446
2026-02-14,46,6211.022,5815.97,12026.992
2026-02-14,47,5455.564,6601.598,12057.162
2026-02-14,48,5108.892,7324.238,12433.13
2026-02-15,1,4921.152,8020.11,12941.262
2026-02-15,2,4971.704,8507.256,13478.96
2026-02-15,3,4965.106,8779.848,13744.954
2026-02-15,4,5025.62,9133.836,14159.456
2026-02-15,5,5223.212,9661.642,14884.854
2026-02-15,6,5328.972,10009.37,15338.342
2026-02-15,7,5340.738,10211.408,15552.146
2026-02-15,8,5328.45,10432.132,15760.582
2026-02-15,9,5119.574,10525.598,15645.172
2026-02-15,10,5104.244,10566.084,15670.328
2026-02-15,11,4672.446,10570.172,15242.618
2026-02-15,12,4566.862,10520.402,15087.264
2026-02-15,13,4320.214,10585.264,14905.478
2026-02-15,14,4054.3,10537.562,14591.862
2026-02-15,15,3913.066,10432.956,14346.022
2026-02-15,16,3948.898,10422.91,14371.808
2026-02-15,17,3927.368,10225.886,14153.254
2026-02-15,18,4028.9,10101.772,14130.672
2026-02-15,19,3743.876,10126.452,13870.328
2026-02-15,20,3552.602,9968.502,13521.104
2026-02-15,21,3667.834,10153.798,13821.632
2026-02-15,22,3803.614,10406.41,14210.024
2026-02-15,23,3726.91,10468.902,14195.812
2026-02-15,24,3463.406,10182.606,13646.012
2026-02-15,25,3056.032,10331.098,13387.13
2026-02-15,26,2857.424,10714.126,13571.55
2026-02-15,27,2723.038,10806.522,13529.56
2026-02-15,28,2555.422,10857.888,13413.31
2026-02-15,29,2389.174,10653.002,13042.176
2026-02-15,30,2326.786,10449.63,12776.416
2026-02-15,31,2214.4,10208.214,12422.614
2026-02-15,32,1972.784,9681.684,11654.468
2026-02-15,33,1731.22,9326.432,11057.652
2026-02-15,34,1527.462,8906.664,10434.126
2026-02-15,35,1485.582,8403.134,9888.716
2026-02-15,36,1446.724,7967.388,9414.112
2026-02-15,37,1467.68,8074.384,9542.064
2026-02-15,38,1436.382,8176.334,9612.716
2026-02-15,39,1585.988,7828.65,9414.638
2026-02-15,40,1687.174,6781.472,8468.646
2026-02-15,41,1837.276,6386.96,8224.236
2026-02-15,42,1895.642,6827.252,8722.894
2026-02-15,43,1952.012,7610.592,9562.604
2026-02-15,44,1997.718,8209.676,10207.394
2026-02-15,45,2066.688,8388.47,10455.158
2026-02-15,46,2303.114,8671.834,10974.948
2026-02-15,47,2210.79,8993.968,11204.758
2026-02-15,48,2239.338,9252.96,11492.298
2026-02-16,1,2306.012,9505.974,11811.986
2026-02-16,2,2406.026,9956.882,12362.908
2026-02-16,3,2454.784,10011.192,12465.976
2026-02-16,4,2507.784,9980.782,12488.566
2026-02-16,5,2377.676,10017.114,12394.79
2026-02-16,6,2469.818,9888.382,12358.2
2026-02-16,7,2545.766,10018.342,12564.108
2026-02-16,8,2335.018,10082.484,12417.502
2026-02-16,9,2126.85,10053.526,12180.376
2026-02-16,10,1940.984,10052.568,11993.552
2026-02-16,11,2033.442,9972.736,12006.178
2026-02-16,12,2039.602,10034.934,12074.536
2026-02-16,13,1989.318,10098.03,12087.348
2026-02-16,14,2046.814,9977.186,12024.0
2026-02-16,15,2171.728,9978.428,12150.156
2026-02-16,16,2135.286,9832.85,11968.136
2026-02-16,17,2219.966,9881.844,12101.81
2026-02-16,18,2350.388,9709.766,12060.154
2026-02-16,19,2777.614,9314.656,12092.27
2026-02-16,20,3001.746,9426.436,12428.182
2026-02-16,21,3381.636,9520.468,12902.104
2026-02-16,22,4129.876,9541.934,13671.81
2026-02-16,23,4384.204,9530.696,13914.9
2026-02-16,24,4568.058,9425.568,13993.626
2026-02-16,25,4574.374,9352.47,13926.844
2026-02-16,26,4581.45,8988.104,13569.554
2026-02-16,27,4646.704,8571.706,13218.41
2026-02-16,28,4676.706,8435.024,13111.73
2026-02-16,29,5032.91,8012.36,13045.27
2026-02-16,30,5087.86,7923.614,13011.474
2026-02-16,31,5328.0,7934.714,13262.714
2026-02-16,32,5512.406,7927.368,13439.774
2026-02-16,33,5467.842,8039.272,13507.114
2026-02-16,34,5393.934,8329.63,13723.564
2026-02-16,35,5389.578,8203.264,13592.842
2026-02-16,36,5159.608,8530.668,13690.276
2026-02-16,37,5248.366,8708.762,13957.128
2026-02-16,38,5289.372,8666.07,13955.442
2026-02-16,39,5254.818,8743.962,13998.78
2026-02-16,40,5268.506,8679.164,13947.67
2026-02-16,41,5304.142,8589.208,13893.35
2026-02-16,42,5424.742,8569.498,13994.24
2026-02-16,43,5552.318,8808.036,14360.354
2026-02-16,44,5700.866,8731.92,14432.786
2026-02-16,45,5691.358,8484.608,14175.966
2026-02-16,46,5779.668,8411.344,14191.012
2026-02-16,47,5787.328,9028.762,14816.09
2026-02-16,48,5677.978,9696.032,15374.01
2026-02-17,1,5604.732,9855.126,15459.858
2026-02-17,2,5474.784,10228.198,15702.982
2026-02-17,3,5004.146,10734.144,15738.29
2026-02-17,4,4708.048,10888.538,15596.586
2026-02-17,5,4716.148,10753.756,15469.904
2026-02-17,6,4677.194,10568.426,15245.62
2026-02-17,7,4701.02,10407.908,15108.928
2026-02-17,8,4880.454,10048.56,14929.014
2026-02-17,9,5001.644,9841.08,14842.724
2026-02-17,10,5039.844,9648.796,14688.64
2026-02-17,11,4924.714,9593.946,14518.66
2026-02-17,12,4826.196,9527.514,14353.71
2026-02-17,13,4640.952,9402.932,14043.884
2026-02-17,14,4575.994,9296.988,13872.982
2026-02-17,15,4476.84,9144.43,13621.27
2026-02-17,16,4238.34,9116.48,13354.82
2026-02-17,17,4037.204,8970.632,13007.836
2026-02-17,18,3917.354,8787.218,12704.572
2026-02-17,19,3875.168,8679.384,12554.552
2026-02-17,20,3444.674,8474.124,11918.798
2026-02-17,21,2987.472,8272.282,11259.754
2026-02-17,22,2720.47,8195.06,10915.53
2026-02-17,23,2570.48,8088.25,10658.73
2026-02-17,24,2175.98,7927.284,10103.264
2026-02-17,25,1908.0,7521.346,9429.346
2026-02-17,26,1714.64,7316.41,9031.05
2026-02-17,27,1485.362,7171.112,8656.474
2026-02-17,28,1431.77,6992.898,8424.668
2026-02-17,29,1317.338,6839.502,8156.84
2026-02-17,30,1136.464,6773.052,7909.516
2026-02-17,31,1074.834,6829.248,7904.082
2026-02-17,32,1013.4,6680.378,7693.778
2026-02-17,33,917.404,6539.622,7457.026
2026-02-17,34,966.296,6330.516,7296.812
2026-02-17,35,1018.69,5999.48,7018.17
2026-02-17,36,1104.428,5639.134,6743.562
2026-02-17,37,1141.238,5451.936,6593.174
2026-02-17,38,1336.6,4994.33,6330.93
2026-02-17,39,1506.926,4185.472,5692.398
2026-02-17,40,1682.858,3596.494,5279.352
2026-02-17,41,1879.848,3613.248,5493.096
2026-02-17,42,2020.746,3572.634,5593.38
2026-02-17,43,2252.028,3103.21,5355.238
2026-02-17,44,2455.342,2966.032,5421.374
2026-02-17,45,2792.526,3002.774,5795.3
2026-02-17,46,3065.154,3051.238,6116.392
2026-02-17,47,3362.948,3181.342,6544.29
2026-02-17,48,3539.876,3260.19,6800.066
2026-02-18,1,3757.474,3460.882,7218.356
